<?xml version="1.0" encoding="utf-8"?>
<COLLADA xmlns="http://www.collada.org/2005/11/COLLADASchema" version="1.4.1" xmlns:xsi="http://www.w3.org/2001/XMLSchema-instance">
  <asset>
    <contributor>
      <author>Blender User</author>
      <authoring_tool>Blender 4.3.0 commit date:2024-11-19, commit time:08:52, hash:2b18cad88b13</authoring_tool>
    </contributor>
    <created>2024-12-06T17:56:29</created>
    <modified>2024-12-06T17:56:29</modified>
    <unit name="meter" meter="1"/>
    <up_axis>Z_UP</up_axis>
  </asset>
  <library_cameras>
    <camera id="Camera-camera" name="Camera">
      <optics>
        <technique_common>
          <perspective>
            <xfov sid="xfov">39.59775</xfov>
            <aspect_ratio>1.777778</aspect_ratio>
            <znear sid="znear">0.1</znear>
            <zfar sid="zfar">100</zfar>
          </perspective>
        </technique_common>
      </optics>
      <extra>
        <technique profile="blender">
          <shiftx sid="shiftx" type="float">0</shiftx>
          <shifty sid="shifty" type="float">0</shifty>
          <dof_distance sid="dof_distance" type="float">10</dof_distance>
        </technique>
      </extra>
    </camera>
  </library_cameras>
  <library_effects>
    <effect id="SVGMat_018-effect">
      <profile_COMMON>
        <technique sid="common">
          <lambert>
            <emission>
              <color sid="emission">0 0 0 1</color>
            </emission>
            <diffuse>
              <color sid="diffuse">0.02415763 0.02732089 0.02028856 1</color>
            </diffuse>
            <reflectivity>
              <float sid="specular">0.5</float>
            </reflectivity>
          </lambert>
        </technique>
      </profile_COMMON>
    </effect>
    <effect id="SVGMat_016-effect">
      <profile_COMMON>
        <technique sid="common">
          <lambert>
            <emission>
              <color sid="emission">0 0 0 1</color>
            </emission>
            <diffuse>
              <color sid="diffuse">0.1620294 0.1620294 0.1620294 1</color>
            </diffuse>
            <reflectivity>
              <float sid="specular">0.5</float>
            </reflectivity>
          </lambert>
        </technique>
      </profile_COMMON>
    </effect>
  </library_effects>
  <library_images/>
  <library_materials>
    <material id="SVGMat_018-material" name="SVGMat.018">
      <instance_effect url="#SVGMat_018-effect"/>
    </material>
    <material id="SVGMat_016-material" name="SVGMat.016">
      <instance_effect url="#SVGMat_016-effect"/>
    </material>
  </library_materials>
  <library_geometries>
    <geometry id="Curve_017-mesh" name="Curve.017">
      <mesh>
        <source id="Curve_017-mesh-positions">
          <float_array id="Curve_017-mesh-positions-array" count="0"/>
          <technique_common>
            <accessor source="#Curve_017-mesh-positions-array" count="0" stride="3">
              <param name="X" type="float"/>
              <param name="Y" type="float"/>
              <param name="Z" type="float"/>
            </accessor>
          </technique_common>
        </source>
        <source id="Curve_017-mesh-normals">
          <float_array id="Curve_017-mesh-normals-array" count="0"/>
          <technique_common>
            <accessor source="#Curve_017-mesh-normals-array" count="0" stride="3">
              <param name="X" type="float"/>
              <param name="Y" type="float"/>
              <param name="Z" type="float"/>
            </accessor>
          </technique_common>
        </source>
        <vertices id="Curve_017-mesh-vertices">
          <input semantic="POSITION" source="#Curve_017-mesh-positions"/>
        </vertices>
      </mesh>
    </geometry>
    <geometry id="Curve_015-mesh" name="Curve.015">
      <mesh>
        <source id="Curve_015-mesh-positions">
          <float_array id="Curve_015-mesh-positions-array" count="0"/>
          <technique_common>
            <accessor source="#Curve_015-mesh-positions-array" count="0" stride="3">
              <param name="X" type="float"/>
              <param name="Y" type="float"/>
              <param name="Z" type="float"/>
            </accessor>
          </technique_common>
        </source>
        <source id="Curve_015-mesh-normals">
          <float_array id="Curve_015-mesh-normals-array" count="0"/>
          <technique_common>
            <accessor source="#Curve_015-mesh-normals-array" count="0" stride="3">
              <param name="X" type="float"/>
              <param name="Y" type="float"/>
              <param name="Z" type="float"/>
            </accessor>
          </technique_common>
        </source>
        <vertices id="Curve_015-mesh-vertices">
          <input semantic="POSITION" source="#Curve_015-mesh-positions"/>
        </vertices>
      </mesh>
    </geometry>
    <geometry id="Mesh_014-mesh" name="Mesh.014">
      <mesh>
        <source id="Mesh_014-mesh-positions">
          <float_array id="Mesh_014-mesh-positions-array" count="432">0.1346262 0.03697121 0 0.1346728 0.0369246 0 0.1347193 0.03687804 0 0.134766 0.03683143 0 0.1348127 0.03678476 0 0.1348594 0.03673797 0 0.1349063 0.03669112 0 0.1349533 0.03664416 0 0.1350004 0.03659707 0 0.1350477 0.0365498 0 0.1350951 0.03650236 0 0.1351428 0.03645473 0 0.1351906 0.03640687 0 0.1350277 0.03629046 0 0.1348646 0.03617399 0 0.1347014 0.03605747 0 0.1345379 0.03594076 0 0.1343743 0.03582388 0 0.1342102 0.03570669 0 0.1340458 0.03558927 0 0.1338809 0.03547149 0 0.1337155 0.03535336 0 0.1335493 0.03523474 0 0.1333826 0.03511565 0 0.133215 0.03499603 0 0.133215 0.03506582 0 0.133215 0.03513574 0 0.133215 0.03520566 0 0.133215 0.03527569 0 0.133215 0.03534579 0 0.133215 0.03541606 0 0.133215 0.03548651 0 0.133215 0.03555721 0 0.133215 0.03562813 0 0.133215 0.03569924 0 0.133215 0.03577071 0 0.133215 0.03584253 0 0.1333776 0.03598463 0 0.1335155 0.03610491 0 0.133634 0.03620737 0 0.1337377 0.03629583 0 0.1338316 0.03637421 0 0.1339206 0.03644651 0 0.1340096 0.0365166 0 0.1341035 0.03658843 0 0.1342073 0.03666585 0 0.1343256 0.03675287 0 0.1344637 0.03685331 0 0.1349063 0.03669112 0 0.1351906 0.03640687 0 0.1350277 0.03629046 0 0.1343743 0.03582388 0 0.1342102 0.03570669 0 0.1338809 0.03547149 0 0.133215 0.03499603 0 0.133215 0.03506582 0 0.133215 0.03555721 0 0.1333776 0.03598463 0 0.1339206 0.03644651 0 0.1344637 0.03685331 0 0.1349063 0.03669112 0 0.1351906 0.03640687 0 0.1350277 0.03629046 0 0.1343743 0.03582388 0 0.1342102 0.03570669 0 0.1338809 0.03547149 0 0.133215 0.03499603 0 0.133215 0.03506582 0 0.133215 0.03555721 0 0.1333776 0.03598463 0 0.1339206 0.03644651 0 0.1344637 0.03685331 0 0.1346262 0.03697121 0.07720786 0.1346728 0.0369246 0.07720786 0.1347193 0.03687804 0.07720786 0.134766 0.03683143 0.07720786 0.1348127 0.03678476 0.07720786 0.1348594 0.03673797 0.07720786 0.1349063 0.03669112 0.07720786 0.1349533 0.03664416 0.07720786 0.1350004 0.03659707 0.07720786 0.1350477 0.0365498 0.07720786 0.1350951 0.03650236 0.07720786 0.1351428 0.03645473 0.07720786 0.1351906 0.03640687 0.07720786 0.1350277 0.03629046 0.07720786 0.1348646 0.03617399 0.07720786 0.1347014 0.03605747 0.07720786 0.1345379 0.03594076 0.07720786 0.1343743 0.03582388 0.07720786 0.1342102 0.03570669 0.07720786 0.1340458 0.03558927 0.07720786 0.1338809 0.03547149 0.07720786 0.1337155 0.03535336 0.07720786 0.1335493 0.03523474 0.07720786 0.1333826 0.03511565 0.07720786 0.133215 0.03499603 0.07720786 0.133215 0.03506582 0.07720786 0.133215 0.03513574 0.07720786 0.133215 0.03520566 0.07720786 0.133215 0.03527569 0.07720786 0.133215 0.03534579 0.07720786 0.133215 0.03541606 0.07720786 0.133215 0.03548651 0.07720786 0.133215 0.03555721 0.07720786 0.133215 0.03562813 0.07720786 0.133215 0.03569924 0.07720786 0.133215 0.03577071 0.07720786 0.133215 0.03584253 0.07720786 0.1333776 0.03598463 0.07720786 0.1335155 0.03610491 0.07720786 0.133634 0.03620737 0.07720786 0.1337377 0.03629583 0.07720786 0.1338316 0.03637421 0.07720786 0.1339206 0.03644651 0.07720786 0.1340096 0.0365166 0.07720786 0.1341035 0.03658843 0.07720786 0.1342073 0.03666585 0.07720786 0.1343256 0.03675287 0.07720786 0.1344637 0.03685331 0.07720786 0.1349063 0.03669112 0.07720786 0.1351906 0.03640687 0.07720786 0.1350277 0.03629046 0.07720786 0.1343743 0.03582388 0.07720786 0.1342102 0.03570669 0.07720786 0.1338809 0.03547149 0.07720786 0.133215 0.03499603 0.07720786 0.133215 0.03506582 0.07720786 0.133215 0.03555721 0.07720786 0.1333776 0.03598463 0.07720786 0.1339206 0.03644651 0.07720786 0.1344637 0.03685331 0.07720786 0.1349063 0.03669112 0.07720786 0.1351906 0.03640687 0.07720786 0.1350277 0.03629046 0.07720786 0.1343743 0.03582388 0.07720786 0.1342102 0.03570669 0.07720786 0.1338809 0.03547149 0.07720786 0.133215 0.03499603 0.07720786 0.133215 0.03506582 0.07720786 0.133215 0.03555721 0.07720786 0.1333776 0.03598463 0.07720786 0.1339206 0.03644651 0.07720786 0.1344637 0.03685331 0.07720786</float_array>
          <technique_common>
            <accessor source="#Mesh_014-mesh-positions-array" count="144" stride="3">
              <param name="X" type="float"/>
              <param name="Y" type="float"/>
              <param name="Z" type="float"/>
            </accessor>
          </technique_common>
        </source>
        <source id="Mesh_014-mesh-normals">
          <float_array id="Mesh_014-mesh-normals-array" count="432">0.5885142 -0.8084869 0 -0.5811689 0.813783 0 0.5870722 -0.8095346 0 -0.5811571 0.8137915 0 0 0 1 -0.5811523 0.8137949 0 0 0 1 -0.581144 0.8138006 0 0 0 1 1 0 0 0 0 1 1 0 0 0 0 1 1 0 0 -0.7070502 -0.7071634 0 0 0 1 1 0 0 -0.7069937 -0.7072198 0 0 0 1 1 0 0 -0.7070503 -0.7071633 0 0 0 1 1 0 0 -0.7070504 -0.7071632 0 0 0 1 1 0 0 -0.7070786 -0.7071349 0 0 0 1 1 0 0 -0.7070224 -0.7071911 0 0 0 1 1 0 0 -0.7070227 -0.7071909 0 0 0 1 1 0 0 -0.7070509 -0.7071627 0 0 0 1 1 0 0 -0.7069953 -0.7072182 0 0 0 1 1 0 0 -0.7069958 -0.7072178 0 0 0 1 0.6582602 -0.7527904 0 -0.7069962 -0.7072174 0 0 0 1 0.6570975 -0.7538055 0 -0.7070792 -0.7071343 0 0 0 1 0.6542355 -0.7562909 0 -0.5811361 0.8138064 0 0 0 1 0.6489643 -0.7608189 0 -0.5811555 0.8137925 0 0 0 1 0.6409807 -0.7675569 0 -0.5811714 0.8137812 0 0 0 1 0.6304263 -0.7762492 0 -0.5811592 0.8137899 0 0 0 1 0.6186257 -0.7856859 0 -0.5811436 0.813801 0 0 0 1 0.6074361 -0.7943686 0 -0.5811473 0.8137984 0 0 0 1 0.598304 -0.8012692 0 -0.5811702 0.813782 0 0 0 1 0.5920845 -0.8058759 0 -0.5811773 0.8137769 0 0.5885142 -0.8084869 0 -0.5811689 0.813783 0 0.5870722 -0.8095346 0 -0.5811571 0.8137915 0 0 0 1 -0.5811523 0.8137949 0 0 0 1 -0.581144 0.8138006 0 0 0 1 1 0 0 0 0 1 1 0 0 0 0 1 1 0 0 -0.7070502 -0.7071634 0 0 0 1 1 0 0 -0.7069937 -0.7072198 0 0 0 1 1 0 0 -0.7070503 -0.7071633 0 0 0 1 1 0 0 -0.7070504 -0.7071632 0 0 0 1 1 0 0 -0.7070786 -0.7071349 0 0 0 1 1 0 0 -0.7070224 -0.7071911 0 0 0 1 1 0 0 -0.7070227 -0.7071909 0 0 0 1 1 0 0 -0.7070509 -0.7071627 0 0 0 1 1 0 0 -0.7069953 -0.7072182 0 0 0 1 1 0 0 -0.7069958 -0.7072178 0 0 0 1 0.6582602 -0.7527904 0 -0.7069962 -0.7072174 0 0 0 1 0.6570975 -0.7538055 0 -0.7070792 -0.7071343 0 0 0 1 0.6542355 -0.7562909 0 -0.5811361 0.8138064 0 0 0 1 0.6489643 -0.7608189 0 -0.5811555 0.8137925 0 0 0 1 0.6409807 -0.7675569 0 -0.5811714 0.8137812 0 0 0 1 0.6304263 -0.7762492 0 -0.5811592 0.8137899 0 0 0 1 0.6186257 -0.7856859 0 -0.5811436 0.813801 0 0 0 1 0.6074361 -0.7943686 0 -0.5811473 0.8137984 0 0 0 1 0.598304 -0.8012692 0 -0.5811702 0.813782 0 0 0 1 0.5920845 -0.8058759 0 -0.5811773 0.8137769 0</float_array>
          <technique_common>
            <accessor source="#Mesh_014-mesh-normals-array" count="144" stride="3">
              <param name="X" type="float"/>
              <param name="Y" type="float"/>
              <param name="Z" type="float"/>
            </accessor>
          </technique_common>
        </source>
        <vertices id="Mesh_014-mesh-vertices">
          <input semantic="POSITION" source="#Mesh_014-mesh-positions"/>
        </vertices>
        <triangles count="144">
          <input semantic="VERTEX" source="#Mesh_014-mesh-vertices" offset="0"/>
          <input semantic="NORMAL" source="#Mesh_014-mesh-normals" offset="1"/>
          <p>47 0 118 0 46 0 21 1 92 1 20 1 0 2 119 2 47 2 22 3 93 3 21 3 48 4 78 4 6 4 23 5 94 5 22 5 49 6 84 6 12 6 24 7 95 7 23 7 50 8 85 8 13 8 25 9 96 9 24 9 51 10 89 10 17 10 26 11 97 11 25 11 52 12 90 12 18 12 27 13 98 13 26 13 1 14 72 14 0 14 53 15 92 15 20 15 28 16 99 16 27 16 2 17 73 17 1 17 54 18 96 18 24 18 29 19 100 19 28 19 3 20 74 20 2 20 55 21 97 21 25 21 30 22 101 22 29 22 4 23 75 23 3 23 56 24 104 24 32 24 31 25 102 25 30 25 5 26 76 26 4 26 57 27 109 27 37 27 32 28 103 28 31 28 6 29 77 29 5 29 58 30 114 30 42 30 33 31 104 31 32 31 7 32 78 32 6 32 59 33 119 33 47 33 34 34 105 34 33 34 8 35 79 35 7 35 60 36 120 36 48 36 35 37 106 37 34 37 9 38 80 38 8 38 61 39 121 39 49 39 36 40 107 40 35 40 10 41 81 41 9 41 62 42 122 42 50 42 37 43 108 43 36 43 11 44 82 44 10 44 63 45 123 45 51 45 38 46 109 46 37 46 12 47 83 47 11 47 64 48 124 48 52 48 39 49 110 49 38 49 13 50 84 50 12 50 65 51 125 51 53 51 40 52 111 52 39 52 14 53 85 53 13 53 66 54 126 54 54 54 41 55 112 55 40 55 15 56 86 56 14 56 67 57 127 57 55 57 42 58 113 58 41 58 16 59 87 59 15 59 68 60 128 60 56 60 43 61 114 61 42 61 17 62 88 62 16 62 69 63 129 63 57 63 44 64 115 64 43 64 18 65 89 65 17 65 70 66 130 66 58 66 45 67 116 67 44 67 19 68 90 68 18 68 71 69 131 69 59 69 46 70 117 70 45 70 20 71 91 71 19 71 47 72 119 72 118 72 21 73 93 73 92 73 0 74 72 74 119 74 22 75 94 75 93 75 48 76 120 76 78 76 23 77 95 77 94 77 49 78 121 78 84 78 24 79 96 79 95 79 50 80 122 80 85 80 25 81 97 81 96 81 51 82 123 82 89 82 26 83 98 83 97 83 52 84 124 84 90 84 27 85 99 85 98 85 1 86 73 86 72 86 53 87 125 87 92 87 28 88 100 88 99 88 2 89 74 89 73 89 54 90 126 90 96 90 29 91 101 91 100 91 3 92 75 92 74 92 55 93 127 93 97 93 30 94 102 94 101 94 4 95 76 95 75 95 56 96 128 96 104 96 31 97 103 97 102 97 5 98 77 98 76 98 57 99 129 99 109 99 32 100 104 100 103 100 6 101 78 101 77 101 58 102 130 102 114 102 33 103 105 103 104 103 7 104 79 104 78 104 59 105 131 105 119 105 34 106 106 106 105 106 8 107 80 107 79 107 60 108 132 108 120 108 35 109 107 109 106 109 9 110 81 110 80 110 61 111 133 111 121 111 36 112 108 112 107 112 10 113 82 113 81 113 62 114 134 114 122 114 37 115 109 115 108 115 11 116 83 116 82 116 63 117 135 117 123 117 38 118 110 118 109 118 12 119 84 119 83 119 64 120 136 120 124 120 39 121 111 121 110 121 13 122 85 122 84 122 65 123 137 123 125 123 40 124 112 124 111 124 14 125 86 125 85 125 66 126 138 126 126 126 41 127 113 127 112 127 15 128 87 128 86 128 67 129 139 129 127 129 42 130 114 130 113 130 16 131 88 131 87 131 68 132 140 132 128 132 43 133 115 133 114 133 17 134 89 134 88 134 69 135 141 135 129 135 44 136 116 136 115 136 18 137 90 137 89 137 70 138 142 138 130 138 45 139 117 139 116 139 19 140 91 140 90 140 71 141 143 141 131 141 46 142 118 142 117 142 20 143 92 143 91 143</p>
        </triangles>
      </mesh>
    </geometry>
    <geometry id="Mesh_013-mesh" name="Mesh.013">
      <mesh>
        <source id="Mesh_013-mesh-positions">
          <float_array id="Mesh_013-mesh-positions-array" count="384">-0.03555727 0.007625699 0 -0.0356481 0.007427752 0 -0.03574013 0.007238149 0 -0.03583437 0.007056057 0 -0.035932 0.006880939 0 -0.0360341 0.006712079 0 -0.03614181 0.006548881 0 -0.03625625 0.006390571 0 -0.0363785 0.006236612 0 -0.03650975 0.006086289 0 -0.03665107 0.005938887 0 -0.03680354 0.005793869 0 -0.03696841 0.00565052 0 -0.03701496 0.00565052 0 -0.03706157 0.00565052 0 -0.03710818 0.00565052 0 -0.03715485 0.00565052 0 -0.03720164 0.00565052 0 -0.03724849 0.00565052 0 -0.03729546 0.00565052 0 -0.0373426 0.00565052 0 -0.03738987 0.00565052 0 -0.03743731 0.00565052 0 -0.037485 0.00565052 0 -0.03753286 0.00565052 0 -0.03732877 0.00610429 0 -0.03715467 0.006482601 0 -0.03700381 0.006792366 0 -0.03686928 0.007040441 0 -0.03674417 0.007233619 0 -0.03662168 0.007378756 0 -0.03649497 0.007482767 0 -0.0363571 0.007552504 0 -0.03620123 0.007594823 0 -0.03602057 0.007616519 0 -0.0358082 0.007624506 0 -0.0356481 0.007427752 0 -0.035932 0.006880939 0 -0.0360341 0.006712079 0 -0.03625625 0.006390571 0 -0.03650975 0.006086289 0 -0.03665107 0.005938887 0 -0.03724849 0.00565052 0 -0.03743731 0.00565052 0 -0.03732877 0.00610429 0 -0.03715467 0.006482601 0 -0.03700381 0.006792366 0 -0.03674417 0.007233619 0 -0.03649497 0.007482767 0 -0.0363571 0.007552504 0 -0.0356481 0.007427752 0 -0.035932 0.006880939 0 -0.0360341 0.006712079 0 -0.03625625 0.006390571 0 -0.03650975 0.006086289 0 -0.03665107 0.005938887 0 -0.03724849 0.00565052 0 -0.03743731 0.00565052 0 -0.03732877 0.00610429 0 -0.03715467 0.006482601 0 -0.03700381 0.006792366 0 -0.03674417 0.007233619 0 -0.03649497 0.007482767 0 -0.0363571 0.007552504 0 -0.03555727 0.007625699 0.07720786 -0.0356481 0.007427752 0.07720786 -0.03574013 0.007238149 0.07720786 -0.03583437 0.007056057 0.07720786 -0.035932 0.006880939 0.07720786 -0.0360341 0.006712079 0.07720786 -0.03614181 0.006548881 0.07720786 -0.03625625 0.006390571 0.07720786 -0.0363785 0.006236612 0.07720786 -0.03650975 0.006086289 0.07720786 -0.03665107 0.005938887 0.07720786 -0.03680354 0.005793869 0.07720786 -0.03696841 0.00565052 0.07720786 -0.03701496 0.00565052 0.07720786 -0.03706157 0.00565052 0.07720786 -0.03710818 0.00565052 0.07720786 -0.03715485 0.00565052 0.07720786 -0.03720164 0.00565052 0.07720786 -0.03724849 0.00565052 0.07720786 -0.03729546 0.00565052 0.07720786 -0.0373426 0.00565052 0.07720786 -0.03738987 0.00565052 0.07720786 -0.03743731 0.00565052 0.07720786 -0.037485 0.00565052 0.07720786 -0.03753286 0.00565052 0.07720786 -0.03732877 0.00610429 0.07720786 -0.03715467 0.006482601 0.07720786 -0.03700381 0.006792366 0.07720786 -0.03686928 0.007040441 0.07720786 -0.03674417 0.007233619 0.07720786 -0.03662168 0.007378756 0.07720786 -0.03649497 0.007482767 0.07720786 -0.0363571 0.007552504 0.07720786 -0.03620123 0.007594823 0.07720786 -0.03602057 0.007616519 0.07720786 -0.0358082 0.007624506 0.07720786 -0.0356481 0.007427752 0.07720786 -0.035932 0.006880939 0.07720786 -0.0360341 0.006712079 0.07720786 -0.03625625 0.006390571 0.07720786 -0.03650975 0.006086289 0.07720786 -0.03665107 0.005938887 0.07720786 -0.03724849 0.00565052 0.07720786 -0.03743731 0.00565052 0.07720786 -0.03732877 0.00610429 0.07720786 -0.03715467 0.006482601 0.07720786 -0.03700381 0.006792366 0.07720786 -0.03674417 0.007233619 0.07720786 -0.03649497 0.007482767 0.07720786 -0.0363571 0.007552504 0.07720786 -0.0356481 0.007427752 0.07720786 -0.035932 0.006880939 0.07720786 -0.0360341 0.006712079 0.07720786 -0.03625625 0.006390571 0.07720786 -0.03650975 0.006086289 0.07720786 -0.03665107 0.005938887 0.07720786 -0.03724849 0.00565052 0.07720786 -0.03743731 0.00565052 0.07720786 -0.03732877 0.00610429 0.07720786 -0.03715467 0.006482601 0.07720786 -0.03700381 0.006792366 0.07720786 -0.03674417 0.007233619 0.07720786 -0.03649497 0.007482767 0.07720786 -0.0363571 0.007552504 0.07720786</float_array>
          <technique_common>
            <accessor source="#Mesh_013-mesh-positions-array" count="128" stride="3">
              <param name="X" type="float"/>
              <param name="Y" type="float"/>
              <param name="Z" type="float"/>
            </accessor>
          </technique_common>
        </source>
        <source id="Mesh_013-mesh-normals">
          <float_array id="Mesh_013-mesh-normals-array" count="384">0 0 1 0 1 0 0 0 1 0.912005 -0.4101792 0 0 0 1 0.9084784 -0.4179317 0 0 0 1 0.8990319 -0.437883 0 -0.9087722 0.4172926 0 0 0 1 0.8789973 -0.4768268 0 -0.8997203 0.4364669 0 0 0 1 0.8393793 -0.5435461 0 -0.8880499 0.459747 0 0 0 1 0.7642832 -0.6448807 0 -0.8734615 0.4868933 0 0 0 1 0.6343922 -0.7730114 0 -0.8557106 0.5174548 0 0 0 1 0.4513153 -0.8923646 0 -0.8346734 0.5507453 0 0 0 1 0.2619062 -0.9650933 0 -0.8103891 0.585892 0 0 0 1 0.119342 -0.9928532 0 -0.7831253 0.621864 0 0 0 1 0.03764933 -0.9992911 0 -0.7533558 0.6576133 0 0 0 1 0.004548311 -0.9999897 0 -0.7217617 0.6921417 0 0 0 1 0 0 1 -0.6891366 0.7246314 0 0 0 1 0 0 1 -0.6563156 0.7544865 0 0 0 1 0 1 0 0 0 1 0 1 0 0 0 1 0 1 0 0 0 1 0 1 0 0 0 1 0 1 0 0 0 1 0 1 0 0 0 1 0 1 0 0 0 1 0 1 0 0 0 1 0 1 0 0 0 1 0 1 0 0 0 1 0 1 0 0 0 1 0 1 0 0 0 1 0.912005 -0.4101792 0 0 0 1 0.9084784 -0.4179317 0 0 0 1 0.8990319 -0.437883 0 -0.9087722 0.4172926 0 0 0 1 0.8789973 -0.4768268 0 -0.8997203 0.4364669 0 0 0 1 0.8393793 -0.5435461 0 -0.8880499 0.459747 0 0 0 1 0.7642832 -0.6448807 0 -0.8734615 0.4868933 0 0 0 1 0.6343922 -0.7730114 0 -0.8557106 0.5174548 0 0 0 1 0.4513153 -0.8923646 0 -0.8346734 0.5507453 0 0 0 1 0.2619062 -0.9650933 0 -0.8103891 0.585892 0 0 0 1 0.119342 -0.9928532 0 -0.7831253 0.621864 0 0 0 1 0.03764933 -0.9992911 0 -0.7533558 0.6576133 0 0 0 1 0.004548311 -0.9999897 0 -0.7217617 0.6921417 0 0 0 1 0 0 1 -0.6891366 0.7246314 0 0 0 1 0 0 1 -0.6563156 0.7544865 0 0 0 1 0 1 0 0 0 1 0 1 0 0 0 1 0 1 0 0 0 1 0 1 0 0 0 1 0 1 0 0 0 1 0 1 0 0 0 1 0 1 0 0 0 1 0 1 0 0 0 1 0 1 0 0 0 1 0 1 0 0 0 1 0 1 0</float_array>
          <technique_common>
            <accessor source="#Mesh_013-mesh-normals-array" count="128" stride="3">
              <param name="X" type="float"/>
              <param name="Y" type="float"/>
              <param name="Z" type="float"/>
            </accessor>
          </technique_common>
        </source>
        <vertices id="Mesh_013-mesh-vertices">
          <input semantic="POSITION" source="#Mesh_013-mesh-positions"/>
        </vertices>
        <triangles count="128">
          <input semantic="VERTEX" source="#Mesh_013-mesh-vertices" offset="0"/>
          <input semantic="NORMAL" source="#Mesh_013-mesh-normals" offset="1"/>
          <p>49 0 96 0 32 0 24 1 87 1 23 1 50 2 100 2 36 2 25 3 88 3 24 3 51 4 101 4 37 4 26 5 89 5 25 5 52 6 102 6 38 6 27 7 90 7 26 7 1 8 64 8 0 8 53 9 103 9 39 9 28 10 91 10 27 10 2 11 65 11 1 11 54 12 104 12 40 12 29 13 92 13 28 13 3 14 66 14 2 14 55 15 105 15 41 15 30 16 93 16 29 16 4 17 67 17 3 17 56 18 106 18 42 18 31 19 94 19 30 19 5 20 68 20 4 20 57 21 107 21 43 21 32 22 95 22 31 22 6 23 69 23 5 23 58 24 108 24 44 24 33 25 96 25 32 25 7 26 70 26 6 26 59 27 109 27 45 27 34 28 97 28 33 28 8 29 71 29 7 29 60 30 110 30 46 30 35 31 98 31 34 31 9 32 72 32 8 32 61 33 111 33 47 33 0 34 99 34 35 34 10 35 73 35 9 35 62 36 112 36 48 36 36 37 65 37 1 37 11 38 74 38 10 38 63 39 113 39 49 39 37 40 68 40 4 40 12 41 75 41 11 41 38 42 69 42 5 42 13 43 76 43 12 43 39 44 71 44 7 44 14 45 77 45 13 45 40 46 73 46 9 46 15 47 78 47 14 47 41 48 74 48 10 48 16 49 79 49 15 49 42 50 82 50 18 50 17 51 80 51 16 51 43 52 86 52 22 52 18 53 81 53 17 53 44 54 89 54 25 54 19 55 82 55 18 55 45 56 90 56 26 56 20 57 83 57 19 57 46 58 91 58 27 58 21 59 84 59 20 59 47 60 93 60 29 60 22 61 85 61 21 61 48 62 95 62 31 62 23 63 86 63 22 63 49 64 113 64 96 64 24 65 88 65 87 65 50 66 114 66 100 66 25 67 89 67 88 67 51 68 115 68 101 68 26 69 90 69 89 69 52 70 116 70 102 70 27 71 91 71 90 71 1 72 65 72 64 72 53 73 117 73 103 73 28 74 92 74 91 74 2 75 66 75 65 75 54 76 118 76 104 76 29 77 93 77 92 77 3 78 67 78 66 78 55 79 119 79 105 79 30 80 94 80 93 80 4 81 68 81 67 81 56 82 120 82 106 82 31 83 95 83 94 83 5 84 69 84 68 84 57 85 121 85 107 85 32 86 96 86 95 86 6 87 70 87 69 87 58 88 122 88 108 88 33 89 97 89 96 89 7 90 71 90 70 90 59 91 123 91 109 91 34 92 98 92 97 92 8 93 72 93 71 93 60 94 124 94 110 94 35 95 99 95 98 95 9 96 73 96 72 96 61 97 125 97 111 97 0 98 64 98 99 98 10 99 74 99 73 99 62 100 126 100 112 100 36 101 100 101 65 101 11 102 75 102 74 102 63 103 127 103 113 103 37 104 101 104 68 104 12 105 76 105 75 105 38 106 102 106 69 106 13 107 77 107 76 107 39 108 103 108 71 108 14 109 78 109 77 109 40 110 104 110 73 110 15 111 79 111 78 111 41 112 105 112 74 112 16 113 80 113 79 113 42 114 106 114 82 114 17 115 81 115 80 115 43 116 107 116 86 116 18 117 82 117 81 117 44 118 108 118 89 118 19 119 83 119 82 119 45 120 109 120 90 120 20 121 84 121 83 121 46 122 110 122 91 122 21 123 85 123 84 123 47 124 111 124 93 124 22 125 86 125 85 125 48 126 112 126 95 126 23 127 87 127 86 127</p>
        </triangles>
      </mesh>
    </geometry>
    <geometry id="Mesh_012-mesh" name="Mesh.012">
      <mesh>
        <source id="Mesh_012-mesh-positions">
          <float_array id="Mesh_012-mesh-positions-array" count="408">0.1301571 0.03269207 0 0.1302037 0.03264552 0 0.1302503 0.03259891 0 0.130297 0.03255224 0 0.1303437 0.03250545 0 0.1303907 0.0324586 0 0.1304376 0.03241163 0 0.1304847 0.03236454 0 0.130532 0.03231728 0 0.1305795 0.03226983 0 0.1306271 0.03222221 0 0.130675 0.03217434 0 0.1305353 0.03201138 0 0.1303955 0.03184831 0 0.1302556 0.03168517 0 0.1301155 0.03152179 0 0.1299753 0.03135812 0 0.1298347 0.03119415 0 0.1296937 0.03102976 0 0.1295524 0.03086483 0 0.1294105 0.03069943 0 0.1292682 0.03053337 0 0.1291252 0.03036665 0 0.1289816 0.03019917 0 0.128935 0.03024572 0 0.1288884 0.03029227 0 0.1288418 0.03033888 0 0.1287952 0.03038561 0 0.1287484 0.03043234 0 0.1287015 0.03047919 0 0.1286545 0.03052616 0 0.1286074 0.0305733 0 0.1285601 0.03062057 0 0.1285127 0.03066802 0 0.128465 0.03071564 0 0.1284171 0.0307635 0 0.1285569 0.03092646 0 0.1286966 0.03108948 0 0.1288365 0.03125262 0 0.1289766 0.03141599 0 0.1291169 0.03157967 0 0.1292575 0.03174364 0 0.1293985 0.03190809 0 0.1295398 0.03207296 0 0.1296817 0.03223836 0 0.129824 0.03240442 0 0.1299669 0.03257119 0 0.1301105 0.03273868 0 0.1302556 0.03168517 0 0.1298347 0.03119415 0 0.1295524 0.03086483 0 0.1292682 0.03053337 0 0.1291252 0.03036665 0 0.1286545 0.03052616 0 0.1285601 0.03062057 0 0.1289766 0.03141599 0 0.1293985 0.03190809 0 0.1302556 0.03168517 0 0.1298347 0.03119415 0 0.1295524 0.03086483 0 0.1292682 0.03053337 0 0.1291252 0.03036665 0 0.1286545 0.03052616 0 0.1285601 0.03062057 0 0.1289766 0.03141599 0 0.1293985 0.03190809 0 0.1284171 0.0307635 0 0.1285569 0.03092646 0 0.1301571 0.03269207 0.07720786 0.1302037 0.03264552 0.07720786 0.1302503 0.03259891 0.07720786 0.130297 0.03255224 0.07720786 0.1303437 0.03250545 0.07720786 0.1303907 0.0324586 0.07720786 0.1304376 0.03241163 0.07720786 0.1304847 0.03236454 0.07720786 0.130532 0.03231728 0.07720786 0.1305795 0.03226983 0.07720786 0.1306271 0.03222221 0.07720786 0.130675 0.03217434 0.07720786 0.1305353 0.03201138 0.07720786 0.1303955 0.03184831 0.07720786 0.1302556 0.03168517 0.07720786 0.1301155 0.03152179 0.07720786 0.1299753 0.03135812 0.07720786 0.1298347 0.03119415 0.07720786 0.1296937 0.03102976 0.07720786 0.1295524 0.03086483 0.07720786 0.1294105 0.03069943 0.07720786 0.1292682 0.03053337 0.07720786 0.1291252 0.03036665 0.07720786 0.1289816 0.03019917 0.07720786 0.128935 0.03024572 0.07720786 0.1288884 0.03029227 0.07720786 0.1288418 0.03033888 0.07720786 0.1287952 0.03038561 0.07720786 0.1287484 0.03043234 0.07720786 0.1287015 0.03047919 0.07720786 0.1286545 0.03052616 0.07720786 0.1286074 0.0305733 0.07720786 0.1285601 0.03062057 0.07720786 0.1285127 0.03066802 0.07720786 0.128465 0.03071564 0.07720786 0.1284171 0.0307635 0.07720786 0.1285569 0.03092646 0.07720786 0.1286966 0.03108948 0.07720786 0.1288365 0.03125262 0.07720786 0.1289766 0.03141599 0.07720786 0.1291169 0.03157967 0.07720786 0.1292575 0.03174364 0.07720786 0.1293985 0.03190809 0.07720786 0.1295398 0.03207296 0.07720786 0.1296817 0.03223836 0.07720786 0.129824 0.03240442 0.07720786 0.1299669 0.03257119 0.07720786 0.1301105 0.03273868 0.07720786 0.1302556 0.03168517 0.07720786 0.1298347 0.03119415 0.07720786 0.1295524 0.03086483 0.07720786 0.1292682 0.03053337 0.07720786 0.1291252 0.03036665 0.07720786 0.1286545 0.03052616 0.07720786 0.1285601 0.03062057 0.07720786 0.1289766 0.03141599 0.07720786 0.1293985 0.03190809 0.07720786 0.1302556 0.03168517 0.07720786 0.1298347 0.03119415 0.07720786 0.1295524 0.03086483 0.07720786 0.1292682 0.03053337 0.07720786 0.1291252 0.03036665 0.07720786 0.1286545 0.03052616 0.07720786 0.1285601 0.03062057 0.07720786 0.1289766 0.03141599 0.07720786 0.1293985 0.03190809 0.07720786 0.1284171 0.0307635 0.07720786 0.1285569 0.03092646 0.07720786</float_array>
          <technique_common>
            <accessor source="#Mesh_012-mesh-positions-array" count="136" stride="3">
              <param name="X" type="float"/>
              <param name="Y" type="float"/>
              <param name="Z" type="float"/>
            </accessor>
          </technique_common>
        </source>
        <source id="Mesh_012-mesh-normals">
          <float_array id="Mesh_012-mesh-normals-array" count="426">0 0 1 0 0 1 -0.7591892 0.65087 0 -0.7069962 -0.7072174 0 0 0 1 0.759188 -0.6508713 0 -0.7070792 -0.7071343 0 0 0 1 0.759182 -0.6508784 0 -0.7591856 0.6508743 0 0 0 1 0.7591785 -0.6508827 0 -0.7591807 0.65088 0 0 0 1 0.7592005 -0.6508569 0 -0.7591783 0.6508827 0 0.7591892 -0.65087 0 0.7591909 -0.6508681 0 -0.7591785 0.6508827 0 0 0 1 0.7591838 -0.6508764 0 -0.7592005 0.6508569 0 0 0 1 0.7592058 -0.6508507 0 -0.7591946 0.6508638 0 0.759189 -0.6508702 0 -0.7591838 0.6508764 0 0.7592086 -0.6508475 0 -0.7592021 0.650855 0 0.7591896 -0.6508696 0 -0.759189 0.6508702 0 0.7591589 -0.6509054 0 -0.7592086 0.6508475 0 -0.7070502 -0.7071634 0 -0.7591896 0.6508696 0 0 0 1 -0.7591732 0.6508887 0 0 0 1 0.7070785 0.7071351 0 0 0 1 0.7069937 0.7072198 0 0 0 1 0.7070645 0.7071492 0 0 0 1 0.7070645 0.7071491 0 -0.7069937 -0.7072198 0 0 0 1 0.7070927 0.7071209 0 -0.7070503 -0.7071633 0 0 0 1 0.7070365 0.7071771 0 -0.7070504 -0.7071632 0 0 0 1 0.7070227 0.7071909 0 -0.7070786 -0.7071349 0 0 0 1 0.7070509 0.7071627 0 -0.7070224 -0.7071911 0 0 0 1 0.7069953 0.7072182 0 -0.7070227 -0.7071909 0 0 0 1 0.706968 0.7072455 0 -0.7070509 -0.7071627 0 0 0 1 0.7069824 0.7072312 0 -0.7069953 -0.7072182 0 0 0 1 0.7070379 0.7071756 0 -0.7069958 -0.7072178 0 0 0 1 0 0 1 0 0 1 -0.7591892 0.65087 0 -0.7069962 -0.7072174 0 0 0 1 0.759188 -0.6508713 0 -0.7070792 -0.7071343 0 0 0 1 0.759182 -0.6508784 0 -0.7591856 0.6508743 0 0 0 1 0.7591785 -0.6508827 0 -0.7591807 0.65088 0 0 0 1 0.7592005 -0.6508569 0 -0.7591783 0.6508827 0 0.7591892 -0.65087 0 0.7591909 -0.6508681 0 -0.7591785 0.6508827 0 0 0 1 0.7591838 -0.6508764 0 -0.7592005 0.6508569 0 0 0 1 0.7592058 -0.6508507 0 -0.7591946 0.6508638 0 0.759189 -0.6508702 0 -0.7591838 0.6508764 0 0.7592086 -0.6508475 0 -0.7592021 0.650855 0 0.7591896 -0.6508696 0 -0.759189 0.6508702 0 0.7591589 -0.6509054 0 -0.7592086 0.6508475 0 -0.7070502 -0.7071634 0 -0.7591896 0.6508696 0 0 0 1 -0.7591732 0.6508887 0 0 0 1 0.7070785 0.7071351 0 0 0 1 0.7069937 0.7072198 0 0 0 1 0.7070645 0.7071492 0 0 0 1 0.7070645 0.7071491 0 -0.7069937 -0.7072198 0 0 0 1 0.7070927 0.7071209 0 -0.7070503 -0.7071633 0 0 0 1 0.7070365 0.7071771 0 -0.7070504 -0.7071632 0 0 0 1 0.7070227 0.7071909 0 -0.7070786 -0.7071349 0 0 0 1 0.7070509 0.7071627 0 -0.7070224 -0.7071911 0 0 0 1 0.7069953 0.7072182 0 -0.7070227 -0.7071909 0 0 0 1 0.706968 0.7072455 0 -0.7070509 -0.7071627 0 0 0 1 0.7069824 0.7072312 0 -0.7069953 -0.7072182 0 0 0 1 0.7070379 0.7071756 0 -0.7069958 -0.7072178 0 0 0 1</float_array>
          <technique_common>
            <accessor source="#Mesh_012-mesh-normals-array" count="142" stride="3">
              <param name="X" type="float"/>
              <param name="Y" type="float"/>
              <param name="Z" type="float"/>
            </accessor>
          </technique_common>
        </source>
        <vertices id="Mesh_012-mesh-vertices">
          <input semantic="POSITION" source="#Mesh_012-mesh-positions"/>
        </vertices>
        <triangles count="142">
          <input semantic="VERTEX" source="#Mesh_012-mesh-vertices" offset="0"/>
          <input semantic="NORMAL" source="#Mesh_012-mesh-normals" offset="1"/>
          <p>67 0 35 0 36 0 103 1 135 1 104 1 35 2 104 2 36 2 10 3 77 3 9 3 62 4 121 4 53 4 37 5 104 5 36 5 11 6 78 6 10 6 63 7 122 7 54 7 38 8 105 8 37 8 12 9 79 9 11 9 64 10 123 10 55 10 39 11 106 11 38 11 13 12 80 12 12 12 65 13 124 13 56 13 40 14 107 14 39 14 14 15 81 15 13 15 67 16 134 16 66 16 41 17 108 17 40 17 15 18 82 18 14 18 36 19 135 19 67 19 42 20 109 20 41 20 16 21 83 21 15 21 66 22 103 22 35 22 43 23 110 23 42 23 17 24 84 24 16 24 44 25 111 25 43 25 18 26 85 26 17 26 45 27 112 27 44 27 19 28 86 28 18 28 46 29 113 29 45 29 20 30 87 30 19 30 47 31 114 31 46 31 21 32 88 32 20 32 0 33 115 33 47 33 22 34 89 34 21 34 48 35 82 35 14 35 23 36 90 36 22 36 49 37 85 37 17 37 24 38 91 38 23 38 50 39 87 39 19 39 25 40 92 40 24 40 51 41 89 41 21 41 26 42 93 42 25 42 52 43 90 43 22 43 27 44 94 44 26 44 1 45 68 45 0 45 53 46 98 46 30 46 28 47 95 47 27 47 2 48 69 48 1 48 54 49 100 49 32 49 29 50 96 50 28 50 3 51 70 51 2 51 55 52 107 52 39 52 30 53 97 53 29 53 4 54 71 54 3 54 56 55 110 55 42 55 31 56 98 56 30 56 5 57 72 57 4 57 57 58 116 58 48 58 32 59 99 59 31 59 6 60 73 60 5 60 58 61 117 61 49 61 33 62 100 62 32 62 7 63 74 63 6 63 59 64 118 64 50 64 34 65 101 65 33 65 8 66 75 66 7 66 60 67 119 67 51 67 35 68 102 68 34 68 9 69 76 69 8 69 61 70 120 70 52 70 67 71 66 71 35 71 103 72 134 72 135 72 35 73 103 73 104 73 10 74 78 74 77 74 62 75 130 75 121 75 37 76 105 76 104 76 11 77 79 77 78 77 63 78 131 78 122 78 38 79 106 79 105 79 12 80 80 80 79 80 64 81 132 81 123 81 39 82 107 82 106 82 13 83 81 83 80 83 65 84 133 84 124 84 40 85 108 85 107 85 14 86 82 86 81 86 67 87 135 87 134 87 41 88 109 88 108 88 15 89 83 89 82 89 36 90 104 90 135 90 42 91 110 91 109 91 16 92 84 92 83 92 66 93 134 93 103 93 43 94 111 94 110 94 17 95 85 95 84 95 44 96 112 96 111 96 18 97 86 97 85 97 45 98 113 98 112 98 19 99 87 99 86 99 46 100 114 100 113 100 20 101 88 101 87 101 47 102 115 102 114 102 21 103 89 103 88 103 0 104 68 104 115 104 22 105 90 105 89 105 48 106 116 106 82 106 23 107 91 107 90 107 49 108 117 108 85 108 24 109 92 109 91 109 50 110 118 110 87 110 25 111 93 111 92 111 51 112 119 112 89 112 26 113 94 113 93 113 52 114 120 114 90 114 27 115 95 115 94 115 1 116 69 116 68 116 53 117 121 117 98 117 28 118 96 118 95 118 2 119 70 119 69 119 54 120 122 120 100 120 29 121 97 121 96 121 3 122 71 122 70 122 55 123 123 123 107 123 30 124 98 124 97 124 4 125 72 125 71 125 56 126 124 126 110 126 31 127 99 127 98 127 5 128 73 128 72 128 57 129 125 129 116 129 32 130 100 130 99 130 6 131 74 131 73 131 58 132 126 132 117 132 33 133 101 133 100 133 7 134 75 134 74 134 59 135 127 135 118 135 34 136 102 136 101 136 8 137 76 137 75 137 60 138 128 138 119 138 35 139 103 139 102 139 9 140 77 140 76 140 61 141 129 141 120 141</p>
        </triangles>
      </mesh>
    </geometry>
    <geometry id="Mesh_011-mesh" name="Mesh.011">
      <mesh>
        <source id="Mesh_011-mesh-positions">
          <float_array id="Mesh_011-mesh-positions-array" count="420">-0.1301036 -0.002814531 0 -0.1300804 -0.002884328 0 -0.130057 -0.002954185 0 -0.1300337 -0.00302416 0 -0.1300104 -0.003094136 0 -0.129987 -0.003164291 0 -0.1299635 -0.003234565 0 -0.12994 -0.003305017 0 -0.1299165 -0.003375709 0 -0.1298929 -0.003446578 0 -0.1298692 -0.003517746 0 -0.1298453 -0.003589212 0 -0.1298214 -0.003661036 0 -0.1301867 -0.003920316 0 -0.1304946 -0.004136502 0 -0.1307541 -0.004313528 0 -0.1309738 -0.004455268 0 -0.1311627 -0.004565656 0 -0.1313295 -0.004648625 0 -0.1314831 -0.004708051 0 -0.1316323 -0.004747867 0 -0.1317859 -0.004772067 0 -0.1319528 -0.004784464 0 -0.1321417 -0.004789054 0 -0.1323614 -0.00478971 0 -0.1321808 -0.004604935 0 -0.132002 -0.004424273 0 -0.1318241 -0.004247486 0 -0.1316462 -0.004074454 0 -0.1314671 -0.003905177 0 -0.1312861 -0.003739476 0 -0.131102 -0.003577232 0 -0.1309141 -0.003418385 0 -0.1307213 -0.003262758 0 -0.1305226 -0.003110349 0 -0.130317 -0.00296092 0 -0.1300104 -0.003094136 0 -0.1298929 -0.003446578 0 -0.1298214 -0.003661036 0 -0.1301867 -0.003920316 0 -0.1304946 -0.004136502 0 -0.1307541 -0.004313528 0 -0.1309738 -0.004455268 0 -0.1311627 -0.004565656 0 -0.1314831 -0.004708051 0 -0.1317859 -0.004772067 0 -0.1319528 -0.004784464 0 -0.1323614 -0.00478971 0 -0.132002 -0.004424273 0 -0.1316462 -0.004074454 0 -0.1314671 -0.003905177 0 -0.131102 -0.003577232 0 -0.1307213 -0.003262758 0 -0.1300104 -0.003094136 0 -0.1298929 -0.003446578 0 -0.1298214 -0.003661036 0 -0.1301867 -0.003920316 0 -0.1304946 -0.004136502 0 -0.1307541 -0.004313528 0 -0.1309738 -0.004455268 0 -0.1311627 -0.004565656 0 -0.1314831 -0.004708051 0 -0.1317859 -0.004772067 0 -0.1319528 -0.004784464 0 -0.1323614 -0.00478971 0 -0.132002 -0.004424273 0 -0.1316462 -0.004074454 0 -0.1314671 -0.003905177 0 -0.131102 -0.003577232 0 -0.1307213 -0.003262758 0 -0.1301036 -0.002814531 0.07720786 -0.1300804 -0.002884328 0.07720786 -0.130057 -0.002954185 0.07720786 -0.1300337 -0.00302416 0.07720786 -0.1300104 -0.003094136 0.07720786 -0.129987 -0.003164291 0.07720786 -0.1299635 -0.003234565 0.07720786 -0.12994 -0.003305017 0.07720786 -0.1299165 -0.003375709 0.07720786 -0.1298929 -0.003446578 0.07720786 -0.1298692 -0.003517746 0.07720786 -0.1298453 -0.003589212 0.07720786 -0.1298214 -0.003661036 0.07720786 -0.1301867 -0.003920316 0.07720786 -0.1304946 -0.004136502 0.07720786 -0.1307541 -0.004313528 0.07720786 -0.1309738 -0.004455268 0.07720786 -0.1311627 -0.004565656 0.07720786 -0.1313295 -0.004648625 0.07720786 -0.1314831 -0.004708051 0.07720786 -0.1316323 -0.004747867 0.07720786 -0.1317859 -0.004772067 0.07720786 -0.1319528 -0.004784464 0.07720786 -0.1321417 -0.004789054 0.07720786 -0.1323614 -0.00478971 0.07720786 -0.1321808 -0.004604935 0.07720786 -0.132002 -0.004424273 0.07720786 -0.1318241 -0.004247486 0.07720786 -0.1316462 -0.004074454 0.07720786 -0.1314671 -0.003905177 0.07720786 -0.1312861 -0.003739476 0.07720786 -0.131102 -0.003577232 0.07720786 -0.1309141 -0.003418385 0.07720786 -0.1307213 -0.003262758 0.07720786 -0.1305226 -0.003110349 0.07720786 -0.130317 -0.00296092 0.07720786 -0.1300104 -0.003094136 0.07720786 -0.1298929 -0.003446578 0.07720786 -0.1298214 -0.003661036 0.07720786 -0.1301867 -0.003920316 0.07720786 -0.1304946 -0.004136502 0.07720786 -0.1307541 -0.004313528 0.07720786 -0.1309738 -0.004455268 0.07720786 -0.1311627 -0.004565656 0.07720786 -0.1314831 -0.004708051 0.07720786 -0.1317859 -0.004772067 0.07720786 -0.1319528 -0.004784464 0.07720786 -0.1323614 -0.00478971 0.07720786 -0.132002 -0.004424273 0.07720786 -0.1316462 -0.004074454 0.07720786 -0.1314671 -0.003905177 0.07720786 -0.131102 -0.003577232 0.07720786 -0.1307213 -0.003262758 0.07720786 -0.1300104 -0.003094136 0.07720786 -0.1298929 -0.003446578 0.07720786 -0.1298214 -0.003661036 0.07720786 -0.1301867 -0.003920316 0.07720786 -0.1304946 -0.004136502 0.07720786 -0.1307541 -0.004313528 0.07720786 -0.1309738 -0.004455268 0.07720786 -0.1311627 -0.004565656 0.07720786 -0.1314831 -0.004708051 0.07720786 -0.1317859 -0.004772067 0.07720786 -0.1319528 -0.004784464 0.07720786 -0.1323614 -0.00478971 0.07720786 -0.132002 -0.004424273 0.07720786 -0.1316462 -0.004074454 0.07720786 -0.1314671 -0.003905177 0.07720786 -0.131102 -0.003577232 0.07720786 -0.1307213 -0.003262758 0.07720786</float_array>
          <technique_common>
            <accessor source="#Mesh_011-mesh-positions-array" count="140" stride="3">
              <param name="X" type="float"/>
              <param name="Y" type="float"/>
              <param name="Z" type="float"/>
            </accessor>
          </technique_common>
        </source>
        <source id="Mesh_011-mesh-normals">
          <float_array id="Mesh_011-mesh-normals-array" count="420">0 0 1 0.6086446 -0.7934429 0 -0.9486687 -0.3162719 0 0 0 1 0.587914 -0.8089234 0 -0.9486845 -0.316224 0 0 0 1 0.565886 -0.8244835 0 -0.9486796 -0.3162389 0 0 0 1 0 0 1 -0.9486545 -0.316314 0 0 0 1 0 0 1 -0.9486685 -0.3162721 0 0 0 1 0 0 1 -0.5788534 0.8154316 0 0 0 1 0 0 1 -0.5745953 0.8184377 0 0 0 1 0 0 1 -0.5635864 0.8260571 0 0 0 1 0 0 1 -0.5420064 0.8403744 0 0 0 1 0 0 1 -0.5045575 0.8633782 0 0 0 1 0 0 1 -0.445219 0.8954217 0 0 0 1 -0.3608879 0.9326092 0 0 0 1 -0.2579969 0.9661458 0 0 0 1 -0.1554263 0.9878475 0 0 0 1 -0.07418262 0.9972447 0 0 0 1 -0.02419954 0.9997072 0 0 0 1 -0.002964317 0.9999956 0 0 0 1 0.7149732 -0.6991518 0 0 0 1 0.7108713 -0.7033221 0 0 0 1 0.7048884 -0.7093183 0 -0.9486396 -0.3163587 0 0 0 1 0.6969886 -0.7170823 0 -0.9486805 -0.3162363 0 0 0 1 0.6870679 -0.7265932 0 -0.9486396 -0.3163585 0 0 0 1 0.6752005 -0.7376343 0 -0.9486386 -0.3163622 0 0 0 1 0.6613152 -0.7501082 0 -0.9486773 -0.3162457 0 0 0 1 0.6455317 -0.7637335 0 -0.9486349 -0.3163729 0 0 0 1 0.6279249 -0.7782739 0 -0.9486922 -0.3162015 0 0 0 1 0.6086446 -0.7934429 0 -0.9486687 -0.3162719 0 0 0 1 0.587914 -0.8089234 0 -0.9486845 -0.316224 0 0 0 1 0.565886 -0.8244835 0 -0.9486796 -0.3162389 0 0 0 1 0 0 1 -0.9486545 -0.316314 0 0 0 1 0 0 1 -0.9486685 -0.3162721 0 0 0 1 0 0 1 -0.5788534 0.8154316 0 0 0 1 0 0 1 -0.5745953 0.8184377 0 0 0 1 0 0 1 -0.5635864 0.8260571 0 0 0 1 0 0 1 -0.5420064 0.8403744 0 0 0 1 0 0 1 -0.5045575 0.8633782 0 0 0 1 0 0 1 -0.445219 0.8954217 0 0 0 1 -0.3608879 0.9326092 0 0 0 1 -0.2579969 0.9661458 0 0 0 1 -0.1554263 0.9878475 0 0 0 1 -0.07418262 0.9972447 0 0 0 1 -0.02419954 0.9997072 0 0 0 1 -0.002964317 0.9999956 0 0 0 1 0.7149732 -0.6991518 0 0 0 1 0.7108713 -0.7033221 0 0 0 1 0.7048884 -0.7093183 0 -0.9486396 -0.3163587 0 0 0 1 0.6969886 -0.7170823 0 -0.9486805 -0.3162363 0 0 0 1 0.6870679 -0.7265932 0 -0.9486396 -0.3163585 0 0 0 1 0.6752005 -0.7376343 0 -0.9486386 -0.3163622 0 0 0 1 0.6613152 -0.7501082 0 -0.9486773 -0.3162457 0 0 0 1 0.6455317 -0.7637335 0 -0.9486349 -0.3163729 0 0 0 1 0.6279249 -0.7782739 0 -0.9486922 -0.3162015 0</float_array>
          <technique_common>
            <accessor source="#Mesh_011-mesh-normals-array" count="140" stride="3">
              <param name="X" type="float"/>
              <param name="Y" type="float"/>
              <param name="Z" type="float"/>
            </accessor>
          </technique_common>
        </source>
        <vertices id="Mesh_011-mesh-vertices">
          <input semantic="POSITION" source="#Mesh_011-mesh-positions"/>
        </vertices>
        <triangles count="140">
          <input semantic="VERTEX" source="#Mesh_011-mesh-vertices" offset="0"/>
          <input semantic="NORMAL" source="#Mesh_011-mesh-normals" offset="1"/>
          <p>59 0 112 0 42 0 34 1 103 1 33 1 8 2 77 2 7 2 60 3 113 3 43 3 35 4 104 4 34 4 9 5 78 5 8 5 61 6 114 6 44 6 0 7 105 7 35 7 10 8 79 8 9 8 62 9 115 9 45 9 36 10 74 10 4 10 11 11 80 11 10 11 63 12 116 12 46 12 37 13 79 13 9 13 12 14 81 14 11 14 64 15 117 15 47 15 38 16 82 16 12 16 13 17 82 17 12 17 65 18 118 18 48 18 39 19 83 19 13 19 14 20 83 20 13 20 66 21 119 21 49 21 40 22 84 22 14 22 15 23 84 23 14 23 67 24 120 24 50 24 41 25 85 25 15 25 16 26 85 26 15 26 68 27 121 27 51 27 42 28 86 28 16 28 17 29 86 29 16 29 69 30 122 30 52 30 43 31 87 31 17 31 18 32 87 32 17 32 44 33 89 33 19 33 19 34 88 34 18 34 45 35 91 35 21 35 20 36 89 36 19 36 46 37 92 37 22 37 21 38 90 38 20 38 47 39 94 39 24 39 22 40 91 40 21 40 48 41 96 41 26 41 23 42 92 42 22 42 49 43 98 43 28 43 24 44 93 44 23 44 50 45 99 45 29 45 25 46 94 46 24 46 51 47 101 47 31 47 26 48 95 48 25 48 52 49 103 49 33 49 27 50 96 50 26 50 1 51 70 51 0 51 53 52 106 52 36 52 28 53 97 53 27 53 2 54 71 54 1 54 54 55 107 55 37 55 29 56 98 56 28 56 3 57 72 57 2 57 55 58 108 58 38 58 30 59 99 59 29 59 4 60 73 60 3 60 56 61 109 61 39 61 31 62 100 62 30 62 5 63 74 63 4 63 57 64 110 64 40 64 32 65 101 65 31 65 6 66 75 66 5 66 58 67 111 67 41 67 33 68 102 68 32 68 7 69 76 69 6 69 59 70 129 70 112 70 34 71 104 71 103 71 8 72 78 72 77 72 60 73 130 73 113 73 35 74 105 74 104 74 9 75 79 75 78 75 61 76 131 76 114 76 0 77 70 77 105 77 10 78 80 78 79 78 62 79 132 79 115 79 36 80 106 80 74 80 11 81 81 81 80 81 63 82 133 82 116 82 37 83 107 83 79 83 12 84 82 84 81 84 64 85 134 85 117 85 38 86 108 86 82 86 13 87 83 87 82 87 65 88 135 88 118 88 39 89 109 89 83 89 14 90 84 90 83 90 66 91 136 91 119 91 40 92 110 92 84 92 15 93 85 93 84 93 67 94 137 94 120 94 41 95 111 95 85 95 16 96 86 96 85 96 68 97 138 97 121 97 42 98 112 98 86 98 17 99 87 99 86 99 69 100 139 100 122 100 43 101 113 101 87 101 18 102 88 102 87 102 44 103 114 103 89 103 19 104 89 104 88 104 45 105 115 105 91 105 20 106 90 106 89 106 46 107 116 107 92 107 21 108 91 108 90 108 47 109 117 109 94 109 22 110 92 110 91 110 48 111 118 111 96 111 23 112 93 112 92 112 49 113 119 113 98 113 24 114 94 114 93 114 50 115 120 115 99 115 25 116 95 116 94 116 51 117 121 117 101 117 26 118 96 118 95 118 52 119 122 119 103 119 27 120 97 120 96 120 1 121 71 121 70 121 53 122 123 122 106 122 28 123 98 123 97 123 2 124 72 124 71 124 54 125 124 125 107 125 29 126 99 126 98 126 3 127 73 127 72 127 55 128 125 128 108 128 30 129 100 129 99 129 4 130 74 130 73 130 56 131 126 131 109 131 31 132 101 132 100 132 5 133 75 133 74 133 57 134 127 134 110 134 32 135 102 135 101 135 6 136 76 136 75 136 58 137 128 137 111 137 33 138 103 138 102 138 7 139 77 139 76 139</p>
        </triangles>
      </mesh>
    </geometry>
    <geometry id="Mesh_010-mesh" name="Mesh.010">
      <mesh>
        <source id="Mesh_010-mesh-positions">
          <float_array id="Mesh_010-mesh-positions-array" count="876">-0.0863583 -0.08097517 0 -0.0863251 -0.08099895 0 -0.0862919 -0.08102279 0 -0.08625864 -0.0810467 0 -0.08622533 -0.08107054 0 -0.08619201 -0.0810945 0 -0.08615863 -0.08111846 0 -0.08612513 -0.08114248 0 -0.08609151 -0.08116662 0 -0.08605784 -0.08119076 0 -0.08602398 -0.08121508 0 -0.08599001 -0.08123946 0 -0.08595591 -0.08126395 0 -0.08589518 -0.08130741 0 -0.08584362 -0.08134436 0 -0.08579933 -0.08137607 0 -0.08576047 -0.08140391 0 -0.08572518 -0.08142918 0 -0.08569163 -0.0814532 0 -0.08565801 -0.08147728 0 -0.08562237 -0.08150279 0 -0.08558297 -0.08153098 0 -0.08553791 -0.08156329 0 -0.08548533 -0.08160096 0 -0.0854234 -0.0816453 0 -0.08536344 -0.08168828 0 -0.08531254 -0.08172482 0 -0.08526879 -0.08175617 0 -0.08523041 -0.08178365 0 -0.08519554 -0.08180862 0 -0.08516246 -0.08183234 0 -0.0851292 -0.08185619 0 -0.08509403 -0.0818814 0 -0.08505511 -0.08190929 0 -0.08501064 -0.08194118 0 -0.08495873 -0.08197844 0 -0.08489751 -0.08202224 0 -0.08478522 -0.08210128 0 -0.08467268 -0.0821799 0 -0.08455985 -0.08225816 0 -0.08444672 -0.082336 0 -0.08433341 -0.08241361 0 -0.08421993 -0.08249092 0 -0.08410626 -0.08256793 0 -0.08399242 -0.08264476 0 -0.08387845 -0.08272135 0 -0.08376443 -0.08279782 0 -0.08365023 -0.08287411 0 -0.08353602 -0.08295035 0 -0.08360588 -0.08297359 0 -0.08367574 -0.0829969 0 -0.08374571 -0.08302021 0 -0.08381575 -0.08304357 0 -0.0838859 -0.08306694 0 -0.08395618 -0.08309036 0 -0.08402663 -0.08311384 0 -0.08409732 -0.08313739 0 -0.08416825 -0.08316105 0 -0.08423942 -0.08318477 0 -0.08431088 -0.08320856 0 -0.08438271 -0.08323252 0 -0.08450126 -0.08315801 0 -0.08460205 -0.08309423 0 -0.08468854 -0.08303844 0 -0.08476448 -0.08298778 0 -0.08483338 -0.08293962 0 -0.08489894 -0.0828911 0 -0.08496469 -0.08283948 0 -0.08503431 -0.08278208 0 -0.08511132 -0.08271604 0 -0.08519947 -0.08263868 0 -0.08530229 -0.08254724 0 -0.0854234 -0.08243888 0 -0.08548414 -0.08238601 0 -0.0855357 -0.08234101 0 -0.08557999 -0.08230245 0 -0.08561885 -0.08226859 0 -0.08565413 -0.08223783 0 -0.08568769 -0.08220863 0 -0.08572131 -0.0821793 0 -0.08575689 -0.08214825 0 -0.08579635 -0.08211392 0 -0.08584141 -0.08207464 0 -0.08589398 -0.0820288 0 -0.08595591 -0.08197486 0 -0.08604836 -0.08187454 0 -0.08612543 -0.08178883 0 -0.08618855 -0.08171433 0 -0.08623903 -0.08164757 0 -0.08627843 -0.0815851 0 -0.086308 -0.08152335 0 -0.08632916 -0.08145898 0 -0.0863434 -0.08138841 0 -0.08635199 -0.08130824 0 -0.0863564 -0.0812149 0 -0.08635807 -0.08110505 0 -0.08605784 -0.08119076 0 -0.08558297 -0.08153098 0 -0.08523041 -0.08178365 0 -0.08509403 -0.0818814 0 -0.08478522 -0.08210128 0 -0.08455985 -0.08225816 0 -0.08433341 -0.08241361 0 -0.08410626 -0.08256793 0 -0.08387845 -0.08272135 0 -0.08365023 -0.08287411 0 -0.08353602 -0.08295035 0 -0.08381575 -0.08304357 0 -0.08402663 -0.08311384 0 -0.08438271 -0.08323252 0 -0.08460205 -0.08309423 0 -0.08476448 -0.08298778 0 -0.08483338 -0.08293962 0 -0.08503431 -0.08278208 0 -0.08519947 -0.08263868 0 -0.08548414 -0.08238601 0 -0.08557999 -0.08230245 0 -0.08572131 -0.0821793 0 -0.08595591 -0.08197486 0 -0.08618855 -0.08171433 0 -0.0863434 -0.08138841 0 -0.08605784 -0.08119076 0 -0.08558297 -0.08153098 0 -0.08523041 -0.08178365 0 -0.08509403 -0.0818814 0 -0.08478522 -0.08210128 0 -0.08455985 -0.08225816 0 -0.08433341 -0.08241361 0 -0.08410626 -0.08256793 0 -0.08387845 -0.08272135 0 -0.08365023 -0.08287411 0 -0.08353602 -0.08295035 0 -0.08381575 -0.08304357 0 -0.08402663 -0.08311384 0 -0.08438271 -0.08323252 0 -0.08460205 -0.08309423 0 -0.08476448 -0.08298778 0 -0.08483338 -0.08293962 0 -0.08503431 -0.08278208 0 -0.08519947 -0.08263868 0 -0.08548414 -0.08238601 0 -0.08557999 -0.08230245 0 -0.08572131 -0.0821793 0 -0.08595591 -0.08197486 0 -0.08618855 -0.08171433 0 -0.0863434 -0.08138841 0 -0.0863583 -0.08097517 0.07720786 -0.0863251 -0.08099895 0.07720786 -0.0862919 -0.08102279 0.07720786 -0.08625864 -0.0810467 0.07720786 -0.08622533 -0.08107054 0.07720786 -0.08619201 -0.0810945 0.07720786 -0.08615863 -0.08111846 0.07720786 -0.08612513 -0.08114248 0.07720786 -0.08609151 -0.08116662 0.07720786 -0.08605784 -0.08119076 0.07720786 -0.08602398 -0.08121508 0.07720786 -0.08599001 -0.08123946 0.07720786 -0.08595591 -0.08126395 0.07720786 -0.08589518 -0.08130741 0.07720786 -0.08584362 -0.08134436 0.07720786 -0.08579933 -0.08137607 0.07720786 -0.08576047 -0.08140391 0.07720786 -0.08572518 -0.08142918 0.07720786 -0.08569163 -0.0814532 0.07720786 -0.08565801 -0.08147728 0.07720786 -0.08562237 -0.08150279 0.07720786 -0.08558297 -0.08153098 0.07720786 -0.08553791 -0.08156329 0.07720786 -0.08548533 -0.08160096 0.07720786 -0.0854234 -0.0816453 0.07720786 -0.08536344 -0.08168828 0.07720786 -0.08531254 -0.08172482 0.07720786 -0.08526879 -0.08175617 0.07720786 -0.08523041 -0.08178365 0.07720786 -0.08519554 -0.08180862 0.07720786 -0.08516246 -0.08183234 0.07720786 -0.0851292 -0.08185619 0.07720786 -0.08509403 -0.0818814 0.07720786 -0.08505511 -0.08190929 0.07720786 -0.08501064 -0.08194118 0.07720786 -0.08495873 -0.08197844 0.07720786 -0.08489751 -0.08202224 0.07720786 -0.08478522 -0.08210128 0.07720786 -0.08467268 -0.0821799 0.07720786 -0.08455985 -0.08225816 0.07720786 -0.08444672 -0.082336 0.07720786 -0.08433341 -0.08241361 0.07720786 -0.08421993 -0.08249092 0.07720786 -0.08410626 -0.08256793 0.07720786 -0.08399242 -0.08264476 0.07720786 -0.08387845 -0.08272135 0.07720786 -0.08376443 -0.08279782 0.07720786 -0.08365023 -0.08287411 0.07720786 -0.08353602 -0.08295035 0.07720786 -0.08360588 -0.08297359 0.07720786 -0.08367574 -0.0829969 0.07720786 -0.08374571 -0.08302021 0.07720786 -0.08381575 -0.08304357 0.07720786 -0.0838859 -0.08306694 0.07720786 -0.08395618 -0.08309036 0.07720786 -0.08402663 -0.08311384 0.07720786 -0.08409732 -0.08313739 0.07720786 -0.08416825 -0.08316105 0.07720786 -0.08423942 -0.08318477 0.07720786 -0.08431088 -0.08320856 0.07720786 -0.08438271 -0.08323252 0.07720786 -0.08450126 -0.08315801 0.07720786 -0.08460205 -0.08309423 0.07720786 -0.08468854 -0.08303844 0.07720786 -0.08476448 -0.08298778 0.07720786 -0.08483338 -0.08293962 0.07720786 -0.08489894 -0.0828911 0.07720786 -0.08496469 -0.08283948 0.07720786 -0.08503431 -0.08278208 0.07720786 -0.08511132 -0.08271604 0.07720786 -0.08519947 -0.08263868 0.07720786 -0.08530229 -0.08254724 0.07720786 -0.0854234 -0.08243888 0.07720786 -0.08548414 -0.08238601 0.07720786 -0.0855357 -0.08234101 0.07720786 -0.08557999 -0.08230245 0.07720786 -0.08561885 -0.08226859 0.07720786 -0.08565413 -0.08223783 0.07720786 -0.08568769 -0.08220863 0.07720786 -0.08572131 -0.0821793 0.07720786 -0.08575689 -0.08214825 0.07720786 -0.08579635 -0.08211392 0.07720786 -0.08584141 -0.08207464 0.07720786 -0.08589398 -0.0820288 0.07720786 -0.08595591 -0.08197486 0.07720786 -0.08604836 -0.08187454 0.07720786 -0.08612543 -0.08178883 0.07720786 -0.08618855 -0.08171433 0.07720786 -0.08623903 -0.08164757 0.07720786 -0.08627843 -0.0815851 0.07720786 -0.086308 -0.08152335 0.07720786 -0.08632916 -0.08145898 0.07720786 -0.0863434 -0.08138841 0.07720786 -0.08635199 -0.08130824 0.07720786 -0.0863564 -0.0812149 0.07720786 -0.08635807 -0.08110505 0.07720786 -0.08605784 -0.08119076 0.07720786 -0.08558297 -0.08153098 0.07720786 -0.08523041 -0.08178365 0.07720786 -0.08509403 -0.0818814 0.07720786 -0.08478522 -0.08210128 0.07720786 -0.08455985 -0.08225816 0.07720786 -0.08433341 -0.08241361 0.07720786 -0.08410626 -0.08256793 0.07720786 -0.08387845 -0.08272135 0.07720786 -0.08365023 -0.08287411 0.07720786 -0.08353602 -0.08295035 0.07720786 -0.08381575 -0.08304357 0.07720786 -0.08402663 -0.08311384 0.07720786 -0.08438271 -0.08323252 0.07720786 -0.08460205 -0.08309423 0.07720786 -0.08476448 -0.08298778 0.07720786 -0.08483338 -0.08293962 0.07720786 -0.08503431 -0.08278208 0.07720786 -0.08519947 -0.08263868 0.07720786 -0.08548414 -0.08238601 0.07720786 -0.08557999 -0.08230245 0.07720786 -0.08572131 -0.0821793 0.07720786 -0.08595591 -0.08197486 0.07720786 -0.08618855 -0.08171433 0.07720786 -0.0863434 -0.08138841 0.07720786 -0.08605784 -0.08119076 0.07720786 -0.08558297 -0.08153098 0.07720786 -0.08523041 -0.08178365 0.07720786 -0.08509403 -0.0818814 0.07720786 -0.08478522 -0.08210128 0.07720786 -0.08455985 -0.08225816 0.07720786 -0.08433341 -0.08241361 0.07720786 -0.08410626 -0.08256793 0.07720786 -0.08387845 -0.08272135 0.07720786 -0.08365023 -0.08287411 0.07720786 -0.08353602 -0.08295035 0.07720786 -0.08381575 -0.08304357 0.07720786 -0.08402663 -0.08311384 0.07720786 -0.08438271 -0.08323252 0.07720786 -0.08460205 -0.08309423 0.07720786 -0.08476448 -0.08298778 0.07720786 -0.08483338 -0.08293962 0.07720786 -0.08503431 -0.08278208 0.07720786 -0.08519947 -0.08263868 0.07720786 -0.08548414 -0.08238601 0.07720786 -0.08557999 -0.08230245 0.07720786 -0.08572131 -0.0821793 0.07720786 -0.08595591 -0.08197486 0.07720786 -0.08618855 -0.08171433 0.07720786 -0.0863434 -0.08138841 0.07720786</float_array>
          <technique_common>
            <accessor source="#Mesh_010-mesh-positions-array" count="292" stride="3">
              <param name="X" type="float"/>
              <param name="Y" type="float"/>
              <param name="Z" type="float"/>
            </accessor>
          </technique_common>
        </source>
        <source id="Mesh_010-mesh-normals">
          <float_array id="Mesh_010-mesh-normals-array" count="876">0.5421137 0.8403052 0 -0.5830657 -0.812425 0 0 0 1 0.5548886 0.8319247 0 -0.5822476 -0.8130116 0 0 0 1 0.5731055 0.8194816 0 -0.5822486 -0.8130108 0 0 0 1 0.5950177 0.8037126 0 -0.5822856 -0.8129844 0 0 0 1 0.617286 0.7867389 0 -0.58227 -0.8129955 0 0 0 1 0.6364247 0.7713389 0 -0.5822126 -0.8130366 0 0 0 1 0.6506039 0.7594172 0 -0.5821947 -0.8130494 0 0 0 1 0.6596778 0.7515485 0 -0.5822255 -0.8130273 0 0 0 1 0.664646 0.7471584 0 -0.5822998 -0.8129742 0 0 0 1 0.6666716 0.7453516 0 -0.5822989 -0.8129748 0 0 0 1 0.656964 0.7539219 0 -0.582331 -0.8129518 0 0 0 1 0.6569845 0.7539041 0 -0.5822513 -0.8130089 0 0 0 1 0.6570041 0.7538871 0 -0.582311 -0.8129661 0 0 0 1 0.6569477 0.7539361 0 -0.5826513 -0.8127223 0 0 0 1 0.6569473 0.7539365 0 -0.5826092 -0.8127524 0 0 0 1 0.6569498 0.7539344 0 -0.5826515 -0.812722 0 0 0 1 0.656943 0.7539402 0 -0.5825659 -0.8127835 0 0 0 1 0.6569284 0.753953 0 -0.5825859 -0.8127691 0 0 0 1 0.6569899 0.7538994 0 -0.5825693 -0.8127811 0 0 0 1 0.6570299 0.7538645 0 -0.5825992 -0.8127596 0 0 0 1 0.6569983 0.7538921 0 -0.5826385 -0.8127315 0 0 0 1 0.6570004 0.7538903 0 -0.5826354 -0.8127336 0 0 0 1 0.7354814 0.677545 0 -0.5825759 -0.8127763 0 0 0 1 0.7434549 0.6687862 0 -0.5826384 -0.8127315 0 0 0 1 0.7629722 0.6464314 0 -0.5825113 -0.8128226 0 0 0 1 0.7973439 0.6035253 0 -0.5754853 -0.8178121 0 0 0 1 0.8462312 0.5328159 0 -0.5725516 -0.8198687 0 0 0 1 0.9018337 0.4320833 0 -0.5697968 -0.8217857 0 0 0 1 0.9499069 0.312533 0 -0.5672701 -0.8235318 0 0 0 1 0.9803251 0.1973899 0 -0.5649873 -0.8250996 0 0 0 1 0.9942815 0.1067908 0 -0.5628872 -0.8265337 0 0 0 1 0.9988766 0.047387 0 -0.5610197 -0.8278024 0 0 0 1 0.9998898 0.01484984 0 -0.5593741 -0.8289153 0 0.9999982 0.001892626 0 -0.5579138 -0.8298989 0 0 0 1 -0.5567144 -0.830704 0 0 0 1 -0.5557014 -0.8313819 0 0 0 1 -0.5549381 -0.8318917 0 0 0 1 -0.3161974 0.9486934 0 0 0 1 -0.3161671 0.9487035 0 0 0 1 -0.3161975 0.9486934 0 0 0 1 -0.3161975 0.9486933 0 -0.5830649 -0.8124256 0 0 0 1 -0.3161975 0.9486934 0 -0.5830125 -0.8124632 0 0 0 1 -0.3161373 0.9487135 0 -0.5830281 -0.812452 0 0 0 1 -0.3161375 0.9487134 0 -0.5830775 -0.8124165 0 0 0 1 -0.3161377 0.9487133 0 -0.5829887 -0.8124803 0 0 0 1 -0.316168 0.9487032 0 -0.5830535 -0.8124338 0 0 0 1 -0.3161682 0.9487032 0 -0.5830661 -0.8124247 0 0 0 1 -0.3161684 0.9487031 0 -0.5830605 -0.8124288 0 0 0 1 -0.3161392 0.9487128 0 -0.5829698 -0.8124939 0 0 0 1 0.5318152 0.8468605 0 -0.5831493 -0.8123651 0 0 0 1 0.534832 0.8449584 0 -0.5830741 -0.8124189 0 0 0 1 0.5421137 0.8403052 0 -0.5830657 -0.812425 0 0 0 1 0.5548886 0.8319247 0 -0.5822476 -0.8130116 0 0 0 1 0.5731055 0.8194816 0 -0.5822486 -0.8130108 0 0 0 1 0.5950177 0.8037126 0 -0.5822856 -0.8129844 0 0 0 1 0.617286 0.7867389 0 -0.58227 -0.8129955 0 0 0 1 0.6364247 0.7713389 0 -0.5822126 -0.8130366 0 0 0 1 0.6506039 0.7594172 0 -0.5821947 -0.8130494 0 0 0 1 0.6596778 0.7515485 0 -0.5822255 -0.8130273 0 0 0 1 0.664646 0.7471584 0 -0.5822998 -0.8129742 0 0 0 1 0.6666716 0.7453516 0 -0.5822989 -0.8129748 0 0 0 1 0.656964 0.7539219 0 -0.582331 -0.8129518 0 0 0 1 0.6569845 0.7539041 0 -0.5822513 -0.8130089 0 0 0 1 0.6570041 0.7538871 0 -0.582311 -0.8129661 0 0 0 1 0.6569477 0.7539361 0 -0.5826513 -0.8127223 0 0 0 1 0.6569473 0.7539365 0 -0.5826092 -0.8127524 0 0 0 1 0.6569498 0.7539344 0 -0.5826515 -0.812722 0 0 0 1 0.656943 0.7539402 0 -0.5825659 -0.8127835 0 0 0 1 0.6569284 0.753953 0 -0.5825859 -0.8127691 0 0 0 1 0.6569899 0.7538994 0 -0.5825693 -0.8127811 0 0 0 1 0.6570299 0.7538645 0 -0.5825992 -0.8127596 0 0 0 1 0.6569983 0.7538921 0 -0.5826385 -0.8127315 0 0 0 1 0.6570004 0.7538903 0 -0.5826354 -0.8127336 0 0 0 1 0.7354814 0.677545 0 -0.5825759 -0.8127763 0 0 0 1 0.7434549 0.6687862 0 -0.5826384 -0.8127315 0 0 0 1 0.7629722 0.6464314 0 -0.5825113 -0.8128226 0 0 0 1 0.7973439 0.6035253 0 -0.5754853 -0.8178121 0 0 0 1 0.8462312 0.5328159 0 -0.5725516 -0.8198687 0 0 0 1 0.9018337 0.4320833 0 -0.5697968 -0.8217857 0 0 0 1 0.9499069 0.312533 0 -0.5672701 -0.8235318 0 0 0 1 0.9803251 0.1973899 0 -0.5649873 -0.8250996 0 0 0 1 0.9942815 0.1067908 0 -0.5628872 -0.8265337 0 0 0 1 0.9988766 0.047387 0 -0.5610197 -0.8278024 0 0 0 1 0.9998898 0.01484984 0 -0.5593741 -0.8289153 0 0.9999982 0.001892626 0 -0.5579138 -0.8298989 0 0 0 1 -0.5567144 -0.830704 0 0 0 1 -0.5557014 -0.8313819 0 0 0 1 -0.5549381 -0.8318917 0 0 0 1 -0.3161974 0.9486934 0 0 0 1 -0.3161671 0.9487035 0 0 0 1 -0.3161975 0.9486934 0 0 0 1 -0.3161975 0.9486933 0 -0.5830649 -0.8124256 0 0 0 1 -0.3161975 0.9486934 0 -0.5830125 -0.8124632 0 0 0 1 -0.3161373 0.9487135 0 -0.5830281 -0.812452 0 0 0 1 -0.3161375 0.9487134 0 -0.5830775 -0.8124165 0 0 0 1 -0.3161377 0.9487133 0 -0.5829887 -0.8124803 0 0 0 1 -0.316168 0.9487032 0 -0.5830535 -0.8124338 0 0 0 1 -0.3161682 0.9487032 0 -0.5830661 -0.8124247 0 0 0 1 -0.3161684 0.9487031 0 -0.5830605 -0.8124288 0 0 0 1 -0.3161392 0.9487128 0 -0.5829698 -0.8124939 0 0 0 1 0.5318152 0.8468605 0 -0.5831493 -0.8123651 0 0 0 1 0.534832 0.8449584 0 -0.5830741 -0.8124189 0 0 0 1</float_array>
          <technique_common>
            <accessor source="#Mesh_010-mesh-normals-array" count="292" stride="3">
              <param name="X" type="float"/>
              <param name="Y" type="float"/>
              <param name="Z" type="float"/>
            </accessor>
          </technique_common>
        </source>
        <vertices id="Mesh_010-mesh-vertices">
          <input semantic="POSITION" source="#Mesh_010-mesh-positions"/>
        </vertices>
        <triangles count="292">
          <input semantic="VERTEX" source="#Mesh_010-mesh-vertices" offset="0"/>
          <input semantic="NORMAL" source="#Mesh_010-mesh-normals" offset="1"/>
          <p>63 0 208 0 62 0 12 1 157 1 11 1 114 2 216 2 70 2 64 3 209 3 63 3 13 4 158 4 12 4 115 5 219 5 73 5 65 6 210 6 64 6 14 7 159 7 13 7 116 8 221 8 75 8 66 9 211 9 65 9 15 10 160 10 14 10 117 11 225 11 79 11 67 12 212 12 66 12 16 13 161 13 15 13 118 14 230 14 84 14 68 15 213 15 67 15 17 16 162 16 16 16 119 17 233 17 87 17 69 18 214 18 68 18 18 19 163 19 17 19 120 20 238 20 92 20 70 21 215 21 69 21 19 22 164 22 18 22 121 23 242 23 96 23 71 24 216 24 70 24 20 25 165 25 19 25 122 26 243 26 97 26 72 27 217 27 71 27 21 28 166 28 20 28 123 29 244 29 98 29 73 30 218 30 72 30 22 31 167 31 21 31 124 32 245 32 99 32 74 33 219 33 73 33 23 34 168 34 22 34 125 35 246 35 100 35 75 36 220 36 74 36 24 37 169 37 23 37 126 38 247 38 101 38 76 39 221 39 75 39 25 40 170 40 24 40 127 41 248 41 102 41 77 42 222 42 76 42 26 43 171 43 25 43 128 44 249 44 103 44 78 45 223 45 77 45 27 46 172 46 26 46 129 47 250 47 104 47 79 48 224 48 78 48 28 49 173 49 27 49 130 50 251 50 105 50 80 51 225 51 79 51 29 52 174 52 28 52 131 53 252 53 106 53 81 54 226 54 80 54 30 55 175 55 29 55 132 56 253 56 107 56 82 57 227 57 81 57 31 58 176 58 30 58 133 59 254 59 108 59 83 60 228 60 82 60 32 61 177 61 31 61 134 62 255 62 109 62 84 63 229 63 83 63 33 64 178 64 32 64 135 65 256 65 110 65 85 66 230 66 84 66 34 67 179 67 33 67 136 68 257 68 111 68 86 69 231 69 85 69 35 70 180 70 34 70 137 71 258 71 112 71 87 72 232 72 86 72 36 73 181 73 35 73 138 74 259 74 113 74 88 75 233 75 87 75 37 76 182 76 36 76 139 77 260 77 114 77 89 78 234 78 88 78 38 79 183 79 37 79 140 80 261 80 115 80 90 81 235 81 89 81 39 82 184 82 38 82 141 83 262 83 116 83 91 84 236 84 90 84 40 85 185 85 39 85 142 86 263 86 117 86 92 87 237 87 91 87 41 88 186 88 40 88 143 89 264 89 118 89 93 90 238 90 92 90 42 91 187 91 41 91 144 92 265 92 119 92 94 93 239 93 93 93 43 94 188 94 42 94 145 95 266 95 120 95 95 96 240 96 94 96 44 97 189 97 43 97 0 98 241 98 95 98 45 99 190 99 44 99 96 100 155 100 9 100 46 101 191 101 45 101 97 102 167 102 21 102 47 103 192 103 46 103 98 104 174 104 28 104 48 105 193 105 47 105 99 106 178 106 32 106 49 107 194 107 48 107 100 108 183 108 37 108 50 109 195 109 49 109 101 110 185 110 39 110 51 111 196 111 50 111 102 112 187 112 41 112 52 113 197 113 51 113 1 114 146 114 0 114 103 115 189 115 43 115 53 116 198 116 52 116 2 117 147 117 1 117 104 118 191 118 45 118 54 119 199 119 53 119 3 120 148 120 2 120 105 121 193 121 47 121 55 122 200 122 54 122 4 123 149 123 3 123 106 124 194 124 48 124 56 125 201 125 55 125 5 126 150 126 4 126 107 127 198 127 52 127 57 128 202 128 56 128 6 129 151 129 5 129 108 130 201 130 55 130 58 131 203 131 57 131 7 132 152 132 6 132 109 133 206 133 60 133 59 134 204 134 58 134 8 135 153 135 7 135 110 136 208 136 62 136 60 137 205 137 59 137 9 138 154 138 8 138 111 139 210 139 64 139 61 140 206 140 60 140 10 141 155 141 9 141 112 142 211 142 65 142 62 143 207 143 61 143 11 144 156 144 10 144 113 145 214 145 68 145 63 146 209 146 208 146 12 147 158 147 157 147 114 148 260 148 216 148 64 149 210 149 209 149 13 150 159 150 158 150 115 151 261 151 219 151 65 152 211 152 210 152 14 153 160 153 159 153 116 154 262 154 221 154 66 155 212 155 211 155 15 156 161 156 160 156 117 157 263 157 225 157 67 158 213 158 212 158 16 159 162 159 161 159 118 160 264 160 230 160 68 161 214 161 213 161 17 162 163 162 162 162 119 163 265 163 233 163 69 164 215 164 214 164 18 165 164 165 163 165 120 166 266 166 238 166 70 167 216 167 215 167 19 168 165 168 164 168 121 169 267 169 242 169 71 170 217 170 216 170 20 171 166 171 165 171 122 172 268 172 243 172 72 173 218 173 217 173 21 174 167 174 166 174 123 175 269 175 244 175 73 176 219 176 218 176 22 177 168 177 167 177 124 178 270 178 245 178 74 179 220 179 219 179 23 180 169 180 168 180 125 181 271 181 246 181 75 182 221 182 220 182 24 183 170 183 169 183 126 184 272 184 247 184 76 185 222 185 221 185 25 186 171 186 170 186 127 187 273 187 248 187 77 188 223 188 222 188 26 189 172 189 171 189 128 190 274 190 249 190 78 191 224 191 223 191 27 192 173 192 172 192 129 193 275 193 250 193 79 194 225 194 224 194 28 195 174 195 173 195 130 196 276 196 251 196 80 197 226 197 225 197 29 198 175 198 174 198 131 199 277 199 252 199 81 200 227 200 226 200 30 201 176 201 175 201 132 202 278 202 253 202 82 203 228 203 227 203 31 204 177 204 176 204 133 205 279 205 254 205 83 206 229 206 228 206 32 207 178 207 177 207 134 208 280 208 255 208 84 209 230 209 229 209 33 210 179 210 178 210 135 211 281 211 256 211 85 212 231 212 230 212 34 213 180 213 179 213 136 214 282 214 257 214 86 215 232 215 231 215 35 216 181 216 180 216 137 217 283 217 258 217 87 218 233 218 232 218 36 219 182 219 181 219 138 220 284 220 259 220 88 221 234 221 233 221 37 222 183 222 182 222 139 223 285 223 260 223 89 224 235 224 234 224 38 225 184 225 183 225 140 226 286 226 261 226 90 227 236 227 235 227 39 228 185 228 184 228 141 229 287 229 262 229 91 230 237 230 236 230 40 231 186 231 185 231 142 232 288 232 263 232 92 233 238 233 237 233 41 234 187 234 186 234 143 235 289 235 264 235 93 236 239 236 238 236 42 237 188 237 187 237 144 238 290 238 265 238 94 239 240 239 239 239 43 240 189 240 188 240 145 241 291 241 266 241 95 242 241 242 240 242 44 243 190 243 189 243 0 244 146 244 241 244 45 245 191 245 190 245 96 246 242 246 155 246 46 247 192 247 191 247 97 248 243 248 167 248 47 249 193 249 192 249 98 250 244 250 174 250 48 251 194 251 193 251 99 252 245 252 178 252 49 253 195 253 194 253 100 254 246 254 183 254 50 255 196 255 195 255 101 256 247 256 185 256 51 257 197 257 196 257 102 258 248 258 187 258 52 259 198 259 197 259 1 260 147 260 146 260 103 261 249 261 189 261 53 262 199 262 198 262 2 263 148 263 147 263 104 264 250 264 191 264 54 265 200 265 199 265 3 266 149 266 148 266 105 267 251 267 193 267 55 268 201 268 200 268 4 269 150 269 149 269 106 270 252 270 194 270 56 271 202 271 201 271 5 272 151 272 150 272 107 273 253 273 198 273 57 274 203 274 202 274 6 275 152 275 151 275 108 276 254 276 201 276 58 277 204 277 203 277 7 278 153 278 152 278 109 279 255 279 206 279 59 280 205 280 204 280 8 281 154 281 153 281 110 282 256 282 208 282 60 283 206 283 205 283 9 284 155 284 154 284 111 285 257 285 210 285 61 286 207 286 206 286 10 287 156 287 155 287 112 288 258 288 211 288 62 289 208 289 207 289 11 290 157 290 156 290 113 291 259 291 214 291</p>
        </triangles>
      </mesh>
    </geometry>
    <geometry id="Mesh_009-mesh" name="Mesh.009">
      <mesh>
        <source id="Mesh_009-mesh-positions">
          <float_array id="Mesh_009-mesh-positions-array" count="936">-0.140546 -0.01353693 0 -0.1404995 -0.01358348 0 -0.1404529 -0.01363003 0 -0.1404063 -0.01367664 0 -0.1403596 -0.01372337 0 -0.1403128 -0.0137701 0 -0.140266 -0.01381695 0 -0.140219 -0.01386392 0 -0.1401718 -0.013911 0 -0.1401246 -0.01395827 0 -0.1400771 -0.01400572 0 -0.1400294 -0.0140534 0 -0.1399816 -0.01410126 0 -0.1400723 -0.01421916 0 -0.140163 -0.01433706 0 -0.1402539 -0.01445484 0 -0.1403449 -0.0145725 0 -0.1404359 -0.01469016 0 -0.140527 -0.01480776 0 -0.1406182 -0.01492524 0 -0.1407095 -0.01504272 0 -0.1408008 -0.01516014 0 -0.1408923 -0.0152775 0 -0.1409837 -0.0153948 0 -0.1410753 -0.0155121 0 -0.141126 -0.01557755 0 -0.1411768 -0.01564306 0 -0.1412276 -0.01570862 0 -0.1412785 -0.01577425 0 -0.1413294 -0.01583999 0 -0.1413805 -0.01590591 0 -0.1414317 -0.01597195 0 -0.1414831 -0.01603823 0 -0.1415346 -0.01610469 0 -0.1415863 -0.01617139 0 -0.1416382 -0.01623839 0 -0.1416904 -0.01630568 0 -0.1417357 -0.01635658 0 -0.141781 -0.01640754 0 -0.1418264 -0.01645857 0 -0.1418718 -0.01650959 0 -0.1419173 -0.01656073 0 -0.1419629 -0.01661199 0 -0.1420086 -0.01666337 0 -0.1420544 -0.01671487 0 -0.1421004 -0.0167666 0 -0.1421465 -0.01681846 0 -0.1421929 -0.01687055 0 -0.1422394 -0.01692295 0 -0.142286 -0.01692295 0 -0.1423326 -0.01692295 0 -0.1423792 -0.01692295 0 -0.1424259 -0.01692295 0 -0.1424727 -0.01692295 0 -0.1425195 -0.01692295 0 -0.1425665 -0.01692295 0 -0.1426137 -0.01692295 0 -0.1426609 -0.01692295 0 -0.1427084 -0.01692295 0 -0.142756 -0.01692295 0 -0.1428039 -0.01692295 0 -0.1427028 -0.01671135 0 -0.1425985 -0.01650482 0 -0.1424909 -0.01630288 0 -0.1423798 -0.01610487 0 -0.1422652 -0.01591026 0 -0.142147 -0.01571851 0 -0.1420251 -0.01552897 0 -0.1418995 -0.0153411 0 -0.14177 -0.01515436 0 -0.1416366 -0.01496815 0 -0.1414991 -0.01478189 0 -0.1413575 -0.01459503 0 -0.1413049 -0.01452618 0 -0.1412603 -0.01446765 0 -0.141222 -0.0144174 0 -0.1411883 -0.01437336 0 -0.1411578 -0.0143333 0 -0.1411288 -0.01429527 0 -0.1410997 -0.01425713 0 -0.1410689 -0.01421672 0 -0.1410347 -0.01417201 0 -0.1409958 -0.01412093 0 -0.1409502 -0.01406127 0 -0.1408966 -0.01399099 0 -0.1408677 -0.01395356 0 -0.1408388 -0.01391607 0 -0.1408098 -0.01387852 0 -0.1407808 -0.01384097 0 -0.1407518 -0.01380336 0 -0.1407227 -0.01376563 0 -0.1406935 -0.01372784 0 -0.1406642 -0.01368993 0 -0.1406348 -0.0136519 0 -0.1406054 -0.01361376 0 -0.1405758 -0.01357543 0 -0.1400771 -0.01400572 0 -0.1399816 -0.01410126 0 -0.140163 -0.01433706 0 -0.1402539 -0.01445484 0 -0.1403449 -0.0145725 0 -0.1404359 -0.01469016 0 -0.1406182 -0.01492524 0 -0.1407095 -0.01504272 0 -0.1408923 -0.0152775 0 -0.1410753 -0.0155121 0 -0.1411768 -0.01564306 0 -0.1412785 -0.01577425 0 -0.1413805 -0.01590591 0 -0.1414831 -0.01603823 0 -0.1416382 -0.01623839 0 -0.1418718 -0.01650959 0 -0.1420086 -0.01666337 0 -0.1421004 -0.0167666 0 -0.1423326 -0.01692295 0 -0.1424727 -0.01692295 0 -0.1425985 -0.01650482 0 -0.1422652 -0.01591026 0 -0.1420251 -0.01552897 0 -0.1418995 -0.0153411 0 -0.1416366 -0.01496815 0 -0.1413575 -0.01459503 0 -0.1412603 -0.01446765 0 -0.1410347 -0.01417201 0 -0.1408098 -0.01387852 0 -0.1405758 -0.01357543 0 -0.1400771 -0.01400572 0 -0.1399816 -0.01410126 0 -0.140163 -0.01433706 0 -0.1402539 -0.01445484 0 -0.1403449 -0.0145725 0 -0.1404359 -0.01469016 0 -0.1406182 -0.01492524 0 -0.1407095 -0.01504272 0 -0.1408923 -0.0152775 0 -0.1410753 -0.0155121 0 -0.1411768 -0.01564306 0 -0.1412785 -0.01577425 0 -0.1413805 -0.01590591 0 -0.1414831 -0.01603823 0 -0.1416382 -0.01623839 0 -0.1418718 -0.01650959 0 -0.1420086 -0.01666337 0 -0.1421004 -0.0167666 0 -0.1423326 -0.01692295 0 -0.1424727 -0.01692295 0 -0.1425985 -0.01650482 0 -0.1422652 -0.01591026 0 -0.1420251 -0.01552897 0 -0.1418995 -0.0153411 0 -0.1416366 -0.01496815 0 -0.1413575 -0.01459503 0 -0.1412603 -0.01446765 0 -0.1410347 -0.01417201 0 -0.1408098 -0.01387852 0 -0.1405758 -0.01357543 0 -0.140546 -0.01353693 0.07720786 -0.1404995 -0.01358348 0.07720786 -0.1404529 -0.01363003 0.07720786 -0.1404063 -0.01367664 0.07720786 -0.1403596 -0.01372337 0.07720786 -0.1403128 -0.0137701 0.07720786 -0.140266 -0.01381695 0.07720786 -0.140219 -0.01386392 0.07720786 -0.1401718 -0.013911 0.07720786 -0.1401246 -0.01395827 0.07720786 -0.1400771 -0.01400572 0.07720786 -0.1400294 -0.0140534 0.07720786 -0.1399816 -0.01410126 0.07720786 -0.1400723 -0.01421916 0.07720786 -0.140163 -0.01433706 0.07720786 -0.1402539 -0.01445484 0.07720786 -0.1403449 -0.0145725 0.07720786 -0.1404359 -0.01469016 0.07720786 -0.140527 -0.01480776 0.07720786 -0.1406182 -0.01492524 0.07720786 -0.1407095 -0.01504272 0.07720786 -0.1408008 -0.01516014 0.07720786 -0.1408923 -0.0152775 0.07720786 -0.1409837 -0.0153948 0.07720786 -0.1410753 -0.0155121 0.07720786 -0.141126 -0.01557755 0.07720786 -0.1411768 -0.01564306 0.07720786 -0.1412276 -0.01570862 0.07720786 -0.1412785 -0.01577425 0.07720786 -0.1413294 -0.01583999 0.07720786 -0.1413805 -0.01590591 0.07720786 -0.1414317 -0.01597195 0.07720786 -0.1414831 -0.01603823 0.07720786 -0.1415346 -0.01610469 0.07720786 -0.1415863 -0.01617139 0.07720786 -0.1416382 -0.01623839 0.07720786 -0.1416904 -0.01630568 0.07720786 -0.1417357 -0.01635658 0.07720786 -0.141781 -0.01640754 0.07720786 -0.1418264 -0.01645857 0.07720786 -0.1418718 -0.01650959 0.07720786 -0.1419173 -0.01656073 0.07720786 -0.1419629 -0.01661199 0.07720786 -0.1420086 -0.01666337 0.07720786 -0.1420544 -0.01671487 0.07720786 -0.1421004 -0.0167666 0.07720786 -0.1421465 -0.01681846 0.07720786 -0.1421929 -0.01687055 0.07720786 -0.1422394 -0.01692295 0.07720786 -0.142286 -0.01692295 0.07720786 -0.1423326 -0.01692295 0.07720786 -0.1423792 -0.01692295 0.07720786 -0.1424259 -0.01692295 0.07720786 -0.1424727 -0.01692295 0.07720786 -0.1425195 -0.01692295 0.07720786 -0.1425665 -0.01692295 0.07720786 -0.1426137 -0.01692295 0.07720786 -0.1426609 -0.01692295 0.07720786 -0.1427084 -0.01692295 0.07720786 -0.142756 -0.01692295 0.07720786 -0.1428039 -0.01692295 0.07720786 -0.1427028 -0.01671135 0.07720786 -0.1425985 -0.01650482 0.07720786 -0.1424909 -0.01630288 0.07720786 -0.1423798 -0.01610487 0.07720786 -0.1422652 -0.01591026 0.07720786 -0.142147 -0.01571851 0.07720786 -0.1420251 -0.01552897 0.07720786 -0.1418995 -0.0153411 0.07720786 -0.14177 -0.01515436 0.07720786 -0.1416366 -0.01496815 0.07720786 -0.1414991 -0.01478189 0.07720786 -0.1413575 -0.01459503 0.07720786 -0.1413049 -0.01452618 0.07720786 -0.1412603 -0.01446765 0.07720786 -0.141222 -0.0144174 0.07720786 -0.1411883 -0.01437336 0.07720786 -0.1411578 -0.0143333 0.07720786 -0.1411288 -0.01429527 0.07720786 -0.1410997 -0.01425713 0.07720786 -0.1410689 -0.01421672 0.07720786 -0.1410347 -0.01417201 0.07720786 -0.1409958 -0.01412093 0.07720786 -0.1409502 -0.01406127 0.07720786 -0.1408966 -0.01399099 0.07720786 -0.1408677 -0.01395356 0.07720786 -0.1408388 -0.01391607 0.07720786 -0.1408098 -0.01387852 0.07720786 -0.1407808 -0.01384097 0.07720786 -0.1407518 -0.01380336 0.07720786 -0.1407227 -0.01376563 0.07720786 -0.1406935 -0.01372784 0.07720786 -0.1406642 -0.01368993 0.07720786 -0.1406348 -0.0136519 0.07720786 -0.1406054 -0.01361376 0.07720786 -0.1405758 -0.01357543 0.07720786 -0.1400771 -0.01400572 0.07720786 -0.1399816 -0.01410126 0.07720786 -0.140163 -0.01433706 0.07720786 -0.1402539 -0.01445484 0.07720786 -0.1403449 -0.0145725 0.07720786 -0.1404359 -0.01469016 0.07720786 -0.1406182 -0.01492524 0.07720786 -0.1407095 -0.01504272 0.07720786 -0.1408923 -0.0152775 0.07720786 -0.1410753 -0.0155121 0.07720786 -0.1411768 -0.01564306 0.07720786 -0.1412785 -0.01577425 0.07720786 -0.1413805 -0.01590591 0.07720786 -0.1414831 -0.01603823 0.07720786 -0.1416382 -0.01623839 0.07720786 -0.1418718 -0.01650959 0.07720786 -0.1420086 -0.01666337 0.07720786 -0.1421004 -0.0167666 0.07720786 -0.1423326 -0.01692295 0.07720786 -0.1424727 -0.01692295 0.07720786 -0.1425985 -0.01650482 0.07720786 -0.1422652 -0.01591026 0.07720786 -0.1420251 -0.01552897 0.07720786 -0.1418995 -0.0153411 0.07720786 -0.1416366 -0.01496815 0.07720786 -0.1413575 -0.01459503 0.07720786 -0.1412603 -0.01446765 0.07720786 -0.1410347 -0.01417201 0.07720786 -0.1408098 -0.01387852 0.07720786 -0.1405758 -0.01357543 0.07720786 -0.1400771 -0.01400572 0.07720786 -0.1399816 -0.01410126 0.07720786 -0.140163 -0.01433706 0.07720786 -0.1402539 -0.01445484 0.07720786 -0.1403449 -0.0145725 0.07720786 -0.1404359 -0.01469016 0.07720786 -0.1406182 -0.01492524 0.07720786 -0.1407095 -0.01504272 0.07720786 -0.1408923 -0.0152775 0.07720786 -0.1410753 -0.0155121 0.07720786 -0.1411768 -0.01564306 0.07720786 -0.1412785 -0.01577425 0.07720786 -0.1413805 -0.01590591 0.07720786 -0.1414831 -0.01603823 0.07720786 -0.1416382 -0.01623839 0.07720786 -0.1418718 -0.01650959 0.07720786 -0.1420086 -0.01666337 0.07720786 -0.1421004 -0.0167666 0.07720786 -0.1423326 -0.01692295 0.07720786 -0.1424727 -0.01692295 0.07720786 -0.1425985 -0.01650482 0.07720786 -0.1422652 -0.01591026 0.07720786 -0.1420251 -0.01552897 0.07720786 -0.1418995 -0.0153411 0.07720786 -0.1416366 -0.01496815 0.07720786 -0.1413575 -0.01459503 0.07720786 -0.1412603 -0.01446765 0.07720786 -0.1410347 -0.01417201 0.07720786 -0.1408098 -0.01387852 0.07720786 -0.1405758 -0.01357543 0.07720786</float_array>
          <technique_common>
            <accessor source="#Mesh_009-mesh-positions-array" count="312" stride="3">
              <param name="X" type="float"/>
              <param name="Y" type="float"/>
              <param name="Z" type="float"/>
            </accessor>
          </technique_common>
        </source>
        <source id="Mesh_009-mesh-normals">
          <float_array id="Mesh_009-mesh-normals-array" count="936">-0.7889482 0.6144598 0 0 0 1 0.7949945 -0.6066165 0 -0.7886403 0.6148548 0 0 0 1 0.7950906 -0.6064907 0 -0.7883395 0.6152405 0 0 0 1 0.7950119 -0.6065937 0 -0.7903626 0.6126392 0 0 0 1 0.7951053 -0.6064714 0 -0.7904021 0.6125884 0 0 0 1 0.7949668 -0.6066529 0 -0.7903898 0.6126043 0 0 0 1 0.7950325 -0.6065669 0 -0.7903257 0.6126869 0 0 0 1 0.7950073 -0.6065999 0 -0.7903879 0.6126067 0 0 0 1 0.7950361 -0.606562 0 -0.7903161 0.6126994 0 0 0 1 0.7949847 -0.6066295 0 -0.79037 0.6126298 0 0 0 1 0.7949892 -0.6066236 0 -0.7903682 0.612632 0 0 0 1 0.7951064 -0.60647 0 -0.7903196 0.6126949 0 0 0 1 0.7915856 -0.6110582 0 -0.7903102 0.6127071 0 0 0 1 0.7915583 -0.6110937 0 -0.7903392 0.6126695 0 0 0 1 0.7914963 -0.6111741 0 -0.7904148 0.612572 0 0 0 1 0.7915664 -0.6110832 0 -0.7471922 0.6646081 0 0 0 1 0.791609 -0.6110281 0 -0.7472164 0.6645808 0 0 0 1 0.7916169 -0.6110178 0 -0.7471683 0.6646348 0 0 0 1 0.7915976 -0.6110427 0 -0.7471446 0.6646615 0 0 0 1 0.7915586 -0.6110932 0 -0.747157 0.6646476 0 0 0 1 0.7914857 -0.6111877 0 -0.7471935 0.6646065 0 0 0 1 0.7915359 -0.6111226 0 -0.7471582 0.6646463 0 0 0 1 0.791559 -0.6110928 0 -0.7471589 0.6646455 0 0 0 1 0.7914 -0.6112988 0 -0.7471835 0.6646178 0 0 0 1 0 0 1 -0.7472435 0.6645503 0 0 0 1 0 0 1 -0.7472206 0.6645761 0 0 0 1 0 0 1 -0.7473388 0.6644431 0 0 0 1 0 0 1 0 1 0 0 0 1 0 0 1 0 1 0 0 0 1 0 0 1 0 1 0 0 0 1 0 0 1 0 1 0 0 0 1 -0.7070714 -0.7071422 0 0 0 1 0 1 0 0 0 1 -0.7069937 -0.7072198 0 0 0 1 0 1 0 -0.7070574 -0.7071563 0 0 0 1 0 1 0 -0.7070504 -0.7071632 0 0 0 1 0 1 0 -0.7070786 -0.7071349 0 0 0 1 0 1 0 -0.7070295 -0.7071841 0 0 0 1 0 1 0 -0.7070227 -0.7071909 0 0 0 1 0 1 0 -0.7070439 -0.7071697 0 0 0 1 0 1 0 -0.7069953 -0.7072182 0 0 0 1 0.9023672 -0.4309681 0 -0.7069819 -0.7072317 0 0 0 1 0.8925839 -0.4508813 0 -0.7070031 -0.7072104 0 0 0 1 0.8824412 -0.4704226 0 -0.7070586 -0.7071549 0 0 0 1 0.8721341 -0.4892668 0 -0.792773 0.6095171 0 0 0 1 0.861703 -0.507413 0 -0.7922868 0.6101488 0 0 0 1 0.8513334 -0.5246251 0 -0.7917588 0.6108338 0 0 0 1 0.8411058 -0.5408709 0 -0.791288 0.6114436 0 0 0 1 0.83121 -0.5559587 0 -0.7908285 0.6120378 0 0 0 1 0.821773 -0.569815 0 -0.7904241 0.61256 0 0 0 1 0.8128481 -0.5824758 0 -0.7899801 0.6131324 0 0 0 1 0.804598 -0.59382 0 -0.7895963 0.6136268 0 0 0 1 0.7970105 -0.6039654 0 -0.7892676 0.6140494 0 0 0 1 0.7950406 -0.6065562 0 -0.7889482 0.6144598 0 0 0 1 0.7949945 -0.6066165 0 -0.7886403 0.6148548 0 0 0 1 0.7950906 -0.6064907 0 -0.7883395 0.6152405 0 0 0 1 0.7950119 -0.6065937 0 -0.7903626 0.6126392 0 0 0 1 0.7951053 -0.6064714 0 -0.7904021 0.6125884 0 0 0 1 0.7949668 -0.6066529 0 -0.7903898 0.6126043 0 0 0 1 0.7950325 -0.6065669 0 -0.7903257 0.6126869 0 0 0 1 0.7950073 -0.6065999 0 -0.7903879 0.6126067 0 0 0 1 0.7950361 -0.606562 0 -0.7903161 0.6126994 0 0 0 1 0.7949847 -0.6066295 0 -0.79037 0.6126298 0 0 0 1 0.7949892 -0.6066236 0 -0.7903682 0.612632 0 0 0 1 0.7951064 -0.60647 0 -0.7903196 0.6126949 0 0 0 1 0.7915856 -0.6110582 0 -0.7903102 0.6127071 0 0 0 1 0.7915583 -0.6110937 0 -0.7903392 0.6126695 0 0 0 1 0.7914963 -0.6111741 0 -0.7904148 0.612572 0 0 0 1 0.7915664 -0.6110832 0 -0.7471922 0.6646081 0 0 0 1 0.791609 -0.6110281 0 -0.7472164 0.6645808 0 0 0 1 0.7916169 -0.6110178 0 -0.7471683 0.6646348 0 0 0 1 0.7915976 -0.6110427 0 -0.7471446 0.6646615 0 0 0 1 0.7915586 -0.6110932 0 -0.747157 0.6646476 0 0 0 1 0.7914857 -0.6111877 0 -0.7471935 0.6646065 0 0 0 1 0.7915359 -0.6111226 0 -0.7471582 0.6646463 0 0 0 1 0.791559 -0.6110928 0 -0.7471589 0.6646455 0 0 0 1 0.7914 -0.6112988 0 -0.7471835 0.6646178 0 0 0 1 0 0 1 -0.7472435 0.6645503 0 0 0 1 0 0 1 -0.7472206 0.6645761 0 0 0 1 0 0 1 -0.7473388 0.6644431 0 0 0 1 0 0 1 0 1 0 0 0 1 0 0 1 0 1 0 0 0 1 0 0 1 0 1 0 0 0 1 0 0 1 0 1 0 0 0 1 -0.7070714 -0.7071422 0 0 0 1 0 1 0 0 0 1 -0.7069937 -0.7072198 0 0 0 1 0 1 0 -0.7070574 -0.7071563 0 0 0 1 0 1 0 -0.7070504 -0.7071632 0 0 0 1 0 1 0 -0.7070786 -0.7071349 0 0 0 1 0 1 0 -0.7070295 -0.7071841 0 0 0 1 0 1 0 -0.7070227 -0.7071909 0 0 0 1 0 1 0 -0.7070439 -0.7071697 0 0 0 1 0 1 0 -0.7069953 -0.7072182 0 0 0 1 0.9023672 -0.4309681 0 -0.7069819 -0.7072317 0 0 0 1 0.8925839 -0.4508813 0 -0.7070031 -0.7072104 0 0 0 1 0.8824412 -0.4704226 0 -0.7070586 -0.7071549 0 0 0 1 0.8721341 -0.4892668 0 -0.792773 0.6095171 0 0 0 1 0.861703 -0.507413 0 -0.7922868 0.6101488 0 0 0 1 0.8513334 -0.5246251 0 -0.7917588 0.6108338 0 0 0 1 0.8411058 -0.5408709 0 -0.791288 0.6114436 0 0 0 1 0.83121 -0.5559587 0 -0.7908285 0.6120378 0 0 0 1 0.821773 -0.569815 0 -0.7904241 0.61256 0 0 0 1 0.8128481 -0.5824758 0 -0.7899801 0.6131324 0 0 0 1 0.804598 -0.59382 0 -0.7895963 0.6136268 0 0 0 1 0.7970105 -0.6039654 0 -0.7892676 0.6140494 0 0 0 1 0.7950406 -0.6065562 0</float_array>
          <technique_common>
            <accessor source="#Mesh_009-mesh-normals-array" count="312" stride="3">
              <param name="X" type="float"/>
              <param name="Y" type="float"/>
              <param name="Z" type="float"/>
            </accessor>
          </technique_common>
        </source>
        <vertices id="Mesh_009-mesh-vertices">
          <input semantic="POSITION" source="#Mesh_009-mesh-positions"/>
        </vertices>
        <triangles count="312">
          <input semantic="VERTEX" source="#Mesh_009-mesh-vertices" offset="0"/>
          <input semantic="NORMAL" source="#Mesh_009-mesh-normals" offset="1"/>
          <p>22 0 177 0 21 0 124 1 243 1 87 1 74 2 229 2 73 2 23 3 178 3 22 3 125 4 251 4 95 4 75 5 230 5 74 5 24 6 179 6 23 6 126 7 252 7 96 7 76 8 231 8 75 8 25 9 180 9 24 9 127 10 253 10 97 10 77 11 232 11 76 11 26 12 181 12 25 12 128 13 254 13 98 13 78 14 233 14 77 14 27 15 182 15 26 15 129 16 255 16 99 16 79 17 234 17 78 17 28 18 183 18 27 18 130 19 256 19 100 19 80 20 235 20 79 20 29 21 184 21 28 21 131 22 257 22 101 22 81 23 236 23 80 23 30 24 185 24 29 24 132 25 258 25 102 25 82 26 237 26 81 26 31 27 186 27 30 27 133 28 259 28 103 28 83 29 238 29 82 29 32 30 187 30 31 30 134 31 260 31 104 31 84 32 239 32 83 32 33 33 188 33 32 33 135 34 261 34 105 34 85 35 240 35 84 35 34 36 189 36 33 36 136 37 262 37 106 37 86 38 241 38 85 38 35 39 190 39 34 39 137 40 263 40 107 40 87 41 242 41 86 41 36 42 191 42 35 42 138 43 264 43 108 43 88 44 243 44 87 44 37 45 192 45 36 45 139 46 265 46 109 46 89 47 244 47 88 47 38 48 193 48 37 48 140 49 266 49 110 49 90 50 245 50 89 50 39 51 194 51 38 51 141 52 267 52 111 52 91 53 246 53 90 53 40 54 195 54 39 54 142 55 268 55 112 55 92 56 247 56 91 56 41 57 196 57 40 57 143 58 269 58 113 58 93 59 248 59 92 59 42 60 197 60 41 60 144 61 270 61 114 61 94 62 249 62 93 62 43 63 198 63 42 63 145 64 271 64 115 64 95 65 250 65 94 65 44 66 199 66 43 66 146 67 272 67 116 67 0 68 251 68 95 68 45 69 200 69 44 69 147 70 273 70 117 70 96 71 166 71 10 71 46 72 201 72 45 72 148 73 274 73 118 73 97 74 168 74 12 74 47 75 202 75 46 75 149 76 275 76 119 76 98 77 170 77 14 77 48 78 203 78 47 78 150 79 276 79 120 79 99 80 171 80 15 80 49 81 204 81 48 81 151 82 277 82 121 82 100 83 172 83 16 83 50 84 205 84 49 84 152 85 278 85 122 85 101 86 173 86 17 86 51 87 206 87 50 87 153 88 279 88 123 88 102 89 175 89 19 89 52 90 207 90 51 90 154 91 280 91 124 91 1 92 156 92 0 92 103 93 176 93 20 93 53 94 208 94 52 94 155 95 281 95 125 95 2 96 157 96 1 96 104 97 178 97 22 97 54 98 209 98 53 98 3 99 158 99 2 99 105 100 180 100 24 100 55 101 210 101 54 101 4 102 159 102 3 102 106 103 182 103 26 103 56 104 211 104 55 104 5 105 160 105 4 105 107 106 184 106 28 106 57 107 212 107 56 107 6 108 161 108 5 108 108 109 186 109 30 109 58 110 213 110 57 110 7 111 162 111 6 111 109 112 188 112 32 112 59 113 214 113 58 113 8 114 163 114 7 114 110 115 191 115 35 115 60 116 215 116 59 116 9 117 164 117 8 117 111 118 196 118 40 118 61 119 216 119 60 119 10 120 165 120 9 120 112 121 199 121 43 121 62 122 217 122 61 122 11 123 166 123 10 123 113 124 201 124 45 124 63 125 218 125 62 125 12 126 167 126 11 126 114 127 206 127 50 127 64 128 219 128 63 128 13 129 168 129 12 129 115 130 209 130 53 130 65 131 220 131 64 131 14 132 169 132 13 132 116 133 218 133 62 133 66 134 221 134 65 134 15 135 170 135 14 135 117 136 221 136 65 136 67 137 222 137 66 137 16 138 171 138 15 138 118 139 223 139 67 139 68 140 223 140 67 140 17 141 172 141 16 141 119 142 224 142 68 142 69 143 224 143 68 143 18 144 173 144 17 144 120 145 226 145 70 145 70 146 225 146 69 146 19 147 174 147 18 147 121 148 228 148 72 148 71 149 226 149 70 149 20 150 175 150 19 150 122 151 230 151 74 151 72 152 227 152 71 152 21 153 176 153 20 153 123 154 237 154 81 154 73 155 228 155 72 155 22 156 178 156 177 156 124 157 280 157 243 157 74 158 230 158 229 158 23 159 179 159 178 159 125 160 281 160 251 160 75 161 231 161 230 161 24 162 180 162 179 162 126 163 282 163 252 163 76 164 232 164 231 164 25 165 181 165 180 165 127 166 283 166 253 166 77 167 233 167 232 167 26 168 182 168 181 168 128 169 284 169 254 169 78 170 234 170 233 170 27 171 183 171 182 171 129 172 285 172 255 172 79 173 235 173 234 173 28 174 184 174 183 174 130 175 286 175 256 175 80 176 236 176 235 176 29 177 185 177 184 177 131 178 287 178 257 178 81 179 237 179 236 179 30 180 186 180 185 180 132 181 288 181 258 181 82 182 238 182 237 182 31 183 187 183 186 183 133 184 289 184 259 184 83 185 239 185 238 185 32 186 188 186 187 186 134 187 290 187 260 187 84 188 240 188 239 188 33 189 189 189 188 189 135 190 291 190 261 190 85 191 241 191 240 191 34 192 190 192 189 192 136 193 292 193 262 193 86 194 242 194 241 194 35 195 191 195 190 195 137 196 293 196 263 196 87 197 243 197 242 197 36 198 192 198 191 198 138 199 294 199 264 199 88 200 244 200 243 200 37 201 193 201 192 201 139 202 295 202 265 202 89 203 245 203 244 203 38 204 194 204 193 204 140 205 296 205 266 205 90 206 246 206 245 206 39 207 195 207 194 207 141 208 297 208 267 208 91 209 247 209 246 209 40 210 196 210 195 210 142 211 298 211 268 211 92 212 248 212 247 212 41 213 197 213 196 213 143 214 299 214 269 214 93 215 249 215 248 215 42 216 198 216 197 216 144 217 300 217 270 217 94 218 250 218 249 218 43 219 199 219 198 219 145 220 301 220 271 220 95 221 251 221 250 221 44 222 200 222 199 222 146 223 302 223 272 223 0 224 156 224 251 224 45 225 201 225 200 225 147 226 303 226 273 226 96 227 252 227 166 227 46 228 202 228 201 228 148 229 304 229 274 229 97 230 253 230 168 230 47 231 203 231 202 231 149 232 305 232 275 232 98 233 254 233 170 233 48 234 204 234 203 234 150 235 306 235 276 235 99 236 255 236 171 236 49 237 205 237 204 237 151 238 307 238 277 238 100 239 256 239 172 239 50 240 206 240 205 240 152 241 308 241 278 241 101 242 257 242 173 242 51 243 207 243 206 243 153 244 309 244 279 244 102 245 258 245 175 245 52 246 208 246 207 246 154 247 310 247 280 247 1 248 157 248 156 248 103 249 259 249 176 249 53 250 209 250 208 250 155 251 311 251 281 251 2 252 158 252 157 252 104 253 260 253 178 253 54 254 210 254 209 254 3 255 159 255 158 255 105 256 261 256 180 256 55 257 211 257 210 257 4 258 160 258 159 258 106 259 262 259 182 259 56 260 212 260 211 260 5 261 161 261 160 261 107 262 263 262 184 262 57 263 213 263 212 263 6 264 162 264 161 264 108 265 264 265 186 265 58 266 214 266 213 266 7 267 163 267 162 267 109 268 265 268 188 268 59 269 215 269 214 269 8 270 164 270 163 270 110 271 266 271 191 271 60 272 216 272 215 272 9 273 165 273 164 273 111 274 267 274 196 274 61 275 217 275 216 275 10 276 166 276 165 276 112 277 268 277 199 277 62 278 218 278 217 278 11 279 167 279 166 279 113 280 269 280 201 280 63 281 219 281 218 281 12 282 168 282 167 282 114 283 270 283 206 283 64 284 220 284 219 284 13 285 169 285 168 285 115 286 271 286 209 286 65 287 221 287 220 287 14 288 170 288 169 288 116 289 272 289 218 289 66 290 222 290 221 290 15 291 171 291 170 291 117 292 273 292 221 292 67 293 223 293 222 293 16 294 172 294 171 294 118 295 274 295 223 295 68 296 224 296 223 296 17 297 173 297 172 297 119 298 275 298 224 298 69 299 225 299 224 299 18 300 174 300 173 300 120 301 276 301 226 301 70 302 226 302 225 302 19 303 175 303 174 303 121 304 277 304 228 304 71 305 227 305 226 305 20 306 176 306 175 306 122 307 278 307 230 307 72 308 228 308 227 308 21 309 177 309 176 309 123 310 279 310 237 310 73 311 229 311 228 311</p>
        </triangles>
      </mesh>
    </geometry>
    <geometry id="Mesh_008-mesh" name="Mesh.008">
      <mesh>
        <source id="Mesh_008-mesh-positions">
          <float_array id="Mesh_008-mesh-positions-array" count="780">-0.01862359 0.001982331 0 -0.01838386 0.001872181 0 -0.01815462 0.001755714 0 -0.01793456 0.001632928 0 -0.01772236 0.001503944 0 -0.01751673 0.001368701 0 -0.01731646 0.001227378 0 -0.01712024 0.001079976 0 -0.0169267 9.26594e-4 0 -0.0167346 7.67234e-4 0 -0.01654267 6.01984e-4 0 -0.01634961 4.30903e-4 0 -0.01615405 2.5405e-4 0 -0.01607614 1.83424e-4 0 -0.01600992 1.23423e-4 0 -0.01595306 7.18967e-5 0 -0.01590317 2.66935e-5 0 -0.01585793 -1.43372e-5 0 -0.0158149 -5.33461e-5 0 -0.01577168 -9.24843e-5 0 -0.01572597 -1.33902e-4 0 -0.01567542 -1.79751e-4 0 -0.01561754 -2.32182e-4 0 -0.01555007 -2.93345e-4 0 -0.01547056 -3.65391e-4 0 -0.015428 -4.04495e-4 0 -0.01538538 -4.43616e-4 0 -0.01534277 -4.8277e-4 0 -0.01530009 -5.21973e-4 0 -0.01525735 -5.61243e-4 0 -0.0152145 -6.00595e-4 0 -0.01517158 -6.40046e-4 0 -0.01512849 -6.79612e-4 0 -0.01508527 -7.19309e-4 0 -0.01504188 -7.59154e-4 0 -0.01499837 -7.99163e-4 0 -0.01495462 -8.39353e-4 0 -0.01497787 -8.85914e-4 0 -0.01500117 -9.32495e-4 0 -0.01502448 -9.79115e-4 0 -0.01504784 -0.001025736 0 -0.01507121 -0.001072525 0 -0.01509463 -0.001119375 0 -0.01511812 -0.001166343 0 -0.01514172 -0.001213431 0 -0.01516532 -0.001260697 0 -0.01518905 -0.001308143 0 -0.01521289 -0.001355826 0 -0.01523685 -0.001403689 0 -0.01537811 -0.001276016 0 -0.01551938 -0.001148283 0 -0.01566064 -0.00102055 0 -0.01580184 -8.92835e-4 0 -0.01594299 -7.65024e-4 0 -0.01608407 -6.37177e-4 0 -0.01622521 -5.09295e-4 0 -0.01636624 -3.81378e-4 0 -0.01650726 -2.53428e-4 0 -0.01664829 -1.25446e-4 0 -0.01678925 2.56642e-6 0 -0.01693022 1.30609e-4 0 -0.01697057 1.6703e-4 0 -0.01701098 2.03466e-4 0 -0.01705145 2.39933e-4 0 -0.01709192 2.76446e-4 0 -0.01713246 3.1302e-4 0 -0.01717311 3.49671e-4 0 -0.01721388 3.86413e-4 0 -0.01725471 4.23263e-4 0 -0.01729571 4.60235e-4 0 -0.01733684 4.97346e-4 0 -0.01737821 5.34609e-4 0 -0.01741969 5.72041e-4 0 -0.0175212 6.64771e-4 0 -0.01762241 7.57813e-4 0 -0.01772338 8.51143e-4 0 -0.01782411 9.44738e-4 0 -0.0179246 0.001038551 0 -0.01802486 0.001132607 0 -0.01812499 0.001226842 0 -0.01822495 0.001321256 0 -0.01832473 0.001415789 0 -0.01842445 0.0015105 0 -0.01852405 0.001605272 0 -0.01862359 0.001700162 0 -0.01862359 0.001723408 0 -0.01862359 0.001746714 0 -0.01862359 0.001770019 0 -0.01862359 0.001793384 0 -0.01862359 0.001816749 0 -0.01862359 0.001840174 0 -0.01862359 0.001863658 0 -0.01862359 0.001887202 0 -0.01862359 0.001910865 0 -0.01862359 0.001934528 0 -0.01862359 0.00195837 0 -0.01815462 0.001755714 0 -0.01731646 0.001227378 0 -0.01607614 1.83424e-4 0 -0.01555007 -2.93345e-4 0 -0.01499837 -7.99163e-4 0 -0.01511812 -0.001166343 0 -0.01523685 -0.001403689 0 -0.01537811 -0.001276016 0 -0.01566064 -0.00102055 0 -0.01608407 -6.37177e-4 0 -0.01636624 -3.81378e-4 0 -0.01664829 -1.25446e-4 0 -0.01693022 1.30609e-4 0 -0.01713246 3.1302e-4 0 -0.01737821 5.34609e-4 0 -0.01772338 8.51143e-4 0 -0.01862359 0.001816749 0 -0.01815462 0.001755714 0 -0.01731646 0.001227378 0 -0.01607614 1.83424e-4 0 -0.01555007 -2.93345e-4 0 -0.01499837 -7.99163e-4 0 -0.01511812 -0.001166343 0 -0.01523685 -0.001403689 0 -0.01537811 -0.001276016 0 -0.01566064 -0.00102055 0 -0.01608407 -6.37177e-4 0 -0.01636624 -3.81378e-4 0 -0.01664829 -1.25446e-4 0 -0.01693022 1.30609e-4 0 -0.01713246 3.1302e-4 0 -0.01737821 5.34609e-4 0 -0.01772338 8.51143e-4 0 -0.01862359 0.001816749 0 -0.01862359 0.001982331 0.07720786 -0.01838386 0.001872181 0.07720786 -0.01815462 0.001755714 0.07720786 -0.01793456 0.001632928 0.07720786 -0.01772236 0.001503944 0.07720786 -0.01751673 0.001368701 0.07720786 -0.01731646 0.001227378 0.07720786 -0.01712024 0.001079976 0.07720786 -0.0169267 9.26594e-4 0.07720786 -0.0167346 7.67234e-4 0.07720786 -0.01654267 6.01984e-4 0.07720786 -0.01634961 4.30903e-4 0.07720786 -0.01615405 2.5405e-4 0.07720786 -0.01607614 1.83424e-4 0.07720786 -0.01600992 1.23423e-4 0.07720786 -0.01595306 7.18967e-5 0.07720786 -0.01590317 2.66935e-5 0.07720786 -0.01585793 -1.43372e-5 0.07720786 -0.0158149 -5.33461e-5 0.07720786 -0.01577168 -9.24843e-5 0.07720786 -0.01572597 -1.33902e-4 0.07720786 -0.01567542 -1.79751e-4 0.07720786 -0.01561754 -2.32182e-4 0.07720786 -0.01555007 -2.93345e-4 0.07720786 -0.01547056 -3.65391e-4 0.07720786 -0.015428 -4.04495e-4 0.07720786 -0.01538538 -4.43616e-4 0.07720786 -0.01534277 -4.8277e-4 0.07720786 -0.01530009 -5.21973e-4 0.07720786 -0.01525735 -5.61243e-4 0.07720786 -0.0152145 -6.00595e-4 0.07720786 -0.01517158 -6.40046e-4 0.07720786 -0.01512849 -6.79612e-4 0.07720786 -0.01508527 -7.19309e-4 0.07720786 -0.01504188 -7.59154e-4 0.07720786 -0.01499837 -7.99163e-4 0.07720786 -0.01495462 -8.39353e-4 0.07720786 -0.01497787 -8.85914e-4 0.07720786 -0.01500117 -9.32495e-4 0.07720786 -0.01502448 -9.79115e-4 0.07720786 -0.01504784 -0.001025736 0.07720786 -0.01507121 -0.001072525 0.07720786 -0.01509463 -0.001119375 0.07720786 -0.01511812 -0.001166343 0.07720786 -0.01514172 -0.001213431 0.07720786 -0.01516532 -0.001260697 0.07720786 -0.01518905 -0.001308143 0.07720786 -0.01521289 -0.001355826 0.07720786 -0.01523685 -0.001403689 0.07720786 -0.01537811 -0.001276016 0.07720786 -0.01551938 -0.001148283 0.07720786 -0.01566064 -0.00102055 0.07720786 -0.01580184 -8.92835e-4 0.07720786 -0.01594299 -7.65024e-4 0.07720786 -0.01608407 -6.37177e-4 0.07720786 -0.01622521 -5.09295e-4 0.07720786 -0.01636624 -3.81378e-4 0.07720786 -0.01650726 -2.53428e-4 0.07720786 -0.01664829 -1.25446e-4 0.07720786 -0.01678925 2.56642e-6 0.07720786 -0.01693022 1.30609e-4 0.07720786 -0.01697057 1.6703e-4 0.07720786 -0.01701098 2.03466e-4 0.07720786 -0.01705145 2.39933e-4 0.07720786 -0.01709192 2.76446e-4 0.07720786 -0.01713246 3.1302e-4 0.07720786 -0.01717311 3.49671e-4 0.07720786 -0.01721388 3.86413e-4 0.07720786 -0.01725471 4.23263e-4 0.07720786 -0.01729571 4.60235e-4 0.07720786 -0.01733684 4.97346e-4 0.07720786 -0.01737821 5.34609e-4 0.07720786 -0.01741969 5.72041e-4 0.07720786 -0.0175212 6.64771e-4 0.07720786 -0.01762241 7.57813e-4 0.07720786 -0.01772338 8.51143e-4 0.07720786 -0.01782411 9.44738e-4 0.07720786 -0.0179246 0.001038551 0.07720786 -0.01802486 0.001132607 0.07720786 -0.01812499 0.001226842 0.07720786 -0.01822495 0.001321256 0.07720786 -0.01832473 0.001415789 0.07720786 -0.01842445 0.0015105 0.07720786 -0.01852405 0.001605272 0.07720786 -0.01862359 0.001700162 0.07720786 -0.01862359 0.001723408 0.07720786 -0.01862359 0.001746714 0.07720786 -0.01862359 0.001770019 0.07720786 -0.01862359 0.001793384 0.07720786 -0.01862359 0.001816749 0.07720786 -0.01862359 0.001840174 0.07720786 -0.01862359 0.001863658 0.07720786 -0.01862359 0.001887202 0.07720786 -0.01862359 0.001910865 0.07720786 -0.01862359 0.001934528 0.07720786 -0.01862359 0.00195837 0.07720786 -0.01815462 0.001755714 0.07720786 -0.01731646 0.001227378 0.07720786 -0.01607614 1.83424e-4 0.07720786 -0.01555007 -2.93345e-4 0.07720786 -0.01499837 -7.99163e-4 0.07720786 -0.01511812 -0.001166343 0.07720786 -0.01523685 -0.001403689 0.07720786 -0.01537811 -0.001276016 0.07720786 -0.01566064 -0.00102055 0.07720786 -0.01608407 -6.37177e-4 0.07720786 -0.01636624 -3.81378e-4 0.07720786 -0.01664829 -1.25446e-4 0.07720786 -0.01693022 1.30609e-4 0.07720786 -0.01713246 3.1302e-4 0.07720786 -0.01737821 5.34609e-4 0.07720786 -0.01772338 8.51143e-4 0.07720786 -0.01862359 0.001816749 0.07720786 -0.01815462 0.001755714 0.07720786 -0.01731646 0.001227378 0.07720786 -0.01607614 1.83424e-4 0.07720786 -0.01555007 -2.93345e-4 0.07720786 -0.01499837 -7.99163e-4 0.07720786 -0.01511812 -0.001166343 0.07720786 -0.01523685 -0.001403689 0.07720786 -0.01537811 -0.001276016 0.07720786 -0.01566064 -0.00102055 0.07720786 -0.01608407 -6.37177e-4 0.07720786 -0.01636624 -3.81378e-4 0.07720786 -0.01664829 -1.25446e-4 0.07720786 -0.01693022 1.30609e-4 0.07720786 -0.01713246 3.1302e-4 0.07720786 -0.01737821 5.34609e-4 0.07720786 -0.01772338 8.51143e-4 0.07720786 -0.01862359 0.001816749 0.07720786</float_array>
          <technique_common>
            <accessor source="#Mesh_008-mesh-positions-array" count="260" stride="3">
              <param name="X" type="float"/>
              <param name="Y" type="float"/>
              <param name="Z" type="float"/>
            </accessor>
          </technique_common>
        </source>
        <source id="Mesh_008-mesh-normals">
          <float_array id="Mesh_008-mesh-normals-array" count="780">-0.6715239 -0.740983 0 0 0 1 0.6744608 0.7383108 0 -0.6715297 -0.7409777 0 0 0 1 0.6767271 0.736234 0 -0.6715303 -0.7409771 0 0 0 1 0.6788262 0.734299 0 -0.6715364 -0.7409715 0 0 0 1 0.6807391 0.732526 0 -0.6764969 -0.7364455 0 0 0 1 0.6824874 0.7308974 0 -0.6765036 -0.7364394 0 0 0 1 0.6840583 0.7294273 0 -0.6765032 -0.7364397 0 0 0 1 0.6854596 0.7281106 0 -0.6765037 -0.7364391 0 0.6866865 0.7269538 0 -0.6765052 -0.7364378 0 0.6877518 0.7259459 0 -0.6764994 -0.7364431 0 0.6886374 0.7251059 0 -0.6765026 -0.7364403 0 0.6893632 0.7244158 0 -0.6765066 -0.7364366 0 0.6899154 0.7238901 0 -0.6765032 -0.7364398 0 1 0 0 -0.6765012 -0.7364416 0 1 0 0 -0.676508 -0.7364354 0 1 0 0 -0.6765073 -0.736436 0 1 0 0 -0.8943957 0.4472767 0 1 0 0 -0.8943975 0.447273 0 1 0 0 -0.8943964 0.4472752 0 1 0 0 -0.8943924 0.4472832 0 1 0 0 -0.8943925 0.4472831 0 1 0 0 -0.8943894 0.4472892 0 1 0 0 -0.8943908 0.4472863 0 1 0 0 -0.8943892 0.4472897 0 1 0 0 -0.8943845 0.4472991 0 0 0 1 -0.8943842 0.4472996 0 0 0 1 -0.8943879 0.4472923 0 0 0 1 -0.8943732 0.4473215 0 0 0 1 0.67035 0.7420451 0 0 0 1 0.6705734 0.7418432 0 0 0 1 0.6707909 0.7416465 0 0 0 1 0.6709978 0.7414593 0 -0.4174021 -0.9087219 0 0 0 1 0.671199 0.7412773 0 -0.4529526 -0.8915346 0 0 0 1 0.671392 0.7411024 0 -0.487201 -0.8732899 0 0 0 1 0.6715817 0.7409306 0 -0.5195529 -0.8544383 0 0 0 1 0.6717582 0.7407705 0 -0.5494829 -0.835505 0 0 0 1 0.6719315 0.7406133 0 -0.5765774 -0.8170425 0 0 0 1 0.6720967 0.7404634 0 -0.6005411 -0.7995939 0 0 0 1 0.6722536 0.7403209 0 -0.6212013 -0.783651 0 0 0 1 0.6723922 0.740195 0 -0.6384938 -0.7696269 0 0 0 1 0.6697133 0.7426198 0 -0.6524551 -0.7578275 0 0 0 1 0.6697152 0.7426181 0 -0.6631852 -0.7484552 0 0 0 1 0.6697192 0.7426144 0 -0.6708427 -0.7415997 0 0 0 1 0.6697252 0.742609 0 -0.6715142 -0.7409918 0 0 0 1 0.6697161 0.7426171 0 -0.6715093 -0.7409963 0 0 0 1 0.6697091 0.7426235 0 -0.6715173 -0.7409889 0 0 0 1 0.6697212 0.7426126 0 -0.6715167 -0.7409895 0 0 0 1 0.669718 0.7426155 0 -0.6715187 -0.7409875 0 0 0 1 0.6697002 0.7426315 0 -0.6715239 -0.7409828 0 0 0 1 0.6697012 0.7426307 0 -0.671516 -0.74099 0 0 0 1 0.6697041 0.7426281 0 -0.6715266 -0.7409805 0 0 0 1 0.6697083 0.7426243 0 -0.6715239 -0.740983 0 0 0 1 0.6744608 0.7383108 0 -0.6715297 -0.7409777 0 0 0 1 0.6767271 0.736234 0 -0.6715303 -0.7409771 0 0 0 1 0.6788262 0.734299 0 -0.6715364 -0.7409715 0 0 0 1 0.6807391 0.732526 0 -0.6764969 -0.7364455 0 0 0 1 0.6824874 0.7308974 0 -0.6765036 -0.7364394 0 0 0 1 0.6840583 0.7294273 0 -0.6765032 -0.7364397 0 0 0 1 0.6854596 0.7281106 0 -0.6765037 -0.7364391 0 0.6866865 0.7269538 0 -0.6765052 -0.7364378 0 0.6877518 0.7259459 0 -0.6764994 -0.7364431 0 0.6886374 0.7251059 0 -0.6765026 -0.7364403 0 0.6893632 0.7244158 0 -0.6765066 -0.7364366 0 0.6899154 0.7238901 0 -0.6765032 -0.7364398 0 1 0 0 -0.6765012 -0.7364416 0 1 0 0 -0.676508 -0.7364354 0 1 0 0 -0.6765073 -0.736436 0 1 0 0 -0.8943957 0.4472767 0 1 0 0 -0.8943975 0.447273 0 1 0 0 -0.8943964 0.4472752 0 1 0 0 -0.8943924 0.4472832 0 1 0 0 -0.8943925 0.4472831 0 1 0 0 -0.8943894 0.4472892 0 1 0 0 -0.8943908 0.4472863 0 1 0 0 -0.8943892 0.4472897 0 1 0 0 -0.8943845 0.4472991 0 0 0 1 -0.8943842 0.4472996 0 0 0 1 -0.8943879 0.4472923 0 0 0 1 -0.8943732 0.4473215 0 0 0 1 0.67035 0.7420451 0 0 0 1 0.6705734 0.7418432 0 0 0 1 0.6707909 0.7416465 0 0 0 1 0.6709978 0.7414593 0 -0.4174021 -0.9087219 0 0 0 1 0.671199 0.7412773 0 -0.4529526 -0.8915346 0 0 0 1 0.671392 0.7411024 0 -0.487201 -0.8732899 0 0 0 1 0.6715817 0.7409306 0 -0.5195529 -0.8544383 0 0 0 1 0.6717582 0.7407705 0 -0.5494829 -0.835505 0 0 0 1 0.6719315 0.7406133 0 -0.5765774 -0.8170425 0 0 0 1 0.6720967 0.7404634 0 -0.6005411 -0.7995939 0 0 0 1 0.6722536 0.7403209 0 -0.6212013 -0.783651 0 0 0 1 0.6723922 0.740195 0 -0.6384938 -0.7696269 0 0 0 1 0.6697133 0.7426198 0 -0.6524551 -0.7578275 0 0 0 1 0.6697152 0.7426181 0 -0.6631852 -0.7484552 0 0 0 1 0.6697192 0.7426144 0 -0.6708427 -0.7415997 0 0 0 1 0.6697252 0.742609 0 -0.6715142 -0.7409918 0 0 0 1 0.6697161 0.7426171 0 -0.6715093 -0.7409963 0 0 0 1 0.6697091 0.7426235 0 -0.6715173 -0.7409889 0 0 0 1 0.6697212 0.7426126 0 -0.6715167 -0.7409895 0 0 0 1 0.669718 0.7426155 0 -0.6715187 -0.7409875 0 0 0 1 0.6697002 0.7426315 0 -0.6715239 -0.7409828 0 0 0 1 0.6697012 0.7426307 0 -0.671516 -0.74099 0 0 0 1 0.6697041 0.7426281 0 -0.6715266 -0.7409805 0 0 0 1 0.6697083 0.7426243 0</float_array>
          <technique_common>
            <accessor source="#Mesh_008-mesh-normals-array" count="260" stride="3">
              <param name="X" type="float"/>
              <param name="Y" type="float"/>
              <param name="Z" type="float"/>
            </accessor>
          </technique_common>
        </source>
        <vertices id="Mesh_008-mesh-vertices">
          <input semantic="POSITION" source="#Mesh_008-mesh-positions"/>
        </vertices>
        <triangles count="260">
          <input semantic="VERTEX" source="#Mesh_008-mesh-vertices" offset="0"/>
          <input semantic="NORMAL" source="#Mesh_008-mesh-normals" offset="1"/>
          <p>21 0 150 0 20 0 123 1 236 1 106 1 73 2 202 2 72 2 22 3 151 3 21 3 124 4 237 4 107 4 74 5 203 5 73 5 23 6 152 6 22 6 125 7 238 7 108 7 75 8 204 8 74 8 24 9 153 9 23 9 126 10 239 10 109 10 76 11 205 11 75 11 25 12 154 12 24 12 127 13 240 13 110 13 77 14 206 14 76 14 26 15 155 15 25 15 128 16 241 16 111 16 78 17 207 17 77 17 27 18 156 18 26 18 129 19 242 19 112 19 79 20 208 20 78 20 28 21 157 21 27 21 80 22 209 22 79 22 29 23 158 23 28 23 81 24 210 24 80 24 30 25 159 25 29 25 82 26 211 26 81 26 31 27 160 27 30 27 83 28 212 28 82 28 32 29 161 29 31 29 84 30 213 30 83 30 33 31 162 31 32 31 85 32 214 32 84 32 34 33 163 33 33 33 86 34 215 34 85 34 35 35 164 35 34 35 87 36 216 36 86 36 36 37 165 37 35 37 88 38 217 38 87 38 37 39 166 39 36 39 89 40 218 40 88 40 38 41 167 41 37 41 90 42 219 42 89 42 39 43 168 43 38 43 91 44 220 44 90 44 40 45 169 45 39 45 92 46 221 46 91 46 41 47 170 47 40 47 93 48 222 48 92 48 42 49 171 49 41 49 94 50 223 50 93 50 43 51 172 51 42 51 95 52 224 52 94 52 44 53 173 53 43 53 0 54 225 54 95 54 45 55 174 55 44 55 96 56 132 56 2 56 46 57 175 57 45 57 97 58 136 58 6 58 47 59 176 59 46 59 98 60 143 60 13 60 48 61 177 61 47 61 99 62 153 62 23 62 49 63 178 63 48 63 100 64 165 64 35 64 50 65 179 65 49 65 101 66 173 66 43 66 51 67 180 67 50 67 102 68 178 68 48 68 52 69 181 69 51 69 1 70 130 70 0 70 103 71 179 71 49 71 53 72 182 72 52 72 2 73 131 73 1 73 104 74 181 74 51 74 54 75 183 75 53 75 3 76 132 76 2 76 105 77 184 77 54 77 55 78 184 78 54 78 4 79 133 79 3 79 106 80 186 80 56 80 56 81 185 81 55 81 5 82 134 82 4 82 107 83 188 83 58 83 57 84 186 84 56 84 6 85 135 85 5 85 108 86 190 86 60 86 58 87 187 87 57 87 7 88 136 88 6 88 109 89 195 89 65 89 59 90 188 90 58 90 8 91 137 91 7 91 110 92 201 92 71 92 60 93 189 93 59 93 9 94 138 94 8 94 111 95 205 95 75 95 61 96 190 96 60 96 10 97 139 97 9 97 112 98 219 98 89 98 62 99 191 99 61 99 11 100 140 100 10 100 113 101 226 101 96 101 63 102 192 102 62 102 12 103 141 103 11 103 114 104 227 104 97 104 64 105 193 105 63 105 13 106 142 106 12 106 115 107 228 107 98 107 65 108 194 108 64 108 14 109 143 109 13 109 116 110 229 110 99 110 66 111 195 111 65 111 15 112 144 112 14 112 117 113 230 113 100 113 67 114 196 114 66 114 16 115 145 115 15 115 118 116 231 116 101 116 68 117 197 117 67 117 17 118 146 118 16 118 119 119 232 119 102 119 69 120 198 120 68 120 18 121 147 121 17 121 120 122 233 122 103 122 70 123 199 123 69 123 19 124 148 124 18 124 121 125 234 125 104 125 71 126 200 126 70 126 20 127 149 127 19 127 122 128 235 128 105 128 72 129 201 129 71 129 21 130 151 130 150 130 123 131 253 131 236 131 73 132 203 132 202 132 22 133 152 133 151 133 124 134 254 134 237 134 74 135 204 135 203 135 23 136 153 136 152 136 125 137 255 137 238 137 75 138 205 138 204 138 24 139 154 139 153 139 126 140 256 140 239 140 76 141 206 141 205 141 25 142 155 142 154 142 127 143 257 143 240 143 77 144 207 144 206 144 26 145 156 145 155 145 128 146 258 146 241 146 78 147 208 147 207 147 27 148 157 148 156 148 129 149 259 149 242 149 79 150 209 150 208 150 28 151 158 151 157 151 80 152 210 152 209 152 29 153 159 153 158 153 81 154 211 154 210 154 30 155 160 155 159 155 82 156 212 156 211 156 31 157 161 157 160 157 83 158 213 158 212 158 32 159 162 159 161 159 84 160 214 160 213 160 33 161 163 161 162 161 85 162 215 162 214 162 34 163 164 163 163 163 86 164 216 164 215 164 35 165 165 165 164 165 87 166 217 166 216 166 36 167 166 167 165 167 88 168 218 168 217 168 37 169 167 169 166 169 89 170 219 170 218 170 38 171 168 171 167 171 90 172 220 172 219 172 39 173 169 173 168 173 91 174 221 174 220 174 40 175 170 175 169 175 92 176 222 176 221 176 41 177 171 177 170 177 93 178 223 178 222 178 42 179 172 179 171 179 94 180 224 180 223 180 43 181 173 181 172 181 95 182 225 182 224 182 44 183 174 183 173 183 0 184 130 184 225 184 45 185 175 185 174 185 96 186 226 186 132 186 46 187 176 187 175 187 97 188 227 188 136 188 47 189 177 189 176 189 98 190 228 190 143 190 48 191 178 191 177 191 99 192 229 192 153 192 49 193 179 193 178 193 100 194 230 194 165 194 50 195 180 195 179 195 101 196 231 196 173 196 51 197 181 197 180 197 102 198 232 198 178 198 52 199 182 199 181 199 1 200 131 200 130 200 103 201 233 201 179 201 53 202 183 202 182 202 2 203 132 203 131 203 104 204 234 204 181 204 54 205 184 205 183 205 3 206 133 206 132 206 105 207 235 207 184 207 55 208 185 208 184 208 4 209 134 209 133 209 106 210 236 210 186 210 56 211 186 211 185 211 5 212 135 212 134 212 107 213 237 213 188 213 57 214 187 214 186 214 6 215 136 215 135 215 108 216 238 216 190 216 58 217 188 217 187 217 7 218 137 218 136 218 109 219 239 219 195 219 59 220 189 220 188 220 8 221 138 221 137 221 110 222 240 222 201 222 60 223 190 223 189 223 9 224 139 224 138 224 111 225 241 225 205 225 61 226 191 226 190 226 10 227 140 227 139 227 112 228 242 228 219 228 62 229 192 229 191 229 11 230 141 230 140 230 113 231 243 231 226 231 63 232 193 232 192 232 12 233 142 233 141 233 114 234 244 234 227 234 64 235 194 235 193 235 13 236 143 236 142 236 115 237 245 237 228 237 65 238 195 238 194 238 14 239 144 239 143 239 116 240 246 240 229 240 66 241 196 241 195 241 15 242 145 242 144 242 117 243 247 243 230 243 67 244 197 244 196 244 16 245 146 245 145 245 118 246 248 246 231 246 68 247 198 247 197 247 17 248 147 248 146 248 119 249 249 249 232 249 69 250 199 250 198 250 18 251 148 251 147 251 120 252 250 252 233 252 70 253 200 253 199 253 19 254 149 254 148 254 121 255 251 255 234 255 71 256 201 256 200 256 20 257 150 257 149 257 122 258 252 258 235 258 72 259 202 259 201 259</p>
        </triangles>
      </mesh>
    </geometry>
    <geometry id="Mesh_007-mesh" name="Mesh.007">
      <mesh>
        <source id="Mesh_007-mesh-positions">
          <float_array id="Mesh_007-mesh-positions-array" count="696">0.1258771 0.02737748 0 0.1258768 0.02718263 0 0.1258747 0.02701795 0 0.125869 0.02687823 0 0.125858 0.02675849 0 0.1258398 0.02665352 0 0.1258127 0.02655822 0 0.1257747 0.0264675 0 0.1257243 0.02637612 0 0.1256595 0.02627915 0 0.1255785 0.02617132 0 0.1254797 0.02604752 0 0.1253612 0.02590268 0 0.1252833 0.02582556 0 0.125217 0.02575999 0 0.1251602 0.02570366 0 0.1251103 0.02565431 0 0.125065 0.02560949 0 0.125022 0.02556687 0 0.1249788 0.02552407 0 0.1249331 0.02547883 0 0.1248825 0.02542877 0 0.1248247 0.02537149 0 0.1247571 0.02530461 0 0.1246776 0.02522593 0 0.1246219 0.02516973 0 0.1245663 0.02511352 0 0.1245105 0.02505725 0 0.1244547 0.02500087 0 0.1243988 0.02494448 0 0.1243428 0.02488791 0 0.1242867 0.02483117 0 0.1242303 0.02477431 0 0.1241738 0.02471727 0 0.1241171 0.02466005 0 0.1240602 0.02460253 0 0.1240029 0.02454477 0 0.1238491 0.02441906 0 0.1237047 0.02430641 0 0.1235671 0.02420586 0 0.1234338 0.02411657 0 0.1233021 0.02403777 0 0.1231694 0.02396863 0 0.1230331 0.02390831 0 0.1228908 0.02385592 0 0.1227397 0.02381062 0 0.1225773 0.0237717 0 0.1224009 0.02373814 0 0.1222081 0.02370929 0 0.1224542 0.02403497 0 0.1227084 0.02434825 0 0.1229705 0.02465039 0 0.1232398 0.02494287 0 0.1235157 0.02522701 0 0.123798 0.02550405 0 0.124086 0.02577549 0 0.1243792 0.02604264 0 0.1246773 0.0263068 0 0.1249795 0.02656942 0 0.1252856 0.0268318 0 0.1255949 0.02709531 0 0.1256182 0.02711856 0 0.1256415 0.02714186 0 0.1256648 0.02716517 0 0.1256881 0.02718853 0 0.1257115 0.0272119 0 0.1257349 0.02723532 0 0.1257584 0.02725881 0 0.125782 0.02728235 0 0.1258056 0.02730602 0 0.1258293 0.02732974 0 0.1258532 0.02735352 0 0.125858 0.02675849 0 0.1256595 0.02627915 0 0.1253612 0.02590268 0 0.125022 0.02556687 0 0.1249331 0.02547883 0 0.1245105 0.02505725 0 0.1244547 0.02500087 0 0.1241171 0.02466005 0 0.1240029 0.02454477 0 0.1237047 0.02430641 0 0.1234338 0.02411657 0 0.1230331 0.02390831 0 0.1225773 0.0237717 0 0.1222081 0.02370929 0 0.1224542 0.02403497 0 0.1229705 0.02465039 0 0.1232398 0.02494287 0 0.124086 0.02577549 0 0.1243792 0.02604264 0 0.1252856 0.0268318 0 0.1257115 0.0272119 0 0.125858 0.02675849 0 0.1256595 0.02627915 0 0.1253612 0.02590268 0 0.125022 0.02556687 0 0.1249331 0.02547883 0 0.1245105 0.02505725 0 0.1244547 0.02500087 0 0.1241171 0.02466005 0 0.1240029 0.02454477 0 0.1237047 0.02430641 0 0.1234338 0.02411657 0 0.1230331 0.02390831 0 0.1225773 0.0237717 0 0.1222081 0.02370929 0 0.1224542 0.02403497 0 0.1229705 0.02465039 0 0.1232398 0.02494287 0 0.124086 0.02577549 0 0.1243792 0.02604264 0 0.1252856 0.0268318 0 0.1257115 0.0272119 0 0.1246773 0.0263068 0 0.1249795 0.02656942 0 0.1258771 0.02737748 0.07720786 0.1258768 0.02718263 0.07720786 0.1258747 0.02701795 0.07720786 0.125869 0.02687823 0.07720786 0.125858 0.02675849 0.07720786 0.1258398 0.02665352 0.07720786 0.1258127 0.02655822 0.07720786 0.1257747 0.0264675 0.07720786 0.1257243 0.02637612 0.07720786 0.1256595 0.02627915 0.07720786 0.1255785 0.02617132 0.07720786 0.1254797 0.02604752 0.07720786 0.1253612 0.02590268 0.07720786 0.1252833 0.02582556 0.07720786 0.125217 0.02575999 0.07720786 0.1251602 0.02570366 0.07720786 0.1251103 0.02565431 0.07720786 0.125065 0.02560949 0.07720786 0.125022 0.02556687 0.07720786 0.1249788 0.02552407 0.07720786 0.1249331 0.02547883 0.07720786 0.1248825 0.02542877 0.07720786 0.1248247 0.02537149 0.07720786 0.1247571 0.02530461 0.07720786 0.1246776 0.02522593 0.07720786 0.1246219 0.02516973 0.07720786 0.1245663 0.02511352 0.07720786 0.1245105 0.02505725 0.07720786 0.1244547 0.02500087 0.07720786 0.1243988 0.02494448 0.07720786 0.1243428 0.02488791 0.07720786 0.1242867 0.02483117 0.07720786 0.1242303 0.02477431 0.07720786 0.1241738 0.02471727 0.07720786 0.1241171 0.02466005 0.07720786 0.1240602 0.02460253 0.07720786 0.1240029 0.02454477 0.07720786 0.1238491 0.02441906 0.07720786 0.1237047 0.02430641 0.07720786 0.1235671 0.02420586 0.07720786 0.1234338 0.02411657 0.07720786 0.1233021 0.02403777 0.07720786 0.1231694 0.02396863 0.07720786 0.1230331 0.02390831 0.07720786 0.1228908 0.02385592 0.07720786 0.1227397 0.02381062 0.07720786 0.1225773 0.0237717 0.07720786 0.1224009 0.02373814 0.07720786 0.1222081 0.02370929 0.07720786 0.1224542 0.02403497 0.07720786 0.1227084 0.02434825 0.07720786 0.1229705 0.02465039 0.07720786 0.1232398 0.02494287 0.07720786 0.1235157 0.02522701 0.07720786 0.123798 0.02550405 0.07720786 0.124086 0.02577549 0.07720786 0.1243792 0.02604264 0.07720786 0.1246773 0.0263068 0.07720786 0.1249795 0.02656942 0.07720786 0.1252856 0.0268318 0.07720786 0.1255949 0.02709531 0.07720786 0.1256182 0.02711856 0.07720786 0.1256415 0.02714186 0.07720786 0.1256648 0.02716517 0.07720786 0.1256881 0.02718853 0.07720786 0.1257115 0.0272119 0.07720786 0.1257349 0.02723532 0.07720786 0.1257584 0.02725881 0.07720786 0.125782 0.02728235 0.07720786 0.1258056 0.02730602 0.07720786 0.1258293 0.02732974 0.07720786 0.1258532 0.02735352 0.07720786 0.125858 0.02675849 0.07720786 0.1256595 0.02627915 0.07720786 0.1253612 0.02590268 0.07720786 0.125022 0.02556687 0.07720786 0.1249331 0.02547883 0.07720786 0.1245105 0.02505725 0.07720786 0.1244547 0.02500087 0.07720786 0.1241171 0.02466005 0.07720786 0.1240029 0.02454477 0.07720786 0.1237047 0.02430641 0.07720786 0.1234338 0.02411657 0.07720786 0.1230331 0.02390831 0.07720786 0.1225773 0.0237717 0.07720786 0.1222081 0.02370929 0.07720786 0.1224542 0.02403497 0.07720786 0.1229705 0.02465039 0.07720786 0.1232398 0.02494287 0.07720786 0.124086 0.02577549 0.07720786 0.1243792 0.02604264 0.07720786 0.1252856 0.0268318 0.07720786 0.1257115 0.0272119 0.07720786 0.125858 0.02675849 0.07720786 0.1256595 0.02627915 0.07720786 0.1253612 0.02590268 0.07720786 0.125022 0.02556687 0.07720786 0.1249331 0.02547883 0.07720786 0.1245105 0.02505725 0.07720786 0.1244547 0.02500087 0.07720786 0.1241171 0.02466005 0.07720786 0.1240029 0.02454477 0.07720786 0.1237047 0.02430641 0.07720786 0.1234338 0.02411657 0.07720786 0.1230331 0.02390831 0.07720786 0.1225773 0.0237717 0.07720786 0.1222081 0.02370929 0.07720786 0.1224542 0.02403497 0.07720786 0.1229705 0.02465039 0.07720786 0.1232398 0.02494287 0.07720786 0.124086 0.02577549 0.07720786 0.1243792 0.02604264 0.07720786 0.1252856 0.0268318 0.07720786 0.1257115 0.0272119 0.07720786 0.1246773 0.0263068 0.07720786 0.1249795 0.02656942 0.07720786</float_array>
          <technique_common>
            <accessor source="#Mesh_007-mesh-positions-array" count="232" stride="3">
              <param name="X" type="float"/>
              <param name="Y" type="float"/>
              <param name="Z" type="float"/>
            </accessor>
          </technique_common>
        </source>
        <source id="Mesh_007-mesh-normals">
          <float_array id="Mesh_007-mesh-normals-array" count="714">0 0 1 0 0 1 -0.7036338 0.7105628 0 0.7071068 -0.7071068 0 -0.7035465 0.7106493 0 0.707079 -0.7071346 0 -0.7035582 0.7106377 0 0.7069962 -0.7072174 0 -0.7035937 0.7106025 0 0.7070242 -0.7071894 0 -0.703553 0.7106427 0 0 0 1 -0.703552 0.7106438 0 0 0 1 -0.703568 0.710628 0 0 0 1 -0.7035267 0.7106687 0 0 0 1 -0.7104896 0.7037077 0 0 0 1 -0.7104999 0.7036973 0 0 0 1 -0.7105088 0.7036883 0 0 0 1 -0.7104811 0.7037163 0 0 0 1 -0.7104636 0.7037339 0 0 0 1 -0.7104565 0.7037411 0 0 0 1 -0.7104482 0.7037495 0 0 0 1 -0.71045 0.7037477 0 0 0 1 -0.7104505 0.7037471 0 0 0 1 -0.7104613 0.7037363 0 0 0 1 -0.7104359 0.7037619 0 0 0 1 -0.7105125 0.7036846 0 0 0 1 -0.6327086 0.77439 0 0 0 1 -0.6152288 0.7883486 0 0 0 1 -0.590056 0.8073623 0 0 0 1 -0.5561832 0.8310597 0 0 0 1 -0.5132996 0.8582095 0 0 0 1 -0.4621686 0.886792 0 0 0 1 -0.4050641 0.9142884 0 0 0 1 -0.3453576 0.9384711 0 0 0 1 -0.2869708 0.9579393 0 0 0 1 -0.2333299 0.9723976 0 0 0 1 -0.1867343 0.9824104 0 0 0 1 -0.148189 0.9889591 0 0 0 1 0.7979089 -0.6027781 0 0 0 1 0.7764137 -0.6302236 0 0 0 1 0.7555407 -0.6551015 0 0 0 1 0.7357039 -0.6773034 0 -0.9999989 0.001529514 0 0 0 1 0.7172657 -0.6967998 0 -0.9999198 0.01266592 0 0 0 1 0.7005591 -0.7135945 0 -0.9991749 0.04061621 0 0 0 1 0.6858713 -0.7277228 0 -0.9957762 0.09181338 0 0 0 1 0.6734148 -0.7392649 0 -0.9852845 0.170922 0 0 0 1 0.6633636 -0.7482974 0 -0.961694 0.2741252 0 0 0 1 -0.655825 0.754913 0 -0.9226815 0.3855631 0 0 0 1 0.6508451 -0.7592107 0 -0.8753026 0.4835756 0 0 0 1 0.6484667 -0.7612431 0 -0.8316177 0.5553485 0 0 0 1 0.7069654 -0.7072482 0 -0.7998756 0.6001658 0 0 0 1 0.7071068 -0.7071068 0 -0.7814651 0.6239491 0 0 0 1 0.7069655 -0.707248 0 -0.7738097 0.6334183 0 0.655825 -0.754913 0 0.7069375 -0.707276 0 -0.7035738 0.7106222 0 0 0 1 0.7070786 -0.7071349 0 -0.7035894 0.7106068 0 0 0 1 0.7069382 -0.7072753 0 -0.7035478 0.7106478 0 0.7071348 -0.7070787 0 -0.7036218 0.7105747 0 0.7070509 -0.7071627 0 0 0 1 0 0 1 -0.7036338 0.7105628 0 0.7071068 -0.7071068 0 -0.7035465 0.7106493 0 0.707079 -0.7071346 0 -0.7035582 0.7106377 0 0.7069962 -0.7072174 0 -0.7035937 0.7106025 0 0.7070242 -0.7071894 0 -0.703553 0.7106427 0 0 0 1 -0.703552 0.7106438 0 0 0 1 -0.703568 0.710628 0 0 0 1 -0.7035267 0.7106687 0 0 0 1 -0.7104896 0.7037077 0 0 0 1 -0.7104999 0.7036973 0 0 0 1 -0.7105088 0.7036883 0 0 0 1 -0.7104811 0.7037163 0 0 0 1 -0.7104636 0.7037339 0 0 0 1 -0.7104565 0.7037411 0 0 0 1 -0.7104482 0.7037495 0 0 0 1 -0.71045 0.7037477 0 0 0 1 -0.7104505 0.7037471 0 0 0 1 -0.7104613 0.7037363 0 0 0 1 -0.7104359 0.7037619 0 0 0 1 -0.7105125 0.7036846 0 0 0 1 -0.6327086 0.77439 0 0 0 1 -0.6152288 0.7883486 0 0 0 1 -0.590056 0.8073623 0 0 0 1 -0.5561832 0.8310597 0 0 0 1 -0.5132996 0.8582095 0 0 0 1 -0.4621686 0.886792 0 0 0 1 -0.4050641 0.9142884 0 0 0 1 -0.3453576 0.9384711 0 0 0 1 -0.2869708 0.9579393 0 0 0 1 -0.2333299 0.9723976 0 0 0 1 -0.1867343 0.9824104 0 0 0 1 -0.148189 0.9889591 0 0 0 1 0.7979089 -0.6027781 0 0 0 1 0.7764137 -0.6302236 0 0 0 1 0.7555407 -0.6551015 0 0 0 1 0.7357039 -0.6773034 0 -0.9999989 0.001529514 0 0 0 1 0.7172657 -0.6967998 0 -0.9999198 0.01266592 0 0 0 1 0.7005591 -0.7135945 0 -0.9991749 0.04061621 0 0 0 1 0.6858713 -0.7277228 0 -0.9957762 0.09181338 0 0 0 1 0.6734148 -0.7392649 0 -0.9852845 0.170922 0 0 0 1 0.6633636 -0.7482974 0 -0.961694 0.2741252 0 0 0 1 -0.655825 0.754913 0 -0.9226815 0.3855631 0 0 0 1 0.6508451 -0.7592107 0 -0.8753026 0.4835756 0 0 0 1 0.6484667 -0.7612431 0 -0.8316177 0.5553485 0 0 0 1 0.7069654 -0.7072482 0 -0.7998756 0.6001658 0 0 0 1 0.7071068 -0.7071068 0 -0.7814651 0.6239491 0 0 0 1 0.7069655 -0.707248 0 -0.7738097 0.6334183 0 0.655825 -0.754913 0 0.7069375 -0.707276 0 -0.7035738 0.7106222 0 0 0 1 0.7070786 -0.7071349 0 -0.7035894 0.7106068 0 0 0 1 0.7069382 -0.7072753 0 -0.7035478 0.7106478 0 0.7071348 -0.7070787 0 -0.7036218 0.7105747 0 0.7070509 -0.7071627 0</float_array>
          <technique_common>
            <accessor source="#Mesh_007-mesh-normals-array" count="238" stride="3">
              <param name="X" type="float"/>
              <param name="Y" type="float"/>
              <param name="Z" type="float"/>
            </accessor>
          </technique_common>
        </source>
        <vertices id="Mesh_007-mesh-vertices">
          <input semantic="POSITION" source="#Mesh_007-mesh-positions"/>
        </vertices>
        <triangles count="238">
          <input semantic="VERTEX" source="#Mesh_007-mesh-vertices" offset="0"/>
          <input semantic="NORMAL" source="#Mesh_007-mesh-normals" offset="1"/>
          <p>115 0 57 0 58 0 173 1 231 1 174 1 17 2 132 2 16 2 69 3 184 3 68 3 18 4 133 4 17 4 70 5 185 5 69 5 19 6 134 6 18 6 71 7 186 7 70 7 20 8 135 8 19 8 0 9 187 9 71 9 21 10 136 10 20 10 72 11 120 11 4 11 22 12 137 12 21 12 73 13 125 13 9 13 23 14 138 14 22 14 74 15 128 15 12 15 24 16 139 16 23 16 75 17 134 17 18 17 25 18 140 18 24 18 76 19 136 19 20 19 26 20 141 20 25 20 77 21 143 21 27 21 27 22 142 22 26 22 78 23 144 23 28 23 28 24 143 24 27 24 79 25 150 25 34 25 29 26 144 26 28 26 80 27 152 27 36 27 30 28 145 28 29 28 81 29 154 29 38 29 31 30 146 30 30 30 82 31 156 31 40 31 32 32 147 32 31 32 83 33 159 33 43 33 33 34 148 34 32 34 84 35 162 35 46 35 34 36 149 36 33 36 85 37 164 37 48 37 35 38 150 38 34 38 86 39 165 39 49 39 36 40 151 40 35 40 87 41 167 41 51 41 37 42 152 42 36 42 88 43 168 43 52 43 38 44 153 44 37 44 89 45 171 45 55 45 39 46 154 46 38 46 90 47 172 47 56 47 40 48 155 48 39 48 91 49 175 49 59 49 41 50 156 50 40 50 92 51 181 51 65 51 42 52 157 52 41 52 93 53 188 53 72 53 43 54 158 54 42 54 94 55 189 55 73 55 44 56 159 56 43 56 95 57 190 57 74 57 45 58 160 58 44 58 96 59 191 59 75 59 46 60 161 60 45 60 97 61 192 61 76 61 47 62 162 62 46 62 98 63 193 63 77 63 48 64 163 64 47 64 99 65 194 65 78 65 49 66 164 66 48 66 100 67 195 67 79 67 50 68 165 68 49 68 101 69 196 69 80 69 51 70 166 70 50 70 102 71 197 71 81 71 52 72 167 72 51 72 1 73 116 73 0 73 103 74 198 74 82 74 53 75 168 75 52 75 2 76 117 76 1 76 104 77 199 77 83 77 54 78 169 78 53 78 3 79 118 79 2 79 105 80 200 80 84 80 55 81 170 81 54 81 4 82 119 82 3 82 106 83 201 83 85 83 56 84 171 84 55 84 5 85 120 85 4 85 107 86 202 86 86 86 57 87 172 87 56 87 6 88 121 88 5 88 108 89 203 89 87 89 57 90 174 90 58 90 7 91 122 91 6 91 109 92 204 92 88 92 59 93 174 93 58 93 8 94 123 94 7 94 110 95 205 95 89 95 60 96 175 96 59 96 9 97 124 97 8 97 111 98 206 98 90 98 61 99 176 99 60 99 10 100 125 100 9 100 112 101 207 101 91 101 62 102 177 102 61 102 11 103 126 103 10 103 113 104 208 104 92 104 63 105 178 105 62 105 12 106 127 106 11 106 115 107 230 107 114 107 64 108 179 108 63 108 13 109 128 109 12 109 58 110 231 110 115 110 65 111 180 111 64 111 14 112 129 112 13 112 114 113 173 113 57 113 66 114 181 114 65 114 15 115 130 115 14 115 67 116 182 116 66 116 16 117 131 117 15 117 68 118 183 118 67 118 115 119 114 119 57 119 173 120 230 120 231 120 17 121 133 121 132 121 69 122 185 122 184 122 18 123 134 123 133 123 70 124 186 124 185 124 19 125 135 125 134 125 71 126 187 126 186 126 20 127 136 127 135 127 0 128 116 128 187 128 21 129 137 129 136 129 72 130 188 130 120 130 22 131 138 131 137 131 73 132 189 132 125 132 23 133 139 133 138 133 74 134 190 134 128 134 24 135 140 135 139 135 75 136 191 136 134 136 25 137 141 137 140 137 76 138 192 138 136 138 26 139 142 139 141 139 77 140 193 140 143 140 27 141 143 141 142 141 78 142 194 142 144 142 28 143 144 143 143 143 79 144 195 144 150 144 29 145 145 145 144 145 80 146 196 146 152 146 30 147 146 147 145 147 81 148 197 148 154 148 31 149 147 149 146 149 82 150 198 150 156 150 32 151 148 151 147 151 83 152 199 152 159 152 33 153 149 153 148 153 84 154 200 154 162 154 34 155 150 155 149 155 85 156 201 156 164 156 35 157 151 157 150 157 86 158 202 158 165 158 36 159 152 159 151 159 87 160 203 160 167 160 37 161 153 161 152 161 88 162 204 162 168 162 38 163 154 163 153 163 89 164 205 164 171 164 39 165 155 165 154 165 90 166 206 166 172 166 40 167 156 167 155 167 91 168 207 168 175 168 41 169 157 169 156 169 92 170 208 170 181 170 42 171 158 171 157 171 93 172 209 172 188 172 43 173 159 173 158 173 94 174 210 174 189 174 44 175 160 175 159 175 95 176 211 176 190 176 45 177 161 177 160 177 96 178 212 178 191 178 46 179 162 179 161 179 97 180 213 180 192 180 47 181 163 181 162 181 98 182 214 182 193 182 48 183 164 183 163 183 99 184 215 184 194 184 49 185 165 185 164 185 100 186 216 186 195 186 50 187 166 187 165 187 101 188 217 188 196 188 51 189 167 189 166 189 102 190 218 190 197 190 52 191 168 191 167 191 1 192 117 192 116 192 103 193 219 193 198 193 53 194 169 194 168 194 2 195 118 195 117 195 104 196 220 196 199 196 54 197 170 197 169 197 3 198 119 198 118 198 105 199 221 199 200 199 55 200 171 200 170 200 4 201 120 201 119 201 106 202 222 202 201 202 56 203 172 203 171 203 5 204 121 204 120 204 107 205 223 205 202 205 57 206 173 206 172 206 6 207 122 207 121 207 108 208 224 208 203 208 57 209 173 209 174 209 7 210 123 210 122 210 109 211 225 211 204 211 59 212 175 212 174 212 8 213 124 213 123 213 110 214 226 214 205 214 60 215 176 215 175 215 9 216 125 216 124 216 111 217 227 217 206 217 61 218 177 218 176 218 10 219 126 219 125 219 112 220 228 220 207 220 62 221 178 221 177 221 11 222 127 222 126 222 113 223 229 223 208 223 63 224 179 224 178 224 12 225 128 225 127 225 115 226 231 226 230 226 64 227 180 227 179 227 13 228 129 228 128 228 58 229 174 229 231 229 65 230 181 230 180 230 14 231 130 231 129 231 114 232 230 232 173 232 66 233 182 233 181 233 15 234 131 234 130 234 67 235 183 235 182 235 16 236 132 236 131 236 68 237 184 237 183 237</p>
        </triangles>
      </mesh>
    </geometry>
    <geometry id="Mesh_006-mesh" name="Mesh.006">
      <mesh>
        <source id="Mesh_006-mesh-positions">
          <float_array id="Mesh_006-mesh-positions-array" count="1008">-0.1030098 -0.05219399 0 -0.1028183 -0.05243694 0 -0.1026353 -0.05268341 0 -0.10246 -0.05293333 0 -0.1022915 -0.05318653 0 -0.1021293 -0.05344289 0 -0.1019725 -0.05370229 0 -0.1018204 -0.05396461 0 -0.1016722 -0.05422973 0 -0.1015273 -0.05449748 0 -0.1013849 -0.05476778 0 -0.1012443 -0.05504047 0 -0.1011047 -0.05531549 0 -0.1010815 -0.05535954 0 -0.1010583 -0.05540359 0 -0.1010351 -0.05544769 0 -0.1010118 -0.05549186 0 -0.1009885 -0.05553615 0 -0.1009652 -0.05558049 0 -0.1009418 -0.0556249 0 -0.1009183 -0.05566948 0 -0.1008948 -0.05571424 0 -0.1008712 -0.05575913 0 -0.1008474 -0.05580419 0 -0.1008236 -0.05584949 0 -0.1007655 -0.05596572 0 -0.1007088 -0.0560826 0 -0.1006531 -0.05620002 0 -0.1005985 -0.05631792 0 -0.1005448 -0.0564363 0 -0.100492 -0.05655503 0 -0.1004399 -0.05667412 0 -0.1003885 -0.05679351 0 -0.1003376 -0.05691313 0 -0.1002872 -0.057033 0 -0.1002372 -0.05715292 0 -0.1001875 -0.05727303 0 -0.1002107 -0.05734282 0 -0.100234 -0.05741274 0 -0.1002573 -0.05748265 0 -0.1002807 -0.05755269 0 -0.1003041 -0.05762279 0 -0.1003275 -0.05769306 0 -0.100351 -0.05776351 0 -0.1003746 -0.0578342 0 -0.1003982 -0.05790507 0 -0.1004219 -0.05797624 0 -0.1004458 -0.05804771 0 -0.1004697 -0.05811953 0 -0.1006531 -0.05792516 0 -0.1008217 -0.05772507 0 -0.1009773 -0.05751949 0 -0.1011213 -0.05730873 0 -0.1012554 -0.05709314 0 -0.1013813 -0.05687302 0 -0.1015007 -0.05664867 0 -0.1016152 -0.05642038 0 -0.1017264 -0.05618846 0 -0.1018361 -0.05595326 0 -0.1019458 -0.05571508 0 -0.1020572 -0.05547416 0 -0.1020889 -0.05540859 0 -0.1021158 -0.05535286 0 -0.1021389 -0.055305 0 -0.1021592 -0.05526298 0 -0.1021776 -0.05522489 0 -0.1021951 -0.05518865 0 -0.1022127 -0.05515229 0 -0.1022312 -0.05511385 0 -0.1022518 -0.05507123 0 -0.1022753 -0.05502253 0 -0.1023027 -0.05496573 0 -0.102335 -0.05489879 0 -0.1024455 -0.05465936 0 -0.1025457 -0.05443263 0 -0.1026357 -0.05421555 0 -0.1027156 -0.05400508 0 -0.1027857 -0.05379819 0 -0.1028459 -0.0535919 0 -0.1028965 -0.05338299 0 -0.1029376 -0.05316853 0 -0.1029694 -0.05294549 0 -0.1029919 -0.05271071 0 -0.1030053 -0.05246126 0 -0.1028183 -0.05243694 0 -0.1026353 -0.05268341 0 -0.1022915 -0.05318653 0 -0.1021293 -0.05344289 0 -0.1018204 -0.05396461 0 -0.1015273 -0.05449748 0 -0.1013849 -0.05476778 0 -0.1012443 -0.05504047 0 -0.1010815 -0.05535954 0 -0.1010351 -0.05544769 0 -0.1008712 -0.05575913 0 -0.1008236 -0.05584949 0 -0.1007088 -0.0560826 0 -0.1005985 -0.05631792 0 -0.1004399 -0.05667412 0 -0.1003376 -0.05691313 0 -0.1002872 -0.057033 0 -0.1002807 -0.05755269 0 -0.1003746 -0.0578342 0 -0.1004697 -0.05811953 0 -0.1008217 -0.05772507 0 -0.1011213 -0.05730873 0 -0.1012554 -0.05709314 0 -0.1013813 -0.05687302 0 -0.1015007 -0.05664867 0 -0.1016152 -0.05642038 0 -0.1017264 -0.05618846 0 -0.1018361 -0.05595326 0 -0.1019458 -0.05571508 0 -0.1020572 -0.05547416 0 -0.1020889 -0.05540859 0 -0.1021776 -0.05522489 0 -0.102335 -0.05489879 0 -0.1025457 -0.05443263 0 -0.1026357 -0.05421555 0 -0.1027857 -0.05379819 0 -0.1028459 -0.0535919 0 -0.1028965 -0.05338299 0 -0.1029376 -0.05316853 0 -0.1029694 -0.05294549 0 -0.1029919 -0.05271071 0 -0.1030053 -0.05246126 0 -0.1028183 -0.05243694 0 -0.1026353 -0.05268341 0 -0.1022915 -0.05318653 0 -0.1021293 -0.05344289 0 -0.1018204 -0.05396461 0 -0.1015273 -0.05449748 0 -0.1013849 -0.05476778 0 -0.1012443 -0.05504047 0 -0.1010815 -0.05535954 0 -0.1010351 -0.05544769 0 -0.1008712 -0.05575913 0 -0.1008236 -0.05584949 0 -0.1007088 -0.0560826 0 -0.1005985 -0.05631792 0 -0.1004399 -0.05667412 0 -0.1003376 -0.05691313 0 -0.1002872 -0.057033 0 -0.1002807 -0.05755269 0 -0.1003746 -0.0578342 0 -0.1004697 -0.05811953 0 -0.1008217 -0.05772507 0 -0.1011213 -0.05730873 0 -0.1012554 -0.05709314 0 -0.1013813 -0.05687302 0 -0.1015007 -0.05664867 0 -0.1016152 -0.05642038 0 -0.1017264 -0.05618846 0 -0.1018361 -0.05595326 0 -0.1019458 -0.05571508 0 -0.1020572 -0.05547416 0 -0.1020889 -0.05540859 0 -0.1021776 -0.05522489 0 -0.102335 -0.05489879 0 -0.1025457 -0.05443263 0 -0.1026357 -0.05421555 0 -0.1027857 -0.05379819 0 -0.1028459 -0.0535919 0 -0.1028965 -0.05338299 0 -0.1029376 -0.05316853 0 -0.1029694 -0.05294549 0 -0.1029919 -0.05271071 0 -0.1030053 -0.05246126 0 -0.1030098 -0.05219399 0.07720786 -0.1028183 -0.05243694 0.07720786 -0.1026353 -0.05268341 0.07720786 -0.10246 -0.05293333 0.07720786 -0.1022915 -0.05318653 0.07720786 -0.1021293 -0.05344289 0.07720786 -0.1019725 -0.05370229 0.07720786 -0.1018204 -0.05396461 0.07720786 -0.1016722 -0.05422973 0.07720786 -0.1015273 -0.05449748 0.07720786 -0.1013849 -0.05476778 0.07720786 -0.1012443 -0.05504047 0.07720786 -0.1011047 -0.05531549 0.07720786 -0.1010815 -0.05535954 0.07720786 -0.1010583 -0.05540359 0.07720786 -0.1010351 -0.05544769 0.07720786 -0.1010118 -0.05549186 0.07720786 -0.1009885 -0.05553615 0.07720786 -0.1009652 -0.05558049 0.07720786 -0.1009418 -0.0556249 0.07720786 -0.1009183 -0.05566948 0.07720786 -0.1008948 -0.05571424 0.07720786 -0.1008712 -0.05575913 0.07720786 -0.1008474 -0.05580419 0.07720786 -0.1008236 -0.05584949 0.07720786 -0.1007655 -0.05596572 0.07720786 -0.1007088 -0.0560826 0.07720786 -0.1006531 -0.05620002 0.07720786 -0.1005985 -0.05631792 0.07720786 -0.1005448 -0.0564363 0.07720786 -0.100492 -0.05655503 0.07720786 -0.1004399 -0.05667412 0.07720786 -0.1003885 -0.05679351 0.07720786 -0.1003376 -0.05691313 0.07720786 -0.1002872 -0.057033 0.07720786 -0.1002372 -0.05715292 0.07720786 -0.1001875 -0.05727303 0.07720786 -0.1002107 -0.05734282 0.07720786 -0.100234 -0.05741274 0.07720786 -0.1002573 -0.05748265 0.07720786 -0.1002807 -0.05755269 0.07720786 -0.1003041 -0.05762279 0.07720786 -0.1003275 -0.05769306 0.07720786 -0.100351 -0.05776351 0.07720786 -0.1003746 -0.0578342 0.07720786 -0.1003982 -0.05790507 0.07720786 -0.1004219 -0.05797624 0.07720786 -0.1004458 -0.05804771 0.07720786 -0.1004697 -0.05811953 0.07720786 -0.1006531 -0.05792516 0.07720786 -0.1008217 -0.05772507 0.07720786 -0.1009773 -0.05751949 0.07720786 -0.1011213 -0.05730873 0.07720786 -0.1012554 -0.05709314 0.07720786 -0.1013813 -0.05687302 0.07720786 -0.1015007 -0.05664867 0.07720786 -0.1016152 -0.05642038 0.07720786 -0.1017264 -0.05618846 0.07720786 -0.1018361 -0.05595326 0.07720786 -0.1019458 -0.05571508 0.07720786 -0.1020572 -0.05547416 0.07720786 -0.1020889 -0.05540859 0.07720786 -0.1021158 -0.05535286 0.07720786 -0.1021389 -0.055305 0.07720786 -0.1021592 -0.05526298 0.07720786 -0.1021776 -0.05522489 0.07720786 -0.1021951 -0.05518865 0.07720786 -0.1022127 -0.05515229 0.07720786 -0.1022312 -0.05511385 0.07720786 -0.1022518 -0.05507123 0.07720786 -0.1022753 -0.05502253 0.07720786 -0.1023027 -0.05496573 0.07720786 -0.102335 -0.05489879 0.07720786 -0.1024455 -0.05465936 0.07720786 -0.1025457 -0.05443263 0.07720786 -0.1026357 -0.05421555 0.07720786 -0.1027156 -0.05400508 0.07720786 -0.1027857 -0.05379819 0.07720786 -0.1028459 -0.0535919 0.07720786 -0.1028965 -0.05338299 0.07720786 -0.1029376 -0.05316853 0.07720786 -0.1029694 -0.05294549 0.07720786 -0.1029919 -0.05271071 0.07720786 -0.1030053 -0.05246126 0.07720786 -0.1028183 -0.05243694 0.07720786 -0.1026353 -0.05268341 0.07720786 -0.1022915 -0.05318653 0.07720786 -0.1021293 -0.05344289 0.07720786 -0.1018204 -0.05396461 0.07720786 -0.1015273 -0.05449748 0.07720786 -0.1013849 -0.05476778 0.07720786 -0.1012443 -0.05504047 0.07720786 -0.1010815 -0.05535954 0.07720786 -0.1010351 -0.05544769 0.07720786 -0.1008712 -0.05575913 0.07720786 -0.1008236 -0.05584949 0.07720786 -0.1007088 -0.0560826 0.07720786 -0.1005985 -0.05631792 0.07720786 -0.1004399 -0.05667412 0.07720786 -0.1003376 -0.05691313 0.07720786 -0.1002872 -0.057033 0.07720786 -0.1002807 -0.05755269 0.07720786 -0.1003746 -0.0578342 0.07720786 -0.1004697 -0.05811953 0.07720786 -0.1008217 -0.05772507 0.07720786 -0.1011213 -0.05730873 0.07720786 -0.1012554 -0.05709314 0.07720786 -0.1013813 -0.05687302 0.07720786 -0.1015007 -0.05664867 0.07720786 -0.1016152 -0.05642038 0.07720786 -0.1017264 -0.05618846 0.07720786 -0.1018361 -0.05595326 0.07720786 -0.1019458 -0.05571508 0.07720786 -0.1020572 -0.05547416 0.07720786 -0.1020889 -0.05540859 0.07720786 -0.1021776 -0.05522489 0.07720786 -0.102335 -0.05489879 0.07720786 -0.1025457 -0.05443263 0.07720786 -0.1026357 -0.05421555 0.07720786 -0.1027857 -0.05379819 0.07720786 -0.1028459 -0.0535919 0.07720786 -0.1028965 -0.05338299 0.07720786 -0.1029376 -0.05316853 0.07720786 -0.1029694 -0.05294549 0.07720786 -0.1029919 -0.05271071 0.07720786 -0.1030053 -0.05246126 0.07720786 -0.1028183 -0.05243694 0.07720786 -0.1026353 -0.05268341 0.07720786 -0.1022915 -0.05318653 0.07720786 -0.1021293 -0.05344289 0.07720786 -0.1018204 -0.05396461 0.07720786 -0.1015273 -0.05449748 0.07720786 -0.1013849 -0.05476778 0.07720786 -0.1012443 -0.05504047 0.07720786 -0.1010815 -0.05535954 0.07720786 -0.1010351 -0.05544769 0.07720786 -0.1008712 -0.05575913 0.07720786 -0.1008236 -0.05584949 0.07720786 -0.1007088 -0.0560826 0.07720786 -0.1005985 -0.05631792 0.07720786 -0.1004399 -0.05667412 0.07720786 -0.1003376 -0.05691313 0.07720786 -0.1002872 -0.057033 0.07720786 -0.1002807 -0.05755269 0.07720786 -0.1003746 -0.0578342 0.07720786 -0.1004697 -0.05811953 0.07720786 -0.1008217 -0.05772507 0.07720786 -0.1011213 -0.05730873 0.07720786 -0.1012554 -0.05709314 0.07720786 -0.1013813 -0.05687302 0.07720786 -0.1015007 -0.05664867 0.07720786 -0.1016152 -0.05642038 0.07720786 -0.1017264 -0.05618846 0.07720786 -0.1018361 -0.05595326 0.07720786 -0.1019458 -0.05571508 0.07720786 -0.1020572 -0.05547416 0.07720786 -0.1020889 -0.05540859 0.07720786 -0.1021776 -0.05522489 0.07720786 -0.102335 -0.05489879 0.07720786 -0.1025457 -0.05443263 0.07720786 -0.1026357 -0.05421555 0.07720786 -0.1027857 -0.05379819 0.07720786 -0.1028459 -0.0535919 0.07720786 -0.1028965 -0.05338299 0.07720786 -0.1029376 -0.05316853 0.07720786 -0.1029694 -0.05294549 0.07720786 -0.1029919 -0.05271071 0.07720786 -0.1030053 -0.05246126 0.07720786</float_array>
          <technique_common>
            <accessor source="#Mesh_006-mesh-positions-array" count="336" stride="3">
              <param name="X" type="float"/>
              <param name="Y" type="float"/>
              <param name="Z" type="float"/>
            </accessor>
          </technique_common>
        </source>
        <source id="Mesh_006-mesh-normals">
          <float_array id="Mesh_006-mesh-normals-array" count="1008">-0.9486681 0.3162732 0 0 0 1 0 0 1 -0.9486783 0.3162429 0 0 0 1 0 0 1 -0.9486632 0.3162881 0 0 0 1 0 0 1 -0.9486582 0.316303 0 0 0 1 0 0 1 -0.9486683 0.3162728 0 0 0 1 0 0 1 -0.9486534 0.3163175 0 0 0 1 0 0 1 -0.9486486 0.3163321 0 0 0 1 0 0 1 -0.9486536 0.3163168 0 0 0 1 0 0 1 -0.9486685 0.3162721 0 0 0 1 0 0 1 0.727213 0.6864119 0 0 0 1 0 0 1 0.7646882 0.6444005 0 0 0 1 0 0 1 0.7975845 0.6032072 0 0 0 1 0 0 1 0.8256866 0.5641292 0 0 0 1 -0.7855027 -0.6188583 0 0 0 1 0.8490739 0.5282742 0 0 0 1 -0.8028912 -0.5961256 0 0 0 1 0.8680008 0.4965628 0 0 0 1 -0.8185865 -0.5743833 0 0 0 1 0.882794 0.4697603 0 0 0 1 -0.832604 -0.5538688 0 0 0 1 0.8938751 0.448316 0 0 0 1 -0.8449896 -0.5347827 0 0 0 1 0.9016107 0.4325484 0 0 0 1 -0.8557955 -0.5173143 0 0 0 1 0.9063368 0.4225562 0 0 0 1 -0.8650989 -0.5016013 0 0 0 1 0.9082818 0.4183591 0 0 0 1 -0.8729725 -0.4877694 0 0 0 1 0.9076115 0.419811 0 0 0 1 -0.8794937 -0.4759106 0 0 0 1 0.9004991 0.4348577 0 0 0 1 -0.8847367 -0.4660912 0 0 0 1 0.9005061 0.4348434 0 0 0 1 -0.8887601 -0.4583726 0 0 0 1 0.9004967 0.4348627 0 0 0 1 -0.8916634 -0.452699 0 0 0 1 0.9005258 0.4348027 0 0 0 1 -0.8848793 -0.4658204 0 0 0 1 0.9005041 0.4348475 0 0 0 1 -0.8848987 -0.4657834 0 0 0 1 0.9005267 0.4348008 0 -0.8848761 -0.4658265 0 0 0 1 0.9005069 0.434842 0 -0.8848729 -0.4658325 0 0 0 1 0.9005328 0.4347881 0 -0.8848891 -0.4658017 0 0 0 1 0.9005176 0.4348195 0 -0.8848634 -0.4658507 0 0 0 1 0.9005274 0.4347991 0 -0.8848571 -0.4658626 0 0 0 1 0.900507 0.4348415 0 -0.884854 -0.4658683 0 0 0 1 0.9005571 0.4347379 0 -0.8848862 -0.4658071 0 0 0 1 0.9080297 0.4189059 0 -0.8848768 -0.4658251 0 0 0 1 0.9147215 0.4040849 0 -0.8848865 -0.4658067 0 0 0 1 0.9237663 0.3829566 0 -0.8848392 -0.4658964 0 0 0 1 0.9348177 0.3551281 0 -0.8947653 -0.4465368 0 0 0 1 0.9471907 0.3206711 0 -0.8993996 -0.4371274 0 0 0 1 0.959904 0.2803287 0 -0.9035948 -0.4283882 0 0 0 1 0.9718669 0.2355305 0 -0.9073492 -0.4203775 0 0 0 1 0.9821151 0.1882817 0 -0.9107049 -0.4130577 0 0 0 1 0.9900248 0.1408936 0 -0.9136413 -0.4065213 0 0 0 1 0.9954351 0.09544122 0 -0.9162297 -0.4006534 0 0 0 1 0.9985599 0.05364733 0 -0.9184306 -0.3955823 0 0 0 1 0.999862 0.01661252 0 -0.9202987 -0.3912165 0 0 0 1 0 0 1 -0.9218155 -0.3876291 0 0 0 1 0 0 1 -0.9230193 -0.3847538 0 0 0 1 0 0 1 -0.923868 -0.3827113 0 0 0 1 0 0 1 -0.9486732 0.3162581 0 0 0 1 0 0 1 -0.948653 0.3163188 0 0 0 1 0 0 1 -0.9486732 0.3162581 0 0 0 1 0 0 1 -0.9486681 0.3162732 0 0 0 1 0 0 1 -0.9486783 0.3162429 0 0 0 1 0 0 1 -0.9486632 0.3162881 0 0 0 1 0 0 1 -0.9486582 0.316303 0 0 0 1 0 0 1 -0.9486683 0.3162728 0 0 0 1 0 0 1 -0.9486534 0.3163175 0 0 0 1 0 0 1 -0.9486486 0.3163321 0 0 0 1 0 0 1 -0.9486536 0.3163168 0 0 0 1 0 0 1 -0.9486685 0.3162721 0 0 0 1 0 0 1 0.727213 0.6864119 0 0 0 1 0 0 1 0.7646882 0.6444005 0 0 0 1 0 0 1 0.7975845 0.6032072 0 0 0 1 0 0 1 0.8256866 0.5641292 0 0 0 1 -0.7855027 -0.6188583 0 0 0 1 0.8490739 0.5282742 0 0 0 1 -0.8028912 -0.5961256 0 0 0 1 0.8680008 0.4965628 0 0 0 1 -0.8185865 -0.5743833 0 0 0 1 0.882794 0.4697603 0 0 0 1 -0.832604 -0.5538688 0 0 0 1 0.8938751 0.448316 0 0 0 1 -0.8449896 -0.5347827 0 0 0 1 0.9016107 0.4325484 0 0 0 1 -0.8557955 -0.5173143 0 0 0 1 0.9063368 0.4225562 0 0 0 1 -0.8650989 -0.5016013 0 0 0 1 0.9082818 0.4183591 0 0 0 1 -0.8729725 -0.4877694 0 0 0 1 0.9076115 0.419811 0 0 0 1 -0.8794937 -0.4759106 0 0 0 1 0.9004991 0.4348577 0 0 0 1 -0.8847367 -0.4660912 0 0 0 1 0.9005061 0.4348434 0 0 0 1 -0.8887601 -0.4583726 0 0 0 1 0.9004967 0.4348627 0 0 0 1 -0.8916634 -0.452699 0 0 0 1 0.9005258 0.4348027 0 0 0 1 -0.8848793 -0.4658204 0 0 0 1 0.9005041 0.4348475 0 0 0 1 -0.8848987 -0.4657834 0 0 0 1 0.9005267 0.4348008 0 -0.8848761 -0.4658265 0 0 0 1 0.9005069 0.434842 0 -0.8848729 -0.4658325 0 0 0 1 0.9005328 0.4347881 0 -0.8848891 -0.4658017 0 0 0 1 0.9005176 0.4348195 0 -0.8848634 -0.4658507 0 0 0 1 0.9005274 0.4347991 0 -0.8848571 -0.4658626 0 0 0 1 0.900507 0.4348415 0 -0.884854 -0.4658683 0 0 0 1 0.9005571 0.4347379 0 -0.8848862 -0.4658071 0 0 0 1 0.9080297 0.4189059 0 -0.8848768 -0.4658251 0 0 0 1 0.9147215 0.4040849 0 -0.8848865 -0.4658067 0 0 0 1 0.9237663 0.3829566 0 -0.8848392 -0.4658964 0 0 0 1 0.9348177 0.3551281 0 -0.8947653 -0.4465368 0 0 0 1 0.9471907 0.3206711 0 -0.8993996 -0.4371274 0 0 0 1 0.959904 0.2803287 0 -0.9035948 -0.4283882 0 0 0 1 0.9718669 0.2355305 0 -0.9073492 -0.4203775 0 0 0 1 0.9821151 0.1882817 0 -0.9107049 -0.4130577 0 0 0 1 0.9900248 0.1408936 0 -0.9136413 -0.4065213 0 0 0 1 0.9954351 0.09544122 0 -0.9162297 -0.4006534 0 0 0 1 0.9985599 0.05364733 0 -0.9184306 -0.3955823 0 0 0 1 0.999862 0.01661252 0 -0.9202987 -0.3912165 0 0 0 1 0 0 1 -0.9218155 -0.3876291 0 0 0 1 0 0 1 -0.9230193 -0.3847538 0 0 0 1 0 0 1 -0.923868 -0.3827113 0 0 0 1 0 0 1 -0.9486732 0.3162581 0 0 0 1 0 0 1 -0.948653 0.3163188 0 0 0 1 0 0 1 -0.9486732 0.3162581 0 0 0 1 0 0 1</float_array>
          <technique_common>
            <accessor source="#Mesh_006-mesh-normals-array" count="336" stride="3">
              <param name="X" type="float"/>
              <param name="Y" type="float"/>
              <param name="Z" type="float"/>
            </accessor>
          </technique_common>
        </source>
        <vertices id="Mesh_006-mesh-vertices">
          <input semantic="POSITION" source="#Mesh_006-mesh-positions"/>
        </vertices>
        <triangles count="336">
          <input semantic="VERTEX" source="#Mesh_006-mesh-vertices" offset="0"/>
          <input semantic="NORMAL" source="#Mesh_006-mesh-normals" offset="1"/>
          <p>40 0 207 0 39 0 142 1 268 1 100 1 91 2 179 2 11 2 41 3 208 3 40 3 143 4 269 4 101 4 92 5 181 5 13 5 42 6 209 6 41 6 144 7 270 7 102 7 93 8 183 8 15 8 43 9 210 9 42 9 145 10 271 10 103 10 94 11 190 11 22 11 44 12 211 12 43 12 146 13 272 13 104 13 95 14 192 14 24 14 45 15 212 15 44 15 147 16 273 16 105 16 96 17 194 17 26 17 46 18 213 18 45 18 148 19 274 19 106 19 97 20 196 20 28 20 47 21 214 21 46 21 149 22 275 22 107 22 98 23 199 23 31 23 48 24 215 24 47 24 150 25 276 25 108 25 99 26 201 26 33 26 49 27 216 27 48 27 151 28 277 28 109 28 100 29 202 29 34 29 50 30 217 30 49 30 152 31 278 31 110 31 101 32 208 32 40 32 51 33 218 33 50 33 153 34 279 34 111 34 102 35 212 35 44 35 52 36 219 36 51 36 154 37 280 37 112 37 1 38 168 38 0 38 103 39 216 39 48 39 53 40 220 40 52 40 155 41 281 41 113 41 2 42 169 42 1 42 104 43 218 43 50 43 54 44 221 44 53 44 156 45 282 45 114 45 3 46 170 46 2 46 105 47 220 47 52 47 55 48 222 48 54 48 157 49 283 49 115 49 4 50 171 50 3 50 106 51 221 51 53 51 56 52 223 52 55 52 158 53 284 53 116 53 5 54 172 54 4 54 107 55 222 55 54 55 57 56 224 56 56 56 159 57 285 57 117 57 6 58 173 58 5 58 108 59 223 59 55 59 58 60 225 60 57 60 160 61 286 61 118 61 7 62 174 62 6 62 109 63 224 63 56 63 59 64 226 64 58 64 161 65 287 65 119 65 8 66 175 66 7 66 110 67 225 67 57 67 60 68 227 68 59 68 162 69 288 69 120 69 9 70 176 70 8 70 111 71 226 71 58 71 61 72 228 72 60 72 163 73 289 73 121 73 10 74 177 74 9 74 112 75 227 75 59 75 62 76 229 76 61 76 164 77 290 77 122 77 11 78 178 78 10 78 113 79 228 79 60 79 63 80 230 80 62 80 165 81 291 81 123 81 12 82 179 82 11 82 114 83 229 83 61 83 64 84 231 84 63 84 166 85 292 85 124 85 13 86 180 86 12 86 115 87 233 87 65 87 65 88 232 88 64 88 167 89 293 89 125 89 14 90 181 90 13 90 116 91 240 91 72 91 66 92 233 92 65 92 15 93 182 93 14 93 117 94 242 94 74 94 67 95 234 95 66 95 16 96 183 96 15 96 118 97 243 97 75 97 68 98 235 98 67 98 17 99 184 99 16 99 119 100 245 100 77 100 69 101 236 101 68 101 18 102 185 102 17 102 120 103 246 103 78 103 70 104 237 104 69 104 19 105 186 105 18 105 121 106 247 106 79 106 71 107 238 107 70 107 20 108 187 108 19 108 122 109 248 109 80 109 72 110 239 110 71 110 21 111 188 111 20 111 123 112 249 112 81 112 73 113 240 113 72 113 22 114 189 114 21 114 124 115 250 115 82 115 74 116 241 116 73 116 23 117 190 117 22 117 125 118 251 118 83 118 75 119 242 119 74 119 24 120 191 120 23 120 126 121 252 121 84 121 76 122 243 122 75 122 25 123 192 123 24 123 127 124 253 124 85 124 77 125 244 125 76 125 26 126 193 126 25 126 128 127 254 127 86 127 78 128 245 128 77 128 27 129 194 129 26 129 129 130 255 130 87 130 79 131 246 131 78 131 28 132 195 132 27 132 130 133 256 133 88 133 80 134 247 134 79 134 29 135 196 135 28 135 131 136 257 136 89 136 81 137 248 137 80 137 30 138 197 138 29 138 132 139 258 139 90 139 82 140 249 140 81 140 31 141 198 141 30 141 133 142 259 142 91 142 83 143 250 143 82 143 32 144 199 144 31 144 134 145 260 145 92 145 0 146 251 146 83 146 33 147 200 147 32 147 135 148 261 148 93 148 84 149 169 149 1 149 34 150 201 150 33 150 136 151 262 151 94 151 85 152 170 152 2 152 35 153 202 153 34 153 137 154 263 154 95 154 86 155 172 155 4 155 36 156 203 156 35 156 138 157 264 157 96 157 87 158 173 158 5 158 37 159 204 159 36 159 139 160 265 160 97 160 88 161 175 161 7 161 38 162 205 162 37 162 140 163 266 163 98 163 89 164 177 164 9 164 39 165 206 165 38 165 141 166 267 166 99 166 90 167 178 167 10 167 40 168 208 168 207 168 142 169 310 169 268 169 91 170 259 170 179 170 41 171 209 171 208 171 143 172 311 172 269 172 92 173 260 173 181 173 42 174 210 174 209 174 144 175 312 175 270 175 93 176 261 176 183 176 43 177 211 177 210 177 145 178 313 178 271 178 94 179 262 179 190 179 44 180 212 180 211 180 146 181 314 181 272 181 95 182 263 182 192 182 45 183 213 183 212 183 147 184 315 184 273 184 96 185 264 185 194 185 46 186 214 186 213 186 148 187 316 187 274 187 97 188 265 188 196 188 47 189 215 189 214 189 149 190 317 190 275 190 98 191 266 191 199 191 48 192 216 192 215 192 150 193 318 193 276 193 99 194 267 194 201 194 49 195 217 195 216 195 151 196 319 196 277 196 100 197 268 197 202 197 50 198 218 198 217 198 152 199 320 199 278 199 101 200 269 200 208 200 51 201 219 201 218 201 153 202 321 202 279 202 102 203 270 203 212 203 52 204 220 204 219 204 154 205 322 205 280 205 1 206 169 206 168 206 103 207 271 207 216 207 53 208 221 208 220 208 155 209 323 209 281 209 2 210 170 210 169 210 104 211 272 211 218 211 54 212 222 212 221 212 156 213 324 213 282 213 3 214 171 214 170 214 105 215 273 215 220 215 55 216 223 216 222 216 157 217 325 217 283 217 4 218 172 218 171 218 106 219 274 219 221 219 56 220 224 220 223 220 158 221 326 221 284 221 5 222 173 222 172 222 107 223 275 223 222 223 57 224 225 224 224 224 159 225 327 225 285 225 6 226 174 226 173 226 108 227 276 227 223 227 58 228 226 228 225 228 160 229 328 229 286 229 7 230 175 230 174 230 109 231 277 231 224 231 59 232 227 232 226 232 161 233 329 233 287 233 8 234 176 234 175 234 110 235 278 235 225 235 60 236 228 236 227 236 162 237 330 237 288 237 9 238 177 238 176 238 111 239 279 239 226 239 61 240 229 240 228 240 163 241 331 241 289 241 10 242 178 242 177 242 112 243 280 243 227 243 62 244 230 244 229 244 164 245 332 245 290 245 11 246 179 246 178 246 113 247 281 247 228 247 63 248 231 248 230 248 165 249 333 249 291 249 12 250 180 250 179 250 114 251 282 251 229 251 64 252 232 252 231 252 166 253 334 253 292 253 13 254 181 254 180 254 115 255 283 255 233 255 65 256 233 256 232 256 167 257 335 257 293 257 14 258 182 258 181 258 116 259 284 259 240 259 66 260 234 260 233 260 15 261 183 261 182 261 117 262 285 262 242 262 67 263 235 263 234 263 16 264 184 264 183 264 118 265 286 265 243 265 68 266 236 266 235 266 17 267 185 267 184 267 119 268 287 268 245 268 69 269 237 269 236 269 18 270 186 270 185 270 120 271 288 271 246 271 70 272 238 272 237 272 19 273 187 273 186 273 121 274 289 274 247 274 71 275 239 275 238 275 20 276 188 276 187 276 122 277 290 277 248 277 72 278 240 278 239 278 21 279 189 279 188 279 123 280 291 280 249 280 73 281 241 281 240 281 22 282 190 282 189 282 124 283 292 283 250 283 74 284 242 284 241 284 23 285 191 285 190 285 125 286 293 286 251 286 75 287 243 287 242 287 24 288 192 288 191 288 126 289 294 289 252 289 76 290 244 290 243 290 25 291 193 291 192 291 127 292 295 292 253 292 77 293 245 293 244 293 26 294 194 294 193 294 128 295 296 295 254 295 78 296 246 296 245 296 27 297 195 297 194 297 129 298 297 298 255 298 79 299 247 299 246 299 28 300 196 300 195 300 130 301 298 301 256 301 80 302 248 302 247 302 29 303 197 303 196 303 131 304 299 304 257 304 81 305 249 305 248 305 30 306 198 306 197 306 132 307 300 307 258 307 82 308 250 308 249 308 31 309 199 309 198 309 133 310 301 310 259 310 83 311 251 311 250 311 32 312 200 312 199 312 134 313 302 313 260 313 0 314 168 314 251 314 33 315 201 315 200 315 135 316 303 316 261 316 84 317 252 317 169 317 34 318 202 318 201 318 136 319 304 319 262 319 85 320 253 320 170 320 35 321 203 321 202 321 137 322 305 322 263 322 86 323 254 323 172 323 36 324 204 324 203 324 138 325 306 325 264 325 87 326 255 326 173 326 37 327 205 327 204 327 139 328 307 328 265 328 88 329 256 329 175 329 38 330 206 330 205 330 140 331 308 331 266 331 89 332 257 332 177 332 39 333 207 333 206 333 141 334 309 334 267 334 90 335 258 335 178 335</p>
        </triangles>
      </mesh>
    </geometry>
    <geometry id="Mesh_005-mesh" name="Mesh.005">
      <mesh>
        <source id="Mesh_005-mesh-positions">
          <float_array id="Mesh_005-mesh-positions-array" count="642">0.1301571 0.03269207 0 0.1302037 0.03264552 0 0.1302503 0.03259891 0 0.130297 0.03255224 0 0.1303437 0.03250545 0 0.1303907 0.0324586 0 0.1304376 0.03241163 0 0.1304847 0.03236454 0 0.130532 0.03231728 0 0.1305795 0.03226983 0 0.1306271 0.03222221 0 0.130675 0.03217434 0 0.1306266 0.03212118 0 0.1305855 0.032076 0 0.1305502 0.03203719 0 0.1305192 0.03200322 0 0.1304911 0.03197228 0 0.1304643 0.03194296 0 0.1304375 0.03191351 0 0.1304091 0.03188234 0 0.1303777 0.03184783 0 0.1303418 0.03180837 0 0.1302999 0.0317623 0 0.1302505 0.03170806 0 0.129917 0.03133529 0 0.1295868 0.03096067 0 0.1292597 0.03058421 0 0.1289357 0.03020578 0 0.1286147 0.02982527 0 0.1282964 0.0294426 0 0.127981 0.02905762 0 0.1276682 0.02867031 0 0.127358 0.02828049 0 0.1270502 0.02788811 0 0.1267448 0.02749311 0 0.1264415 0.02709531 0 0.126395 0.02714186 0 0.1263484 0.02718842 0 0.1263018 0.02723503 0 0.1262551 0.02728176 0 0.1261849 0.02735191 0 0.1261145 0.0274223 0 0.1260673 0.02746945 0 0.1260201 0.02751672 0 0.1259726 0.02756416 0 0.125925 0.02761179 0 0.1258771 0.02765965 0 0.1259062 0.02769219 0 0.1259353 0.02772474 0 0.1259645 0.02775734 0 0.1259937 0.02779 0 0.1260229 0.02782267 0 0.1260522 0.02785545 0 0.1260815 0.02788829 0 0.126111 0.02792125 0 0.1261405 0.02795428 0 0.1261702 0.02798748 0 0.1262 0.02802073 0 0.1262299 0.02805423 0 0.1265651 0.0284354 0 0.1268976 0.02881848 0 0.1272274 0.02920347 0 0.1275549 0.02959024 0 0.1278802 0.02997869 0 0.1282034 0.0303688 0 0.1285248 0.0307604 0 0.1288445 0.0311535 0 0.1291628 0.03154796 0 0.1294798 0.03194367 0 0.1297956 0.03234058 0 0.1301105 0.03273868 0 0.1302037 0.03264552 0 0.1306266 0.03212118 0 0.1304375 0.03191351 0 0.129917 0.03133529 0 0.1289357 0.03020578 0 0.1286147 0.02982527 0 0.1282964 0.0294426 0 0.127981 0.02905762 0 0.127358 0.02828049 0 0.1270502 0.02788811 0 0.1267448 0.02749311 0 0.1264415 0.02709531 0 0.1258771 0.02765965 0 0.1272274 0.02920347 0 0.1278802 0.02997869 0 0.1282034 0.0303688 0 0.1301105 0.03273868 0 0.1302037 0.03264552 0 0.1306266 0.03212118 0 0.1304375 0.03191351 0 0.129917 0.03133529 0 0.1289357 0.03020578 0 0.1286147 0.02982527 0 0.1282964 0.0294426 0 0.127981 0.02905762 0 0.127358 0.02828049 0 0.1270502 0.02788811 0 0.1267448 0.02749311 0 0.1264415 0.02709531 0 0.1258771 0.02765965 0 0.1272274 0.02920347 0 0.1278802 0.02997869 0 0.1282034 0.0303688 0 0.1301105 0.03273868 0 0.1265651 0.0284354 0 0.1268976 0.02881848 0 0.1301571 0.03269207 0.07720786 0.1302037 0.03264552 0.07720786 0.1302503 0.03259891 0.07720786 0.130297 0.03255224 0.07720786 0.1303437 0.03250545 0.07720786 0.1303907 0.0324586 0.07720786 0.1304376 0.03241163 0.07720786 0.1304847 0.03236454 0.07720786 0.130532 0.03231728 0.07720786 0.1305795 0.03226983 0.07720786 0.1306271 0.03222221 0.07720786 0.130675 0.03217434 0.07720786 0.1306266 0.03212118 0.07720786 0.1305855 0.032076 0.07720786 0.1305502 0.03203719 0.07720786 0.1305192 0.03200322 0.07720786 0.1304911 0.03197228 0.07720786 0.1304643 0.03194296 0.07720786 0.1304375 0.03191351 0.07720786 0.1304091 0.03188234 0.07720786 0.1303777 0.03184783 0.07720786 0.1303418 0.03180837 0.07720786 0.1302999 0.0317623 0.07720786 0.1302505 0.03170806 0.07720786 0.129917 0.03133529 0.07720786 0.1295868 0.03096067 0.07720786 0.1292597 0.03058421 0.07720786 0.1289357 0.03020578 0.07720786 0.1286147 0.02982527 0.07720786 0.1282964 0.0294426 0.07720786 0.127981 0.02905762 0.07720786 0.1276682 0.02867031 0.07720786 0.127358 0.02828049 0.07720786 0.1270502 0.02788811 0.07720786 0.1267448 0.02749311 0.07720786 0.1264415 0.02709531 0.07720786 0.126395 0.02714186 0.07720786 0.1263484 0.02718842 0.07720786 0.1263018 0.02723503 0.07720786 0.1262551 0.02728176 0.07720786 0.1261849 0.02735191 0.07720786 0.1261145 0.0274223 0.07720786 0.1260673 0.02746945 0.07720786 0.1260201 0.02751672 0.07720786 0.1259726 0.02756416 0.07720786 0.125925 0.02761179 0.07720786 0.1258771 0.02765965 0.07720786 0.1259062 0.02769219 0.07720786 0.1259353 0.02772474 0.07720786 0.1259645 0.02775734 0.07720786 0.1259937 0.02779 0.07720786 0.1260229 0.02782267 0.07720786 0.1260522 0.02785545 0.07720786 0.1260815 0.02788829 0.07720786 0.126111 0.02792125 0.07720786 0.1261405 0.02795428 0.07720786 0.1261702 0.02798748 0.07720786 0.1262 0.02802073 0.07720786 0.1262299 0.02805423 0.07720786 0.1265651 0.0284354 0.07720786 0.1268976 0.02881848 0.07720786 0.1272274 0.02920347 0.07720786 0.1275549 0.02959024 0.07720786 0.1278802 0.02997869 0.07720786 0.1282034 0.0303688 0.07720786 0.1285248 0.0307604 0.07720786 0.1288445 0.0311535 0.07720786 0.1291628 0.03154796 0.07720786 0.1294798 0.03194367 0.07720786 0.1297956 0.03234058 0.07720786 0.1301105 0.03273868 0.07720786 0.1302037 0.03264552 0.07720786 0.1306266 0.03212118 0.07720786 0.1304375 0.03191351 0.07720786 0.129917 0.03133529 0.07720786 0.1289357 0.03020578 0.07720786 0.1286147 0.02982527 0.07720786 0.1282964 0.0294426 0.07720786 0.127981 0.02905762 0.07720786 0.127358 0.02828049 0.07720786 0.1270502 0.02788811 0.07720786 0.1267448 0.02749311 0.07720786 0.1264415 0.02709531 0.07720786 0.1258771 0.02765965 0.07720786 0.1272274 0.02920347 0.07720786 0.1278802 0.02997869 0.07720786 0.1282034 0.0303688 0.07720786 0.1301105 0.03273868 0.07720786 0.1302037 0.03264552 0.07720786 0.1306266 0.03212118 0.07720786 0.1304375 0.03191351 0.07720786 0.129917 0.03133529 0.07720786 0.1289357 0.03020578 0.07720786 0.1286147 0.02982527 0.07720786 0.1282964 0.0294426 0.07720786 0.127981 0.02905762 0.07720786 0.127358 0.02828049 0.07720786 0.1270502 0.02788811 0.07720786 0.1267448 0.02749311 0.07720786 0.1264415 0.02709531 0.07720786 0.1258771 0.02765965 0.07720786 0.1272274 0.02920347 0.07720786 0.1278802 0.02997869 0.07720786 0.1282034 0.0303688 0.07720786 0.1301105 0.03273868 0.07720786 0.1265651 0.0284354 0.07720786 0.1268976 0.02881848 0.07720786</float_array>
          <technique_common>
            <accessor source="#Mesh_005-mesh-positions-array" count="214" stride="3">
              <param name="X" type="float"/>
              <param name="Y" type="float"/>
              <param name="Z" type="float"/>
            </accessor>
          </technique_common>
        </source>
        <source id="Mesh_005-mesh-normals">
          <float_array id="Mesh_005-mesh-normals-array" count="660">0 0 1 0 0 1 -0.7070227 -0.7071909 0 0.7509167 -0.6603969 0 -0.7070509 -0.7071627 0 -0.7552866 0.6553947 0 -0.7069953 -0.7072182 0 0.7593702 -0.6506589 0 -0.7069958 -0.7072178 0 0.7631868 -0.646178 0 -0.7069962 -0.7072174 0 0.7667248 -0.6419758 0 -0.7070792 -0.7071343 0 0.7699991 -0.638045 0 -0.7394428 0.6732194 0 0.7730172 -0.6343851 0 -0.7394818 0.6731767 0 0.7757647 -0.6310224 0 -0.739535 0.6731182 0 0.778259 -0.6279435 0 -0.739405 0.6732609 0 0.7805045 -0.6251502 0 -0.7394232 0.6732409 0 0.7824882 -0.6226653 0 -0.7394474 0.6732143 0 0.7842428 -0.620454 0 -0.7394322 0.6732311 0 -0.7070502 -0.7071634 0 -0.7393801 0.6732883 0 0.7069946 0.7072191 0 -0.7394992 0.6731574 0 0 0 1 -0.7394535 0.6732078 0 0 0 1 -0.739512 0.6731433 0 0 0 1 -0.7395537 0.6730976 0 0 0 1 -0.7453249 0.6667015 0 0 0 1 -0.7501162 0.661306 0 0 0 1 -0.754882 0.6558606 0 0 0 1 -0.7596012 0.6503892 0 0 0 1 -0.7642853 0.6448783 0 0 0 1 -0.7689151 0.639351 0 0 0 1 -0.77347 0.6338329 0 0 0 1 -0.7779902 0.6282765 0 0 0 1 -0.782429 0.6227398 0 0 0 1 -0.7868121 0.6171925 0 0 0 1 -0.7911201 0.6116609 0 0 0 1 -0.795351 0.6061491 0 0 0 1 0.7070785 0.7071351 0 0 0 1 0.7069937 0.7072198 0 0 0 1 0.7070645 0.7071492 0 0 0 1 0.7070645 0.7071491 0 0 0 1 0.7071068 0.7071068 0 0 0 1 0.7070509 0.7071627 0 0 0 1 0.7069953 0.7072182 0 0 0 1 0.706968 0.7072455 0 0 0 1 0.7069824 0.7072312 0 0 0 1 0.7070379 0.7071756 0 0 0 1 0.7455614 -0.666437 0 0 0 1 0.7455245 -0.6664783 0 0 0 1 0.7454697 -0.6665396 0 0 0 1 0.7455472 -0.6664528 0 0 0 1 0.745419 -0.6665962 0 0 0 1 0.7454419 -0.6665706 0 0 0 1 0.7454282 -0.6665861 0 -0.7069937 -0.7072198 0 0 0 1 0.745378 -0.6666421 0 -0.7070503 -0.7071633 0 0 0 1 0.7454775 -0.6665308 0 -0.7070504 -0.7071632 0 0.7552866 -0.6553947 0 0.7455587 -0.6664399 0 -0.7070786 -0.7071349 0 0 0 1 0.745419 -0.6665962 0 -0.7070224 -0.7071911 0 0 0 1 0.7456113 -0.6663811 0 0 0 1 0 0 1 -0.7070227 -0.7071909 0 0.7509167 -0.6603969 0 -0.7070509 -0.7071627 0 -0.7552866 0.6553947 0 -0.7069953 -0.7072182 0 0.7593702 -0.6506589 0 -0.7069958 -0.7072178 0 0.7631868 -0.646178 0 -0.7069962 -0.7072174 0 0.7667248 -0.6419758 0 -0.7070792 -0.7071343 0 0.7699991 -0.638045 0 -0.7394428 0.6732194 0 0.7730172 -0.6343851 0 -0.7394818 0.6731767 0 0.7757647 -0.6310224 0 -0.739535 0.6731182 0 0.778259 -0.6279435 0 -0.739405 0.6732609 0 0.7805045 -0.6251502 0 -0.7394232 0.6732409 0 0.7824882 -0.6226653 0 -0.7394474 0.6732143 0 0.7842428 -0.620454 0 -0.7394322 0.6732311 0 -0.7070502 -0.7071634 0 -0.7393801 0.6732883 0 0.7069946 0.7072191 0 -0.7394992 0.6731574 0 0 0 1 -0.7394535 0.6732078 0 0 0 1 -0.739512 0.6731433 0 0 0 1 -0.7395537 0.6730976 0 0 0 1 -0.7453249 0.6667015 0 0 0 1 -0.7501162 0.661306 0 0 0 1 -0.754882 0.6558606 0 0 0 1 -0.7596012 0.6503892 0 0 0 1 -0.7642853 0.6448783 0 0 0 1 -0.7689151 0.639351 0 0 0 1 -0.77347 0.6338329 0 0 0 1 -0.7779902 0.6282765 0 0 0 1 -0.782429 0.6227398 0 0 0 1 -0.7868121 0.6171925 0 0 0 1 -0.7911201 0.6116609 0 0 0 1 -0.795351 0.6061491 0 0 0 1 0.7070785 0.7071351 0 0 0 1 0.7069937 0.7072198 0 0 0 1 0.7070645 0.7071492 0 0 0 1 0.7070645 0.7071491 0 0 0 1 0.7071068 0.7071068 0 0 0 1 0.7070509 0.7071627 0 0 0 1 0.7069953 0.7072182 0 0 0 1 0.706968 0.7072455 0 0 0 1 0.7069824 0.7072312 0 0 0 1 0.7070379 0.7071756 0 0 0 1 0.7455614 -0.666437 0 0 0 1 0.7455245 -0.6664783 0 0 0 1 0.7454697 -0.6665396 0 0 0 1 0.7455472 -0.6664528 0 0 0 1 0.745419 -0.6665962 0 0 0 1 0.7454419 -0.6665706 0 0 0 1 0.7454282 -0.6665861 0 -0.7069937 -0.7072198 0 0 0 1 0.745378 -0.6666421 0 -0.7070503 -0.7071633 0 0 0 1 0.7454775 -0.6665308 0 -0.7070504 -0.7071632 0 0.7552866 -0.6553947 0 0.7455587 -0.6664399 0 -0.7070786 -0.7071349 0 0 0 1 0.745419 -0.6665962 0 -0.7070224 -0.7071911 0 0 0 1 0.7456113 -0.6663811 0</float_array>
          <technique_common>
            <accessor source="#Mesh_005-mesh-normals-array" count="220" stride="3">
              <param name="X" type="float"/>
              <param name="Y" type="float"/>
              <param name="Z" type="float"/>
            </accessor>
          </technique_common>
        </source>
        <vertices id="Mesh_005-mesh-vertices">
          <input semantic="POSITION" source="#Mesh_005-mesh-positions"/>
        </vertices>
        <triangles count="220">
          <input semantic="VERTEX" source="#Mesh_005-mesh-vertices" offset="0"/>
          <input semantic="NORMAL" source="#Mesh_005-mesh-normals" offset="1"/>
          <p>106 0 59 0 60 0 166 1 213 1 167 1 6 2 112 2 5 2 59 3 165 3 58 3 7 4 113 4 6 4 59 5 167 5 60 5 8 6 114 6 7 6 61 7 167 7 60 7 9 8 115 8 8 8 62 9 168 9 61 9 10 10 116 10 9 10 63 11 169 11 62 11 11 12 117 12 10 12 64 13 170 13 63 13 12 14 118 14 11 14 65 15 171 15 64 15 13 16 119 16 12 16 66 17 172 17 65 17 14 18 120 18 13 18 67 19 173 19 66 19 15 20 121 20 14 20 68 21 174 21 67 21 16 22 122 22 15 22 69 23 175 23 68 23 17 24 123 24 16 24 70 25 176 25 69 25 18 26 124 26 17 26 0 27 177 27 70 27 19 28 125 28 18 28 41 29 147 29 40 29 20 30 126 30 19 30 71 31 108 31 1 31 21 32 127 32 20 32 72 33 119 33 12 33 22 34 128 34 21 34 73 35 125 35 18 35 23 36 129 36 22 36 74 37 131 37 24 37 24 38 130 38 23 38 75 39 134 39 27 39 25 40 131 40 24 40 76 41 135 41 28 41 26 42 132 42 25 42 77 43 136 43 29 43 27 44 133 44 26 44 78 45 137 45 30 45 28 46 134 46 27 46 79 47 139 47 32 47 29 48 135 48 28 48 80 49 140 49 33 49 30 50 136 50 29 50 81 51 141 51 34 51 31 52 137 52 30 52 82 53 142 53 35 53 32 54 138 54 31 54 83 55 153 55 46 55 33 56 139 56 32 56 84 57 168 57 61 57 34 58 140 58 33 58 85 59 170 59 63 59 35 60 141 60 34 60 86 61 171 61 64 61 36 62 142 62 35 62 87 63 177 63 70 63 37 64 143 64 36 64 88 65 178 65 71 65 38 66 144 66 37 66 89 67 179 67 72 67 39 68 145 68 38 68 90 69 180 69 73 69 40 70 146 70 39 70 91 71 181 71 74 71 42 72 148 72 41 72 92 73 182 73 75 73 43 74 149 74 42 74 93 75 183 75 76 75 44 76 150 76 43 76 94 77 184 77 77 77 45 78 151 78 44 78 95 79 185 79 78 79 46 80 152 80 45 80 96 81 186 81 79 81 47 82 153 82 46 82 97 83 187 83 80 83 48 84 154 84 47 84 98 85 188 85 81 85 49 86 155 86 48 86 99 87 189 87 82 87 50 88 156 88 49 88 100 89 190 89 83 89 51 90 157 90 50 90 101 91 191 91 84 91 52 92 158 92 51 92 102 93 192 93 85 93 53 94 159 94 52 94 1 95 107 95 0 95 103 96 193 96 86 96 54 97 160 97 53 97 2 98 108 98 1 98 104 99 194 99 87 99 55 100 161 100 54 100 3 101 109 101 2 101 106 102 212 102 105 102 56 103 162 103 55 103 4 104 110 104 3 104 60 105 213 105 106 105 57 106 163 106 56 106 5 107 111 107 4 107 105 108 166 108 59 108 58 109 164 109 57 109 106 110 105 110 59 110 166 111 212 111 213 111 6 112 113 112 112 112 59 113 166 113 165 113 7 114 114 114 113 114 59 115 166 115 167 115 8 116 115 116 114 116 61 117 168 117 167 117 9 118 116 118 115 118 62 119 169 119 168 119 10 120 117 120 116 120 63 121 170 121 169 121 11 122 118 122 117 122 64 123 171 123 170 123 12 124 119 124 118 124 65 125 172 125 171 125 13 126 120 126 119 126 66 127 173 127 172 127 14 128 121 128 120 128 67 129 174 129 173 129 15 130 122 130 121 130 68 131 175 131 174 131 16 132 123 132 122 132 69 133 176 133 175 133 17 134 124 134 123 134 70 135 177 135 176 135 18 136 125 136 124 136 0 137 107 137 177 137 19 138 126 138 125 138 41 139 148 139 147 139 20 140 127 140 126 140 71 141 178 141 108 141 21 142 128 142 127 142 72 143 179 143 119 143 22 144 129 144 128 144 73 145 180 145 125 145 23 146 130 146 129 146 74 147 181 147 131 147 24 148 131 148 130 148 75 149 182 149 134 149 25 150 132 150 131 150 76 151 183 151 135 151 26 152 133 152 132 152 77 153 184 153 136 153 27 154 134 154 133 154 78 155 185 155 137 155 28 156 135 156 134 156 79 157 186 157 139 157 29 158 136 158 135 158 80 159 187 159 140 159 30 160 137 160 136 160 81 161 188 161 141 161 31 162 138 162 137 162 82 163 189 163 142 163 32 164 139 164 138 164 83 165 190 165 153 165 33 166 140 166 139 166 84 167 191 167 168 167 34 168 141 168 140 168 85 169 192 169 170 169 35 170 142 170 141 170 86 171 193 171 171 171 36 172 143 172 142 172 87 173 194 173 177 173 37 174 144 174 143 174 88 175 195 175 178 175 38 176 145 176 144 176 89 177 196 177 179 177 39 178 146 178 145 178 90 179 197 179 180 179 40 180 147 180 146 180 91 181 198 181 181 181 42 182 149 182 148 182 92 183 199 183 182 183 43 184 150 184 149 184 93 185 200 185 183 185 44 186 151 186 150 186 94 187 201 187 184 187 45 188 152 188 151 188 95 189 202 189 185 189 46 190 153 190 152 190 96 191 203 191 186 191 47 192 154 192 153 192 97 193 204 193 187 193 48 194 155 194 154 194 98 195 205 195 188 195 49 196 156 196 155 196 99 197 206 197 189 197 50 198 157 198 156 198 100 199 207 199 190 199 51 200 158 200 157 200 101 201 208 201 191 201 52 202 159 202 158 202 102 203 209 203 192 203 53 204 160 204 159 204 1 205 108 205 107 205 103 206 210 206 193 206 54 207 161 207 160 207 2 208 109 208 108 208 104 209 211 209 194 209 55 210 162 210 161 210 3 211 110 211 109 211 106 212 213 212 212 212 56 213 163 213 162 213 4 214 111 214 110 214 60 215 167 215 213 215 57 216 164 216 163 216 5 217 112 217 111 217 105 218 212 218 166 218 58 219 165 219 164 219</p>
        </triangles>
      </mesh>
    </geometry>
    <geometry id="Mesh_004-mesh" name="Mesh.004">
      <mesh>
        <source id="Mesh_004-mesh-positions">
          <float_array id="Mesh_004-mesh-positions-array" count="912">-0.1326436 -0.00478971 0 -0.1325971 -0.004812955 0 -0.1325505 -0.004836261 0 -0.1325039 -0.004859566 0 -0.1324572 -0.004882931 0 -0.1324104 -0.004906296 0 -0.1323636 -0.004929721 0 -0.1323166 -0.004953205 0 -0.1322695 -0.004976749 0 -0.1322222 -0.005000412 0 -0.1321747 -0.005024075 0 -0.1321271 -0.005047917 0 -0.1320792 -0.005071878 0 -0.132133 -0.005123972 0 -0.1321868 -0.005176067 0 -0.1322406 -0.005228281 0 -0.1322945 -0.005280494 0 -0.1323485 -0.005332827 0 -0.1324025 -0.005385279 0 -0.1324568 -0.00543785 0 -0.1325111 -0.005490541 0 -0.1325657 -0.00554347 0 -0.1326205 -0.005596518 0 -0.1326755 -0.005649864 0 -0.1327308 -0.005703449 0 -0.1331468 -0.006113469 0 -0.1335583 -0.006525099 0 -0.1339654 -0.006938815 0 -0.1343679 -0.007355153 0 -0.1347659 -0.007774531 0 -0.1351596 -0.008197546 0 -0.1355487 -0.008624672 0 -0.1359334 -0.009056448 0 -0.1363137 -0.009493291 0 -0.1366896 -0.009935796 0 -0.1370611 -0.01038444 0 -0.1374283 -0.01083976 0 -0.1376338 -0.01109451 0 -0.1378411 -0.01134759 0 -0.1380499 -0.01159918 0 -0.1382603 -0.0118494 0 -0.1384721 -0.01209843 0 -0.1386851 -0.01234632 0 -0.1388992 -0.01259332 0 -0.1391143 -0.01283949 0 -0.1393302 -0.013085 0 -0.1395468 -0.01333004 0 -0.139764 -0.01357465 0 -0.1399816 -0.01381909 0 -0.1400049 -0.01377248 0 -0.1400282 -0.01372593 0 -0.1400515 -0.01367932 0 -0.1400749 -0.01363265 0 -0.1400982 -0.01358586 0 -0.1401216 -0.01353901 0 -0.1401452 -0.01349204 0 -0.1401687 -0.01344496 0 -0.1401923 -0.01339769 0 -0.1402161 -0.01335024 0 -0.1402399 -0.01330256 0 -0.1402638 -0.01325476 0 -0.1396714 -0.01250594 0 -0.1390714 -0.01176685 0 -0.1384637 -0.01103681 0 -0.1378484 -0.01031535 0 -0.1372254 -0.009601891 0 -0.1365946 -0.008896052 0 -0.135956 -0.008197188 0 -0.1353095 -0.00750482 0 -0.1346551 -0.006818354 0 -0.1339927 -0.006137371 0 -0.1333222 -0.005461335 0 -0.1325971 -0.004812955 0 -0.1323166 -0.004953205 0 -0.1320792 -0.005071878 0 -0.1321868 -0.005176067 0 -0.1322945 -0.005280494 0 -0.1324568 -0.00543785 0 -0.1325657 -0.00554347 0 -0.1327308 -0.005703449 0 -0.1331468 -0.006113469 0 -0.1335583 -0.006525099 0 -0.1339654 -0.006938815 0 -0.1343679 -0.007355153 0 -0.1347659 -0.007774531 0 -0.1351596 -0.008197546 0 -0.1355487 -0.008624672 0 -0.1359334 -0.009056448 0 -0.1363137 -0.009493291 0 -0.1366896 -0.009935796 0 -0.1370611 -0.01038444 0 -0.1374283 -0.01083976 0 -0.1376338 -0.01109451 0 -0.1378411 -0.01134759 0 -0.1380499 -0.01159918 0 -0.1384721 -0.01209843 0 -0.1386851 -0.01234632 0 -0.1388992 -0.01259332 0 -0.1393302 -0.013085 0 -0.1395468 -0.01333004 0 -0.139764 -0.01357465 0 -0.1399816 -0.01381909 0 -0.1400515 -0.01367932 0 -0.1402399 -0.01330256 0 -0.1396714 -0.01250594 0 -0.1378484 -0.01031535 0 -0.1365946 -0.008896052 0 -0.135956 -0.008197188 0 -0.1353095 -0.00750482 0 -0.1346551 -0.006818354 0 -0.1339927 -0.006137371 0 -0.1333222 -0.005461335 0 -0.1325971 -0.004812955 0 -0.1323166 -0.004953205 0 -0.1320792 -0.005071878 0 -0.1321868 -0.005176067 0 -0.1322945 -0.005280494 0 -0.1324568 -0.00543785 0 -0.1325657 -0.00554347 0 -0.1327308 -0.005703449 0 -0.1331468 -0.006113469 0 -0.1335583 -0.006525099 0 -0.1339654 -0.006938815 0 -0.1343679 -0.007355153 0 -0.1347659 -0.007774531 0 -0.1351596 -0.008197546 0 -0.1355487 -0.008624672 0 -0.1359334 -0.009056448 0 -0.1363137 -0.009493291 0 -0.1366896 -0.009935796 0 -0.1370611 -0.01038444 0 -0.1374283 -0.01083976 0 -0.1376338 -0.01109451 0 -0.1378411 -0.01134759 0 -0.1380499 -0.01159918 0 -0.1384721 -0.01209843 0 -0.1386851 -0.01234632 0 -0.1388992 -0.01259332 0 -0.1393302 -0.013085 0 -0.1395468 -0.01333004 0 -0.139764 -0.01357465 0 -0.1399816 -0.01381909 0 -0.1400515 -0.01367932 0 -0.1402399 -0.01330256 0 -0.1396714 -0.01250594 0 -0.1378484 -0.01031535 0 -0.1365946 -0.008896052 0 -0.135956 -0.008197188 0 -0.1353095 -0.00750482 0 -0.1346551 -0.006818354 0 -0.1339927 -0.006137371 0 -0.1333222 -0.005461335 0 -0.1326436 -0.00478971 0.07720786 -0.1325971 -0.004812955 0.07720786 -0.1325505 -0.004836261 0.07720786 -0.1325039 -0.004859566 0.07720786 -0.1324572 -0.004882931 0.07720786 -0.1324104 -0.004906296 0.07720786 -0.1323636 -0.004929721 0.07720786 -0.1323166 -0.004953205 0.07720786 -0.1322695 -0.004976749 0.07720786 -0.1322222 -0.005000412 0.07720786 -0.1321747 -0.005024075 0.07720786 -0.1321271 -0.005047917 0.07720786 -0.1320792 -0.005071878 0.07720786 -0.132133 -0.005123972 0.07720786 -0.1321868 -0.005176067 0.07720786 -0.1322406 -0.005228281 0.07720786 -0.1322945 -0.005280494 0.07720786 -0.1323485 -0.005332827 0.07720786 -0.1324025 -0.005385279 0.07720786 -0.1324568 -0.00543785 0.07720786 -0.1325111 -0.005490541 0.07720786 -0.1325657 -0.00554347 0.07720786 -0.1326205 -0.005596518 0.07720786 -0.1326755 -0.005649864 0.07720786 -0.1327308 -0.005703449 0.07720786 -0.1331468 -0.006113469 0.07720786 -0.1335583 -0.006525099 0.07720786 -0.1339654 -0.006938815 0.07720786 -0.1343679 -0.007355153 0.07720786 -0.1347659 -0.007774531 0.07720786 -0.1351596 -0.008197546 0.07720786 -0.1355487 -0.008624672 0.07720786 -0.1359334 -0.009056448 0.07720786 -0.1363137 -0.009493291 0.07720786 -0.1366896 -0.009935796 0.07720786 -0.1370611 -0.01038444 0.07720786 -0.1374283 -0.01083976 0.07720786 -0.1376338 -0.01109451 0.07720786 -0.1378411 -0.01134759 0.07720786 -0.1380499 -0.01159918 0.07720786 -0.1382603 -0.0118494 0.07720786 -0.1384721 -0.01209843 0.07720786 -0.1386851 -0.01234632 0.07720786 -0.1388992 -0.01259332 0.07720786 -0.1391143 -0.01283949 0.07720786 -0.1393302 -0.013085 0.07720786 -0.1395468 -0.01333004 0.07720786 -0.139764 -0.01357465 0.07720786 -0.1399816 -0.01381909 0.07720786 -0.1400049 -0.01377248 0.07720786 -0.1400282 -0.01372593 0.07720786 -0.1400515 -0.01367932 0.07720786 -0.1400749 -0.01363265 0.07720786 -0.1400982 -0.01358586 0.07720786 -0.1401216 -0.01353901 0.07720786 -0.1401452 -0.01349204 0.07720786 -0.1401687 -0.01344496 0.07720786 -0.1401923 -0.01339769 0.07720786 -0.1402161 -0.01335024 0.07720786 -0.1402399 -0.01330256 0.07720786 -0.1402638 -0.01325476 0.07720786 -0.1396714 -0.01250594 0.07720786 -0.1390714 -0.01176685 0.07720786 -0.1384637 -0.01103681 0.07720786 -0.1378484 -0.01031535 0.07720786 -0.1372254 -0.009601891 0.07720786 -0.1365946 -0.008896052 0.07720786 -0.135956 -0.008197188 0.07720786 -0.1353095 -0.00750482 0.07720786 -0.1346551 -0.006818354 0.07720786 -0.1339927 -0.006137371 0.07720786 -0.1333222 -0.005461335 0.07720786 -0.1325971 -0.004812955 0.07720786 -0.1323166 -0.004953205 0.07720786 -0.1320792 -0.005071878 0.07720786 -0.1321868 -0.005176067 0.07720786 -0.1322945 -0.005280494 0.07720786 -0.1324568 -0.00543785 0.07720786 -0.1325657 -0.00554347 0.07720786 -0.1327308 -0.005703449 0.07720786 -0.1331468 -0.006113469 0.07720786 -0.1335583 -0.006525099 0.07720786 -0.1339654 -0.006938815 0.07720786 -0.1343679 -0.007355153 0.07720786 -0.1347659 -0.007774531 0.07720786 -0.1351596 -0.008197546 0.07720786 -0.1355487 -0.008624672 0.07720786 -0.1359334 -0.009056448 0.07720786 -0.1363137 -0.009493291 0.07720786 -0.1366896 -0.009935796 0.07720786 -0.1370611 -0.01038444 0.07720786 -0.1374283 -0.01083976 0.07720786 -0.1376338 -0.01109451 0.07720786 -0.1378411 -0.01134759 0.07720786 -0.1380499 -0.01159918 0.07720786 -0.1384721 -0.01209843 0.07720786 -0.1386851 -0.01234632 0.07720786 -0.1388992 -0.01259332 0.07720786 -0.1393302 -0.013085 0.07720786 -0.1395468 -0.01333004 0.07720786 -0.139764 -0.01357465 0.07720786 -0.1399816 -0.01381909 0.07720786 -0.1400515 -0.01367932 0.07720786 -0.1402399 -0.01330256 0.07720786 -0.1396714 -0.01250594 0.07720786 -0.1378484 -0.01031535 0.07720786 -0.1365946 -0.008896052 0.07720786 -0.135956 -0.008197188 0.07720786 -0.1353095 -0.00750482 0.07720786 -0.1346551 -0.006818354 0.07720786 -0.1339927 -0.006137371 0.07720786 -0.1333222 -0.005461335 0.07720786 -0.1325971 -0.004812955 0.07720786 -0.1323166 -0.004953205 0.07720786 -0.1320792 -0.005071878 0.07720786 -0.1321868 -0.005176067 0.07720786 -0.1322945 -0.005280494 0.07720786 -0.1324568 -0.00543785 0.07720786 -0.1325657 -0.00554347 0.07720786 -0.1327308 -0.005703449 0.07720786 -0.1331468 -0.006113469 0.07720786 -0.1335583 -0.006525099 0.07720786 -0.1339654 -0.006938815 0.07720786 -0.1343679 -0.007355153 0.07720786 -0.1347659 -0.007774531 0.07720786 -0.1351596 -0.008197546 0.07720786 -0.1355487 -0.008624672 0.07720786 -0.1359334 -0.009056448 0.07720786 -0.1363137 -0.009493291 0.07720786 -0.1366896 -0.009935796 0.07720786 -0.1370611 -0.01038444 0.07720786 -0.1374283 -0.01083976 0.07720786 -0.1376338 -0.01109451 0.07720786 -0.1378411 -0.01134759 0.07720786 -0.1380499 -0.01159918 0.07720786 -0.1384721 -0.01209843 0.07720786 -0.1386851 -0.01234632 0.07720786 -0.1388992 -0.01259332 0.07720786 -0.1393302 -0.013085 0.07720786 -0.1395468 -0.01333004 0.07720786 -0.139764 -0.01357465 0.07720786 -0.1399816 -0.01381909 0.07720786 -0.1400515 -0.01367932 0.07720786 -0.1402399 -0.01330256 0.07720786 -0.1396714 -0.01250594 0.07720786 -0.1378484 -0.01031535 0.07720786 -0.1365946 -0.008896052 0.07720786 -0.135956 -0.008197188 0.07720786 -0.1353095 -0.00750482 0.07720786 -0.1346551 -0.006818354 0.07720786 -0.1339927 -0.006137371 0.07720786 -0.1333222 -0.005461335 0.07720786</float_array>
          <technique_common>
            <accessor source="#Mesh_004-mesh-positions-array" count="304" stride="3">
              <param name="X" type="float"/>
              <param name="Y" type="float"/>
              <param name="Z" type="float"/>
            </accessor>
          </technique_common>
        </source>
        <source id="Mesh_004-mesh-normals">
          <float_array id="Mesh_004-mesh-normals-array" count="912">0 0 1 -0.7701973 0.6378057 0 0 0 1 0 0 1 -0.7784233 0.6277397 0 0 0 1 0 0 1 -0.7783516 0.6278286 0 0 0 1 0 0 1 -0.7737008 0.6335512 0 0 0 1 0 0 1 -0.7693807 0.6387905 0 0 0 1 0 0 1 -0.7653802 0.6435784 0 0 0 1 0 0 1 -0.7617552 0.6478649 0 0 0 1 0 0 1 -0.758491 0.6516835 0 0 0 1 0 0 1 -0.7555952 0.6550389 0 0 0 1 0 0 1 -0.7530755 0.657934 0 0 0 1 0 0 1 -0.7509365 0.6603744 0 0 0 1 0 0 1 -0.7491828 0.6623634 0 0 0 1 0 0 1 -0.7478415 0.6638774 0 0 0 1 0 0 1 -0.7468864 0.6649516 0 0 0 1 0 0 1 0.8943557 0.4473567 0 0 0 1 0 0 1 0.8944272 0.4472136 0 0 0 1 0.8943486 0.4473708 0 0 0 1 0.8943486 0.4473706 0 -0.447185 -0.8944415 0 0 0 1 0.8944202 0.4472278 0 -0.4470992 -0.8944845 0 0 0 1 0.8943347 0.4473984 0 -0.4471707 -0.8944486 0 0 0 1 0.8943279 0.4474122 0 -0.4471708 -0.8944487 0 0 0 1 0.8943989 0.4472702 0 -0.4471994 -0.8944343 0 0 0 1 0.8944272 0.4472136 0 -0.4471425 -0.8944628 0 0 0 1 0.8944132 0.4472417 0 -0.4471285 -0.8944697 0 0 0 1 0.8943642 0.4473395 0 -0.447157 -0.8944555 0 0 0 1 0.8945038 0.4470604 0 -0.4471008 -0.8944836 0 0 0 1 0.7842057 -0.6205009 0 -0.4470732 -0.8944974 0 0 0 1 0.7763916 -0.630251 0 -0.4470877 -0.8944901 0 0 0 1 0.7686052 -0.6397235 0 -0.447144 -0.8944621 0 0 0 1 0.7608691 -0.6489053 0 -0.6959717 0.7180693 0 0 0 1 0.7532126 -0.6577771 0 -0.6960197 0.7180227 0 0 0 1 0.7456498 -0.666338 0 -0.6960227 0.7180198 0 0 0 1 0.7382108 -0.67457 0 -0.6959744 0.7180666 0 0 0 1 0.7309086 -0.6824754 0 -0.6959806 0.7180607 0 0 0 1 0.7237703 -0.690041 0 -0.6960407 0.7180023 0 0 0 1 0.7168075 -0.6972711 0 -0.6960497 0.7179937 0 0 0 1 0.7100461 -0.7041553 0 -0.696014 0.7180282 0 0 0 1 0.7034952 -0.7107 0 -0.6960323 0.7180105 0 0 0 1 0 0 1 -0.6959999 0.718042 0 0 0 1 0 0 1 -0.696021 0.7180215 0 0 0 1 0 0 1 -0.6959013 0.7181375 0 0 0 1 0 0 1 -0.7019706 0.712206 0 0 0 1 0 0 1 -0.707202 0.7070116 0 0 0 1 0 0 1 -0.7128626 0.7013038 0 0 0 1 0 0 1 -0.7189078 0.6951055 0 0 0 1 0 0 1 -0.7253286 0.6884029 0 0 0 1 0 0 1 -0.7321002 0.681197 0 0 0 1 0 0 1 -0.7392082 0.6734771 0 0 0 1 0 0 1 -0.746597 0.6652767 0 0 0 1 0 0 1 -0.7542476 0.6565901 0 0 0 1 0 0 1 -0.7621262 0.6474285 0 0 0 1 0 0 1 -0.7701973 0.6378057 0 0 0 1 0 0 1 -0.7784233 0.6277397 0 0 0 1 0 0 1 -0.7783516 0.6278286 0 0 0 1 0 0 1 -0.7737008 0.6335512 0 0 0 1 0 0 1 -0.7693807 0.6387905 0 0 0 1 0 0 1 -0.7653802 0.6435784 0 0 0 1 0 0 1 -0.7617552 0.6478649 0 0 0 1 0 0 1 -0.758491 0.6516835 0 0 0 1 0 0 1 -0.7555952 0.6550389 0 0 0 1 0 0 1 -0.7530755 0.657934 0 0 0 1 0 0 1 -0.7509365 0.6603744 0 0 0 1 0 0 1 -0.7491828 0.6623634 0 0 0 1 0 0 1 -0.7478415 0.6638774 0 0 0 1 0 0 1 -0.7468864 0.6649516 0 0 0 1 0 0 1 0.8943557 0.4473567 0 0 0 1 0 0 1 0.8944272 0.4472136 0 0 0 1 0.8943486 0.4473708 0 0 0 1 0.8943486 0.4473706 0 -0.447185 -0.8944415 0 0 0 1 0.8944202 0.4472278 0 -0.4470992 -0.8944845 0 0 0 1 0.8943347 0.4473984 0 -0.4471707 -0.8944486 0 0 0 1 0.8943279 0.4474122 0 -0.4471708 -0.8944487 0 0 0 1 0.8943989 0.4472702 0 -0.4471994 -0.8944343 0 0 0 1 0.8944272 0.4472136 0 -0.4471425 -0.8944628 0 0 0 1 0.8944132 0.4472417 0 -0.4471285 -0.8944697 0 0 0 1 0.8943642 0.4473395 0 -0.447157 -0.8944555 0 0 0 1 0.8945038 0.4470604 0 -0.4471008 -0.8944836 0 0 0 1 0.7842057 -0.6205009 0 -0.4470732 -0.8944974 0 0 0 1 0.7763916 -0.630251 0 -0.4470877 -0.8944901 0 0 0 1 0.7686052 -0.6397235 0 -0.447144 -0.8944621 0 0 0 1 0.7608691 -0.6489053 0 -0.6959717 0.7180693 0 0 0 1 0.7532126 -0.6577771 0 -0.6960197 0.7180227 0 0 0 1 0.7456498 -0.666338 0 -0.6960227 0.7180198 0 0 0 1 0.7382108 -0.67457 0 -0.6959744 0.7180666 0 0 0 1 0.7309086 -0.6824754 0 -0.6959806 0.7180607 0 0 0 1 0.7237703 -0.690041 0 -0.6960407 0.7180023 0 0 0 1 0.7168075 -0.6972711 0 -0.6960497 0.7179937 0 0 0 1 0.7100461 -0.7041553 0 -0.696014 0.7180282 0 0 0 1 0.7034952 -0.7107 0 -0.6960323 0.7180105 0 0 0 1 0 0 1 -0.6959999 0.718042 0 0 0 1 0 0 1 -0.696021 0.7180215 0 0 0 1 0 0 1 -0.6959013 0.7181375 0 0 0 1 0 0 1 -0.7019706 0.712206 0 0 0 1 0 0 1 -0.707202 0.7070116 0 0 0 1 0 0 1 -0.7128626 0.7013038 0 0 0 1 0 0 1 -0.7189078 0.6951055 0 0 0 1 0 0 1 -0.7253286 0.6884029 0 0 0 1 0 0 1 -0.7321002 0.681197 0 0 0 1 0 0 1 -0.7392082 0.6734771 0 0 0 1 0 0 1 -0.746597 0.6652767 0 0 0 1 0 0 1 -0.7542476 0.6565901 0 0 0 1 0 0 1 -0.7621262 0.6474285 0 0 0 1</float_array>
          <technique_common>
            <accessor source="#Mesh_004-mesh-normals-array" count="304" stride="3">
              <param name="X" type="float"/>
              <param name="Y" type="float"/>
              <param name="Z" type="float"/>
            </accessor>
          </technique_common>
        </source>
        <vertices id="Mesh_004-mesh-vertices">
          <input semantic="POSITION" source="#Mesh_004-mesh-positions"/>
        </vertices>
        <triangles count="304">
          <input semantic="VERTEX" source="#Mesh_004-mesh-vertices" offset="0"/>
          <input semantic="NORMAL" source="#Mesh_004-mesh-normals" offset="1"/>
          <p>85 0 182 0 30 0 35 1 186 1 34 1 137 2 249 2 97 2 86 3 183 3 31 3 36 4 187 4 35 4 138 5 250 5 98 5 87 6 184 6 32 6 37 7 188 7 36 7 139 8 251 8 99 8 88 9 185 9 33 9 38 10 189 10 37 10 140 11 252 11 100 11 89 12 186 12 34 12 39 13 190 13 38 13 141 14 253 14 101 14 90 15 187 15 35 15 40 16 191 16 39 16 142 17 254 17 102 17 91 18 188 18 36 18 41 19 192 19 40 19 143 20 255 20 103 20 92 21 189 21 37 21 42 22 193 22 41 22 144 23 256 23 104 23 93 24 190 24 38 24 43 25 194 25 42 25 145 26 257 26 105 26 94 27 191 27 39 27 44 28 195 28 43 28 146 29 258 29 106 29 95 30 193 30 41 30 45 31 196 31 44 31 147 32 259 32 107 32 96 33 194 33 42 33 46 34 197 34 45 34 148 35 260 35 108 35 97 36 195 36 43 36 47 37 198 37 46 37 149 38 261 38 109 38 98 39 197 39 45 39 48 40 199 40 47 40 150 41 262 41 110 41 99 42 198 42 46 42 49 43 200 43 48 43 151 44 263 44 111 44 100 45 199 45 47 45 50 46 201 46 49 46 101 47 200 47 48 47 51 48 202 48 50 48 102 49 203 49 51 49 52 50 203 50 51 50 1 51 152 51 0 51 103 52 211 52 59 52 53 53 204 53 52 53 2 54 153 54 1 54 104 55 213 55 61 55 54 56 205 56 53 56 3 57 154 57 2 57 105 58 216 58 64 58 55 59 206 59 54 59 4 60 155 60 3 60 106 61 218 61 66 61 56 62 207 62 55 62 5 63 156 63 4 63 107 64 219 64 67 64 57 65 208 65 56 65 6 66 157 66 5 66 108 67 220 67 68 67 58 68 209 68 57 68 7 69 158 69 6 69 109 70 221 70 69 70 59 71 210 71 58 71 8 72 159 72 7 72 110 73 222 73 70 73 60 74 211 74 59 74 9 75 160 75 8 75 111 76 223 76 71 76 61 77 212 77 60 77 10 78 161 78 9 78 112 79 224 79 72 79 62 80 213 80 61 80 11 81 162 81 10 81 113 82 225 82 73 82 63 83 214 83 62 83 12 84 163 84 11 84 114 85 226 85 74 85 64 86 215 86 63 86 13 87 164 87 12 87 115 88 227 88 75 88 65 89 216 89 64 89 14 90 165 90 13 90 116 91 228 91 76 91 66 92 217 92 65 92 15 93 166 93 14 93 117 94 229 94 77 94 67 95 218 95 66 95 16 96 167 96 15 96 118 97 230 97 78 97 68 98 219 98 67 98 17 99 168 99 16 99 119 100 231 100 79 100 69 101 220 101 68 101 18 102 169 102 17 102 120 103 232 103 80 103 70 104 221 104 69 104 19 105 170 105 18 105 121 106 233 106 81 106 71 107 222 107 70 107 20 108 171 108 19 108 122 109 234 109 82 109 0 110 223 110 71 110 21 111 172 111 20 111 123 112 235 112 83 112 72 113 153 113 1 113 22 114 173 114 21 114 124 115 236 115 84 115 73 116 159 116 7 116 23 117 174 117 22 117 125 118 237 118 85 118 74 119 164 119 12 119 24 120 175 120 23 120 126 121 238 121 86 121 75 122 166 122 14 122 25 123 176 123 24 123 127 124 239 124 87 124 76 125 168 125 16 125 26 126 177 126 25 126 128 127 240 127 88 127 77 128 171 128 19 128 27 129 178 129 26 129 129 130 241 130 89 130 78 131 173 131 21 131 28 132 179 132 27 132 130 133 242 133 90 133 79 134 176 134 24 134 29 135 180 135 28 135 131 136 243 136 91 136 80 137 177 137 25 137 30 138 181 138 29 138 132 139 244 139 92 139 81 140 178 140 26 140 31 141 182 141 30 141 133 142 245 142 93 142 82 143 179 143 27 143 32 144 183 144 31 144 134 145 246 145 94 145 83 146 180 146 28 146 33 147 184 147 32 147 135 148 247 148 95 148 84 149 181 149 29 149 34 150 185 150 33 150 136 151 248 151 96 151 85 152 237 152 182 152 35 153 187 153 186 153 137 154 289 154 249 154 86 155 238 155 183 155 36 156 188 156 187 156 138 157 290 157 250 157 87 158 239 158 184 158 37 159 189 159 188 159 139 160 291 160 251 160 88 161 240 161 185 161 38 162 190 162 189 162 140 163 292 163 252 163 89 164 241 164 186 164 39 165 191 165 190 165 141 166 293 166 253 166 90 167 242 167 187 167 40 168 192 168 191 168 142 169 294 169 254 169 91 170 243 170 188 170 41 171 193 171 192 171 143 172 295 172 255 172 92 173 244 173 189 173 42 174 194 174 193 174 144 175 296 175 256 175 93 176 245 176 190 176 43 177 195 177 194 177 145 178 297 178 257 178 94 179 246 179 191 179 44 180 196 180 195 180 146 181 298 181 258 181 95 182 247 182 193 182 45 183 197 183 196 183 147 184 299 184 259 184 96 185 248 185 194 185 46 186 198 186 197 186 148 187 300 187 260 187 97 188 249 188 195 188 47 189 199 189 198 189 149 190 301 190 261 190 98 191 250 191 197 191 48 192 200 192 199 192 150 193 302 193 262 193 99 194 251 194 198 194 49 195 201 195 200 195 151 196 303 196 263 196 100 197 252 197 199 197 50 198 202 198 201 198 101 199 253 199 200 199 51 200 203 200 202 200 102 201 254 201 203 201 52 202 204 202 203 202 1 203 153 203 152 203 103 204 255 204 211 204 53 205 205 205 204 205 2 206 154 206 153 206 104 207 256 207 213 207 54 208 206 208 205 208 3 209 155 209 154 209 105 210 257 210 216 210 55 211 207 211 206 211 4 212 156 212 155 212 106 213 258 213 218 213 56 214 208 214 207 214 5 215 157 215 156 215 107 216 259 216 219 216 57 217 209 217 208 217 6 218 158 218 157 218 108 219 260 219 220 219 58 220 210 220 209 220 7 221 159 221 158 221 109 222 261 222 221 222 59 223 211 223 210 223 8 224 160 224 159 224 110 225 262 225 222 225 60 226 212 226 211 226 9 227 161 227 160 227 111 228 263 228 223 228 61 229 213 229 212 229 10 230 162 230 161 230 112 231 264 231 224 231 62 232 214 232 213 232 11 233 163 233 162 233 113 234 265 234 225 234 63 235 215 235 214 235 12 236 164 236 163 236 114 237 266 237 226 237 64 238 216 238 215 238 13 239 165 239 164 239 115 240 267 240 227 240 65 241 217 241 216 241 14 242 166 242 165 242 116 243 268 243 228 243 66 244 218 244 217 244 15 245 167 245 166 245 117 246 269 246 229 246 67 247 219 247 218 247 16 248 168 248 167 248 118 249 270 249 230 249 68 250 220 250 219 250 17 251 169 251 168 251 119 252 271 252 231 252 69 253 221 253 220 253 18 254 170 254 169 254 120 255 272 255 232 255 70 256 222 256 221 256 19 257 171 257 170 257 121 258 273 258 233 258 71 259 223 259 222 259 20 260 172 260 171 260 122 261 274 261 234 261 0 262 152 262 223 262 21 263 173 263 172 263 123 264 275 264 235 264 72 265 224 265 153 265 22 266 174 266 173 266 124 267 276 267 236 267 73 268 225 268 159 268 23 269 175 269 174 269 125 270 277 270 237 270 74 271 226 271 164 271 24 272 176 272 175 272 126 273 278 273 238 273 75 274 227 274 166 274 25 275 177 275 176 275 127 276 279 276 239 276 76 277 228 277 168 277 26 278 178 278 177 278 128 279 280 279 240 279 77 280 229 280 171 280 27 281 179 281 178 281 129 282 281 282 241 282 78 283 230 283 173 283 28 284 180 284 179 284 130 285 282 285 242 285 79 286 231 286 176 286 29 287 181 287 180 287 131 288 283 288 243 288 80 289 232 289 177 289 30 290 182 290 181 290 132 291 284 291 244 291 81 292 233 292 178 292 31 293 183 293 182 293 133 294 285 294 245 294 82 295 234 295 179 295 32 296 184 296 183 296 134 297 286 297 246 297 83 298 235 298 180 298 33 299 185 299 184 299 135 300 287 300 247 300 84 301 236 301 181 301 34 302 186 302 185 302 136 303 288 303 248 303</p>
        </triangles>
      </mesh>
    </geometry>
    <geometry id="Mesh_003-mesh" name="Mesh.003">
      <mesh>
        <source id="Mesh_003-mesh-positions">
          <float_array id="Mesh_003-mesh-positions-array" count="1284">0.02512168 0.01439774 0 0.02514499 0.01432788 0 0.02516829 0.01425802 0 0.0251916 0.01418805 0 0.02521497 0.01411807 0 0.02523833 0.01404792 0 0.02526175 0.01397764 0 0.02528524 0.01390719 0 0.02530884 0.0138365 0 0.02533245 0.01376563 0 0.02535617 0.01369446 0 0.02538001 0.01362299 0 0.02540391 0.01355123 0 0.02535349 0.01350581 0 0.02530294 0.01346045 0 0.0252524 0.01341497 0 0.02520179 0.0133695 0 0.02515113 0.01332396 0 0.02510029 0.01327824 0 0.02504938 0.01323246 0 0.0249983 0.01318657 0 0.02494704 0.01314049 0 0.0248956 0.01309424 0 0.02484399 0.01304787 0 0.02479207 0.0130012 0 0.02434056 0.01259064 0 0.02389138 0.01217836 0 0.02344459 0.01176416 0 0.02300012 0.01134788 0 0.02255809 0.0109294 0 0.02211838 0.01050859 0 0.02168112 0.01008528 0 0.02124625 0.009659349 0 0.02081376 0.009230673 0 0.02038377 0.008799016 0 0.01995611 0.008364319 0 0.01953095 0.007926404 0 0.01943463 0.007828533 0 0.01933777 0.007731199 0 0.01924043 0.007634341 0 0.01914262 0.00753802 0 0.01904439 0.007442057 0 0.01894575 0.00734651 0 0.0188468 0.007251322 0 0.0187475 0.007156431 0 0.01864796 0.007061779 0 0.01854825 0.006967365 0 0.01844829 0.00687319 0 0.01834821 0.006779193 0 0.01830166 0.006779193 0 0.01825511 0.006779193 0 0.01820844 0.006779193 0 0.01816177 0.006779193 0 0.01811498 0.006779193 0 0.01806813 0.006779193 0 0.01802116 0.006779193 0 0.01797401 0.006779193 0 0.01792675 0.006779193 0 0.0178793 0.006779193 0 0.01783162 0.006779193 0 0.01778376 0.006779193 0 0.01788008 0.006986498 0 0.0179789 0.007184147 0 0.01808089 0.007373154 0 0.01818662 0.007554769 0 0.01829689 0.007729947 0 0.01841229 0.007899999 0 0.01853352 0.008065998 0 0.0186612 0.008229017 0 0.01879602 0.008390247 0 0.01893866 0.008550822 0 0.01908981 0.008711874 0 0.01925003 0.008874475 0 0.0192945 0.008918881 0 0.01933902 0.008963227 0 0.01938354 0.009007692 0 0.01942813 0.009052157 0 0.01947277 0.009096682 0 0.01951754 0.009141325 0 0.01956236 0.009186089 0 0.01960736 0.009230971 0 0.01965248 0.009276032 0 0.01969778 0.009321212 0 0.01974332 0.009366631 0 0.01978898 0.009412229 0 0.01983606 0.009458363 0 0.01988309 0.009504497 0 0.01993018 0.00955069 0 0.01997733 0.009596884 0 0.02002459 0.009643197 0 0.02007192 0.009689629 0 0.02011936 0.00973612 0 0.02016699 0.009782791 0 0.02021473 0.00982964 0 0.02026265 0.009876608 0 0.02031075 0.009923815 0 0.02035909 0.009971201 0 0.02040678 0.0100184 0 0.02045446 0.01006561 0 0.0205022 0.01011288 0 0.02055001 0.0101602 0 0.02059787 0.01020765 0 0.02064585 0.01025515 0 0.02069395 0.01030278 0 0.02074217 0.01035052 0 0.02079057 0.01039844 0 0.02083915 0.01044654 0 0.02088797 0.01049488 0 0.02093696 0.0105434 0 0.02125251 0.01085257 0 0.02156919 0.01116001 0 0.0218873 0.01146548 0 0.0222069 0.01176899 0 0.02252823 0.01207047 0 0.0228514 0.01236975 0 0.02317667 0.01266682 0 0.02350407 0.01296156 0 0.02383393 0.01325386 0 0.02416634 0.01354372 0 0.02450144 0.01383095 0 0.02483946 0.01411557 0 0.02486276 0.01413881 0 0.02488607 0.01416212 0 0.02490937 0.01418542 0 0.02493274 0.01420879 0 0.0249561 0.01423215 0 0.02497953 0.01425558 0 0.02500301 0.01427906 0 0.02502661 0.01430261 0 0.02505022 0.01432627 0 0.02507394 0.01434999 0 0.02509778 0.01437377 0 0.0251916 0.01418805 0 0.02533245 0.01376563 0 0.02535349 0.01350581 0 0.02520179 0.0133695 0 0.02494704 0.01314049 0 0.02479207 0.0130012 0 0.02434056 0.01259064 0 0.02389138 0.01217836 0 0.02344459 0.01176416 0 0.02300012 0.01134788 0 0.02255809 0.0109294 0 0.02168112 0.01008528 0 0.02124625 0.009659349 0 0.02081376 0.009230673 0 0.02038377 0.008799016 0 0.01943463 0.007828533 0 0.01933777 0.007731199 0 0.01904439 0.007442057 0 0.01864796 0.007061779 0 0.01825511 0.006779193 0 0.01792675 0.006779193 0 0.01778376 0.006779193 0 0.0179789 0.007184147 0 0.01818662 0.007554769 0 0.01841229 0.007899999 0 0.01879602 0.008390247 0 0.01908981 0.008711874 0 0.01933902 0.008963227 0 0.01969778 0.009321212 0 0.01974332 0.009366631 0 0.02007192 0.009689629 0 0.02011936 0.00973612 0 0.02040678 0.0100184 0 0.02055001 0.0101602 0 0.02079057 0.01039844 0 0.02125251 0.01085257 0 0.02156919 0.01116001 0 0.0222069 0.01176899 0 0.02317667 0.01266682 0 0.02350407 0.01296156 0 0.02416634 0.01354372 0 0.0251916 0.01418805 0 0.02533245 0.01376563 0 0.02535349 0.01350581 0 0.02520179 0.0133695 0 0.02494704 0.01314049 0 0.02479207 0.0130012 0 0.02434056 0.01259064 0 0.02389138 0.01217836 0 0.02344459 0.01176416 0 0.02300012 0.01134788 0 0.02255809 0.0109294 0 0.02168112 0.01008528 0 0.02124625 0.009659349 0 0.02081376 0.009230673 0 0.02038377 0.008799016 0 0.01943463 0.007828533 0 0.01933777 0.007731199 0 0.01904439 0.007442057 0 0.01864796 0.007061779 0 0.01825511 0.006779193 0 0.01792675 0.006779193 0 0.01778376 0.006779193 0 0.0179789 0.007184147 0 0.01818662 0.007554769 0 0.01841229 0.007899999 0 0.01879602 0.008390247 0 0.01908981 0.008711874 0 0.01933902 0.008963227 0 0.01969778 0.009321212 0 0.01974332 0.009366631 0 0.02007192 0.009689629 0 0.02011936 0.00973612 0 0.02040678 0.0100184 0 0.02055001 0.0101602 0 0.02079057 0.01039844 0 0.02125251 0.01085257 0 0.02156919 0.01116001 0 0.0222069 0.01176899 0 0.02317667 0.01266682 0 0.02350407 0.01296156 0 0.02416634 0.01354372 0 0.02512168 0.01439774 0.07720786 0.02514499 0.01432788 0.07720786 0.02516829 0.01425802 0.07720786 0.0251916 0.01418805 0.07720786 0.02521497 0.01411807 0.07720786 0.02523833 0.01404792 0.07720786 0.02526175 0.01397764 0.07720786 0.02528524 0.01390719 0.07720786 0.02530884 0.0138365 0.07720786 0.02533245 0.01376563 0.07720786 0.02535617 0.01369446 0.07720786 0.02538001 0.01362299 0.07720786 0.02540391 0.01355123 0.07720786 0.02535349 0.01350581 0.07720786 0.02530294 0.01346045 0.07720786 0.0252524 0.01341497 0.07720786 0.02520179 0.0133695 0.07720786 0.02515113 0.01332396 0.07720786 0.02510029 0.01327824 0.07720786 0.02504938 0.01323246 0.07720786 0.0249983 0.01318657 0.07720786 0.02494704 0.01314049 0.07720786 0.0248956 0.01309424 0.07720786 0.02484399 0.01304787 0.07720786 0.02479207 0.0130012 0.07720786 0.02434056 0.01259064 0.07720786 0.02389138 0.01217836 0.07720786 0.02344459 0.01176416 0.07720786 0.02300012 0.01134788 0.07720786 0.02255809 0.0109294 0.07720786 0.02211838 0.01050859 0.07720786 0.02168112 0.01008528 0.07720786 0.02124625 0.009659349 0.07720786 0.02081376 0.009230673 0.07720786 0.02038377 0.008799016 0.07720786 0.01995611 0.008364319 0.07720786 0.01953095 0.007926404 0.07720786 0.01943463 0.007828533 0.07720786 0.01933777 0.007731199 0.07720786 0.01924043 0.007634341 0.07720786 0.01914262 0.00753802 0.07720786 0.01904439 0.007442057 0.07720786 0.01894575 0.00734651 0.07720786 0.0188468 0.007251322 0.07720786 0.0187475 0.007156431 0.07720786 0.01864796 0.007061779 0.07720786 0.01854825 0.006967365 0.07720786 0.01844829 0.00687319 0.07720786 0.01834821 0.006779193 0.07720786 0.01830166 0.006779193 0.07720786 0.01825511 0.006779193 0.07720786 0.01820844 0.006779193 0.07720786 0.01816177 0.006779193 0.07720786 0.01811498 0.006779193 0.07720786 0.01806813 0.006779193 0.07720786 0.01802116 0.006779193 0.07720786 0.01797401 0.006779193 0.07720786 0.01792675 0.006779193 0.07720786 0.0178793 0.006779193 0.07720786 0.01783162 0.006779193 0.07720786 0.01778376 0.006779193 0.07720786 0.01788008 0.006986498 0.07720786 0.0179789 0.007184147 0.07720786 0.01808089 0.007373154 0.07720786 0.01818662 0.007554769 0.07720786 0.01829689 0.007729947 0.07720786 0.01841229 0.007899999 0.07720786 0.01853352 0.008065998 0.07720786 0.0186612 0.008229017 0.07720786 0.01879602 0.008390247 0.07720786 0.01893866 0.008550822 0.07720786 0.01908981 0.008711874 0.07720786 0.01925003 0.008874475 0.07720786 0.0192945 0.008918881 0.07720786 0.01933902 0.008963227 0.07720786 0.01938354 0.009007692 0.07720786 0.01942813 0.009052157 0.07720786 0.01947277 0.009096682 0.07720786 0.01951754 0.009141325 0.07720786 0.01956236 0.009186089 0.07720786 0.01960736 0.009230971 0.07720786 0.01965248 0.009276032 0.07720786 0.01969778 0.009321212 0.07720786 0.01974332 0.009366631 0.07720786 0.01978898 0.009412229 0.07720786 0.01983606 0.009458363 0.07720786 0.01988309 0.009504497 0.07720786 0.01993018 0.00955069 0.07720786 0.01997733 0.009596884 0.07720786 0.02002459 0.009643197 0.07720786 0.02007192 0.009689629 0.07720786 0.02011936 0.00973612 0.07720786 0.02016699 0.009782791 0.07720786 0.02021473 0.00982964 0.07720786 0.02026265 0.009876608 0.07720786 0.02031075 0.009923815 0.07720786 0.02035909 0.009971201 0.07720786 0.02040678 0.0100184 0.07720786 0.02045446 0.01006561 0.07720786 0.0205022 0.01011288 0.07720786 0.02055001 0.0101602 0.07720786 0.02059787 0.01020765 0.07720786 0.02064585 0.01025515 0.07720786 0.02069395 0.01030278 0.07720786 0.02074217 0.01035052 0.07720786 0.02079057 0.01039844 0.07720786 0.02083915 0.01044654 0.07720786 0.02088797 0.01049488 0.07720786 0.02093696 0.0105434 0.07720786 0.02125251 0.01085257 0.07720786 0.02156919 0.01116001 0.07720786 0.0218873 0.01146548 0.07720786 0.0222069 0.01176899 0.07720786 0.02252823 0.01207047 0.07720786 0.0228514 0.01236975 0.07720786 0.02317667 0.01266682 0.07720786 0.02350407 0.01296156 0.07720786 0.02383393 0.01325386 0.07720786 0.02416634 0.01354372 0.07720786 0.02450144 0.01383095 0.07720786 0.02483946 0.01411557 0.07720786 0.02486276 0.01413881 0.07720786 0.02488607 0.01416212 0.07720786 0.02490937 0.01418542 0.07720786 0.02493274 0.01420879 0.07720786 0.0249561 0.01423215 0.07720786 0.02497953 0.01425558 0.07720786 0.02500301 0.01427906 0.07720786 0.02502661 0.01430261 0.07720786 0.02505022 0.01432627 0.07720786 0.02507394 0.01434999 0.07720786 0.02509778 0.01437377 0.07720786 0.0251916 0.01418805 0.07720786 0.02533245 0.01376563 0.07720786 0.02535349 0.01350581 0.07720786 0.02520179 0.0133695 0.07720786 0.02494704 0.01314049 0.07720786 0.02479207 0.0130012 0.07720786 0.02434056 0.01259064 0.07720786 0.02389138 0.01217836 0.07720786 0.02344459 0.01176416 0.07720786 0.02300012 0.01134788 0.07720786 0.02255809 0.0109294 0.07720786 0.02168112 0.01008528 0.07720786 0.02124625 0.009659349 0.07720786 0.02081376 0.009230673 0.07720786 0.02038377 0.008799016 0.07720786 0.01943463 0.007828533 0.07720786 0.01933777 0.007731199 0.07720786 0.01904439 0.007442057 0.07720786 0.01864796 0.007061779 0.07720786 0.01825511 0.006779193 0.07720786 0.01792675 0.006779193 0.07720786 0.01778376 0.006779193 0.07720786 0.0179789 0.007184147 0.07720786 0.01818662 0.007554769 0.07720786 0.01841229 0.007899999 0.07720786 0.01879602 0.008390247 0.07720786 0.01908981 0.008711874 0.07720786 0.01933902 0.008963227 0.07720786 0.01969778 0.009321212 0.07720786 0.01974332 0.009366631 0.07720786 0.02007192 0.009689629 0.07720786 0.02011936 0.00973612 0.07720786 0.02040678 0.0100184 0.07720786 0.02055001 0.0101602 0.07720786 0.02079057 0.01039844 0.07720786 0.02125251 0.01085257 0.07720786 0.02156919 0.01116001 0.07720786 0.0222069 0.01176899 0.07720786 0.02317667 0.01266682 0.07720786 0.02350407 0.01296156 0.07720786 0.02416634 0.01354372 0.07720786 0.0251916 0.01418805 0.07720786 0.02533245 0.01376563 0.07720786 0.02535349 0.01350581 0.07720786 0.02520179 0.0133695 0.07720786 0.02494704 0.01314049 0.07720786 0.02479207 0.0130012 0.07720786 0.02434056 0.01259064 0.07720786 0.02389138 0.01217836 0.07720786 0.02344459 0.01176416 0.07720786 0.02300012 0.01134788 0.07720786 0.02255809 0.0109294 0.07720786 0.02168112 0.01008528 0.07720786 0.02124625 0.009659349 0.07720786 0.02081376 0.009230673 0.07720786 0.02038377 0.008799016 0.07720786 0.01943463 0.007828533 0.07720786 0.01933777 0.007731199 0.07720786 0.01904439 0.007442057 0.07720786 0.01864796 0.007061779 0.07720786 0.01825511 0.006779193 0.07720786 0.01792675 0.006779193 0.07720786 0.01778376 0.006779193 0.07720786 0.0179789 0.007184147 0.07720786 0.01818662 0.007554769 0.07720786 0.01841229 0.007899999 0.07720786 0.01879602 0.008390247 0.07720786 0.01908981 0.008711874 0.07720786 0.01933902 0.008963227 0.07720786 0.01969778 0.009321212 0.07720786 0.01974332 0.009366631 0.07720786 0.02007192 0.009689629 0.07720786 0.02011936 0.00973612 0.07720786 0.02040678 0.0100184 0.07720786 0.02055001 0.0101602 0.07720786 0.02079057 0.01039844 0.07720786 0.02125251 0.01085257 0.07720786 0.02156919 0.01116001 0.07720786 0.0222069 0.01176899 0.07720786 0.02317667 0.01266682 0.07720786 0.02350407 0.01296156 0.07720786 0.02416634 0.01354372 0.07720786</float_array>
          <technique_common>
            <accessor source="#Mesh_003-mesh-positions-array" count="428" stride="3">
              <param name="X" type="float"/>
              <param name="Y" type="float"/>
              <param name="Z" type="float"/>
            </accessor>
          </technique_common>
        </source>
        <source id="Mesh_003-mesh-normals">
          <float_array id="Mesh_003-mesh-normals-array" count="1284">0 0 1 0 1 0 0 0 1 0 1 0 0 0 1 0 1 0 0 0 1 0 1 0 0 0 1 0 1 0 0 0 1 0 1 0 0 0 1 0 1 0 0 0 1 0.9069415 -0.4212567 0 0 0 1 0.8944491 -0.4471697 0 0 0 1 0.8801423 -0.47471 0 0 0 1 0.8640714 -0.5033692 0 0 0 1 0.8463993 -0.5325489 0 0 0 1 0.827422 -0.5615807 0 0 0 1 0.8075509 -0.589798 0 0 0 1 0.78727 -0.6166085 0 0 0 1 0.7671106 -0.641515 0 0 0 1 0.7476036 -0.6641453 0 0 0 1 0.7292107 -0.6842892 0 0 0 1 0.7123085 -0.7018666 0 0 0 1 0.7062983 -0.7079144 0 0 0 1 0.7062986 -0.707914 0 0 0 1 0.7062993 -0.7079133 0 0 0 1 0.7063003 -0.7079123 0 0 0 1 0.7063017 -0.707911 0 0 0 1 0.7063034 -0.7079093 0 0 0 1 0.7063054 -0.7079073 0 0 0 1 0.7063077 -0.7079049 0 0 0 1 0.7062957 -0.7079169 0 0 0 1 0.7062987 -0.7079139 0 0 0 1 0.7063021 -0.7079106 0 0 0 1 0.7063345 -0.7078781 0 0 0 1 0.7000811 -0.7140632 0 0 0 1 0.7000912 -0.7140534 0 0 0 1 0.7000972 -0.7140477 0 0 0 1 0.7000917 -0.7140529 0 0 0 1 0.7001035 -0.7140414 0 0 0 1 0.700104 -0.7140409 0 0 0 1 0.7001004 -0.7140444 0 0 0 1 0.7000928 -0.7140519 0 0 0 1 0.700088 -0.7140566 0 0 0 1 0.7000862 -0.7140583 0 0 0 1 0.7000873 -0.7140573 0 0 0 1 0.7000846 -0.7140599 0 0 0 1 0.7036279 -0.7105687 0 0 0 1 0.7036294 -0.7105671 0 0 0 1 0.7036393 -0.7105574 0 0 0 1 0.7036368 -0.7105599 0 0 0 1 0.7036356 -0.710561 0 0 0 1 0.703636 -0.7105606 0 0 0 1 0.7036378 -0.7105588 0 0 0 1 0.703641 -0.7105556 0 0 0 1 0.703632 -0.7105646 0 -0.9486631 -0.3162885 0 0 0 1 0.7036313 -0.7105653 0 -0.9486656 -0.3162809 0 0 0 1 0.7036321 -0.7105646 0 -0.9486619 -0.3162922 0 0 0 1 0.7036409 -0.7105558 0 -0.9486619 -0.3162921 0 0 0 1 0.6999082 -0.7142328 0 -0.9486619 -0.316292 0 0 0 1 0.6964606 -0.7175951 0 -0.9486644 -0.3162844 0 0.6926973 -0.7212284 0 -0.9486619 -0.3162917 0 0.6886131 -0.725129 0 -0.9486609 -0.3162953 0 0.6842014 -0.7292931 0 -0.9486621 -0.3162913 0 0.6794678 -0.7337054 0 -0.9486647 -0.3162836 0 0.6744008 -0.7383655 0 -0.9486623 -0.3162908 0 0.6689997 -0.7432626 0 -0.9486685 -0.3162721 0 0.6632669 -0.748383 0 -0.6685128 0.7437006 0 0.6571957 -0.7537199 0 -0.6685221 0.7436922 0 0.6507858 -0.7592614 0 -0.6685194 0.7436946 0 0.6440427 -0.7649895 0 -0.6685261 0.7436888 0 0.7070502 -0.7071633 0 -0.6685208 0.7436935 0 0.7070503 -0.7071633 0 -0.6685248 0.7436899 0 0.7070362 -0.7071774 0 -0.6685168 0.7436971 0 0.7070363 -0.7071774 0 -0.6685106 0.7437026 0 0.7070364 -0.7071772 0 -0.6685136 0.7436999 0 0.7070365 -0.7071771 0 -0.6685048 0.7437077 0 0.7070227 -0.7071909 0 -0.6685053 0.7437074 0 0.7070229 -0.7071906 0 -0.6685073 0.7437056 0 0.7070232 -0.7071904 0 -0.6727288 0.7398891 0 0.7070235 -0.70719 0 -0.6762254 0.7366948 0 0.70701 -0.7072035 0 -0.6798481 0.733353 0 0.7070379 -0.7071756 0 -0.6835935 0.729863 0 0 0 1 -0.6874594 0.726223 0 0 0 1 -0.6914392 0.7224348 0 0 0 1 -0.6955304 0.7184967 0 0 0 1 -0.6997256 0.7144118 0 0 0 1 -0.7040244 0.7101757 0 0 0 1 -0.7084201 0.705791 0 0 0 1 -0.7129057 0.7012599 0 0 0 1 -0.7174778 0.6965814 0 0 0 1 -0.7127444 0.7014238 0 0 0 1 -0.7088242 0.7053853 0 0 0 1 -0.7051626 0.7090457 0 0 0 1 -0.7017728 0.7124009 0 0 0 1 -0.6986588 0.7154549 0 0 0 1 -0.6958228 0.7182135 0 0 0 1 -0.6932713 0.7206766 0 0 0 1 -0.690999 0.7228558 0 0 0 1 -0.68902 0.7247424 0 0 0 1 -0.6873316 0.7263438 0 0 0 1 -0.6859306 0.727667 0 0 0 1 -0.6848115 0.7287203 0 0 0 1 0 1 0 0 0 1 0 1 0 0 0 1 0 1 0 0 0 1 0 1 0 0 0 1 0 1 0 0 0 1 0 1 0 0 0 1 0 1 0 0 0 1 0 1 0 0 0 1 0 1 0 0 0 1 0 1 0 0 0 1 0 1 0 0 0 1 0 1 0 0 0 1 0.9069415 -0.4212567 0 0 0 1 0.8944491 -0.4471697 0 0 0 1 0.8801423 -0.47471 0 0 0 1 0.8640714 -0.5033692 0 0 0 1 0.8463993 -0.5325489 0 0 0 1 0.827422 -0.5615807 0 0 0 1 0.8075509 -0.589798 0 0 0 1 0.78727 -0.6166085 0 0 0 1 0.7671106 -0.641515 0 0 0 1 0.7476036 -0.6641453 0 0 0 1 0.7292107 -0.6842892 0 0 0 1 0.7123085 -0.7018666 0 0 0 1 0.7062983 -0.7079144 0 0 0 1 0.7062986 -0.707914 0 0 0 1 0.7062993 -0.7079133 0 0 0 1 0.7063003 -0.7079123 0 0 0 1 0.7063017 -0.707911 0 0 0 1 0.7063034 -0.7079093 0 0 0 1 0.7063054 -0.7079073 0 0 0 1 0.7063077 -0.7079049 0 0 0 1 0.7062957 -0.7079169 0 0 0 1 0.7062987 -0.7079139 0 0 0 1 0.7063021 -0.7079106 0 0 0 1 0.7063345 -0.7078781 0 0 0 1 0.7000811 -0.7140632 0 0 0 1 0.7000912 -0.7140534 0 0 0 1 0.7000972 -0.7140477 0 0 0 1 0.7000917 -0.7140529 0 0 0 1 0.7001035 -0.7140414 0 0 0 1 0.700104 -0.7140409 0 0 0 1 0.7001004 -0.7140444 0 0 0 1 0.7000928 -0.7140519 0 0 0 1 0.700088 -0.7140566 0 0 0 1 0.7000862 -0.7140583 0 0 0 1 0.7000873 -0.7140573 0 0 0 1 0.7000846 -0.7140599 0 0 0 1 0.7036279 -0.7105687 0 0 0 1 0.7036294 -0.7105671 0 0 0 1 0.7036393 -0.7105574 0 0 0 1 0.7036368 -0.7105599 0 0 0 1 0.7036356 -0.710561 0 0 0 1 0.703636 -0.7105606 0 0 0 1 0.7036378 -0.7105588 0 0 0 1 0.703641 -0.7105556 0 0 0 1 0.703632 -0.7105646 0 -0.9486631 -0.3162885 0 0 0 1 0.7036313 -0.7105653 0 -0.9486656 -0.3162809 0 0 0 1 0.7036321 -0.7105646 0 -0.9486619 -0.3162922 0 0 0 1 0.7036409 -0.7105558 0 -0.9486619 -0.3162921 0 0 0 1 0.6999082 -0.7142328 0 -0.9486619 -0.316292 0 0 0 1 0.6964606 -0.7175951 0 -0.9486644 -0.3162844 0 0.6926973 -0.7212284 0 -0.9486619 -0.3162917 0 0.6886131 -0.725129 0 -0.9486609 -0.3162953 0 0.6842014 -0.7292931 0 -0.9486621 -0.3162913 0 0.6794678 -0.7337054 0 -0.9486647 -0.3162836 0 0.6744008 -0.7383655 0 -0.9486623 -0.3162908 0 0.6689997 -0.7432626 0 -0.9486685 -0.3162721 0 0.6632669 -0.748383 0 -0.6685128 0.7437006 0 0.6571957 -0.7537199 0 -0.6685221 0.7436922 0 0.6507858 -0.7592614 0 -0.6685194 0.7436946 0 0.6440427 -0.7649895 0 -0.6685261 0.7436888 0 0.7070502 -0.7071633 0 -0.6685208 0.7436935 0 0.7070503 -0.7071633 0 -0.6685248 0.7436899 0 0.7070362 -0.7071774 0 -0.6685168 0.7436971 0 0.7070363 -0.7071774 0 -0.6685106 0.7437026 0 0.7070364 -0.7071772 0 -0.6685136 0.7436999 0 0.7070365 -0.7071771 0 -0.6685048 0.7437077 0 0.7070227 -0.7071909 0 -0.6685053 0.7437074 0 0.7070229 -0.7071906 0 -0.6685073 0.7437056 0 0.7070232 -0.7071904 0 -0.6727288 0.7398891 0 0.7070235 -0.70719 0 -0.6762254 0.7366948 0 0.70701 -0.7072035 0 -0.6798481 0.733353 0 0.7070379 -0.7071756 0 -0.6835935 0.729863 0 0 0 1 -0.6874594 0.726223 0 0 0 1 -0.6914392 0.7224348 0 0 0 1 -0.6955304 0.7184967 0 0 0 1 -0.6997256 0.7144118 0 0 0 1 -0.7040244 0.7101757 0 0 0 1 -0.7084201 0.705791 0 0 0 1 -0.7129057 0.7012599 0 0 0 1 -0.7174778 0.6965814 0 0 0 1 -0.7127444 0.7014238 0 0 0 1 -0.7088242 0.7053853 0 0 0 1 -0.7051626 0.7090457 0 0 0 1 -0.7017728 0.7124009 0 0 0 1 -0.6986588 0.7154549 0 0 0 1 -0.6958228 0.7182135 0 0 0 1 -0.6932713 0.7206766 0 0 0 1 -0.690999 0.7228558 0 0 0 1 -0.68902 0.7247424 0 0 0 1 -0.6873316 0.7263438 0 0 0 1 -0.6859306 0.727667 0 0 0 1 -0.6848115 0.7287203 0 0 0 1 0 1 0 0 0 1 0 1 0 0 0 1 0 1 0 0 0 1 0 1 0 0 0 1 0 1 0</float_array>
          <technique_common>
            <accessor source="#Mesh_003-mesh-normals-array" count="428" stride="3">
              <param name="X" type="float"/>
              <param name="Y" type="float"/>
              <param name="Z" type="float"/>
            </accessor>
          </technique_common>
        </source>
        <vertices id="Mesh_003-mesh-vertices">
          <input semantic="POSITION" source="#Mesh_003-mesh-positions"/>
        </vertices>
        <triangles count="428">
          <input semantic="VERTEX" source="#Mesh_003-mesh-vertices" offset="0"/>
          <input semantic="NORMAL" source="#Mesh_003-mesh-normals" offset="1"/>
          <p>157 0 283 0 69 0 54 1 267 1 53 1 158 2 285 2 71 2 55 3 268 3 54 3 159 4 288 4 74 4 56 5 269 5 55 5 160 6 296 6 82 6 57 7 270 7 56 7 161 8 297 8 83 8 58 9 271 9 57 9 162 10 304 10 90 10 59 11 272 11 58 11 163 12 305 12 91 12 60 13 273 13 59 13 164 14 311 14 97 14 61 15 274 15 60 15 165 16 314 16 100 16 62 17 275 17 61 17 166 18 319 18 105 18 63 19 276 19 62 19 167 20 323 20 109 20 64 21 277 21 63 21 168 22 324 22 110 22 65 23 278 23 64 23 169 24 326 24 112 24 66 25 279 25 65 25 170 26 329 26 115 26 67 27 280 27 66 27 171 28 330 28 116 28 68 29 281 29 67 29 172 30 332 30 118 30 69 31 282 31 68 31 173 32 346 32 132 32 70 33 283 33 69 33 174 34 347 34 133 34 71 35 284 35 70 35 175 36 348 36 134 36 72 37 285 37 71 37 176 38 349 38 135 38 73 39 286 39 72 39 177 40 350 40 136 40 74 41 287 41 73 41 178 42 351 42 137 42 75 43 288 43 74 43 179 44 352 44 138 44 76 45 289 45 75 45 180 46 353 46 139 46 77 47 290 47 76 47 181 48 354 48 140 48 78 49 291 49 77 49 182 50 355 50 141 50 79 51 292 51 78 51 183 52 356 52 142 52 80 53 293 53 79 53 184 54 357 54 143 54 81 55 294 55 80 55 185 56 358 56 144 56 82 57 295 57 81 57 186 58 359 58 145 58 83 59 296 59 82 59 187 60 360 60 146 60 84 61 297 61 83 61 188 62 361 62 147 62 85 63 298 63 84 63 189 64 362 64 148 64 86 65 299 65 85 65 190 66 363 66 149 66 87 67 300 67 86 67 191 68 364 68 150 68 88 69 301 69 87 69 192 70 365 70 151 70 89 71 302 71 88 71 193 72 366 72 152 72 90 73 303 73 89 73 194 74 367 74 153 74 91 75 304 75 90 75 195 76 368 76 154 76 92 77 305 77 91 77 196 78 369 78 155 78 93 79 306 79 92 79 197 80 370 80 156 80 94 81 307 81 93 81 198 82 371 82 157 82 95 83 308 83 94 83 199 84 372 84 158 84 96 85 309 85 95 85 200 86 373 86 159 86 97 87 310 87 96 87 201 88 374 88 160 88 98 89 311 89 97 89 202 90 375 90 161 90 99 91 312 91 98 91 203 92 376 92 162 92 100 93 313 93 99 93 204 94 377 94 163 94 101 95 314 95 100 95 205 96 378 96 164 96 102 97 315 97 101 97 206 98 379 98 165 98 103 99 316 99 102 99 207 100 380 100 166 100 104 101 317 101 103 101 208 102 381 102 167 102 105 103 318 103 104 103 1 104 214 104 0 104 209 105 382 105 168 105 106 106 319 106 105 106 2 107 215 107 1 107 210 108 383 108 169 108 107 109 320 109 106 109 3 110 216 110 2 110 211 111 384 111 170 111 108 112 321 112 107 112 4 113 217 113 3 113 212 114 385 114 171 114 109 115 322 115 108 115 5 116 218 116 4 116 213 117 386 117 172 117 110 118 323 118 109 118 6 119 219 119 5 119 111 120 324 120 110 120 7 121 220 121 6 121 112 122 325 122 111 122 8 123 221 123 7 123 113 124 326 124 112 124 9 125 222 125 8 125 114 126 327 126 113 126 10 127 223 127 9 127 115 128 328 128 114 128 11 129 224 129 10 129 116 130 329 130 115 130 12 131 225 131 11 131 117 132 330 132 116 132 13 133 226 133 12 133 118 134 331 134 117 134 14 135 227 135 13 135 119 136 332 136 118 136 15 137 228 137 14 137 120 138 333 138 119 138 16 139 229 139 15 139 121 140 334 140 120 140 17 141 230 141 16 141 122 142 335 142 121 142 18 143 231 143 17 143 123 144 336 144 122 144 19 145 232 145 18 145 124 146 337 146 123 146 20 147 233 147 19 147 125 148 338 148 124 148 21 149 234 149 20 149 126 150 339 150 125 150 22 151 235 151 21 151 127 152 340 152 126 152 23 153 236 153 22 153 128 154 341 154 127 154 24 155 237 155 23 155 129 156 342 156 128 156 25 157 238 157 24 157 130 158 343 158 129 158 26 159 239 159 25 159 131 160 344 160 130 160 27 161 240 161 26 161 0 162 345 162 131 162 28 163 241 163 27 163 132 164 217 164 3 164 29 165 242 165 28 165 133 166 223 166 9 166 30 167 243 167 29 167 134 168 227 168 13 168 31 169 244 169 30 169 135 170 230 170 16 170 32 171 245 171 31 171 136 172 235 172 21 172 33 173 246 173 32 173 137 174 238 174 24 174 34 175 247 175 33 175 138 176 239 176 25 176 35 177 248 177 34 177 139 178 240 178 26 178 36 179 249 179 35 179 140 180 241 180 27 180 37 181 250 181 36 181 141 182 242 182 28 182 38 183 251 183 37 183 142 184 243 184 29 184 39 185 252 185 38 185 143 186 245 186 31 186 40 187 253 187 39 187 144 188 246 188 32 188 41 189 254 189 40 189 145 190 247 190 33 190 42 191 255 191 41 191 146 192 248 192 34 192 43 193 256 193 42 193 147 194 251 194 37 194 44 195 257 195 43 195 148 196 252 196 38 196 45 197 258 197 44 197 149 198 255 198 41 198 46 199 259 199 45 199 150 200 259 200 45 200 47 201 260 201 46 201 151 202 264 202 50 202 48 203 261 203 47 203 152 204 271 204 57 204 49 205 262 205 48 205 153 206 274 206 60 206 50 207 263 207 49 207 154 208 276 208 62 208 51 209 264 209 50 209 155 210 278 210 64 210 52 211 265 211 51 211 156 212 280 212 66 212 53 213 266 213 52 213 157 214 371 214 283 214 54 215 268 215 267 215 158 216 372 216 285 216 55 217 269 217 268 217 159 218 373 218 288 218 56 219 270 219 269 219 160 220 374 220 296 220 57 221 271 221 270 221 161 222 375 222 297 222 58 223 272 223 271 223 162 224 376 224 304 224 59 225 273 225 272 225 163 226 377 226 305 226 60 227 274 227 273 227 164 228 378 228 311 228 61 229 275 229 274 229 165 230 379 230 314 230 62 231 276 231 275 231 166 232 380 232 319 232 63 233 277 233 276 233 167 234 381 234 323 234 64 235 278 235 277 235 168 236 382 236 324 236 65 237 279 237 278 237 169 238 383 238 326 238 66 239 280 239 279 239 170 240 384 240 329 240 67 241 281 241 280 241 171 242 385 242 330 242 68 243 282 243 281 243 172 244 386 244 332 244 69 245 283 245 282 245 173 246 387 246 346 246 70 247 284 247 283 247 174 248 388 248 347 248 71 249 285 249 284 249 175 250 389 250 348 250 72 251 286 251 285 251 176 252 390 252 349 252 73 253 287 253 286 253 177 254 391 254 350 254 74 255 288 255 287 255 178 256 392 256 351 256 75 257 289 257 288 257 179 258 393 258 352 258 76 259 290 259 289 259 180 260 394 260 353 260 77 261 291 261 290 261 181 262 395 262 354 262 78 263 292 263 291 263 182 264 396 264 355 264 79 265 293 265 292 265 183 266 397 266 356 266 80 267 294 267 293 267 184 268 398 268 357 268 81 269 295 269 294 269 185 270 399 270 358 270 82 271 296 271 295 271 186 272 400 272 359 272 83 273 297 273 296 273 187 274 401 274 360 274 84 275 298 275 297 275 188 276 402 276 361 276 85 277 299 277 298 277 189 278 403 278 362 278 86 279 300 279 299 279 190 280 404 280 363 280 87 281 301 281 300 281 191 282 405 282 364 282 88 283 302 283 301 283 192 284 406 284 365 284 89 285 303 285 302 285 193 286 407 286 366 286 90 287 304 287 303 287 194 288 408 288 367 288 91 289 305 289 304 289 195 290 409 290 368 290 92 291 306 291 305 291 196 292 410 292 369 292 93 293 307 293 306 293 197 294 411 294 370 294 94 295 308 295 307 295 198 296 412 296 371 296 95 297 309 297 308 297 199 298 413 298 372 298 96 299 310 299 309 299 200 300 414 300 373 300 97 301 311 301 310 301 201 302 415 302 374 302 98 303 312 303 311 303 202 304 416 304 375 304 99 305 313 305 312 305 203 306 417 306 376 306 100 307 314 307 313 307 204 308 418 308 377 308 101 309 315 309 314 309 205 310 419 310 378 310 102 311 316 311 315 311 206 312 420 312 379 312 103 313 317 313 316 313 207 314 421 314 380 314 104 315 318 315 317 315 208 316 422 316 381 316 105 317 319 317 318 317 1 318 215 318 214 318 209 319 423 319 382 319 106 320 320 320 319 320 2 321 216 321 215 321 210 322 424 322 383 322 107 323 321 323 320 323 3 324 217 324 216 324 211 325 425 325 384 325 108 326 322 326 321 326 4 327 218 327 217 327 212 328 426 328 385 328 109 329 323 329 322 329 5 330 219 330 218 330 213 331 427 331 386 331 110 332 324 332 323 332 6 333 220 333 219 333 111 334 325 334 324 334 7 335 221 335 220 335 112 336 326 336 325 336 8 337 222 337 221 337 113 338 327 338 326 338 9 339 223 339 222 339 114 340 328 340 327 340 10 341 224 341 223 341 115 342 329 342 328 342 11 343 225 343 224 343 116 344 330 344 329 344 12 345 226 345 225 345 117 346 331 346 330 346 13 347 227 347 226 347 118 348 332 348 331 348 14 349 228 349 227 349 119 350 333 350 332 350 15 351 229 351 228 351 120 352 334 352 333 352 16 353 230 353 229 353 121 354 335 354 334 354 17 355 231 355 230 355 122 356 336 356 335 356 18 357 232 357 231 357 123 358 337 358 336 358 19 359 233 359 232 359 124 360 338 360 337 360 20 361 234 361 233 361 125 362 339 362 338 362 21 363 235 363 234 363 126 364 340 364 339 364 22 365 236 365 235 365 127 366 341 366 340 366 23 367 237 367 236 367 128 368 342 368 341 368 24 369 238 369 237 369 129 370 343 370 342 370 25 371 239 371 238 371 130 372 344 372 343 372 26 373 240 373 239 373 131 374 345 374 344 374 27 375 241 375 240 375 0 376 214 376 345 376 28 377 242 377 241 377 132 378 346 378 217 378 29 379 243 379 242 379 133 380 347 380 223 380 30 381 244 381 243 381 134 382 348 382 227 382 31 383 245 383 244 383 135 384 349 384 230 384 32 385 246 385 245 385 136 386 350 386 235 386 33 387 247 387 246 387 137 388 351 388 238 388 34 389 248 389 247 389 138 390 352 390 239 390 35 391 249 391 248 391 139 392 353 392 240 392 36 393 250 393 249 393 140 394 354 394 241 394 37 395 251 395 250 395 141 396 355 396 242 396 38 397 252 397 251 397 142 398 356 398 243 398 39 399 253 399 252 399 143 400 357 400 245 400 40 401 254 401 253 401 144 402 358 402 246 402 41 403 255 403 254 403 145 404 359 404 247 404 42 405 256 405 255 405 146 406 360 406 248 406 43 407 257 407 256 407 147 408 361 408 251 408 44 409 258 409 257 409 148 410 362 410 252 410 45 411 259 411 258 411 149 412 363 412 255 412 46 413 260 413 259 413 150 414 364 414 259 414 47 415 261 415 260 415 151 416 365 416 264 416 48 417 262 417 261 417 152 418 366 418 271 418 49 419 263 419 262 419 153 420 367 420 274 420 50 421 264 421 263 421 154 422 368 422 276 422 51 423 265 423 264 423 155 424 369 424 278 424 52 425 266 425 265 425 156 426 370 426 280 426 53 427 267 427 266 427</p>
        </triangles>
      </mesh>
    </geometry>
    <geometry id="Mesh_002-mesh" name="Mesh.002">
      <mesh>
        <source id="Mesh_002-mesh-positions">
          <float_array id="Mesh_002-mesh-positions-array" count="984">0.1518962 0.04650741 0 0.1520457 0.04650354 0 0.152186 0.04648768 0 0.1523194 0.0464605 0 0.1524482 0.04642254 0 0.1525747 0.04637438 0 0.1527011 0.04631662 0 0.1528299 0.04624974 0 0.1529633 0.0461744 0 0.1531037 0.04609113 0 0.1532532 0.04600059 0 0.1532092 0.04598921 0 0.1531651 0.04597789 0 0.1531209 0.0459665 0 0.1530768 0.04595518 0 0.1530325 0.04594373 0 0.1529881 0.04593235 0 0.1529437 0.0459209 0 0.1528991 0.0459094 0 0.1528544 0.0458979 0 0.1528095 0.04588633 0 0.1527644 0.04587471 0 0.1527191 0.04586309 0 0.1525165 0.04581046 0 0.152314 0.04575765 0 0.1521114 0.04570472 0 0.1519089 0.04565173 0 0.1517065 0.04559856 0 0.151504 0.04554533 0 0.1513017 0.04549199 0 0.1510993 0.04543858 0 0.1508969 0.04538518 0 0.1506946 0.04533165 0 0.1504922 0.04527813 0 0.1502898 0.0452246 0 0.1502205 0.04520678 0 0.1501512 0.04518896 0 0.1500818 0.04517108 0 0.1500123 0.04515326 0 0.1499427 0.04513531 0 0.149873 0.04511737 0 0.1498031 0.04509943 0 0.1497329 0.04508137 0 0.1496626 0.04506331 0 0.1495919 0.04504513 0 0.149521 0.04502689 0 0.1494498 0.04500859 0 0.1488131 0.04483157 0 0.1482042 0.04464572 0 0.1476203 0.04444772 0 0.1470588 0.04423421 0 0.146517 0.04400181 0 0.1459923 0.0437473 0 0.1454821 0.04346728 0 0.1449835 0.04315847 0 0.144494 0.04281753 0 0.1440109 0.04244107 0 0.1435316 0.04202586 0 0.1430533 0.04156857 0 0.1429324 0.04148477 0 0.1428293 0.04141521 0 0.1427401 0.04135894 0 0.1426607 0.04131495 0 0.1425871 0.04128229 0 0.1425153 0.04125994 0 0.1424413 0.04124695 0 0.1423612 0.04124236 0 0.1422707 0.04124522 0 0.142166 0.04125452 0 0.1420431 0.0412693 0 0.1418979 0.04128861 0 0.1418569 0.04130488 0 0.1418157 0.04132115 0 0.1417745 0.04133743 0 0.1417334 0.04135376 0 0.1416921 0.04137009 0 0.1416507 0.04138648 0 0.1416092 0.04140293 0 0.1415676 0.04141938 0 0.1415259 0.04143589 0 0.141484 0.04145246 0 0.1414419 0.04146915 0 0.1413996 0.0414859 0 0.142145 0.04209035 0 0.1428869 0.04264849 0 0.1436294 0.04316306 0 0.1443765 0.04363673 0 0.1451321 0.04407232 0 0.1459003 0.04447245 0 0.146685 0.04483991 0 0.1474901 0.04517745 0 0.1483197 0.04548782 0 0.1491779 0.04577362 0 0.1500684 0.04603773 0 0.1509954 0.04628276 0 0.151042 0.0462988 0 0.1510886 0.04631483 0 0.1511353 0.04633086 0 0.151182 0.04634696 0 0.1512288 0.04636305 0 0.1512757 0.0463792 0 0.1513227 0.04639542 0 0.1513698 0.04641163 0 0.1514171 0.0464279 0 0.1514647 0.04644423 0 0.1515123 0.04646068 0 0.1515602 0.04647713 0 0.1517351 0.04649883 0 0.1529633 0.0461744 0 0.1532532 0.04600059 0 0.1532092 0.04598921 0 0.1528095 0.04588633 0 0.1525165 0.04581046 0 0.1521114 0.04570472 0 0.1517065 0.04559856 0 0.1513017 0.04549199 0 0.1508969 0.04538518 0 0.1500123 0.04515326 0 0.1497329 0.04508137 0 0.1495919 0.04504513 0 0.1488131 0.04483157 0 0.1476203 0.04444772 0 0.1470588 0.04423421 0 0.146517 0.04400181 0 0.1459923 0.0437473 0 0.1449835 0.04315847 0 0.1430533 0.04156857 0 0.1426607 0.04131495 0 0.1425153 0.04125994 0 0.1436294 0.04316306 0 0.1443765 0.04363673 0 0.1474901 0.04517745 0 0.1483197 0.04548782 0 0.1491779 0.04577362 0 0.1500684 0.04603773 0 0.1512288 0.04636305 0 0.1529633 0.0461744 0 0.1532532 0.04600059 0 0.1532092 0.04598921 0 0.1528095 0.04588633 0 0.1525165 0.04581046 0 0.1521114 0.04570472 0 0.1517065 0.04559856 0 0.1513017 0.04549199 0 0.1508969 0.04538518 0 0.1500123 0.04515326 0 0.1497329 0.04508137 0 0.1495919 0.04504513 0 0.1488131 0.04483157 0 0.1476203 0.04444772 0 0.1470588 0.04423421 0 0.146517 0.04400181 0 0.1459923 0.0437473 0 0.1449835 0.04315847 0 0.1430533 0.04156857 0 0.1426607 0.04131495 0 0.1425153 0.04125994 0 0.1436294 0.04316306 0 0.1443765 0.04363673 0 0.1474901 0.04517745 0 0.1483197 0.04548782 0 0.1491779 0.04577362 0 0.1500684 0.04603773 0 0.1512288 0.04636305 0 0.1518962 0.04650741 0.07720786 0.1520457 0.04650354 0.07720786 0.152186 0.04648768 0.07720786 0.1523194 0.0464605 0.07720786 0.1524482 0.04642254 0.07720786 0.1525747 0.04637438 0.07720786 0.1527011 0.04631662 0.07720786 0.1528299 0.04624974 0.07720786 0.1529633 0.0461744 0.07720786 0.1531037 0.04609113 0.07720786 0.1532532 0.04600059 0.07720786 0.1532092 0.04598921 0.07720786 0.1531651 0.04597789 0.07720786 0.1531209 0.0459665 0.07720786 0.1530768 0.04595518 0.07720786 0.1530325 0.04594373 0.07720786 0.1529881 0.04593235 0.07720786 0.1529437 0.0459209 0.07720786 0.1528991 0.0459094 0.07720786 0.1528544 0.0458979 0.07720786 0.1528095 0.04588633 0.07720786 0.1527644 0.04587471 0.07720786 0.1527191 0.04586309 0.07720786 0.1525165 0.04581046 0.07720786 0.152314 0.04575765 0.07720786 0.1521114 0.04570472 0.07720786 0.1519089 0.04565173 0.07720786 0.1517065 0.04559856 0.07720786 0.151504 0.04554533 0.07720786 0.1513017 0.04549199 0.07720786 0.1510993 0.04543858 0.07720786 0.1508969 0.04538518 0.07720786 0.1506946 0.04533165 0.07720786 0.1504922 0.04527813 0.07720786 0.1502898 0.0452246 0.07720786 0.1502205 0.04520678 0.07720786 0.1501512 0.04518896 0.07720786 0.1500818 0.04517108 0.07720786 0.1500123 0.04515326 0.07720786 0.1499427 0.04513531 0.07720786 0.149873 0.04511737 0.07720786 0.1498031 0.04509943 0.07720786 0.1497329 0.04508137 0.07720786 0.1496626 0.04506331 0.07720786 0.1495919 0.04504513 0.07720786 0.149521 0.04502689 0.07720786 0.1494498 0.04500859 0.07720786 0.1488131 0.04483157 0.07720786 0.1482042 0.04464572 0.07720786 0.1476203 0.04444772 0.07720786 0.1470588 0.04423421 0.07720786 0.146517 0.04400181 0.07720786 0.1459923 0.0437473 0.07720786 0.1454821 0.04346728 0.07720786 0.1449835 0.04315847 0.07720786 0.144494 0.04281753 0.07720786 0.1440109 0.04244107 0.07720786 0.1435316 0.04202586 0.07720786 0.1430533 0.04156857 0.07720786 0.1429324 0.04148477 0.07720786 0.1428293 0.04141521 0.07720786 0.1427401 0.04135894 0.07720786 0.1426607 0.04131495 0.07720786 0.1425871 0.04128229 0.07720786 0.1425153 0.04125994 0.07720786 0.1424413 0.04124695 0.07720786 0.1423612 0.04124236 0.07720786 0.1422707 0.04124522 0.07720786 0.142166 0.04125452 0.07720786 0.1420431 0.0412693 0.07720786 0.1418979 0.04128861 0.07720786 0.1418569 0.04130488 0.07720786 0.1418157 0.04132115 0.07720786 0.1417745 0.04133743 0.07720786 0.1417334 0.04135376 0.07720786 0.1416921 0.04137009 0.07720786 0.1416507 0.04138648 0.07720786 0.1416092 0.04140293 0.07720786 0.1415676 0.04141938 0.07720786 0.1415259 0.04143589 0.07720786 0.141484 0.04145246 0.07720786 0.1414419 0.04146915 0.07720786 0.1413996 0.0414859 0.07720786 0.142145 0.04209035 0.07720786 0.1428869 0.04264849 0.07720786 0.1436294 0.04316306 0.07720786 0.1443765 0.04363673 0.07720786 0.1451321 0.04407232 0.07720786 0.1459003 0.04447245 0.07720786 0.146685 0.04483991 0.07720786 0.1474901 0.04517745 0.07720786 0.1483197 0.04548782 0.07720786 0.1491779 0.04577362 0.07720786 0.1500684 0.04603773 0.07720786 0.1509954 0.04628276 0.07720786 0.151042 0.0462988 0.07720786 0.1510886 0.04631483 0.07720786 0.1511353 0.04633086 0.07720786 0.151182 0.04634696 0.07720786 0.1512288 0.04636305 0.07720786 0.1512757 0.0463792 0.07720786 0.1513227 0.04639542 0.07720786 0.1513698 0.04641163 0.07720786 0.1514171 0.0464279 0.07720786 0.1514647 0.04644423 0.07720786 0.1515123 0.04646068 0.07720786 0.1515602 0.04647713 0.07720786 0.1517351 0.04649883 0.07720786 0.1529633 0.0461744 0.07720786 0.1532532 0.04600059 0.07720786 0.1532092 0.04598921 0.07720786 0.1528095 0.04588633 0.07720786 0.1525165 0.04581046 0.07720786 0.1521114 0.04570472 0.07720786 0.1517065 0.04559856 0.07720786 0.1513017 0.04549199 0.07720786 0.1508969 0.04538518 0.07720786 0.1500123 0.04515326 0.07720786 0.1497329 0.04508137 0.07720786 0.1495919 0.04504513 0.07720786 0.1488131 0.04483157 0.07720786 0.1476203 0.04444772 0.07720786 0.1470588 0.04423421 0.07720786 0.146517 0.04400181 0.07720786 0.1459923 0.0437473 0.07720786 0.1449835 0.04315847 0.07720786 0.1430533 0.04156857 0.07720786 0.1426607 0.04131495 0.07720786 0.1425153 0.04125994 0.07720786 0.1436294 0.04316306 0.07720786 0.1443765 0.04363673 0.07720786 0.1474901 0.04517745 0.07720786 0.1483197 0.04548782 0.07720786 0.1491779 0.04577362 0.07720786 0.1500684 0.04603773 0.07720786 0.1512288 0.04636305 0.07720786 0.1529633 0.0461744 0.07720786 0.1532532 0.04600059 0.07720786 0.1532092 0.04598921 0.07720786 0.1528095 0.04588633 0.07720786 0.1525165 0.04581046 0.07720786 0.1521114 0.04570472 0.07720786 0.1517065 0.04559856 0.07720786 0.1513017 0.04549199 0.07720786 0.1508969 0.04538518 0.07720786 0.1500123 0.04515326 0.07720786 0.1497329 0.04508137 0.07720786 0.1495919 0.04504513 0.07720786 0.1488131 0.04483157 0.07720786 0.1476203 0.04444772 0.07720786 0.1470588 0.04423421 0.07720786 0.146517 0.04400181 0.07720786 0.1459923 0.0437473 0.07720786 0.1449835 0.04315847 0.07720786 0.1430533 0.04156857 0.07720786 0.1426607 0.04131495 0.07720786 0.1425153 0.04125994 0.07720786 0.1436294 0.04316306 0.07720786 0.1443765 0.04363673 0.07720786 0.1474901 0.04517745 0.07720786 0.1483197 0.04548782 0.07720786 0.1491779 0.04577362 0.07720786 0.1500684 0.04603773 0.07720786 0.1512288 0.04636305 0.07720786</float_array>
          <technique_common>
            <accessor source="#Mesh_002-mesh-positions-array" count="328" stride="3">
              <param name="X" type="float"/>
              <param name="Y" type="float"/>
              <param name="Z" type="float"/>
            </accessor>
          </technique_common>
        </source>
        <source id="Mesh_002-mesh-normals">
          <float_array id="Mesh_002-mesh-normals-array" count="984">0 0 1 0.2555683 -0.966791 0 -0.2490451 0.9684919 0 0 0 1 0.3255107 -0.9455384 0 -0.2490698 0.9684855 0 0 0 1 0.3253922 -0.9455791 0 -0.2490901 0.9684803 0 0 0 1 0.3254764 -0.9455502 0 -0.2489162 0.9685251 0 0 0 1 0.3254422 -0.945562 0 -0.267841 0.9634631 0 0 0 1 0.3255174 -0.9455361 0 -0.2919022 0.9564481 0 0 0 1 0.3254745 -0.9455509 0 -0.321181 0.9470179 0 0 0 1 0.3254734 -0.9455512 0 -0.3554555 0.9346932 0 0 0 1 0.3254472 -0.9455602 0 -0.394174 0.9190358 0 0 0 1 0.3254377 -0.9455636 0 -0.4364545 0.8997263 0 0 0 1 -0.02604991 -0.9996607 0 0.3254031 -0.9455754 0 -0.4810586 0.8766884 0 0 0 1 -0.1120761 -0.9936997 0 0.3254101 -0.945573 0 -0.5265938 0.850117 0 0 0 1 -0.1996726 -0.9798626 0 0.3254579 -0.9455565 0 -0.5715655 0.8205564 0 0 0 1 -0.2827522 -0.959193 0 0.1230044 -0.9924061 0 -0.6146449 0.7888039 0 0 0 1 -0.3559095 -0.9345204 0 0.05332857 -0.9985771 0 -0.6547368 0.7558569 0 0 0 1 -0.4156287 -0.9095343 0 0 0 1 -0.6911107 0.7227489 0 0 0 1 -0.4607173 -0.8875469 0 0 0 1 -0.5694615 0.8220181 0 0 0 1 -0.4917336 -0.8707457 0 0 0 1 -0.5592896 0.8289723 0 0 0 1 -0.5101885 -0.8600626 0 0 0 1 -0.5335239 0.845785 0 0 0 1 -0.5180505 -0.85535 0 0 0 1 -0.4846636 0.8747007 0 -0.2493109 0.9684234 0 0 0 1 -0.4059581 0.9138917 0 -0.2493063 0.9684247 0 0 0 1 -0.2972252 0.9548075 0 -0.2493017 0.9684258 0 0 0 1 -0.1727412 0.9849673 0 -0.2492927 0.9684282 0 0 0 1 -0.05699563 0.9983745 0 -0.2492813 0.9684311 0 0 0 1 0.03145581 0.9995052 0 -0.2493441 0.968415 0 0 0 1 0.08848977 0.9960771 0 -0.2492498 0.9684393 0 0 0 1 0.1193968 0.9928466 0 -0.2493078 0.9684243 0 0 0 1 0.1317072 0.9912887 0 -0.2492852 0.9684301 0 0 0 1 0.3680909 0.9297898 0 -0.2492584 0.968437 0 0 0 1 0.3681213 0.9297778 0 -0.2493069 0.9684246 0 0 0 1 0.3681818 0.9297538 0 -0.2492758 0.9684326 0 0 0 1 0.3681575 0.9297635 0 -0.2514531 0.9678695 0 0 0 1 0.3680908 0.9297899 0 -0.2521553 0.9676868 0 0 0 1 0.3681691 0.9297589 0 -0.252824 0.9675123 0 0 0 1 0.3681628 0.9297614 0 -0.2533919 0.9673637 0 0 0 1 0.3680724 0.9297971 0 -0.2539098 0.9672279 0 0 0 1 0.3681262 0.9297758 0 -0.2543601 0.9671096 0 0 0 1 0.3681378 0.9297712 0 -0.2547614 0.967004 0 0 0 1 0.3681374 0.9297714 0 -0.2550784 0.9669203 0 0 0 1 0.3680957 0.9297879 0 -0.2553456 0.9668498 0 0 0 1 0.6298944 -0.7766808 0 -0.2555628 0.9667925 0 0 0 1 0.6011704 -0.7991209 0 -0.2556793 0.9667617 0 0 0 1 0.5695919 -0.8219277 0 -0.2557625 0.9667397 0 0 0 1 0.5354949 -0.8445385 0 -0.2490954 0.968479 0 0 0 1 0.4993995 -0.8663719 0 -0.2490926 0.9684797 0 0 0 1 0.4620026 -0.8868786 0 -0.249087 0.9684811 0 0 0 1 0.424121 -0.9056054 0 -0.2490786 0.9684833 0 0 0 1 0.3866153 -0.9222411 0 -0.2490674 0.9684861 0 0 0 1 0.3503324 -0.9366254 0 -0.2490535 0.9684898 0 0 0 1 0.3160251 -0.9487508 0 -0.2490867 0.9684812 0 0 0 1 0.2842889 -0.9587387 0 -0.2490672 0.9684861 0 0 0 1 0.2555683 -0.966791 0 -0.2490451 0.9684919 0 0 0 1 0.3255107 -0.9455384 0 -0.2490698 0.9684855 0 0 0 1 0.3253922 -0.9455791 0 -0.2490901 0.9684803 0 0 0 1 0.3254764 -0.9455502 0 -0.2489162 0.9685251 0 0 0 1 0.3254422 -0.945562 0 -0.267841 0.9634631 0 0 0 1 0.3255174 -0.9455361 0 -0.2919022 0.9564481 0 0 0 1 0.3254745 -0.9455509 0 -0.321181 0.9470179 0 0 0 1 0.3254734 -0.9455512 0 -0.3554555 0.9346932 0 0 0 1 0.3254472 -0.9455602 0 -0.394174 0.9190358 0 0 0 1 0.3254377 -0.9455636 0 -0.4364545 0.8997263 0 0 0 1 -0.02604991 -0.9996607 0 0.3254031 -0.9455754 0 -0.4810586 0.8766884 0 0 0 1 -0.1120761 -0.9936997 0 0.3254101 -0.945573 0 -0.5265938 0.850117 0 0 0 1 -0.1996726 -0.9798626 0 0.3254579 -0.9455565 0 -0.5715655 0.8205564 0 0 0 1 -0.2827522 -0.959193 0 0.1230044 -0.9924061 0 -0.6146449 0.7888039 0 0 0 1 -0.3559095 -0.9345204 0 0.05332857 -0.9985771 0 -0.6547368 0.7558569 0 0 0 1 -0.4156287 -0.9095343 0 0 0 1 -0.6911107 0.7227489 0 0 0 1 -0.4607173 -0.8875469 0 0 0 1 -0.5694615 0.8220181 0 0 0 1 -0.4917336 -0.8707457 0 0 0 1 -0.5592896 0.8289723 0 0 0 1 -0.5101885 -0.8600626 0 0 0 1 -0.5335239 0.845785 0 0 0 1 -0.5180505 -0.85535 0 0 0 1 -0.4846636 0.8747007 0 -0.2493109 0.9684234 0 0 0 1 -0.4059581 0.9138917 0 -0.2493063 0.9684247 0 0 0 1 -0.2972252 0.9548075 0 -0.2493017 0.9684258 0 0 0 1 -0.1727412 0.9849673 0 -0.2492927 0.9684282 0 0 0 1 -0.05699563 0.9983745 0 -0.2492813 0.9684311 0 0 0 1 0.03145581 0.9995052 0 -0.2493441 0.968415 0 0 0 1 0.08848977 0.9960771 0 -0.2492498 0.9684393 0 0 0 1 0.1193968 0.9928466 0 -0.2493078 0.9684243 0 0 0 1 0.1317072 0.9912887 0 -0.2492852 0.9684301 0 0 0 1 0.3680909 0.9297898 0 -0.2492584 0.968437 0 0 0 1 0.3681213 0.9297778 0 -0.2493069 0.9684246 0 0 0 1 0.3681818 0.9297538 0 -0.2492758 0.9684326 0 0 0 1 0.3681575 0.9297635 0 -0.2514531 0.9678695 0 0 0 1 0.3680908 0.9297899 0 -0.2521553 0.9676868 0 0 0 1 0.3681691 0.9297589 0 -0.252824 0.9675123 0 0 0 1 0.3681628 0.9297614 0 -0.2533919 0.9673637 0 0 0 1 0.3680724 0.9297971 0 -0.2539098 0.9672279 0 0 0 1 0.3681262 0.9297758 0 -0.2543601 0.9671096 0 0 0 1 0.3681378 0.9297712 0 -0.2547614 0.967004 0 0 0 1 0.3681374 0.9297714 0 -0.2550784 0.9669203 0 0 0 1 0.3680957 0.9297879 0 -0.2553456 0.9668498 0 0 0 1 0.6298944 -0.7766808 0 -0.2555628 0.9667925 0 0 0 1 0.6011704 -0.7991209 0 -0.2556793 0.9667617 0 0 0 1 0.5695919 -0.8219277 0 -0.2557625 0.9667397 0 0 0 1 0.5354949 -0.8445385 0 -0.2490954 0.968479 0 0 0 1 0.4993995 -0.8663719 0 -0.2490926 0.9684797 0 0 0 1 0.4620026 -0.8868786 0 -0.249087 0.9684811 0 0 0 1 0.424121 -0.9056054 0 -0.2490786 0.9684833 0 0 0 1 0.3866153 -0.9222411 0 -0.2490674 0.9684861 0 0 0 1 0.3503324 -0.9366254 0 -0.2490535 0.9684898 0 0 0 1 0.3160251 -0.9487508 0 -0.2490867 0.9684812 0 0 0 1 0.2842889 -0.9587387 0 -0.2490672 0.9684861 0</float_array>
          <technique_common>
            <accessor source="#Mesh_002-mesh-normals-array" count="328" stride="3">
              <param name="X" type="float"/>
              <param name="Y" type="float"/>
              <param name="Z" type="float"/>
            </accessor>
          </technique_common>
        </source>
        <vertices id="Mesh_002-mesh-vertices">
          <input semantic="POSITION" source="#Mesh_002-mesh-positions"/>
        </vertices>
        <triangles count="328">
          <input semantic="VERTEX" source="#Mesh_002-mesh-vertices" offset="0"/>
          <input semantic="NORMAL" source="#Mesh_002-mesh-normals" offset="1"/>
          <p>144 0 280 0 116 0 94 1 257 1 93 1 43 2 206 2 42 2 145 3 281 3 117 3 95 4 258 4 94 4 44 5 207 5 43 5 146 6 282 6 118 6 96 7 259 7 95 7 45 8 208 8 44 8 147 9 283 9 119 9 97 10 260 10 96 10 46 11 209 11 45 11 148 12 284 12 120 12 98 13 261 13 97 13 47 14 210 14 46 14 149 15 285 15 121 15 99 16 262 16 98 16 48 17 211 17 47 17 150 18 286 18 122 18 100 19 263 19 99 19 49 20 212 20 48 20 151 21 287 21 123 21 101 22 264 22 100 22 50 23 213 23 49 23 152 24 288 24 124 24 102 25 265 25 101 25 51 26 214 26 50 26 153 27 289 27 125 27 103 28 266 28 102 28 52 29 215 29 51 29 154 30 290 30 126 30 1 31 164 31 0 31 104 32 267 32 103 32 53 33 216 33 52 33 155 34 291 34 127 34 2 35 165 35 1 35 105 36 268 36 104 36 54 37 217 37 53 37 156 38 292 38 128 38 3 39 166 39 2 39 106 40 269 40 105 40 55 41 218 41 54 41 157 42 293 42 129 42 4 43 167 43 3 43 107 44 270 44 106 44 56 45 219 45 55 45 158 46 294 46 130 46 5 47 168 47 4 47 0 48 271 48 107 48 57 49 220 49 56 49 159 50 295 50 131 50 6 51 169 51 5 51 108 52 172 52 8 52 58 53 221 53 57 53 160 54 296 54 132 54 7 55 170 55 6 55 109 56 174 56 10 56 59 57 222 57 58 57 161 58 297 58 133 58 8 59 171 59 7 59 110 60 175 60 11 60 60 61 223 61 59 61 162 62 298 62 134 62 9 63 172 63 8 63 111 64 184 64 20 64 61 65 224 65 60 65 163 66 299 66 135 66 10 67 173 67 9 67 112 68 187 68 23 68 62 69 225 69 61 69 11 70 174 70 10 70 113 71 189 71 25 71 63 72 226 72 62 72 12 73 175 73 11 73 114 74 191 74 27 74 64 75 227 75 63 75 13 76 176 76 12 76 115 77 193 77 29 77 65 78 228 78 64 78 14 79 177 79 13 79 116 80 195 80 31 80 66 81 229 81 65 81 15 82 178 82 14 82 117 83 202 83 38 83 67 84 230 84 66 84 16 85 179 85 15 85 118 86 206 86 42 86 68 87 231 87 67 87 17 88 180 88 16 88 119 89 208 89 44 89 69 90 232 90 68 90 18 91 181 91 17 91 120 92 211 92 47 92 70 93 233 93 69 93 19 94 182 94 18 94 121 95 213 95 49 95 71 96 234 96 70 96 20 97 183 97 19 97 122 98 214 98 50 98 72 99 235 99 71 99 21 100 184 100 20 100 123 101 215 101 51 101 73 102 236 102 72 102 22 103 185 103 21 103 124 104 216 104 52 104 74 105 237 105 73 105 23 106 186 106 22 106 125 107 218 107 54 107 75 108 238 108 74 108 24 109 187 109 23 109 126 110 222 110 58 110 76 111 239 111 75 111 25 112 188 112 24 112 127 113 226 113 62 113 77 114 240 114 76 114 26 115 189 115 25 115 128 116 228 116 64 116 78 117 241 117 77 117 27 118 190 118 26 118 129 119 249 119 85 119 79 120 242 120 78 120 28 121 191 121 27 121 130 122 250 122 86 122 80 123 243 123 79 123 29 124 192 124 28 124 131 125 254 125 90 125 81 126 244 126 80 126 30 127 193 127 29 127 132 128 255 128 91 128 82 129 245 129 81 129 31 130 194 130 30 130 133 131 256 131 92 131 83 132 246 132 82 132 32 133 195 133 31 133 134 134 257 134 93 134 84 135 247 135 83 135 33 136 196 136 32 136 135 137 263 137 99 137 85 138 248 138 84 138 34 139 197 139 33 139 136 140 272 140 108 140 86 141 249 141 85 141 35 142 198 142 34 142 137 143 273 143 109 143 87 144 250 144 86 144 36 145 199 145 35 145 138 146 274 146 110 146 88 147 251 147 87 147 37 148 200 148 36 148 139 149 275 149 111 149 89 150 252 150 88 150 38 151 201 151 37 151 140 152 276 152 112 152 90 153 253 153 89 153 39 154 202 154 38 154 141 155 277 155 113 155 91 156 254 156 90 156 40 157 203 157 39 157 142 158 278 158 114 158 92 159 255 159 91 159 41 160 204 160 40 160 143 161 279 161 115 161 93 162 256 162 92 162 42 163 205 163 41 163 144 164 308 164 280 164 94 165 258 165 257 165 43 166 207 166 206 166 145 167 309 167 281 167 95 168 259 168 258 168 44 169 208 169 207 169 146 170 310 170 282 170 96 171 260 171 259 171 45 172 209 172 208 172 147 173 311 173 283 173 97 174 261 174 260 174 46 175 210 175 209 175 148 176 312 176 284 176 98 177 262 177 261 177 47 178 211 178 210 178 149 179 313 179 285 179 99 180 263 180 262 180 48 181 212 181 211 181 150 182 314 182 286 182 100 183 264 183 263 183 49 184 213 184 212 184 151 185 315 185 287 185 101 186 265 186 264 186 50 187 214 187 213 187 152 188 316 188 288 188 102 189 266 189 265 189 51 190 215 190 214 190 153 191 317 191 289 191 103 192 267 192 266 192 52 193 216 193 215 193 154 194 318 194 290 194 1 195 165 195 164 195 104 196 268 196 267 196 53 197 217 197 216 197 155 198 319 198 291 198 2 199 166 199 165 199 105 200 269 200 268 200 54 201 218 201 217 201 156 202 320 202 292 202 3 203 167 203 166 203 106 204 270 204 269 204 55 205 219 205 218 205 157 206 321 206 293 206 4 207 168 207 167 207 107 208 271 208 270 208 56 209 220 209 219 209 158 210 322 210 294 210 5 211 169 211 168 211 0 212 164 212 271 212 57 213 221 213 220 213 159 214 323 214 295 214 6 215 170 215 169 215 108 216 272 216 172 216 58 217 222 217 221 217 160 218 324 218 296 218 7 219 171 219 170 219 109 220 273 220 174 220 59 221 223 221 222 221 161 222 325 222 297 222 8 223 172 223 171 223 110 224 274 224 175 224 60 225 224 225 223 225 162 226 326 226 298 226 9 227 173 227 172 227 111 228 275 228 184 228 61 229 225 229 224 229 163 230 327 230 299 230 10 231 174 231 173 231 112 232 276 232 187 232 62 233 226 233 225 233 11 234 175 234 174 234 113 235 277 235 189 235 63 236 227 236 226 236 12 237 176 237 175 237 114 238 278 238 191 238 64 239 228 239 227 239 13 240 177 240 176 240 115 241 279 241 193 241 65 242 229 242 228 242 14 243 178 243 177 243 116 244 280 244 195 244 66 245 230 245 229 245 15 246 179 246 178 246 117 247 281 247 202 247 67 248 231 248 230 248 16 249 180 249 179 249 118 250 282 250 206 250 68 251 232 251 231 251 17 252 181 252 180 252 119 253 283 253 208 253 69 254 233 254 232 254 18 255 182 255 181 255 120 256 284 256 211 256 70 257 234 257 233 257 19 258 183 258 182 258 121 259 285 259 213 259 71 260 235 260 234 260 20 261 184 261 183 261 122 262 286 262 214 262 72 263 236 263 235 263 21 264 185 264 184 264 123 265 287 265 215 265 73 266 237 266 236 266 22 267 186 267 185 267 124 268 288 268 216 268 74 269 238 269 237 269 23 270 187 270 186 270 125 271 289 271 218 271 75 272 239 272 238 272 24 273 188 273 187 273 126 274 290 274 222 274 76 275 240 275 239 275 25 276 189 276 188 276 127 277 291 277 226 277 77 278 241 278 240 278 26 279 190 279 189 279 128 280 292 280 228 280 78 281 242 281 241 281 27 282 191 282 190 282 129 283 293 283 249 283 79 284 243 284 242 284 28 285 192 285 191 285 130 286 294 286 250 286 80 287 244 287 243 287 29 288 193 288 192 288 131 289 295 289 254 289 81 290 245 290 244 290 30 291 194 291 193 291 132 292 296 292 255 292 82 293 246 293 245 293 31 294 195 294 194 294 133 295 297 295 256 295 83 296 247 296 246 296 32 297 196 297 195 297 134 298 298 298 257 298 84 299 248 299 247 299 33 300 197 300 196 300 135 301 299 301 263 301 85 302 249 302 248 302 34 303 198 303 197 303 136 304 300 304 272 304 86 305 250 305 249 305 35 306 199 306 198 306 137 307 301 307 273 307 87 308 251 308 250 308 36 309 200 309 199 309 138 310 302 310 274 310 88 311 252 311 251 311 37 312 201 312 200 312 139 313 303 313 275 313 89 314 253 314 252 314 38 315 202 315 201 315 140 316 304 316 276 316 90 317 254 317 253 317 39 318 203 318 202 318 141 319 305 319 277 319 91 320 255 320 254 320 40 321 204 321 203 321 142 322 306 322 278 322 92 323 256 323 255 323 41 324 205 324 204 324 143 325 307 325 279 325 93 326 257 326 256 326 42 327 206 327 205 327</p>
        </triangles>
      </mesh>
    </geometry>
    <geometry id="Mesh_001-mesh" name="Mesh.001">
      <mesh>
        <source id="Mesh_001-mesh-positions">
          <float_array id="Mesh_001-mesh-positions-array" count="1200">-0.08590078 -0.08117133 0 -0.08567845 -0.08138102 0 -0.08545416 -0.08157956 0 -0.08522683 -0.08176589 0 -0.08499515 -0.08193862 0 -0.0847581 -0.08209663 0 -0.08451437 -0.08223861 0 -0.0842629 -0.08236342 0 -0.08400249 -0.0824697 0 -0.083732 -0.08255636 0 -0.08345019 -0.08262205 0 -0.08315593 -0.08266562 0 -0.08284807 -0.08268582 0 -0.08229368 -0.08242321 0 -0.08177715 -0.08211499 0 -0.08129489 -0.081766 0 -0.08084315 -0.08138108 0 -0.08041834 -0.0809651 0 -0.08001679 -0.08052283 0 -0.07963484 -0.08005911 0 -0.07926887 -0.07957887 0 -0.07891517 -0.07908695 0 -0.07857012 -0.07858812 0 -0.07823014 -0.07808721 0 -0.07789146 -0.07758915 0 -0.07785928 -0.07765346 0 -0.07783192 -0.07770812 0 -0.07780843 -0.07775509 0 -0.07778787 -0.07779628 0 -0.07776916 -0.07783365 0 -0.07775139 -0.07786917 0 -0.07773357 -0.07790482 0 -0.07771468 -0.07794255 0 -0.07769381 -0.07798433 0 -0.07766991 -0.07803213 0 -0.07764208 -0.0780878 0 -0.07760924 -0.07815349 0 -0.07825177 -0.07912296 0 -0.0787937 -0.07993435 0 -0.07925063 -0.08060526 0 -0.07963818 -0.08115339 0 -0.07997214 -0.08159625 0 -0.08026808 -0.08195161 0 -0.08054178 -0.082237 0 -0.08080887 -0.08247017 0 -0.08108508 -0.08266866 0 -0.08138602 -0.08285009 0 -0.08172738 -0.08303219 0 -0.08212488 -0.08323252 0 -0.08239781 -0.08326965 0 -0.08265644 -0.08330219 0 -0.08290296 -0.08332782 0 -0.08313971 -0.08334434 0 -0.08336895 -0.08334952 0 -0.08359295 -0.08334118 0 -0.08381396 -0.08331698 0 -0.08403426 -0.08327478 0 -0.08425611 -0.08321231 0 -0.08448183 -0.08312731 0 -0.08471357 -0.08301758 0 -0.08495378 -0.08288091 0 -0.08510255 -0.0827521 0 -0.08524924 -0.08262228 0 -0.08539402 -0.08249133 0 -0.08553701 -0.08235925 0 -0.08567845 -0.08222603 0 -0.08581846 -0.08209156 0 -0.08595734 -0.0819559 0 -0.08609527 -0.08181887 0 -0.0862323 -0.08168059 0 -0.08636873 -0.08154088 0 -0.08650475 -0.08139985 0 -0.08664053 -0.08125734 0 -0.08669281 -0.0812031 0 -0.08674514 -0.08114892 0 -0.08679753 -0.08109462 0 -0.08684992 -0.08104026 0 -0.08690249 -0.08098584 0 -0.08695513 -0.0809313 0 -0.08700788 -0.08087664 0 -0.0870608 -0.08082181 0 -0.08711385 -0.08076679 0 -0.08716714 -0.08071154 0 -0.08722066 -0.08065611 0 -0.08727443 -0.08060038 0 -0.08766978 -0.08017432 0 -0.08800005 -0.07981491 0 -0.08827185 -0.07951176 0 -0.08849185 -0.07925438 0 -0.08866667 -0.07903236 0 -0.08880287 -0.07883518 0 -0.08890712 -0.07865244 0 -0.08898603 -0.07847368 0 -0.08904623 -0.07828843 0 -0.08909428 -0.07808619 0 -0.08913689 -0.0778566 0 -0.08918058 -0.07758915 0 -0.08889043 -0.0778737 0 -0.08860462 -0.07816135 0 -0.08832275 -0.07845193 0 -0.08804452 -0.07874524 0 -0.0877695 -0.07904118 0 -0.08749723 -0.0793395 0 -0.0872274 -0.07964009 0 -0.0869596 -0.07994282 0 -0.0866934 -0.08024746 0 -0.08642846 -0.08055388 0 -0.08616441 -0.08086186 0 -0.08590078 -0.08117133 0 -0.08451437 -0.08223861 0 -0.08284807 -0.08268582 0 -0.08229368 -0.08242321 0 -0.08129489 -0.081766 0 -0.08041834 -0.0809651 0 -0.08001679 -0.08052283 0 -0.07963484 -0.08005911 0 -0.07926887 -0.07957887 0 -0.07891517 -0.07908695 0 -0.07857012 -0.07858812 0 -0.07823014 -0.07808721 0 -0.07783192 -0.07770812 0 -0.07769381 -0.07798433 0 -0.07760924 -0.07815349 0 -0.07825177 -0.07912296 0 -0.0787937 -0.07993435 0 -0.07925063 -0.08060526 0 -0.07963818 -0.08115339 0 -0.07997214 -0.08159625 0 -0.08026808 -0.08195161 0 -0.08054178 -0.082237 0 -0.08108508 -0.08266866 0 -0.08138602 -0.08285009 0 -0.08172738 -0.08303219 0 -0.0862323 -0.08168059 0 -0.08684992 -0.08104026 0 -0.08766978 -0.08017432 0 -0.08800005 -0.07981491 0 -0.08827185 -0.07951176 0 -0.08849185 -0.07925438 0 -0.08880287 -0.07883518 0 -0.08898603 -0.07847368 0 -0.08904623 -0.07828843 0 -0.08913689 -0.0778566 0 -0.08918058 -0.07758915 0 -0.08889043 -0.0778737 0 -0.08860462 -0.07816135 0 -0.08804452 -0.07874524 0 -0.0877695 -0.07904118 0 -0.08749723 -0.0793395 0 -0.0872274 -0.07964009 0 -0.0869596 -0.07994282 0 -0.0866934 -0.08024746 0 -0.08642846 -0.08055388 0 -0.08616441 -0.08086186 0 -0.08590078 -0.08117133 0 -0.08451437 -0.08223861 0 -0.08284807 -0.08268582 0 -0.08229368 -0.08242321 0 -0.08129489 -0.081766 0 -0.08041834 -0.0809651 0 -0.08001679 -0.08052283 0 -0.07963484 -0.08005911 0 -0.07926887 -0.07957887 0 -0.07891517 -0.07908695 0 -0.07857012 -0.07858812 0 -0.07823014 -0.07808721 0 -0.07783192 -0.07770812 0 -0.07769381 -0.07798433 0 -0.07760924 -0.07815349 0 -0.07825177 -0.07912296 0 -0.0787937 -0.07993435 0 -0.07925063 -0.08060526 0 -0.07963818 -0.08115339 0 -0.07997214 -0.08159625 0 -0.08026808 -0.08195161 0 -0.08054178 -0.082237 0 -0.08108508 -0.08266866 0 -0.08138602 -0.08285009 0 -0.08172738 -0.08303219 0 -0.0862323 -0.08168059 0 -0.08684992 -0.08104026 0 -0.08766978 -0.08017432 0 -0.08800005 -0.07981491 0 -0.08827185 -0.07951176 0 -0.08849185 -0.07925438 0 -0.08880287 -0.07883518 0 -0.08898603 -0.07847368 0 -0.08904623 -0.07828843 0 -0.08913689 -0.0778566 0 -0.08918058 -0.07758915 0 -0.08889043 -0.0778737 0 -0.08860462 -0.07816135 0 -0.08804452 -0.07874524 0 -0.0877695 -0.07904118 0 -0.08749723 -0.0793395 0 -0.0872274 -0.07964009 0 -0.0869596 -0.07994282 0 -0.0866934 -0.08024746 0 -0.08642846 -0.08055388 0 -0.08616441 -0.08086186 0 -0.08590078 -0.08117133 0.07720786 -0.08567845 -0.08138102 0.07720786 -0.08545416 -0.08157956 0.07720786 -0.08522683 -0.08176589 0.07720786 -0.08499515 -0.08193862 0.07720786 -0.0847581 -0.08209663 0.07720786 -0.08451437 -0.08223861 0.07720786 -0.0842629 -0.08236342 0.07720786 -0.08400249 -0.0824697 0.07720786 -0.083732 -0.08255636 0.07720786 -0.08345019 -0.08262205 0.07720786 -0.08315593 -0.08266562 0.07720786 -0.08284807 -0.08268582 0.07720786 -0.08229368 -0.08242321 0.07720786 -0.08177715 -0.08211499 0.07720786 -0.08129489 -0.081766 0.07720786 -0.08084315 -0.08138108 0.07720786 -0.08041834 -0.0809651 0.07720786 -0.08001679 -0.08052283 0.07720786 -0.07963484 -0.08005911 0.07720786 -0.07926887 -0.07957887 0.07720786 -0.07891517 -0.07908695 0.07720786 -0.07857012 -0.07858812 0.07720786 -0.07823014 -0.07808721 0.07720786 -0.07789146 -0.07758915 0.07720786 -0.07785928 -0.07765346 0.07720786 -0.07783192 -0.07770812 0.07720786 -0.07780843 -0.07775509 0.07720786 -0.07778787 -0.07779628 0.07720786 -0.07776916 -0.07783365 0.07720786 -0.07775139 -0.07786917 0.07720786 -0.07773357 -0.07790482 0.07720786 -0.07771468 -0.07794255 0.07720786 -0.07769381 -0.07798433 0.07720786 -0.07766991 -0.07803213 0.07720786 -0.07764208 -0.0780878 0.07720786 -0.07760924 -0.07815349 0.07720786 -0.07825177 -0.07912296 0.07720786 -0.0787937 -0.07993435 0.07720786 -0.07925063 -0.08060526 0.07720786 -0.07963818 -0.08115339 0.07720786 -0.07997214 -0.08159625 0.07720786 -0.08026808 -0.08195161 0.07720786 -0.08054178 -0.082237 0.07720786 -0.08080887 -0.08247017 0.07720786 -0.08108508 -0.08266866 0.07720786 -0.08138602 -0.08285009 0.07720786 -0.08172738 -0.08303219 0.07720786 -0.08212488 -0.08323252 0.07720786 -0.08239781 -0.08326965 0.07720786 -0.08265644 -0.08330219 0.07720786 -0.08290296 -0.08332782 0.07720786 -0.08313971 -0.08334434 0.07720786 -0.08336895 -0.08334952 0.07720786 -0.08359295 -0.08334118 0.07720786 -0.08381396 -0.08331698 0.07720786 -0.08403426 -0.08327478 0.07720786 -0.08425611 -0.08321231 0.07720786 -0.08448183 -0.08312731 0.07720786 -0.08471357 -0.08301758 0.07720786 -0.08495378 -0.08288091 0.07720786 -0.08510255 -0.0827521 0.07720786 -0.08524924 -0.08262228 0.07720786 -0.08539402 -0.08249133 0.07720786 -0.08553701 -0.08235925 0.07720786 -0.08567845 -0.08222603 0.07720786 -0.08581846 -0.08209156 0.07720786 -0.08595734 -0.0819559 0.07720786 -0.08609527 -0.08181887 0.07720786 -0.0862323 -0.08168059 0.07720786 -0.08636873 -0.08154088 0.07720786 -0.08650475 -0.08139985 0.07720786 -0.08664053 -0.08125734 0.07720786 -0.08669281 -0.0812031 0.07720786 -0.08674514 -0.08114892 0.07720786 -0.08679753 -0.08109462 0.07720786 -0.08684992 -0.08104026 0.07720786 -0.08690249 -0.08098584 0.07720786 -0.08695513 -0.0809313 0.07720786 -0.08700788 -0.08087664 0.07720786 -0.0870608 -0.08082181 0.07720786 -0.08711385 -0.08076679 0.07720786 -0.08716714 -0.08071154 0.07720786 -0.08722066 -0.08065611 0.07720786 -0.08727443 -0.08060038 0.07720786 -0.08766978 -0.08017432 0.07720786 -0.08800005 -0.07981491 0.07720786 -0.08827185 -0.07951176 0.07720786 -0.08849185 -0.07925438 0.07720786 -0.08866667 -0.07903236 0.07720786 -0.08880287 -0.07883518 0.07720786 -0.08890712 -0.07865244 0.07720786 -0.08898603 -0.07847368 0.07720786 -0.08904623 -0.07828843 0.07720786 -0.08909428 -0.07808619 0.07720786 -0.08913689 -0.0778566 0.07720786 -0.08918058 -0.07758915 0.07720786 -0.08889043 -0.0778737 0.07720786 -0.08860462 -0.07816135 0.07720786 -0.08832275 -0.07845193 0.07720786 -0.08804452 -0.07874524 0.07720786 -0.0877695 -0.07904118 0.07720786 -0.08749723 -0.0793395 0.07720786 -0.0872274 -0.07964009 0.07720786 -0.0869596 -0.07994282 0.07720786 -0.0866934 -0.08024746 0.07720786 -0.08642846 -0.08055388 0.07720786 -0.08616441 -0.08086186 0.07720786 -0.08590078 -0.08117133 0.07720786 -0.08451437 -0.08223861 0.07720786 -0.08284807 -0.08268582 0.07720786 -0.08229368 -0.08242321 0.07720786 -0.08129489 -0.081766 0.07720786 -0.08041834 -0.0809651 0.07720786 -0.08001679 -0.08052283 0.07720786 -0.07963484 -0.08005911 0.07720786 -0.07926887 -0.07957887 0.07720786 -0.07891517 -0.07908695 0.07720786 -0.07857012 -0.07858812 0.07720786 -0.07823014 -0.07808721 0.07720786 -0.07783192 -0.07770812 0.07720786 -0.07769381 -0.07798433 0.07720786 -0.07760924 -0.07815349 0.07720786 -0.07825177 -0.07912296 0.07720786 -0.0787937 -0.07993435 0.07720786 -0.07925063 -0.08060526 0.07720786 -0.07963818 -0.08115339 0.07720786 -0.07997214 -0.08159625 0.07720786 -0.08026808 -0.08195161 0.07720786 -0.08054178 -0.082237 0.07720786 -0.08108508 -0.08266866 0.07720786 -0.08138602 -0.08285009 0.07720786 -0.08172738 -0.08303219 0.07720786 -0.0862323 -0.08168059 0.07720786 -0.08684992 -0.08104026 0.07720786 -0.08766978 -0.08017432 0.07720786 -0.08800005 -0.07981491 0.07720786 -0.08827185 -0.07951176 0.07720786 -0.08849185 -0.07925438 0.07720786 -0.08880287 -0.07883518 0.07720786 -0.08898603 -0.07847368 0.07720786 -0.08904623 -0.07828843 0.07720786 -0.08913689 -0.0778566 0.07720786 -0.08918058 -0.07758915 0.07720786 -0.08889043 -0.0778737 0.07720786 -0.08860462 -0.07816135 0.07720786 -0.08804452 -0.07874524 0.07720786 -0.0877695 -0.07904118 0.07720786 -0.08749723 -0.0793395 0.07720786 -0.0872274 -0.07964009 0.07720786 -0.0869596 -0.07994282 0.07720786 -0.0866934 -0.08024746 0.07720786 -0.08642846 -0.08055388 0.07720786 -0.08616441 -0.08086186 0.07720786 -0.08590078 -0.08117133 0.07720786 -0.08451437 -0.08223861 0.07720786 -0.08284807 -0.08268582 0.07720786 -0.08229368 -0.08242321 0.07720786 -0.08129489 -0.081766 0.07720786 -0.08041834 -0.0809651 0.07720786 -0.08001679 -0.08052283 0.07720786 -0.07963484 -0.08005911 0.07720786 -0.07926887 -0.07957887 0.07720786 -0.07891517 -0.07908695 0.07720786 -0.07857012 -0.07858812 0.07720786 -0.07823014 -0.07808721 0.07720786 -0.07783192 -0.07770812 0.07720786 -0.07769381 -0.07798433 0.07720786 -0.07760924 -0.07815349 0.07720786 -0.07825177 -0.07912296 0.07720786 -0.0787937 -0.07993435 0.07720786 -0.07925063 -0.08060526 0.07720786 -0.07963818 -0.08115339 0.07720786 -0.07997214 -0.08159625 0.07720786 -0.08026808 -0.08195161 0.07720786 -0.08054178 -0.082237 0.07720786 -0.08108508 -0.08266866 0.07720786 -0.08138602 -0.08285009 0.07720786 -0.08172738 -0.08303219 0.07720786 -0.0862323 -0.08168059 0.07720786 -0.08684992 -0.08104026 0.07720786 -0.08766978 -0.08017432 0.07720786 -0.08800005 -0.07981491 0.07720786 -0.08827185 -0.07951176 0.07720786 -0.08849185 -0.07925438 0.07720786 -0.08880287 -0.07883518 0.07720786 -0.08898603 -0.07847368 0.07720786 -0.08904623 -0.07828843 0.07720786 -0.08913689 -0.0778566 0.07720786 -0.08918058 -0.07758915 0.07720786 -0.08889043 -0.0778737 0.07720786 -0.08860462 -0.07816135 0.07720786 -0.08804452 -0.07874524 0.07720786 -0.0877695 -0.07904118 0.07720786 -0.08749723 -0.0793395 0.07720786 -0.0872274 -0.07964009 0.07720786 -0.0869596 -0.07994282 0.07720786 -0.0866934 -0.08024746 0.07720786 -0.08642846 -0.08055388 0.07720786 -0.08616441 -0.08086186 0.07720786</float_array>
          <technique_common>
            <accessor source="#Mesh_001-mesh-positions-array" count="400" stride="3">
              <param name="X" type="float"/>
              <param name="Y" type="float"/>
              <param name="Z" type="float"/>
            </accessor>
          </technique_common>
        </source>
        <source id="Mesh_001-mesh-normals">
          <float_array id="Mesh_001-mesh-normals-array" count="1200">-0.7255104 -0.6882112 0 -0.7324631 -0.6808068 0 -0.7386699 -0.6740672 0 -0.7441685 -0.667992 0 -0.7489523 -0.662624 0 -0.753042 -0.6579725 0 -0.6860792 -0.7275268 0 -0.7564411 -0.6540617 0 -0.6629393 -0.7486732 0 -0.7591671 -0.6508957 0 -0.6337622 -0.773528 0 -0.7612389 -0.6484716 0 -0.597832 -0.8016213 0 0 0 1 -0.5545554 -0.8321469 0 0 0 1 -0.5034636 -0.8640164 0 0 0 1 -0.4444725 -0.8957925 0 0 0 1 -0.377985 -0.9258117 0 0 0 1 -0.3049689 -0.9523624 0 0 0 1 -0.2271043 -0.9738705 0 0 0 1 -0.1464588 -0.9892168 0 0 0 1 -0.06539696 -0.9978593 0 0 0 1 0.4280728 -0.9037443 0 0 0 1 0.5124213 -0.8587343 0 0 0 1 0.5862256 -0.810148 0 0 0 1 0.6485772 -0.7611489 0 0 0 1 0.6996624 -0.7144736 0 0 0 1 0.7403599 -0.6722108 0 0 0 1 0.7718494 -0.6358055 0 0 0 1 0.7953564 -0.6061422 0 0 0 1 0.8119516 -0.5837247 0 0 0 1 0.8224397 -0.5688522 0 0 0 1 0.827369 -0.5616589 0 0 0 1 0.8269574 -0.5622648 0 0 0 1 -0.8943858 -0.4472965 0 0 0 1 -0.8944028 -0.4472624 0 0 0 1 -0.8943989 -0.4472704 0 0 0 1 -0.8943948 -0.4472783 0 0 0 1 -0.8943915 -0.4472849 0 0 0 1 -0.8944272 -0.4472136 0 0 0 1 -0.8944272 -0.4472136 0 0 0 1 -0.8943566 -0.4473549 0 0 0 1 -0.8943634 -0.4473412 0 0 0 1 -0.8943992 -0.4472694 0 0 0 1 -0.8944033 -0.4472614 0 0 0 1 -0.8943459 -0.447376 0 0 0 1 -0.8335364 0.5524646 0 0 0 1 -0.8315883 0.5553925 0 0 0 1 -0.8265423 0.5628748 0 0 0 1 -0.816484 0.577368 0 0 0 1 -0.7984677 0.6020376 0 0 0 1 -0.7683652 0.6400116 0 0 0 1 -0.7217701 0.6921329 0 0 0 1 -0.6575772 0.7533872 0 0 0 1 -0.5835837 0.812053 0 0 0 1 -0.5163715 0.8563647 0 0 0 1 -0.4706142 0.8823391 0 0 0 1 -0.4500635 0.8929966 0 0 0 1 -0.1348899 0.9908606 0 0 0 1 -0.1247454 0.9921888 0 0 0 1 -0.103458 0.9946339 0 0 0 1 -0.06966072 0.9975707 0 0 0 1 -0.02268075 0.9997427 0 0 0 1 0.03736203 0.9993017 0 0 0 1 0.1087468 0.9940695 0 0 0 1 0.1882017 0.9821304 0 0 0 1 0.2711031 0.9625503 0 0 0 1 0.3524097 0.9358459 0 0 0 1 0.4278541 0.9038478 0 0 0 1 0.4946342 0.8691013 0 0 0 1 0.6544101 0.7561399 0 0 0 1 0.6628209 0.7487781 0 0 0 1 0.6708543 0.7415891 0 0 0 1 0.678474 0.7346244 0 0 0 1 0.6857031 0.7278814 0 0 0 1 0.6924911 0.7214264 0 0 0 1 0.6988669 0.7152517 0 0 0 1 0.704803 0.7094031 0 0 0 1 0.7102944 0.7039047 0 0 0 1 0.7153385 0.6987782 0 0 0 1 0.7199156 0.6940617 0 0 0 1 0.7240659 0.6897308 0 0 0 1 0.719606 0.6943826 0 0 0 1 0.7196008 0.6943881 0 0 0 1 0.7195904 0.6943988 0 0 0 1 0.7196242 0.6943638 0 0 0 1 0.7196034 0.6943852 0 0 0 1 0.7195776 0.6944121 0 0 0 1 0.7195941 0.694395 0 0 0 1 0.7196069 0.6943816 0 0 0 1 0.719613 0.6943753 0 0 0 1 0.719567 0.694423 0 0 0 1 0.7196113 0.6943771 0 0 0 1 0.7195557 0.6944348 0 0 0 1 0.7330811 0.6801413 0 0 0 1 0.7363185 0.6766352 0 0 0 1 0.7445312 0.6675878 0 0 0 1 0.760118 0.6497851 0 0 0 1 0.7857168 0.6185863 0 0 0 1 0.822728 0.5684353 0 0 0 1 0.8685851 0.49554 0 0 0 1 0.9148416 0.403813 0 0 0 1 0.9510805 0.3089433 0 0 0 1 0.9728942 0.2312505 0 0 0 1 0.9832422 0.182304 0 0 0 1 0.9869112 0.1612641 0 -0.7001897 -0.713957 0 -0.7093906 -0.7048156 0 -0.7178285 -0.69622 0 -0.7255104 -0.6882112 0 -0.7324631 -0.6808068 0 -0.7386699 -0.6740672 0 -0.7441685 -0.667992 0 -0.7489523 -0.662624 0 -0.753042 -0.6579725 0 -0.6860792 -0.7275268 0 -0.7564411 -0.6540617 0 -0.6629393 -0.7486732 0 -0.7591671 -0.6508957 0 -0.6337622 -0.773528 0 -0.7612389 -0.6484716 0 -0.597832 -0.8016213 0 0 0 1 -0.5545554 -0.8321469 0 0 0 1 -0.5034636 -0.8640164 0 0 0 1 -0.4444725 -0.8957925 0 0 0 1 -0.377985 -0.9258117 0 0 0 1 -0.3049689 -0.9523624 0 0 0 1 -0.2271043 -0.9738705 0 0 0 1 -0.1464588 -0.9892168 0 0 0 1 -0.06539696 -0.9978593 0 0 0 1 0.4280728 -0.9037443 0 0 0 1 0.5124213 -0.8587343 0 0 0 1 0.5862256 -0.810148 0 0 0 1 0.6485772 -0.7611489 0 0 0 1 0.6996624 -0.7144736 0 0 0 1 0.7403599 -0.6722108 0 0 0 1 0.7718494 -0.6358055 0 0 0 1 0.7953564 -0.6061422 0 0 0 1 0.8119516 -0.5837247 0 0 0 1 0.8224397 -0.5688522 0 0 0 1 0.827369 -0.5616589 0 0 0 1 0.8269574 -0.5622648 0 0 0 1 -0.8943858 -0.4472965 0 0 0 1 -0.8944028 -0.4472624 0 0 0 1 -0.8943989 -0.4472704 0 0 0 1 -0.8943948 -0.4472783 0 0 0 1 -0.8943915 -0.4472849 0 0 0 1 -0.8944272 -0.4472136 0 0 0 1 -0.8944272 -0.4472136 0 0 0 1 -0.8943566 -0.4473549 0 0 0 1 -0.8943634 -0.4473412 0 0 0 1 -0.8943992 -0.4472694 0 0 0 1 -0.8944033 -0.4472614 0 0 0 1 -0.8943459 -0.447376 0 0 0 1 -0.8335364 0.5524646 0 0 0 1 -0.8315883 0.5553925 0 0 0 1 -0.8265423 0.5628748 0 0 0 1 -0.816484 0.577368 0 0 0 1 -0.7984677 0.6020376 0 0 0 1 -0.7683652 0.6400116 0 0 0 1 -0.7217701 0.6921329 0 0 0 1 -0.6575772 0.7533872 0 0 0 1 -0.5835837 0.812053 0 0 0 1 -0.5163715 0.8563647 0 0 0 1 -0.4706142 0.8823391 0 0 0 1 -0.4500635 0.8929966 0 0 0 1 -0.1348899 0.9908606 0 0 0 1 -0.1247454 0.9921888 0 0 0 1 -0.103458 0.9946339 0 0 0 1 -0.06966072 0.9975707 0 0 0 1 -0.02268075 0.9997427 0 0 0 1 0.03736203 0.9993017 0 0 0 1 0.1087468 0.9940695 0 0 0 1 0.1882017 0.9821304 0 0 0 1 0.2711031 0.9625503 0 0 0 1 0.3524097 0.9358459 0 0 0 1 0.4278541 0.9038478 0 0 0 1 0.4946342 0.8691013 0 0 0 1 0.6544101 0.7561399 0 0 0 1 0.6628209 0.7487781 0 0 0 1 0.6708543 0.7415891 0 0 0 1 0.678474 0.7346244 0 0 0 1 0.6857031 0.7278814 0 0 0 1 0.6924911 0.7214264 0 0 0 1 0.6988669 0.7152517 0 0 0 1 0.704803 0.7094031 0 0 0 1 0.7102944 0.7039047 0 0 0 1 0.7153385 0.6987782 0 0 0 1 0.7199156 0.6940617 0 0 0 1 0.7240659 0.6897308 0 0 0 1 0.719606 0.6943826 0 0 0 1 0.7196008 0.6943881 0 0 0 1 0.7195904 0.6943988 0 0 0 1 0.7196242 0.6943638 0 0 0 1 0.7196034 0.6943852 0 0 0 1 0.7195776 0.6944121 0 0 0 1 0.7195941 0.694395 0 0 0 1 0.7196069 0.6943816 0 0 0 1 0.719613 0.6943753 0 0 0 1 0.719567 0.694423 0 0 0 1 0.7196113 0.6943771 0 0 0 1 0.7195557 0.6944348 0 0 0 1 0.7330811 0.6801413 0 0 0 1 0.7363185 0.6766352 0 0 0 1 0.7445312 0.6675878 0 0 0 1 0.760118 0.6497851 0 0 0 1 0.7857168 0.6185863 0 0 0 1 0.822728 0.5684353 0 0 0 1 0.8685851 0.49554 0 0 0 1 0.9148416 0.403813 0 0 0 1 0.9510805 0.3089433 0 0 0 1 0.9728942 0.2312505 0 0 0 1 0.9832422 0.182304 0 0 0 1 0.9869112 0.1612641 0 -0.7001897 -0.713957 0 -0.7093906 -0.7048156 0 -0.7178285 -0.69622 0</float_array>
          <technique_common>
            <accessor source="#Mesh_001-mesh-normals-array" count="400" stride="3">
              <param name="X" type="float"/>
              <param name="Y" type="float"/>
              <param name="Z" type="float"/>
            </accessor>
          </technique_common>
        </source>
        <vertices id="Mesh_001-mesh-vertices">
          <input semantic="POSITION" source="#Mesh_001-mesh-positions"/>
        </vertices>
        <triangles count="400">
          <input semantic="VERTEX" source="#Mesh_001-mesh-vertices" offset="0"/>
          <input semantic="NORMAL" source="#Mesh_001-mesh-normals" offset="1"/>
          <p>100 0 299 0 99 0 101 1 300 1 100 1 102 2 301 2 101 2 103 3 302 3 102 3 104 4 303 4 103 4 105 5 304 5 104 5 1 6 200 6 0 6 106 7 305 7 105 7 2 8 201 8 1 8 107 9 306 9 106 9 3 10 202 10 2 10 0 11 307 11 107 11 4 12 203 12 3 12 108 13 200 13 0 13 5 14 204 14 4 14 109 15 206 15 6 15 6 16 205 16 5 16 110 17 212 17 12 17 7 18 206 18 6 18 111 19 213 19 13 19 8 20 207 20 7 20 112 21 215 21 15 21 9 22 208 22 8 22 113 23 217 23 17 23 10 24 209 24 9 24 114 25 218 25 18 25 11 26 210 26 10 26 115 27 219 27 19 27 12 28 211 28 11 28 116 29 220 29 20 29 13 30 212 30 12 30 117 31 221 31 21 31 14 32 213 32 13 32 118 33 222 33 22 33 15 34 214 34 14 34 119 35 223 35 23 35 16 36 215 36 15 36 120 37 226 37 26 37 17 38 216 38 16 38 121 39 233 39 33 39 18 40 217 40 17 40 122 41 236 41 36 41 19 42 218 42 18 42 123 43 237 43 37 43 20 44 219 44 19 44 124 45 238 45 38 45 21 46 220 46 20 46 125 47 239 47 39 47 22 48 221 48 21 48 126 49 240 49 40 49 23 50 222 50 22 50 127 51 241 51 41 51 24 52 223 52 23 52 128 53 242 53 42 53 25 54 224 54 24 54 129 55 243 55 43 55 26 56 225 56 25 56 130 57 245 57 45 57 27 58 226 58 26 58 131 59 246 59 46 59 28 60 227 60 27 60 132 61 247 61 47 61 29 62 228 62 28 62 133 63 269 63 69 63 30 64 229 64 29 64 134 65 276 65 76 65 31 66 230 66 30 66 135 67 285 67 85 67 32 68 231 68 31 68 136 69 286 69 86 69 33 70 232 70 32 70 137 71 287 71 87 71 34 72 233 72 33 72 138 73 288 73 88 73 35 74 234 74 34 74 139 75 290 75 90 75 36 76 235 76 35 76 140 77 292 77 92 77 37 78 236 78 36 78 141 79 293 79 93 79 38 80 237 80 37 80 142 81 295 81 95 81 39 82 238 82 38 82 143 83 296 83 96 83 40 84 239 84 39 84 144 85 297 85 97 85 41 86 240 86 40 86 145 87 298 87 98 87 42 88 241 88 41 88 146 89 300 89 100 89 43 90 242 90 42 90 147 91 301 91 101 91 44 92 243 92 43 92 148 93 302 93 102 93 45 94 244 94 44 94 149 95 303 95 103 95 46 96 245 96 45 96 150 97 304 97 104 97 47 98 246 98 46 98 151 99 305 99 105 99 48 100 247 100 47 100 152 101 306 101 106 101 49 102 248 102 48 102 153 103 307 103 107 103 50 104 249 104 49 104 154 105 308 105 108 105 51 106 250 106 50 106 155 107 309 107 109 107 52 108 251 108 51 108 156 109 310 109 110 109 53 110 252 110 52 110 157 111 311 111 111 111 54 112 253 112 53 112 158 113 312 113 112 113 55 114 254 114 54 114 159 115 313 115 113 115 56 116 255 116 55 116 160 117 314 117 114 117 57 118 256 118 56 118 161 119 315 119 115 119 58 120 257 120 57 120 162 121 316 121 116 121 59 122 258 122 58 122 163 123 317 123 117 123 60 124 259 124 59 124 164 125 318 125 118 125 61 126 260 126 60 126 165 127 319 127 119 127 62 128 261 128 61 128 166 129 320 129 120 129 63 130 262 130 62 130 167 131 321 131 121 131 64 132 263 132 63 132 168 133 322 133 122 133 65 134 264 134 64 134 169 135 323 135 123 135 66 136 265 136 65 136 170 137 324 137 124 137 67 138 266 138 66 138 171 139 325 139 125 139 68 140 267 140 67 140 172 141 326 141 126 141 69 142 268 142 68 142 173 143 327 143 127 143 70 144 269 144 69 144 174 145 328 145 128 145 71 146 270 146 70 146 175 147 329 147 129 147 72 148 271 148 71 148 176 149 330 149 130 149 73 150 272 150 72 150 177 151 331 151 131 151 74 152 273 152 73 152 178 153 332 153 132 153 75 154 274 154 74 154 179 155 333 155 133 155 76 156 275 156 75 156 180 157 334 157 134 157 77 158 276 158 76 158 181 159 335 159 135 159 78 160 277 160 77 160 182 161 336 161 136 161 79 162 278 162 78 162 183 163 337 163 137 163 80 164 279 164 79 164 184 165 338 165 138 165 81 166 280 166 80 166 185 167 339 167 139 167 82 168 281 168 81 168 186 169 340 169 140 169 83 170 282 170 82 170 187 171 341 171 141 171 84 172 283 172 83 172 188 173 342 173 142 173 85 174 284 174 84 174 189 175 343 175 143 175 86 176 285 176 85 176 190 177 344 177 144 177 87 178 286 178 86 178 191 179 345 179 145 179 88 180 287 180 87 180 192 181 346 181 146 181 89 182 288 182 88 182 193 183 347 183 147 183 90 184 289 184 89 184 194 185 348 185 148 185 91 186 290 186 90 186 195 187 349 187 149 187 92 188 291 188 91 188 196 189 350 189 150 189 93 190 292 190 92 190 197 191 351 191 151 191 94 192 293 192 93 192 198 193 352 193 152 193 95 194 294 194 94 194 199 195 353 195 153 195 96 196 295 196 95 196 97 197 296 197 96 197 98 198 297 198 97 198 99 199 298 199 98 199 100 200 300 200 299 200 101 201 301 201 300 201 102 202 302 202 301 202 103 203 303 203 302 203 104 204 304 204 303 204 105 205 305 205 304 205 1 206 201 206 200 206 106 207 306 207 305 207 2 208 202 208 201 208 107 209 307 209 306 209 3 210 203 210 202 210 0 211 200 211 307 211 4 212 204 212 203 212 108 213 308 213 200 213 5 214 205 214 204 214 109 215 309 215 206 215 6 216 206 216 205 216 110 217 310 217 212 217 7 218 207 218 206 218 111 219 311 219 213 219 8 220 208 220 207 220 112 221 312 221 215 221 9 222 209 222 208 222 113 223 313 223 217 223 10 224 210 224 209 224 114 225 314 225 218 225 11 226 211 226 210 226 115 227 315 227 219 227 12 228 212 228 211 228 116 229 316 229 220 229 13 230 213 230 212 230 117 231 317 231 221 231 14 232 214 232 213 232 118 233 318 233 222 233 15 234 215 234 214 234 119 235 319 235 223 235 16 236 216 236 215 236 120 237 320 237 226 237 17 238 217 238 216 238 121 239 321 239 233 239 18 240 218 240 217 240 122 241 322 241 236 241 19 242 219 242 218 242 123 243 323 243 237 243 20 244 220 244 219 244 124 245 324 245 238 245 21 246 221 246 220 246 125 247 325 247 239 247 22 248 222 248 221 248 126 249 326 249 240 249 23 250 223 250 222 250 127 251 327 251 241 251 24 252 224 252 223 252 128 253 328 253 242 253 25 254 225 254 224 254 129 255 329 255 243 255 26 256 226 256 225 256 130 257 330 257 245 257 27 258 227 258 226 258 131 259 331 259 246 259 28 260 228 260 227 260 132 261 332 261 247 261 29 262 229 262 228 262 133 263 333 263 269 263 30 264 230 264 229 264 134 265 334 265 276 265 31 266 231 266 230 266 135 267 335 267 285 267 32 268 232 268 231 268 136 269 336 269 286 269 33 270 233 270 232 270 137 271 337 271 287 271 34 272 234 272 233 272 138 273 338 273 288 273 35 274 235 274 234 274 139 275 339 275 290 275 36 276 236 276 235 276 140 277 340 277 292 277 37 278 237 278 236 278 141 279 341 279 293 279 38 280 238 280 237 280 142 281 342 281 295 281 39 282 239 282 238 282 143 283 343 283 296 283 40 284 240 284 239 284 144 285 344 285 297 285 41 286 241 286 240 286 145 287 345 287 298 287 42 288 242 288 241 288 146 289 346 289 300 289 43 290 243 290 242 290 147 291 347 291 301 291 44 292 244 292 243 292 148 293 348 293 302 293 45 294 245 294 244 294 149 295 349 295 303 295 46 296 246 296 245 296 150 297 350 297 304 297 47 298 247 298 246 298 151 299 351 299 305 299 48 300 248 300 247 300 152 301 352 301 306 301 49 302 249 302 248 302 153 303 353 303 307 303 50 304 250 304 249 304 154 305 354 305 308 305 51 306 251 306 250 306 155 307 355 307 309 307 52 308 252 308 251 308 156 309 356 309 310 309 53 310 253 310 252 310 157 311 357 311 311 311 54 312 254 312 253 312 158 313 358 313 312 313 55 314 255 314 254 314 159 315 359 315 313 315 56 316 256 316 255 316 160 317 360 317 314 317 57 318 257 318 256 318 161 319 361 319 315 319 58 320 258 320 257 320 162 321 362 321 316 321 59 322 259 322 258 322 163 323 363 323 317 323 60 324 260 324 259 324 164 325 364 325 318 325 61 326 261 326 260 326 165 327 365 327 319 327 62 328 262 328 261 328 166 329 366 329 320 329 63 330 263 330 262 330 167 331 367 331 321 331 64 332 264 332 263 332 168 333 368 333 322 333 65 334 265 334 264 334 169 335 369 335 323 335 66 336 266 336 265 336 170 337 370 337 324 337 67 338 267 338 266 338 171 339 371 339 325 339 68 340 268 340 267 340 172 341 372 341 326 341 69 342 269 342 268 342 173 343 373 343 327 343 70 344 270 344 269 344 174 345 374 345 328 345 71 346 271 346 270 346 175 347 375 347 329 347 72 348 272 348 271 348 176 349 376 349 330 349 73 350 273 350 272 350 177 351 377 351 331 351 74 352 274 352 273 352 178 353 378 353 332 353 75 354 275 354 274 354 179 355 379 355 333 355 76 356 276 356 275 356 180 357 380 357 334 357 77 358 277 358 276 358 181 359 381 359 335 359 78 360 278 360 277 360 182 361 382 361 336 361 79 362 279 362 278 362 183 363 383 363 337 363 80 364 280 364 279 364 184 365 384 365 338 365 81 366 281 366 280 366 185 367 385 367 339 367 82 368 282 368 281 368 186 369 386 369 340 369 83 370 283 370 282 370 187 371 387 371 341 371 84 372 284 372 283 372 188 373 388 373 342 373 85 374 285 374 284 374 189 375 389 375 343 375 86 376 286 376 285 376 190 377 390 377 344 377 87 378 287 378 286 378 191 379 391 379 345 379 88 380 288 380 287 380 192 381 392 381 346 381 89 382 289 382 288 382 193 383 393 383 347 383 90 384 290 384 289 384 194 385 394 385 348 385 91 386 291 386 290 386 195 387 395 387 349 387 92 388 292 388 291 388 196 389 396 389 350 389 93 390 293 390 292 390 197 391 397 391 351 391 94 392 294 392 293 392 198 393 398 393 352 393 95 394 295 394 294 394 199 395 399 395 353 395 96 396 296 396 295 396 97 397 297 397 296 397 98 398 298 398 297 398 99 399 299 399 298 399</p>
        </triangles>
      </mesh>
    </geometry>
    <geometry id="Mesh-mesh" name="Mesh">
      <mesh>
        <source id="Mesh-mesh-positions">
          <float_array id="Mesh-mesh-positions-array" count="18528">-0.1414535 -0.01584351 0 -0.1415832 -0.01601171 0 -0.1417129 -0.01617985 0 -0.1418427 -0.016348 0 -0.1419726 -0.01651614 0 -0.1421024 -0.01668423 0 -0.142188 -0.01679497 0 -0.1422735 -0.01690572 0 -0.1423589 -0.01701653 0 -0.1424443 -0.01712739 0 -0.1425297 -0.01723825 0 -0.142615 -0.01734918 0 -0.1427003 -0.0174601 0 -0.1427856 -0.01757109 0 -0.1428707 -0.01768207 0 -0.1429559 -0.01779311 0 -0.143041 -0.01790416 0 -0.1431261 -0.01801526 0 -0.1436553 -0.01870006 0 -0.1441013 -0.01927262 0 -0.1444767 -0.01974475 0 -0.144794 -0.02012836 0 -0.1450659 -0.02043545 0 -0.1453049 -0.02067774 0 -0.1455237 -0.02086716 0 -0.1457349 -0.02101564 0 -0.145951 -0.02113509 0 -0.1461846 -0.02123725 0 -0.1464484 -0.02133417 0 -0.146755 -0.02143764 0 -0.147704 -0.02152919 0 -0.1486542 -0.02160197 0 -0.1496055 -0.02165806 0 -0.1505578 -0.02169936 0 -0.1515108 -0.02172791 0 -0.1524644 -0.02174568 0 -0.1534183 -0.02175462 0 -0.1543723 -0.02175682 0 -0.1553262 -0.0217542 0 -0.1562798 -0.02174878 0 -0.1572329 -0.02174252 0 -0.1581853 -0.02173739 0 -0.1583399 -0.02173703 0 -0.1584945 -0.02173674 0 -0.1586492 -0.02173638 0 -0.1588038 -0.02173602 0 -0.1589584 -0.02173572 0 -0.159113 -0.02173537 0 -0.1592676 -0.02173507 0 -0.1594222 -0.02173477 0 -0.1595768 -0.02173447 0 -0.1597315 -0.02173411 0 -0.1598861 -0.02173382 0 -0.1600407 -0.02173358 0 -0.1604153 -0.02173274 0 -0.1607899 -0.02173191 0 -0.1611644 -0.02173095 0 -0.161539 -0.02172994 0 -0.1619135 -0.02172887 0 -0.1622881 -0.0217278 0 -0.1626626 -0.0217266 0 -0.1630372 -0.02172535 0 -0.1634117 -0.02172404 0 -0.1637863 -0.02172267 0 -0.1641609 -0.02172124 0 -0.1645354 -0.02171981 0 -0.1645354 -0.0216965 0 -0.1645354 -0.0216732 0 -0.1645354 -0.02164989 0 -0.1645354 -0.02162659 0 -0.1645354 -0.02160316 0 -0.1645354 -0.02157974 0 -0.1645354 -0.02155625 0 -0.1645354 -0.02153271 0 -0.1645354 -0.02150911 0 -0.1645354 -0.02148538 0 -0.1645354 -0.02146154 0 -0.1645354 -0.02143764 0 -0.1636636 -0.02138286 0 -0.162792 -0.02133202 0 -0.1619205 -0.02128481 0 -0.161049 -0.02124118 0 -0.1601775 -0.02120089 0 -0.1593059 -0.02116382 0 -0.1584343 -0.02112978 0 -0.1575624 -0.02109861 0 -0.1566902 -0.02107018 0 -0.1558178 -0.02104431 0 -0.1549451 -0.02102082 0 -0.1540718 -0.02099961 0 -0.1537207 -0.02099114 0 -0.1533696 -0.02098232 0 -0.1530186 -0.02097308 0 -0.1526675 -0.02096349 0 -0.1523165 -0.02095353 0 -0.1519655 -0.02094316 0 -0.1516145 -0.02093243 0 -0.1512635 -0.02092134 0 -0.1509125 -0.0209099 0 -0.1505616 -0.02089804 0 -0.1502106 -0.02088582 0 -0.1498596 -0.0208733 0 -0.1497765 -0.02087062 0 -0.1496934 -0.020868 0 -0.1496102 -0.02086538 0 -0.1495269 -0.02086269 0 -0.1494435 -0.02086007 0 -0.1493599 -0.02085739 0 -0.1492761 -0.02085477 0 -0.149192 -0.02085208 0 -0.1491077 -0.0208494 0 -0.149023 -0.02084672 0 -0.1488953 -0.02084267 0 -0.1484728 -0.02082127 0 -0.1481506 -0.02080243 0 -0.1478753 -0.02078258 0 -0.1476355 -0.0207594 0 -0.1474205 -0.02073055 0 -0.1472191 -0.02069365 0 -0.1470204 -0.02064657 0 -0.1468133 -0.02058678 0 -0.1465869 -0.02051216 0 -0.1463301 -0.02042025 0 -0.1460319 -0.02030885 0 -0.1456813 -0.02017557 0 -0.1454482 -0.01990407 0 -0.1452186 -0.01963043 0 -0.1449921 -0.01935482 0 -0.1447685 -0.01907718 0 -0.1445477 -0.01879781 0 -0.144329 -0.01851665 0 -0.1441125 -0.01823395 0 -0.1438978 -0.01794964 0 -0.1436845 -0.01766401 0 -0.1434724 -0.01737701 0 -0.1432613 -0.01708877 0 -0.1430508 -0.01679944 0 -0.1426261 -0.01622706 0 -0.1421986 -0.01565849 0 -0.141768 -0.0150935 0 -0.1413343 -0.01453208 0 -0.1408972 -0.01397401 0 -0.1404564 -0.01341915 0 -0.1400117 -0.01286745 0 -0.1395631 -0.01231873 0 -0.1391102 -0.01177281 0 -0.1386528 -0.01122963 0 -0.1381908 -0.01068902 0 -0.1377238 -0.0101509 0 -0.1376833 -0.01010257 0 -0.1376428 -0.01005429 0 -0.1376023 -0.01000595 0 -0.1375617 -0.009957492 0 -0.137521 -0.009909033 0 -0.1374803 -0.009860455 0 -0.1374395 -0.009811699 0 -0.1373986 -0.009762883 0 -0.1373575 -0.009713828 0 -0.1373162 -0.009664654 0 -0.1372748 -0.009615242 0 -0.1372331 -0.009565591 0 -0.1360297 -0.008143246 0 -0.1350131 -0.006953299 0 -0.1341527 -0.005970418 0 -0.1334176 -0.005169153 0 -0.1327768 -0.004524171 0 -0.1321995 -0.004010021 0 -0.1316549 -0.003601253 0 -0.1311119 -0.003272593 0 -0.1305398 -0.00299853 0 -0.1299076 -0.002753674 0 -0.1291846 -0.002512693 0 -0.1283397 -0.002250194 0 -0.1281045 -0.002255976 0 -0.1278904 -0.002273559 0 -0.1276939 -0.002302765 0 -0.1275116 -0.002343773 0 -0.1273402 -0.002396523 0 -0.1271761 -0.002461016 0 -0.1270158 -0.002537369 0 -0.126856 -0.002625465 0 -0.1266932 -0.002725481 0 -0.126524 -0.0028373 0 -0.1263449 -0.002961039 0 -0.1261524 -0.003096699 0 -0.1260501 -0.0032292 0 -0.1259635 -0.003342151 0 -0.1258896 -0.003439664 0 -0.1258258 -0.00352621 0 -0.125769 -0.003606021 0 -0.1257165 -0.003683388 0 -0.1256654 -0.003762722 0 -0.1256128 -0.003848254 0 -0.125556 -0.003944337 0 -0.125492 -0.004055261 0 -0.125418 -0.004185318 0 -0.1253311 -0.00433886 0 -0.1252954 -0.004401803 0 -0.1252598 -0.004464745 0 -0.125224 -0.004527747 0 -0.1251882 -0.004590809 0 -0.1251524 -0.00465399 0 -0.1251165 -0.00471729 0 -0.1250805 -0.004780769 0 -0.1250445 -0.004844427 0 -0.1250082 -0.004908323 0 -0.1249719 -0.004972457 0 -0.1249354 -0.00503683 0 -0.1248988 -0.005101501 0 -0.1247053 -0.005462288 0 -0.1245127 -0.005823552 0 -0.1243213 -0.006185233 0 -0.1241309 -0.006547451 0 -0.1239415 -0.006910085 0 -0.123753 -0.007273256 0 -0.1235656 -0.007636904 0 -0.1233791 -0.008001089 0 -0.1231935 -0.00836575 0 -0.1230089 -0.008731007 0 -0.1228251 -0.009096741 0 -0.1226422 -0.009463071 0 -0.1226132 -0.009521305 0 -0.1225885 -0.009570777 0 -0.1225673 -0.009613215 0 -0.1225487 -0.009650468 0 -0.1225318 -0.009684324 0 -0.1225158 -0.009716451 0 -0.1224997 -0.009748697 0 -0.1224827 -0.00978285 0 -0.1224638 -0.00982064 0 -0.1224422 -0.009863853 0 -0.122417 -0.009914278 0 -0.1223874 -0.009973645 0 -0.1219259 -0.01090687 0 -0.1214698 -0.01184254 0 -0.1210186 -0.0127803 0 -0.1205719 -0.01372009 0 -0.1201293 -0.01466172 0 -0.1196902 -0.01560503 0 -0.1192543 -0.0165497 0 -0.118821 -0.01749575 0 -0.1183899 -0.01844286 0 -0.1179605 -0.01939088 0 -0.1175324 -0.02033966 0 -0.1171053 -0.02128899 0 -0.1168433 -0.02186995 0 -0.1165807 -0.02245056 0 -0.1163174 -0.02303093 0 -0.1160535 -0.02361094 0 -0.1157891 -0.02419078 0 -0.1155242 -0.02477031 0 -0.1152589 -0.02534973 0 -0.1149933 -0.02592897 0 -0.1147274 -0.02650809 0 -0.1144612 -0.02708709 0 -0.1141949 -0.02766603 0 -0.1139284 -0.02824491 0 -0.1138941 -0.02831947 0 -0.113865 -0.02838283 0 -0.1138399 -0.02843725 0 -0.1138179 -0.028485 0 -0.113798 -0.02852827 0 -0.1137791 -0.02856945 0 -0.1137601 -0.02861082 0 -0.1137399 -0.02865451 0 -0.1137176 -0.02870291 0 -0.1136922 -0.02875828 0 -0.1136624 -0.02882283 0 -0.1136274 -0.02889889 0 -0.1135259 -0.02911949 0 -0.1134244 -0.02934002 0 -0.1133228 -0.02956062 0 -0.1132213 -0.02978116 0 -0.1131197 -0.03000175 0 -0.1130182 -0.03022229 0 -0.1129167 -0.03044289 0 -0.1128151 -0.03066343 0 -0.1127135 -0.03088396 0 -0.112612 -0.03110456 0 -0.1125103 -0.0313251 0 -0.1124088 -0.03154563 0 -0.1122513 -0.03188765 0 -0.1120938 -0.03222972 0 -0.1119365 -0.03257179 0 -0.1117792 -0.03291386 0 -0.1116219 -0.03325599 0 -0.1114647 -0.03359818 0 -0.1113076 -0.03394037 0 -0.1111505 -0.03428256 0 -0.1109935 -0.03462481 0 -0.1108365 -0.03496706 0 -0.1106795 -0.03530931 0 -0.1105226 -0.03565162 0 -0.1099857 -0.03682178 0 -0.1094478 -0.0379914 0 -0.1089086 -0.03916037 0 -0.108368 -0.04032862 0 -0.1078257 -0.04149609 0 -0.1072815 -0.04266256 0 -0.1067351 -0.04382807 0 -0.1061863 -0.04499244 0 -0.1056349 -0.04615557 0 -0.1050806 -0.04731744 0 -0.1045231 -0.04847788 0 -0.1039623 -0.04963684 0 -0.1039398 -0.04968303 0 -0.1039174 -0.04972928 0 -0.1038949 -0.0497756 0 -0.1038724 -0.04982191 0 -0.1038498 -0.04986834 0 -0.1038272 -0.04991483 0 -0.1038046 -0.04996144 0 -0.1037819 -0.05000823 0 -0.1037591 -0.05005514 0 -0.1037362 -0.05010229 0 -0.1037132 -0.05014955 0 -0.1036902 -0.05019706 0 -0.1033989 -0.05079483 0 -0.1031068 -0.05139219 0 -0.102814 -0.05198919 0 -0.1025204 -0.05258584 0 -0.1022261 -0.05318212 0 -0.1019313 -0.05377805 0 -0.1016358 -0.05437374 0 -0.1013397 -0.05496907 0 -0.1010431 -0.05556422 0 -0.100746 -0.05615907 0 -0.1004485 -0.05675375 0 -0.1001505 -0.05734825 0 -0.100035 -0.05757886 0 -0.09991949 -0.05780959 0 -0.09980422 -0.05804038 0 -0.09968906 -0.05827122 0 -0.09957396 -0.05850213 0 -0.09945899 -0.0587331 0 -0.09934413 -0.05896407 0 -0.09922933 -0.0591951 0 -0.09911459 -0.05942618 0 -0.09899991 -0.05965727 0 -0.09888529 -0.05988842 0 -0.09877073 -0.06011956 0 -0.0974698 -0.06312406 0 -0.0963509 -0.06566298 0 -0.09536111 -0.06781452 0 -0.09444761 -0.06965708 0 -0.09355741 -0.07126891 0 -0.09263765 -0.07272833 0 -0.09163546 -0.0741136 0 -0.09049785 -0.07550305 0 -0.08917206 -0.07697492 0 -0.08760505 -0.07860749 0 -0.08574402 -0.08047914 0 -0.08353602 -0.08266818 0 -0.08324772 -0.08266299 0 -0.08297473 -0.08263325 0 -0.08271527 -0.08258044 0 -0.08246767 -0.08250606 0 -0.08223032 -0.0824117 0 -0.08200144 -0.08229881 0 -0.08177947 -0.08216887 0 -0.08156269 -0.08202344 0 -0.08134937 -0.08186399 0 -0.08113795 -0.08169209 0 -0.08092659 -0.08150923 0 -0.08071374 -0.08131682 0 -0.08001315 -0.08050256 0 -0.07934892 -0.07965409 0 -0.07871758 -0.07877576 0 -0.07811564 -0.07787197 0 -0.07753956 -0.07694715 0 -0.07698601 -0.07600569 0 -0.07645136 -0.07505196 0 -0.07593214 -0.0740903 0 -0.0754249 -0.07312518 0 -0.07492619 -0.07216095 0 -0.07443249 -0.07120203 0 -0.07394027 -0.07025277 0 -0.07389062 -0.07015794 0 -0.07384848 -0.07007735 0 -0.07381224 -0.07000815 0 -0.07378047 -0.06994748 0 -0.07375162 -0.0698924 0 -0.07372421 -0.06984001 0 -0.07369673 -0.06978744 0 -0.07366758 -0.06973183 0 -0.07361698 -0.06963509 0 -0.07355552 -0.06951773 0 -0.07350492 -0.06942099 0 -0.07288342 -0.06821107 0 -0.07227343 -0.06699651 0 -0.07167392 -0.06577765 0 -0.07108402 -0.06455475 0 -0.07050275 -0.06332808 0 -0.06992918 -0.06209796 0 -0.06936228 -0.06086474 0 -0.06880122 -0.0596286 0 -0.06824493 -0.05838996 0 -0.06769251 -0.05714899 0 -0.06714302 -0.05590605 0 -0.06659555 -0.05466145 0 -0.06637907 -0.05417037 0 -0.06616175 -0.05367964 0 -0.06594365 -0.05318933 0 -0.0657249 -0.05269932 0 -0.06550544 -0.05220955 0 -0.06528544 -0.05172014 0 -0.0650649 -0.0512309 0 -0.06484395 -0.05074185 0 -0.06462258 -0.05025303 0 -0.06440085 -0.04976433 0 -0.06417888 -0.04927569 0 -0.06395667 -0.04878717 0 -0.06359791 -0.04799604 0 -0.06324076 -0.04720425 0 -0.06288528 -0.04641187 0 -0.06253141 -0.04561877 0 -0.06217914 -0.04482501 0 -0.06182849 -0.04403054 0 -0.0614795 -0.04323542 0 -0.06113207 -0.04243952 0 -0.06078618 -0.0416429 0 -0.06044191 -0.04084551 0 -0.06009918 -0.0400474 0 -0.059758 -0.03924846 0 -0.05925357 -0.03806686 0 -0.05874735 -0.03688603 0 -0.0582394 -0.03570592 0 -0.05773001 -0.03452646 0 -0.05721926 -0.03334754 0 -0.05670732 -0.03216916 0 -0.05619436 -0.03099125 0 -0.05568057 -0.02981364 0 -0.05516606 -0.02863639 0 -0.05465102 -0.02745938 0 -0.05413556 -0.02628254 0 -0.05361986 -0.02510583 0 -0.05359935 -0.0250591 0 -0.05357891 -0.02501237 0 -0.0535584 -0.02496558 0 -0.0535379 -0.02491879 0 -0.05351734 -0.02487188 0 -0.05349677 -0.02482485 0 -0.05347609 -0.02477777 0 -0.05345541 -0.0247305 0 -0.05343461 -0.02468305 0 -0.0534138 -0.02463549 0 -0.05338233 -0.02456367 0 -0.05028986 -0.01751494 0 -0.04769819 -0.01164716 0 -0.04552865 -0.006819546 0 -0.04371315 -0.002915501 0 -0.04218363 1.8181e-4 0 -0.04087203 0.002589106 0 -0.03971034 0.004423081 0 -0.03863036 0.005800545 0 -0.03756409 0.006838202 0 -0.03644353 0.007652759 0 -0.03520041 0.008360922 0 -0.03376686 0.009079515 0 -0.03320652 0.009236514 0 -0.03263562 0.009354591 0 -0.0320568 0.009434401 0 -0.03147274 0.00947678 0 -0.03088605 0.009482502 0 -0.03029936 0.009452342 0 -0.02971529 0.009387135 0 -0.02913653 0.009287655 0 -0.0285657 0.009154677 0 -0.02800548 0.008988976 0 -0.02745842 0.008791327 0 -0.02692723 0.008562564 0 -0.02609771 0.008092999 0 -0.02528899 0.007601439 0 -0.02449917 0.007089257 0 -0.0237264 0.006557762 0 -0.02296864 0.006008327 0 -0.02222412 0.005442261 0 -0.02149087 0.004860937 0 -0.02076697 0.004265666 0 -0.02005052 0.003657758 0 -0.01933962 0.003038585 0 -0.01863235 0.002409458 0 -0.01792681 0.001771807 0 -0.01767772 0.001551508 0 -0.01742732 0.001332998 0 -0.01717579 0.001116037 0 -0.01692306 9.00564e-4 0 -0.01666933 6.86377e-4 0 -0.01641464 4.73369e-4 0 -0.01615905 2.61403e-4 0 -0.01590269 5.03438e-5 0 -0.01564562 -1.59944e-4 0 -0.01538789 -3.69598e-4 0 -0.01512956 -5.78751e-4 0 -0.01487082 -7.87541e-4 0 -0.01475 -8.85299e-4 0 -0.0146293 -9.83268e-4 0 -0.01450884 -0.001081407 0 -0.01438856 -0.001179814 0 -0.01426839 -0.00127846 0 -0.01414847 -0.001377344 0 -0.01402872 -0.001476407 0 -0.01390922 -0.001575767 0 -0.01378989 -0.001675367 0 -0.0136708 -0.001775205 0 -0.01355189 -0.00187534 0 -0.01343321 -0.001975715 0 -0.01252305 -0.002717792 0 -0.01160645 -0.003421783 0 -0.01067966 -0.004082143 0 -0.009738862 -0.004693329 0 -0.008780241 -0.005249798 0 -0.007800042 -0.005745887 0 -0.006794393 -0.006176114 0 -0.005759596 -0.006534874 0 -0.004691779 -0.006816625 0 -0.003587126 -0.007015764 0 -0.002441883 -0.007126748 0 -0.001252233 -0.007144033 0 -3.96062e-4 -0.007023692 0 4.4563e-4 -0.006838321 0 0.001272082 -0.006593167 0 0.002082705 -0.006293416 0 0.002876698 -0.005944371 0 0.003653347 -0.005551338 0 0.004411995 -0.005119502 0 0.005151927 -0.004654169 0 0.005872428 -0.004160642 0 0.006572782 -0.003644108 0 0.007252275 -0.003109872 0 0.007910192 -0.002563178 0 0.007949471 -0.002529799 0 0.00800848 -0.002479672 0 0.008067488 -0.002429485 0 0.008106946 -0.002395987 0 0.008146524 -0.00236237 0 0.008186101 -0.002328693 0 0.008225858 -0.002294898 0 0.008265733 -0.002261042 0 0.008305788 -0.002227008 0 0.008366167 -0.002175688 0 0.008813679 -0.001785874 0 0.009236574 -0.001409053 0 0.009655535 -0.001028239 0 0.01007091 -6.43831e-4 0 0.01048296 -2.56075e-4 0 0.01089209 1.34703e-4 0 0.01129859 5.28198e-4 0 0.01170295 9.24107e-4 0 0.01210546 0.00132209 0 0.01250642 0.001721918 0 0.01290631 0.002123236 0 0.01330536 0.002525746 0 0.0134294 0.002650976 0 0.01355355 0.002776145 0 0.01367777 0.002901196 0 0.01380205 0.003026187 0 0.01392644 0.003151118 0 0.01405084 0.00327593 0 0.01417535 0.003400743 0 0.01429986 0.003525495 0 0.01442444 0.003650188 0 0.01454901 0.003774881 0 0.0146737 0.003899514 0 0.01479834 0.004024147 0 0.01516574 0.004393398 0 0.01553189 0.004763185 0 0.01589655 0.005133867 0 0.01625943 0.00550574 0 0.01662039 0.005879282 0 0.01697909 0.006254732 0 0.01733535 0.006632447 0 0.01768893 0.007012844 0 0.01803958 0.007396221 0 0.01838707 0.007782936 0 0.01873123 0.008173286 0 0.01907169 0.00856775 0 0.01951158 0.009067058 0 0.01996093 0.009559333 0 0.02041918 0.01004475 0 0.0208857 0.01052331 0 0.0213598 0.01099514 0 0.02184098 0.0114603 0 0.02232849 0.0119189 0 0.02282172 0.01237094 0 0.02332007 0.01281654 0 0.0238229 0.01325577 0 0.0243296 0.01368874 0 0.02483946 0.01411557 0 0.02487546 0.01414579 0 0.02491146 0.01417607 0 0.02494746 0.01420634 0 0.02498352 0.01423668 0 0.02501964 0.01426708 0 0.02505588 0.01429754 0 0.02509212 0.01432806 0 0.02512854 0.01435869 0 0.02516508 0.01438939 0 0.02520173 0.01442027 0 0.02523851 0.0144512 0 0.02527552 0.01448231 0 0.02687352 0.01577627 0 0.0285021 0.01700204 0 0.03016293 0.0181567 0 0.03185778 0.01923704 0 0.03358846 0.02024006 0 0.0353567 0.02116268 0 0.03716427 0.0220018 0 0.0390129 0.02275437 0 0.04090434 0.02341735 0 0.04284036 0.02398765 0 0.04482275 0.02446222 0 0.04685324 0.02483797 0 0.04693305 0.02485096 0 0.0470528 0.02487045 0 0.04717266 0.02489 0 0.04725277 0.02490305 0 0.04733306 0.02491617 0 0.04741352 0.02492928 0 0.04749423 0.02494245 0 0.04757523 0.02495563 0 0.04765653 0.02496892 0 0.04777914 0.02498888 0 0.04924762 0.02514272 0 0.05068945 0.02524703 0 0.05214256 0.02530997 0 0.0536037 0.02533322 0 0.05506962 0.0253182 0 0.05653721 0.02526652 0 0.05800318 0.02517974 0 0.05946445 0.0250594 0 0.06091773 0.02490711 0 0.06235992 0.0247243 0 0.06378775 0.02451264 0 0.06519812 0.02427363 0 0.06527507 0.02425998 0 0.06535208 0.02424633 0 0.06542915 0.02423268 0 0.06550633 0.02421897 0 0.06558364 0.02420526 0 0.06566107 0.02419155 0 0.06573873 0.02417778 0 0.06581664 0.02416402 0 0.06589478 0.02415013 0 0.06597316 0.02413624 0 0.06605195 0.02412229 0 0.06613105 0.02410829 0 0.06702983 0.02394461 0 0.06792777 0.02377742 0 0.068825 0.02360689 0 0.06972151 0.0234332 0 0.07061737 0.02325642 0 0.07151263 0.02307671 0 0.0724073 0.02289426 0 0.07330149 0.02270919 0 0.07419526 0.02252161 0 0.07508856 0.02233177 0 0.07598149 0.02213978 0 0.07687419 0.02194571 0 0.0804646 0.02117425 0 0.08413946 0.02043312 0 0.08787834 0.01976174 0 0.09166097 0.0191996 0 0.09546709 0.01878625 0 0.09927636 0.01856112 0 0.1030685 0.01856368 0 0.1068232 0.01883345 0 0.1105201 0.01940995 0 0.114139 0.02033257 0 0.1176596 0.02164083 0 0.1210616 0.02337419 0 0.1217495 0.02384525 0 0.122408 0.02433085 0 0.1230399 0.02483147 0 0.1236474 0.02534741 0 0.1242334 0.02587914 0 0.1248003 0.02642703 0 0.1253509 0.02699148 0 0.1258876 0.02757298 0 0.126413 0.02817183 0 0.1269297 0.0287885 0 0.1274403 0.02942335 0 0.1279475 0.0300768 0 0.1282051 0.03040802 0 0.1284666 0.03073537 0 0.1287316 0.03105926 0 0.129 0.03137987 0 0.1292716 0.03169769 0 0.1295459 0.03201287 0 0.129823 0.0323258 0 0.1301025 0.03263676 0 0.130384 0.03294605 0 0.1306676 0.03325408 0 0.1309528 0.03356105 0 0.1312394 0.03386735 0 0.1312816 0.0339148 0 0.1313237 0.0339623 0 0.1313658 0.03400981 0 0.131408 0.03405743 0 0.1314504 0.03410506 0 0.1314927 0.03415286 0 0.1315352 0.03420072 0 0.1315778 0.03424876 0 0.1316206 0.03429698 0 0.1316635 0.03434532 0 0.1317066 0.0343939 0 0.1317499 0.03444272 0 0.1321901 0.03489726 0 0.1326454 0.03532963 0 0.1331146 0.0357421 0 0.1335961 0.03613704 0 0.1340887 0.03651684 0 0.1345909 0.03688371 0 0.1351015 0.03724014 0 0.1356189 0.03758835 0 0.136142 0.03793078 0 0.1366692 0.03826963 0 0.1371992 0.03860741 0 0.1377307 0.03894639 0 0.1378706 0.03903704 0 0.1380105 0.03912782 0 0.1381503 0.03921866 0 0.1382901 0.03930962 0 0.1384298 0.03940057 0 0.1385694 0.03949165 0 0.1387091 0.03958278 0 0.1388487 0.03967404 0 0.1389881 0.03976535 0 0.1391276 0.03985673 0 0.139267 0.03994822 0 0.1394064 0.04003977 0 0.1394746 0.04008454 0 0.1395429 0.0401293 0 0.1396112 0.04017406 0 0.1396796 0.04021894 0 0.1397481 0.04026389 0 0.1398167 0.04030889 0 0.1398856 0.04035401 0 0.1399546 0.04039931 0 0.1400238 0.04044473 0 0.1400933 0.04049032 0 0.1401631 0.0405361 0 0.1402332 0.04058206 0 0.1403985 0.040699 0 0.140562 0.0408163 0 0.140724 0.04093408 0 0.1408846 0.04105246 0 0.1410441 0.04117161 0 0.1412027 0.04129165 0 0.1413604 0.04141265 0 0.1415174 0.04153478 0 0.141674 0.0416581 0 0.1418303 0.04178285 0 0.1419865 0.04190909 0 0.1421427 0.04203701 0 0.142834 0.04258018 0 0.1435211 0.04308044 0 0.1442081 0.04354029 0 0.1448985 0.04396235 0 0.1455961 0.04434907 0 0.1463046 0.04470306 0 0.1470279 0.04502689 0 0.1477695 0.04532307 0 0.1485334 0.04559421 0 0.1493232 0.04584282 0 0.1501426 0.04607152 0 0.1509954 0.04628276 0 0.151046 0.04629462 0 0.1510966 0.04630649 0 0.1511473 0.04631835 0 0.151198 0.04633027 0 0.1512488 0.04634219 0 0.1512997 0.04635411 0 0.1513508 0.04636609 0 0.151402 0.04637813 0 0.1514533 0.04639017 0 0.1515049 0.04640227 0 0.1515567 0.04641437 0 0.1516087 0.04642659 0 0.1530094 0.04672008 0 0.1544 0.04696083 0 0.1557828 0.04714924 0 0.1571596 0.04728579 0 0.1585327 0.04737091 0 0.159904 0.047405 0 0.1612756 0.04738861 0 0.1626497 0.04732221 0 0.1640282 0.04720616 0 0.1654133 0.04704093 0 0.1668069 0.04682707 0 0.1682113 0.04656493 0 0.1682113 0.04651832 0 0.1682113 0.04647177 0 0.1682113 0.04642516 0 0.1682113 0.04637849 0 0.1682113 0.0463317 0 0.1682113 0.04628485 0 0.1682113 0.04623788 0 0.1682113 0.04619079 0 0.1682113 0.04614353 0 0.1682113 0.04609608 0 0.1682113 0.04604846 0 0.1682113 0.04600059 0 0.1681284 0.04601079 0 0.1680454 0.04602092 0 0.1679623 0.04603117 0 0.1678792 0.04604136 0 0.1677958 0.04605162 0 0.1677124 0.04606181 0 0.1676287 0.04607212 0 0.1675447 0.04608243 0 0.1674606 0.04609274 0 0.167376 0.04610311 0 0.1672911 0.04611355 0 0.1672059 0.04612404 0 0.1671592 0.04612976 0 0.1671125 0.04613548 0 0.1670658 0.0461412 0 0.167019 0.04614698 0 0.1669722 0.04615271 0 0.1669252 0.04615849 0 0.1668782 0.04616427 0 0.166831 0.04617005 0 0.1667836 0.04617589 0 0.166736 0.04618173 0 0.1666883 0.04618757 0 0.1666403 0.04619348 0 0.1665118 0.04621046 0 0.1663833 0.04622799 0 0.1662549 0.04624605 0 0.1661266 0.04626464 0 0.1659984 0.04628366 0 0.1658702 0.04630315 0 0.1657421 0.04632306 0 0.165614 0.04634338 0 0.165486 0.04636406 0 0.1653581 0.04638516 0 0.1652302 0.04640656 0 0.1651024 0.04642826 0 0.1639223 0.04657238 0 0.162739 0.04667085 0 0.1615536 0.04672509 0 0.1603674 0.04673629 0 0.1591817 0.0467059 0 0.1579976 0.04663509 0 0.1568163 0.04652523 0 0.1556391 0.04637765 0 0.1544672 0.04619365 0 0.1533018 0.04597455 0 0.1521441 0.04572165 0 0.1509954 0.04543626 0 0.1509394 0.04542189 0 0.1508834 0.04540759 0 0.1508273 0.04539322 0 0.1507712 0.04537886 0 0.1507149 0.04536443 0 0.1506586 0.04535001 0 0.1506021 0.04533559 0 0.1505454 0.04532104 0 0.1504886 0.0453065 0 0.1504315 0.0452919 0 0.1503742 0.04527723 0 0.1503167 0.04526251 0 0.1501523 0.04521965 0 0.1499881 0.0451765 0 0.1498239 0.04513305 0 0.1496598 0.04508936 0 0.1494958 0.04504537 0 0.1493319 0.04500114 0 0.1491681 0.04495668 0 0.1490043 0.04491198 0 0.1488405 0.04486703 0 0.1486768 0.04482185 0 0.1485131 0.04477643 0 0.1483495 0.04473084 0 0.1482828 0.04471236 0 0.1482018 0.04469001 0 0.1481348 0.04467147 0 0.1480961 0.04466074 0 0.1480593 0.04465061 0 0.1480223 0.04464036 0 0.1479832 0.04462957 0 0.1479399 0.04461759 0 0.1478904 0.04460388 0 0.1477986 0.04457855 0 0.1473297 0.04442739 0 0.1469126 0.04426836 0 0.1465114 0.04409289 0 0.1461241 0.04390156 0 0.1457487 0.04369521 0 0.1453831 0.04347455 0 0.1450256 0.0432403 0 0.144674 0.04299324 0 0.1443262 0.04273408 0 0.1439805 0.0424636 0 0.1436348 0.0421825 0 0.1432871 0.04189151 0 0.1429675 0.04163616 0 0.1426455 0.0413863 0 0.1423211 0.04114139 0 0.1419944 0.04090106 0 0.1416653 0.04066479 0 0.141334 0.04043209 0 0.1410004 0.04020267 0 0.1406646 0.03997594 0 0.1403267 0.03975152 0 0.1399868 0.0395289 0 0.1396447 0.03930771 0 0.1393006 0.03908747 0 0.1383292 0.03845995 0 0.137376 0.03782629 0 0.1364417 0.0371825 0 0.1355273 0.03652495 0 0.1346336 0.03584963 0 0.1337616 0.03515279 0 0.1329121 0.03443068 0 0.132086 0.03367942 0 0.1312841 0.03289514 0 0.1305075 0.03207409 0 0.1297568 0.03121244 0 0.1290331 0.03030639 0 0.1274948 0.02843272 0 0.1259008 0.02675312 0 0.1242469 0.02525627 0 0.122529 0.02393066 0 0.120743 0.02276504 0 0.1188845 0.02174788 0 0.1169494 0.02086794 0 0.1149336 0.0201137 0 0.1128329 0.01947385 0 0.1106429 0.01893693 0 0.1083597 0.01849162 0 0.1059789 0.01812654 0 0.1046699 0.01799005 0 0.1033605 0.01788979 0 0.102051 0.01782423 0 0.1007416 0.01779174 0 0.0994324 0.01779085 0 0.09812361 0.01782006 0 0.0968154 0.01787781 0 0.09550797 0.01796257 0 0.09420156 0.01807278 0 0.09289628 0.01820695 0 0.09159231 0.01836353 0 0.09028995 0.01854097 0 0.09020501 0.01855319 0 0.09012007 0.01856535 0 0.09003502 0.01857757 0 0.0899499 0.01858985 0 0.08986467 0.01860207 0 0.08977919 0.01861435 0 0.08969354 0.01862668 0 0.08960765 0.01863902 0 0.08952146 0.01865142 0 0.08943492 0.01866388 0 0.08934807 0.01867634 0 0.08926081 0.01868891 0 0.08841645 0.01881939 0 0.08757418 0.01895761 0 0.08673369 0.0191031 0 0.08589476 0.01925516 0 0.08505719 0.01941341 0 0.08422082 0.0195772 0 0.0833854 0.019746 0 0.08255076 0.01991933 0 0.08171671 0.0200966 0 0.08088296 0.02027726 0 0.08004933 0.02046072 0 0.0792157 0.02064657 0 0.07878583 0.02074235 0 0.0783559 0.02083766 0 0.07792586 0.02093261 0 0.07749575 0.02102714 0 0.07706558 0.02112138 0 0.07663536 0.02121526 0 0.07620501 0.02130895 0 0.07577466 0.02140241 0 0.07534432 0.02149569 0 0.07491385 0.0215888 0 0.07448345 0.0216819 0 0.07405298 0.02177488 0 0.07396978 0.02179288 0 0.07388651 0.02181082 0 0.07380324 0.02182888 0 0.07371979 0.02184689 0 0.07363623 0.02186495 0 0.07355248 0.02188307 0 0.07346856 0.02190119 0 0.0733844 0.02191936 0 0.07329988 0.02193766 0 0.07321512 0.02195596 0 0.07312995 0.02197438 0 0.07304447 0.02199286 0 0.06953281 0.02270776 0 0.06602454 0.02332615 0 0.06252413 0.02382284 0 0.05903619 0.02417266 0 0.05556523 0.02435028 0 0.05211591 0.02433061 0 0.04869264 0.02408844 0 0.04530012 0.02359855 0 0.04194277 0.02283573 0 0.03862524 0.02177482 0 0.03535211 0.02039057 0 0.03212779 0.0186578 0 0.03090441 0.01783901 0 0.02970987 0.01698845 0 0.02854174 0.01610857 0 0.02739751 0.0152018 0 0.02627474 0.0142706 0 0.02517086 0.0133174 0 0.02408349 0.01234459 0 0.02301007 0.01135474 0 0.02194821 0.01035022 0 0.02089536 0.009333431 0 0.01984906 0.00830686 0 0.01880687 0.007272958 0 0.01877337 0.007239699 0 0.01873987 0.00720638 0 0.01870638 0.007173061 0 0.01867276 0.007139682 0 0.01863914 0.007106244 0 0.01860547 0.007072806 0 0.01857167 0.007039189 0 0.01853781 0.007005512 0 0.01850384 0.006971716 0 0.01846969 0.006937801 0 0.01843541 0.006903767 0 0.01840102 0.006869554 0 0.01804518 0.006514191 0 0.01769101 0.006158053 0 0.01733869 0.005800724 0 0.01698827 0.005442082 0 0.01664 0.005081713 0 0.01629394 0.004719436 0 0.01595032 0.004354953 0 0.0156092 0.003987908 0 0.01527076 0.003618121 0 0.01493519 0.003245234 0 0.01460254 0.002869009 0 0.01427304 0.002489209 0 0.01325148 0.001339733 0 0.01216524 1.7828e-4 0 0.01101762 -9.76429e-4 0 0.009811878 -0.002105534 0 0.008551299 -0.003190279 0 0.007239222 -0.004211783 0 0.005878865 -0.005151331 0 0.004473626 -0.005990087 0 0.003026664 -0.006709158 0 0.001541376 -0.007289886 0 2.1006e-5 -0.007713317 0 -0.001531124 -0.007960796 0 -0.002952456 -0.007926225 0 -0.00431919 -0.007747232 0 -0.005635082 -0.007436573 0 -0.006903827 -0.007007181 0 -0.008129179 -0.006471872 0 -0.009314715 -0.00584352 0 -0.01046425 -0.00513494 0 -0.01158148 -0.004359066 0 -0.01267009 -0.003528714 0 -0.0137338 -0.002656698 0 -0.01477628 -0.001755952 0 -0.01580131 -8.39353e-4 0 -0.01589518 -7.56863e-4 0 -0.01598912 -6.74402e-4 0 -0.01608312 -5.91973e-4 0 -0.01617711 -5.09577e-4 0 -0.01627111 -4.27214e-4 0 -0.01636517 -3.44887e-4 0 -0.01645922 -2.62598e-4 0 -0.01655334 -1.80347e-4 0 -0.01664751 -9.81367e-5 0 -0.01674169 -1.59682e-5 0 -0.01683592 6.61568e-5 0 -0.01693022 1.48237e-4 0 -0.01717066 3.58411e-4 0 -0.01737296 5.35228e-4 0 -0.01754242 6.83403e-4 0 -0.01768445 8.0765e-4 0 -0.01780438 9.12683e-4 0 -0.01790767 0.001003205 0 -0.01799958 0.00108391 0 -0.01808553 0.001159608 0 -0.01817095 0.001234948 0 -0.01826113 0.00131458 0 -0.0183615 0.001403331 0 -0.01847738 0.001505851 0 -0.01983982 0.00274682 0 -0.02100259 0.003788113 0 -0.02201211 0.004654824 0 -0.02291506 0.005372166 0 -0.02375799 0.005965352 0 -0.02458739 0.006459534 0 -0.02544987 0.006879806 0 -0.02639198 0.007251441 0 -0.02746033 0.007599532 0 -0.02870142 0.007949233 0 -0.03016191 0.008325815 0 -0.0318883 0.008754372 0 -0.03250569 0.008642733 0 -0.03309178 0.008475899 0 -0.0336489 0.008258521 0 -0.03417944 0.007995188 0 -0.03468573 0.00769037 0 -0.03517007 0.007348775 0 -0.03563499 0.006974995 0 -0.03608268 0.006573498 0 -0.03651553 0.006148993 0 -0.03693598 0.005706012 0 -0.0373463 0.005249202 0 -0.03774893 0.004783034 0 -0.03911411 0.00285083 0 -0.04040747 8.53809e-4 0 -0.04163557 -0.001199305 0 -0.04280507 -0.003299832 0 -0.04392272 -0.005438983 0 -0.04499506 -0.007608056 0 -0.04602885 -0.009798228 0 -0.04703068 -0.01200085 0 -0.04800724 -0.01420712 0 -0.04896521 -0.01640838 0 -0.0499112 -0.01859581 0 -0.05085188 -0.02076071 0 -0.05102759 -0.02116155 0 -0.05120396 -0.02156215 0 -0.05138081 -0.02196246 0 -0.05155819 -0.02236253 0 -0.05173605 -0.02276241 0 -0.05191433 -0.02316206 0 -0.05209308 -0.02356153 0 -0.0522722 -0.02396082 0 -0.05245161 -0.02435994 0 -0.05263137 -0.02475899 0 -0.05281144 -0.02515792 0 -0.05299168 -0.02555674 0 -0.05341625 -0.02649843 0 -0.05383861 -0.02744108 0 -0.05425894 -0.0283845 0 -0.05467742 -0.0293287 0 -0.05509424 -0.03027367 0 -0.05550944 -0.0312193 0 -0.05592328 -0.03216552 0 -0.05633586 -0.03311228 0 -0.05674731 -0.03405958 0 -0.05715787 -0.03500735 0 -0.05756765 -0.03595548 0 -0.05797672 -0.03690397 0 -0.05800557 -0.03697091 0 -0.05803447 -0.0370379 0 -0.05806332 -0.03710496 0 -0.05809229 -0.03717207 0 -0.05812126 -0.03723931 0 -0.05815029 -0.03730666 0 -0.05817943 -0.03737419 0 -0.05820858 -0.03744196 0 -0.05823791 -0.03750991 0 -0.05826729 -0.03757816 0 -0.05831164 -0.03768104 0 -0.05844146 -0.03798216 0 -0.05855637 -0.03824883 0 -0.05867129 -0.03851556 0 -0.05878621 -0.03878223 0 -0.05890119 -0.03904896 0 -0.0590161 -0.03931564 0 -0.05913102 -0.03958237 0 -0.05924594 -0.03984904 0 -0.05936086 -0.04011577 0 -0.05947577 -0.04038244 0 -0.05959069 -0.04064917 0 -0.05970561 -0.04091584 0 -0.06363546 -0.05002754 0 -0.06693094 -0.05763399 0 -0.06966996 -0.06388211 0 -0.0719304 -0.0689187 0 -0.07379001 -0.07289087 0 -0.07532674 -0.07594549 0 -0.07661837 -0.07822942 0 -0.07774281 -0.07988971 0 -0.07877779 -0.08107322 0 -0.07980126 -0.08192694 0 -0.08089101 -0.08259767 0 -0.08212488 -0.08323252 0 -0.08239781 -0.08326965 0 -0.08265644 -0.08330219 0 -0.08290296 -0.08332782 0 -0.08313971 -0.08334434 0 -0.08336895 -0.08334952 0 -0.08359295 -0.08334118 0 -0.08381396 -0.08331698 0 -0.08403426 -0.08327478 0 -0.08425611 -0.08321231 0 -0.08448183 -0.08312731 0 -0.08471363 -0.08301758 0 -0.08495378 -0.08288091 0 -0.08510243 -0.08275216 0 -0.08524906 -0.08262234 0 -0.08539372 -0.08249133 0 -0.08553671 -0.08235919 0 -0.0856781 -0.08222579 0 -0.08581817 -0.08209127 0 -0.0859571 -0.08195549 0 -0.08609497 -0.0818184 0 -0.08623212 -0.08168011 0 -0.08636862 -0.08154052 0 -0.08650469 -0.08139955 0 -0.08664053 -0.08125734 0 -0.08668547 -0.0812121 0 -0.08673042 -0.08116692 0 -0.08677542 -0.08112168 0 -0.08682042 -0.08107632 0 -0.08686554 -0.08103096 0 -0.08691078 -0.08098548 0 -0.08695608 -0.08093988 0 -0.08700156 -0.08089417 0 -0.08704715 -0.08084827 0 -0.08709299 -0.0808022 0 -0.08713895 -0.08075594 0 -0.08718514 -0.08070951 0 -0.08860236 -0.07911491 0 -0.08993589 -0.07743227 0 -0.09119397 -0.07567358 0 -0.09238469 -0.07385087 0 -0.09351629 -0.07197606 0 -0.09459692 -0.0700612 0 -0.09563481 -0.06811827 0 -0.0966382 -0.06615924 0 -0.09761512 -0.06419605 0 -0.09857392 -0.06224071 0 -0.0995227 -0.06030529 0 -0.1004697 -0.0584017 0 -0.1004924 -0.0583567 0 -0.100515 -0.05831176 0 -0.1005377 -0.05826669 0 -0.1005604 -0.05822163 0 -0.1005831 -0.05817651 0 -0.1006059 -0.05813127 0 -0.1006288 -0.05808591 0 -0.1006517 -0.05804044 0 -0.1006747 -0.05799478 0 -0.1006978 -0.05794894 0 -0.100721 -0.05790299 0 -0.1007443 -0.05785679 0 -0.1016333 -0.05608731 0 -0.1025195 -0.05431616 0 -0.1034022 -0.0525431 0 -0.1042807 -0.05076783 0 -0.1051542 -0.04899001 0 -0.1060219 -0.04720938 0 -0.1068832 -0.04542571 0 -0.1077373 -0.04363864 0 -0.1085836 -0.04184794 0 -0.1094211 -0.0400533 0 -0.1102494 -0.03825443 0 -0.1110676 -0.0364511 0 -0.1111876 -0.03618568 0 -0.1113079 -0.03592032 0 -0.1114283 -0.03565502 0 -0.1115489 -0.03538984 0 -0.1116696 -0.03512465 0 -0.1117904 -0.03485959 0 -0.1119114 -0.03459453 0 -0.1120324 -0.03432959 0 -0.1121535 -0.03406465 0 -0.1122747 -0.0337997 0 -0.112396 -0.03353482 0 -0.1125173 -0.03326994 0 -0.1125404 -0.03321945 0 -0.1125636 -0.03316891 0 -0.1125867 -0.0331183 0 -0.1126099 -0.0330677 0 -0.1126332 -0.03301697 0 -0.1126564 -0.03296613 0 -0.1126798 -0.03291517 0 -0.1127032 -0.03286409 0 -0.1127267 -0.03281277 0 -0.1127502 -0.03276133 0 -0.1127739 -0.03270965 0 -0.1127977 -0.03265774 0 -0.1128455 -0.03255319 0 -0.1128935 -0.03244864 0 -0.1129413 -0.0323441 0 -0.1129893 -0.03223961 0 -0.1130371 -0.03213506 0 -0.113085 -0.03203052 0 -0.1131329 -0.03192597 0 -0.1131808 -0.03182142 0 -0.1132286 -0.03171694 0 -0.1132766 -0.03161239 0 -0.1133244 -0.03150784 0 -0.1133723 -0.0314033 0 -0.1136837 -0.03072327 0 -0.113995 -0.03004312 0 -0.1143062 -0.02936291 0 -0.1146171 -0.02868264 0 -0.1149278 -0.02800226 0 -0.1152383 -0.02732175 0 -0.1155484 -0.02664113 0 -0.1158583 -0.02596032 0 -0.1161677 -0.0252794 0 -0.1164768 -0.02459824 0 -0.1167854 -0.0239169 0 -0.1170936 -0.02323532 0 -0.1178188 -0.0216366 0 -0.1185486 -0.02004027 0 -0.1192832 -0.01844644 0 -0.1200228 -0.01685518 0 -0.1207677 -0.01526653 0 -0.1215183 -0.01368057 0 -0.1222745 -0.01209741 0 -0.1230369 -0.01051712 0 -0.1238057 -0.008939683 0 -0.124581 -0.007365167 0 -0.1253631 -0.00579369 0 -0.1261524 -0.004225373 0 -0.1261995 -0.004131317 0 -0.1262466 -0.004037261 0 -0.1262937 -0.003943264 0 -0.1263408 -0.003849208 0 -0.1263878 -0.003755152 0 -0.1264349 -0.003661096 0 -0.1264819 -0.003567039 0 -0.1265289 -0.003472983 0 -0.126576 -0.003378927 0 -0.126623 -0.003284871 0 -0.12667 -0.003190755 0 -0.1267169 -0.003096699 0 -0.1271682 -0.003062188 0 -0.1275933 -0.00305742 0 -0.127996 -0.003081679 0 -0.1283801 -0.003134429 0 -0.1287492 -0.003215014 0 -0.1291072 -0.003322839 0 -0.129458 -0.003457248 0 -0.129805 -0.003617763 0 -0.1301523 -0.00380361 0 -0.1305034 -0.004014253 0 -0.1308622 -0.004249095 0 -0.1312325 -0.004507541 0 -0.1321133 -0.005259692 0 -0.1329685 -0.006033957 0 -0.1338001 -0.006828904 0 -0.1346101 -0.007643043 0 -0.1354003 -0.008474767 0 -0.1361728 -0.009322702 0 -0.1369296 -0.01018524 0 -0.1376727 -0.01106101 0 -0.1384038 -0.0119484 0 -0.1391252 -0.01284593 0 -0.1398386 -0.01375216 0 -0.140546 -0.0146656 0 -0.1406756 -0.01483392 0 -0.1408052 -0.01500219 0 -0.1409348 -0.01517051 0 -0.1410644 -0.01533877 0 -0.1411941 -0.01550704 0 -0.1413238 -0.0156753 0 -0.1418427 -0.016348 0 -0.1425297 -0.01723825 0 -0.1427003 -0.0174601 0 -0.1427856 -0.01757109 0 -0.1429559 -0.01779311 0 -0.1431261 -0.01801526 0 -0.1436553 -0.01870006 0 -0.1441013 -0.01927262 0 -0.1444767 -0.01974475 0 -0.144794 -0.02012836 0 -0.1450659 -0.02043545 0 -0.1453049 -0.02067774 0 -0.1455237 -0.02086716 0 -0.1457349 -0.02101564 0 -0.145951 -0.02113509 0 -0.1461846 -0.02123725 0 -0.1464484 -0.02133417 0 -0.146755 -0.02143764 0 -0.147704 -0.02152919 0 -0.1486542 -0.02160197 0 -0.1496055 -0.02165806 0 -0.1505578 -0.02169936 0 -0.1515108 -0.02172791 0 -0.1524644 -0.02174568 0 -0.1534183 -0.02175462 0 -0.1543723 -0.02175682 0 -0.1553262 -0.0217542 0 -0.1562798 -0.02174878 0 -0.1572329 -0.02174252 0 -0.1581853 -0.02173739 0 -0.1584945 -0.02173674 0 -0.1586492 -0.02173638 0 -0.1588038 -0.02173602 0 -0.1589584 -0.02173572 0 -0.1592676 -0.02173507 0 -0.1594222 -0.02173477 0 -0.1597315 -0.02173411 0 -0.1600407 -0.02173358 0 -0.1604153 -0.02173274 0 -0.1607899 -0.02173191 0 -0.1611644 -0.02173095 0 -0.161539 -0.02172994 0 -0.1619135 -0.02172887 0 -0.1622881 -0.0217278 0 -0.1626626 -0.0217266 0 -0.1630372 -0.02172535 0 -0.1634117 -0.02172404 0 -0.1637863 -0.02172267 0 -0.1641609 -0.02172124 0 -0.1645354 -0.02171981 0 -0.1645354 -0.02164989 0 -0.1636636 -0.02138286 0 -0.162792 -0.02133202 0 -0.1619205 -0.02128481 0 -0.161049 -0.02124118 0 -0.1601775 -0.02120089 0 -0.1593059 -0.02116382 0 -0.1584343 -0.02112978 0 -0.1575624 -0.02109861 0 -0.1566902 -0.02107018 0 -0.1558178 -0.02104431 0 -0.1549451 -0.02102082 0 -0.1540718 -0.02099961 0 -0.1537207 -0.02099114 0 -0.1533696 -0.02098232 0 -0.1530186 -0.02097308 0 -0.1526675 -0.02096349 0 -0.1523165 -0.02095353 0 -0.1519655 -0.02094316 0 -0.1516145 -0.02093243 0 -0.1512635 -0.02092134 0 -0.1509125 -0.0209099 0 -0.1505616 -0.02089804 0 -0.1502106 -0.02088582 0 -0.1498596 -0.0208733 0 -0.1496102 -0.02086538 0 -0.1495269 -0.02086269 0 -0.1493599 -0.02085739 0 -0.1491077 -0.0208494 0 -0.1488953 -0.02084267 0 -0.1484728 -0.02082127 0 -0.1481506 -0.02080243 0 -0.1478753 -0.02078258 0 -0.1474205 -0.02073055 0 -0.1472191 -0.02069365 0 -0.1470204 -0.02064657 0 -0.1468133 -0.02058678 0 -0.1463301 -0.02042025 0 -0.1460319 -0.02030885 0 -0.1456813 -0.02017557 0 -0.1454482 -0.01990407 0 -0.1452186 -0.01963043 0 -0.1449921 -0.01935482 0 -0.1447685 -0.01907718 0 -0.1445477 -0.01879781 0 -0.144329 -0.01851665 0 -0.1441125 -0.01823395 0 -0.1438978 -0.01794964 0 -0.1436845 -0.01766401 0 -0.1434724 -0.01737701 0 -0.1432613 -0.01708877 0 -0.1430508 -0.01679944 0 -0.1426261 -0.01622706 0 -0.1400117 -0.01286745 0 -0.1395631 -0.01231873 0 -0.1391102 -0.01177281 0 -0.1386528 -0.01122963 0 -0.1381908 -0.01068902 0 -0.1376428 -0.01005429 0 -0.1373986 -0.009762883 0 -0.1372748 -0.009615242 0 -0.1350131 -0.006953299 0 -0.1341527 -0.005970418 0 -0.1334176 -0.005169153 0 -0.1327768 -0.004524171 0 -0.1321995 -0.004010021 0 -0.1316549 -0.003601253 0 -0.1305398 -0.00299853 0 -0.1299076 -0.002753674 0 -0.1291846 -0.002512693 0 -0.1283397 -0.002250194 0 -0.1271761 -0.002461016 0 -0.126856 -0.002625465 0 -0.126524 -0.0028373 0 -0.1263449 -0.002961039 0 -0.1261524 -0.003096699 0 -0.1258258 -0.00352621 0 -0.1256128 -0.003848254 0 -0.125418 -0.004185318 0 -0.1251165 -0.00471729 0 -0.1250082 -0.004908323 0 -0.1248988 -0.005101501 0 -0.1247053 -0.005462288 0 -0.1245127 -0.005823552 0 -0.1243213 -0.006185233 0 -0.1241309 -0.006547451 0 -0.1239415 -0.006910085 0 -0.123753 -0.007273256 0 -0.1235656 -0.007636904 0 -0.1233791 -0.008001089 0 -0.1231935 -0.00836575 0 -0.1230089 -0.008731007 0 -0.1228251 -0.009096741 0 -0.1225158 -0.009716451 0 -0.1224997 -0.009748697 0 -0.1223874 -0.009973645 0 -0.1219259 -0.01090687 0 -0.1214698 -0.01184254 0 -0.1210186 -0.0127803 0 -0.1205719 -0.01372009 0 -0.1201293 -0.01466172 0 -0.1196902 -0.01560503 0 -0.1192543 -0.0165497 0 -0.118821 -0.01749575 0 -0.1183899 -0.01844286 0 -0.1179605 -0.01939088 0 -0.1175324 -0.02033966 0 -0.1171053 -0.02128899 0 -0.1168433 -0.02186995 0 -0.1165807 -0.02245056 0 -0.1163174 -0.02303093 0 -0.1160535 -0.02361094 0 -0.1157891 -0.02419078 0 -0.1155242 -0.02477031 0 -0.1152589 -0.02534973 0 -0.1149933 -0.02592897 0 -0.1147274 -0.02650809 0 -0.1144612 -0.02708709 0 -0.1141949 -0.02766603 0 -0.113865 -0.02838283 0 -0.1137399 -0.02865451 0 -0.1137176 -0.02870291 0 -0.1136274 -0.02889889 0 -0.1135259 -0.02911949 0 -0.1134244 -0.02934002 0 -0.1132213 -0.02978116 0 -0.1131197 -0.03000175 0 -0.1129167 -0.03044289 0 -0.1128151 -0.03066343 0 -0.112612 -0.03110456 0 -0.1125103 -0.0313251 0 -0.1124088 -0.03154563 0 -0.1120938 -0.03222972 0 -0.1119365 -0.03257179 0 -0.1117792 -0.03291386 0 -0.1116219 -0.03325599 0 -0.1114647 -0.03359818 0 -0.1113076 -0.03394037 0 -0.1111505 -0.03428256 0 -0.1109935 -0.03462481 0 -0.1108365 -0.03496706 0 -0.1106795 -0.03530931 0 -0.1105226 -0.03565162 0 -0.1099857 -0.03682178 0 -0.1094478 -0.0379914 0 -0.1089086 -0.03916037 0 -0.108368 -0.04032862 0 -0.1078257 -0.04149609 0 -0.1072815 -0.04266256 0 -0.1067351 -0.04382807 0 -0.1061863 -0.04499244 0 -0.1056349 -0.04615557 0 -0.1050806 -0.04731744 0 -0.1045231 -0.04847788 0 -0.1039623 -0.04963684 0 -0.1038046 -0.04996144 0 -0.1037132 -0.05014955 0 -0.1036902 -0.05019706 0 -0.1033989 -0.05079483 0 -0.1031068 -0.05139219 0 -0.102814 -0.05198919 0 -0.1019313 -0.05377805 0 -0.1001505 -0.05734825 0 -0.100035 -0.05757886 0 -0.09991949 -0.05780959 0 -0.09968906 -0.05827122 0 -0.09957396 -0.05850213 0 -0.09945899 -0.0587331 0 -0.09934413 -0.05896407 0 -0.09922933 -0.0591951 0 -0.09911459 -0.05942618 0 -0.09899991 -0.05965727 0 -0.09877073 -0.06011956 0 -0.0974698 -0.06312406 0 -0.0963509 -0.06566298 0 -0.09536111 -0.06781452 0 -0.09444761 -0.06965708 0 -0.09355741 -0.07126891 0 -0.09263765 -0.07272833 0 -0.09163546 -0.0741136 0 -0.09049785 -0.07550305 0 -0.08917206 -0.07697492 0 -0.08760505 -0.07860749 0 -0.08574402 -0.08047914 0 -0.08353602 -0.08266818 0 -0.08324772 -0.08266299 0 -0.08271527 -0.08258044 0 -0.08246767 -0.08250606 0 -0.08223032 -0.0824117 0 -0.08200144 -0.08229881 0 -0.08177947 -0.08216887 0 -0.08156269 -0.08202344 0 -0.08134937 -0.08186399 0 -0.08092659 -0.08150923 0 -0.08071374 -0.08131682 0 -0.07934892 -0.07965409 0 -0.07871758 -0.07877576 0 -0.07811564 -0.07787197 0 -0.07753956 -0.07694715 0 -0.07698601 -0.07600569 0 -0.07645136 -0.07505196 0 -0.07593214 -0.0740903 0 -0.0754249 -0.07312518 0 -0.07492619 -0.07216095 0 -0.07443249 -0.07120203 0 -0.07394027 -0.07025277 0 -0.07389062 -0.07015794 0 -0.07381224 -0.07000815 0 -0.07369673 -0.06978744 0 -0.07361698 -0.06963509 0 -0.07355552 -0.06951773 0 -0.07288342 -0.06821107 0 -0.07227343 -0.06699651 0 -0.07167392 -0.06577765 0 -0.07108402 -0.06455475 0 -0.07050275 -0.06332808 0 -0.06992918 -0.06209796 0 -0.06936228 -0.06086474 0 -0.06880122 -0.0596286 0 -0.06824493 -0.05838996 0 -0.06769251 -0.05714899 0 -0.06714302 -0.05590605 0 -0.06659555 -0.05466145 0 -0.06637907 -0.05417037 0 -0.06616175 -0.05367964 0 -0.06594365 -0.05318933 0 -0.0657249 -0.05269932 0 -0.06550544 -0.05220955 0 -0.06528544 -0.05172014 0 -0.0650649 -0.0512309 0 -0.06484395 -0.05074185 0 -0.06462258 -0.05025303 0 -0.06440085 -0.04976433 0 -0.06417888 -0.04927569 0 -0.06395667 -0.04878717 0 -0.06359791 -0.04799604 0 -0.06324076 -0.04720425 0 -0.06288528 -0.04641187 0 -0.06253141 -0.04561877 0 -0.06217914 -0.04482501 0 -0.06182849 -0.04403054 0 -0.0614795 -0.04323542 0 -0.06113207 -0.04243952 0 -0.06078618 -0.0416429 0 -0.06044191 -0.04084551 0 -0.06009918 -0.0400474 0 -0.059758 -0.03924846 0 -0.05925357 -0.03806686 0 -0.05874735 -0.03688603 0 -0.0582394 -0.03570592 0 -0.05773001 -0.03452646 0 -0.05721926 -0.03334754 0 -0.05670732 -0.03216916 0 -0.05619436 -0.03099125 0 -0.05568057 -0.02981364 0 -0.05516606 -0.02863639 0 -0.05465102 -0.02745938 0 -0.05413556 -0.02628254 0 -0.05361986 -0.02510583 0 -0.05349677 -0.02482485 0 -0.05028986 -0.01751494 0 -0.04769819 -0.01164716 0 -0.04552865 -0.006819546 0 -0.04371315 -0.002915501 0 -0.04218363 1.8181e-4 0 -0.04087203 0.002589106 0 -0.03971034 0.004423081 0 -0.03863036 0.005800545 0 -0.03756409 0.006838202 0 -0.03520041 0.008360922 0 -0.03376686 0.009079515 0 -0.03320652 0.009236514 0 -0.03263562 0.009354591 0 -0.0320568 0.009434401 0 -0.03147274 0.00947678 0 -0.03088605 0.009482502 0 -0.03029936 0.009452342 0 -0.02971529 0.009387135 0 -0.02913653 0.009287655 0 -0.0285657 0.009154677 0 -0.02800548 0.008988976 0 -0.02745842 0.008791327 0 -0.02692723 0.008562564 0 -0.02609771 0.008092999 0 -0.02528899 0.007601439 0 -0.02449917 0.007089257 0 -0.0237264 0.006557762 0 -0.02296864 0.006008327 0 -0.02222412 0.005442261 0 -0.02149087 0.004860937 0 -0.02076697 0.004265666 0 -0.02005052 0.003657758 0 -0.01933962 0.003038585 0 -0.01863235 0.002409458 0 -0.01792681 0.001771807 0 -0.01666933 6.86377e-4 0 -0.01487082 -7.87541e-4 0 -0.01426839 -0.00127846 0 -0.01390922 -0.001575767 0 -0.0136708 -0.001775205 0 -0.01343321 -0.001975715 0 -0.01252305 -0.002717792 0 -0.01160645 -0.003421783 0 -0.01067966 -0.004082143 0 -0.009738862 -0.004693329 0 -0.008780241 -0.005249798 0 -0.007800042 -0.005745887 0 -0.006794393 -0.006176114 0 -0.005759596 -0.006534874 0 -0.004691779 -0.006816625 0 -0.003587126 -0.007015764 0 -0.002441883 -0.007126748 0 -0.001252233 -0.007144033 0 -3.96062e-4 -0.007023692 0 4.4563e-4 -0.006838321 0 0.001272082 -0.006593167 0 0.002082705 -0.006293416 0 0.002876698 -0.005944371 0 0.003653347 -0.005551338 0 0.004411995 -0.005119502 0 0.005151927 -0.004654169 0 0.005872428 -0.004160642 0 0.006572782 -0.003644108 0 0.007252275 -0.003109872 0 0.007910192 -0.002563178 0 0.008106946 -0.002395987 0 0.008186101 -0.002328693 0 0.008813679 -0.001785874 0 0.009236574 -0.001409053 0 0.009655535 -0.001028239 0 0.01007091 -6.43831e-4 0 0.01048296 -2.56075e-4 0 0.01089209 1.34703e-4 0 0.01129859 5.28198e-4 0 0.01170295 9.24107e-4 0 0.01210546 0.00132209 0 0.01250642 0.001721918 0 0.01290631 0.002123236 0 0.01330536 0.002525746 0 0.01355355 0.002776145 0 0.01380205 0.003026187 0 0.01417535 0.003400743 0 0.01454901 0.003774881 0 0.01516574 0.004393398 0 0.01553189 0.004763185 0 0.01589655 0.005133867 0 0.01625943 0.00550574 0 0.01662039 0.005879282 0 0.01697909 0.006254732 0 0.01733535 0.006632447 0 0.01768893 0.007012844 0 0.0213598 0.01099514 0 0.02184098 0.0114603 0 0.02282172 0.01237094 0 0.0238229 0.01325577 0 0.02483946 0.01411557 0 0.02687352 0.01577627 0 0.0285021 0.01700204 0 0.03016293 0.0181567 0 0.03185778 0.01923704 0 0.03358846 0.02024006 0 0.0353567 0.02116268 0 0.03716427 0.0220018 0 0.0390129 0.02275437 0 0.04090434 0.02341735 0 0.04284036 0.02398765 0 0.04482275 0.02446222 0 0.04685324 0.02483797 0 0.0470528 0.02487045 0 0.04733306 0.02491617 0 0.04741352 0.02492928 0 0.04777914 0.02498888 0 0.04924762 0.02514272 0 0.05068945 0.02524703 0 0.05214256 0.02530997 0 0.0536037 0.02533322 0 0.05506962 0.0253182 0 0.05653721 0.02526652 0 0.05800318 0.02517974 0 0.05946445 0.0250594 0 0.06091773 0.02490711 0 0.06235992 0.0247243 0 0.06378775 0.02451264 0 0.06519812 0.02427363 0 0.06550633 0.02421897 0 0.06589478 0.02415013 0 0.06613105 0.02410829 0 0.06702983 0.02394461 0 0.06792777 0.02377742 0 0.068825 0.02360689 0 0.06972151 0.0234332 0 0.07061737 0.02325642 0 0.07151263 0.02307671 0 0.0724073 0.02289426 0 0.07330149 0.02270919 0 0.07419526 0.02252161 0 0.07508856 0.02233177 0 0.07598149 0.02213978 0 0.07687419 0.02194571 0 0.0804646 0.02117425 0 0.08413946 0.02043312 0 0.08787834 0.01976174 0 0.09166097 0.0191996 0 0.09546709 0.01878625 0 0.09927636 0.01856112 0 0.1030685 0.01856368 0 0.1068232 0.01883345 0 0.1105201 0.01940995 0 0.114139 0.02033257 0 0.1176596 0.02164083 0 0.1210616 0.02337419 0 0.1217495 0.02384525 0 0.122408 0.02433085 0 0.1236474 0.02534741 0 0.1248003 0.02642703 0 0.126413 0.02817183 0 0.1269297 0.0287885 0 0.1274403 0.02942335 0 0.1287316 0.03105926 0 0.129823 0.0323258 0 0.1306676 0.03325408 0 0.1309528 0.03356105 0 0.1312816 0.0339148 0 0.1316635 0.03434532 0 0.1321901 0.03489726 0 0.1326454 0.03532963 0 0.1331146 0.0357421 0 0.1351015 0.03724014 0 0.1356189 0.03758835 0 0.136142 0.03793078 0 0.1366692 0.03826963 0 0.1371992 0.03860741 0 0.1377307 0.03894639 0 0.1380105 0.03912782 0 0.1381503 0.03921866 0 0.1387091 0.03958278 0 0.139267 0.03994822 0 0.1398167 0.04030889 0 0.1403985 0.040699 0 0.140562 0.0408163 0 0.1410441 0.04117161 0 0.1415174 0.04153478 0 0.1419865 0.04190909 0 0.1421427 0.04203701 0 0.142834 0.04258018 0 0.1435211 0.04308044 0 0.1442081 0.04354029 0 0.1448985 0.04396235 0 0.1455961 0.04434907 0 0.1463046 0.04470306 0 0.1501426 0.04607152 0 0.1509954 0.04628276 0 0.1530094 0.04672008 0 0.1544 0.04696083 0 0.1557828 0.04714924 0 0.1571596 0.04728579 0 0.1585327 0.04737091 0 0.159904 0.047405 0 0.1612756 0.04738861 0 0.1626497 0.04732221 0 0.1640282 0.04720616 0 0.1654133 0.04704093 0 0.1668069 0.04682707 0 0.1682113 0.04637849 0 0.1681284 0.04601079 0 0.1677958 0.04605162 0 0.1674606 0.04609274 0 0.1670658 0.0461412 0 0.166736 0.04618173 0 0.1663833 0.04622799 0 0.1661266 0.04626464 0 0.1657421 0.04632306 0 0.1653581 0.04638516 0 0.1651024 0.04642826 0 0.1639223 0.04657238 0 0.162739 0.04667085 0 0.1615536 0.04672509 0 0.1603674 0.04673629 0 0.1591817 0.0467059 0 0.1579976 0.04663509 0 0.1568163 0.04652523 0 0.1556391 0.04637765 0 0.1544672 0.04619365 0 0.1533018 0.04597455 0 0.1508273 0.04539322 0 0.1503742 0.04527723 0 0.1491681 0.04495668 0 0.1486768 0.04482185 0 0.1483495 0.04473084 0 0.1479399 0.04461759 0 0.1457487 0.04369521 0 0.1453831 0.04347455 0 0.144674 0.04299324 0 0.1443262 0.04273408 0 0.1436348 0.0421825 0 0.1432871 0.04189151 0 0.1423211 0.04114139 0 0.1419944 0.04090106 0 0.1416653 0.04066479 0 0.1410004 0.04020267 0 0.1406646 0.03997594 0 0.1403267 0.03975152 0 0.1396447 0.03930771 0 0.1393006 0.03908747 0 0.1383292 0.03845995 0 0.137376 0.03782629 0 0.1364417 0.0371825 0 0.1355273 0.03652495 0 0.1346336 0.03584963 0 0.1337616 0.03515279 0 0.1329121 0.03443068 0 0.132086 0.03367942 0 0.1312841 0.03289514 0 0.1274948 0.02843272 0 0.120743 0.02276504 0 0.1188845 0.02174788 0 0.1169494 0.02086794 0 0.1149336 0.0201137 0 0.1128329 0.01947385 0 0.1106429 0.01893693 0 0.1083597 0.01849162 0 0.1059789 0.01812654 0 0.1046699 0.01799005 0 0.1033605 0.01788979 0 0.102051 0.01782423 0 0.1007416 0.01779174 0 0.0994324 0.01779085 0 0.09812361 0.01782006 0 0.0968154 0.01787781 0 0.09550797 0.01796257 0 0.09420156 0.01807278 0 0.09289628 0.01820695 0 0.09159231 0.01836353 0 0.09003502 0.01857757 0 0.08969354 0.01862668 0 0.08943492 0.01866388 0 0.08926081 0.01868891 0 0.08841645 0.01881939 0 0.08757418 0.01895761 0 0.08673369 0.0191031 0 0.08589476 0.01925516 0 0.08505719 0.01941341 0 0.08422082 0.0195772 0 0.0833854 0.019746 0 0.08255076 0.01991933 0 0.08171671 0.0200966 0 0.08088296 0.02027726 0 0.08004933 0.02046072 0 0.0792157 0.02064657 0 0.07878583 0.02074235 0 0.0783559 0.02083766 0 0.07792586 0.02093261 0 0.07749575 0.02102714 0 0.07706558 0.02112138 0 0.07663536 0.02121526 0 0.07620501 0.02130895 0 0.07577466 0.02140241 0 0.07534432 0.02149569 0 0.07491385 0.0215888 0 0.07448345 0.0216819 0 0.07405298 0.02177488 0 0.07396978 0.02179288 0 0.07363623 0.02186495 0 0.07329988 0.02193766 0 0.07304447 0.02199286 0 0.06953281 0.02270776 0 0.06602454 0.02332615 0 0.06252413 0.02382284 0 0.05903619 0.02417266 0 0.05556523 0.02435028 0 0.05211591 0.02433061 0 0.04869264 0.02408844 0 0.04530012 0.02359855 0 0.04194277 0.02283573 0 0.03862524 0.02177482 0 0.03535211 0.02039057 0 0.03212779 0.0186578 0 0.03090441 0.01783901 0 0.02970987 0.01698845 0 0.02854174 0.01610857 0 0.02739751 0.0152018 0 0.02627474 0.0142706 0 0.02408349 0.01234459 0 0.02194821 0.01035022 0 0.01984906 0.00830686 0 0.01857167 0.007039189 0 0.01804518 0.006514191 0 0.01769101 0.006158053 0 0.01733869 0.005800724 0 0.01698827 0.005442082 0 0.01664 0.005081713 0 0.01629394 0.004719436 0 0.01595032 0.004354953 0 0.0156092 0.003987908 0 0.01527076 0.003618121 0 0.01493519 0.003245234 0 0.01460254 0.002869009 0 0.01427304 0.002489209 0 0.01325148 0.001339733 0 0.01216524 1.7828e-4 0 0.01101762 -9.76429e-4 0 0.009811878 -0.002105534 0 0.008551299 -0.003190279 0 0.007239222 -0.004211783 0 0.005878865 -0.005151331 0 0.004473626 -0.005990087 0 0.003026664 -0.006709158 0 0.001541376 -0.007289886 0 2.1006e-5 -0.007713317 0 -0.001531124 -0.007960796 0 -0.002952456 -0.007926225 0 -0.00431919 -0.007747232 0 -0.005635082 -0.007436573 0 -0.006903827 -0.007007181 0 -0.008129179 -0.006471872 0 -0.009314715 -0.00584352 0 -0.01046425 -0.00513494 0 -0.01158148 -0.004359066 0 -0.01267009 -0.003528714 0 -0.0137338 -0.002656698 0 -0.01477628 -0.001755952 0 -0.01580131 -8.39353e-4 0 -0.01608312 -5.91973e-4 0 -0.01717066 3.58411e-4 0 -0.01768445 8.0765e-4 0 -0.01790767 0.001003205 0 -0.01817095 0.001234948 0 -0.0183615 0.001403331 0 -0.01847738 0.001505851 0 -0.01983982 0.00274682 0 -0.02100259 0.003788113 0 -0.02201211 0.004654824 0 -0.02291506 0.005372166 0 -0.02375799 0.005965352 0 -0.02458739 0.006459534 0 -0.02544987 0.006879806 0 -0.02639198 0.007251441 0 -0.02746033 0.007599532 0 -0.02870142 0.007949233 0 -0.03016191 0.008325815 0 -0.0318883 0.008754372 0 -0.03250569 0.008642733 0 -0.03309178 0.008475899 0 -0.0336489 0.008258521 0 -0.03417944 0.007995188 0 -0.03468573 0.00769037 0 -0.03517007 0.007348775 0 -0.03563499 0.006974995 0 -0.03693598 0.005706012 0 -0.0373463 0.005249202 0 -0.03774893 0.004783034 0 -0.03911411 0.00285083 0 -0.04040747 8.53809e-4 0 -0.04163557 -0.001199305 0 -0.04280507 -0.003299832 0 -0.04392272 -0.005438983 0 -0.04499506 -0.007608056 0 -0.04602885 -0.009798228 0 -0.04703068 -0.01200085 0 -0.04800724 -0.01420712 0 -0.04896521 -0.01640838 0 -0.0499112 -0.01859581 0 -0.05085188 -0.02076071 0 -0.05102759 -0.02116155 0 -0.05120396 -0.02156215 0 -0.05138081 -0.02196246 0 -0.05155819 -0.02236253 0 -0.05173605 -0.02276241 0 -0.05191433 -0.02316206 0 -0.05209308 -0.02356153 0 -0.0522722 -0.02396082 0 -0.05245161 -0.02435994 0 -0.05263137 -0.02475899 0 -0.05281144 -0.02515792 0 -0.05299168 -0.02555674 0 -0.05341625 -0.02649843 0 -0.05383861 -0.02744108 0 -0.05425894 -0.0283845 0 -0.05467742 -0.0293287 0 -0.05509424 -0.03027367 0 -0.05550944 -0.0312193 0 -0.05592328 -0.03216552 0 -0.05633586 -0.03311228 0 -0.05674731 -0.03405958 0 -0.05715787 -0.03500735 0 -0.05756765 -0.03595548 0 -0.05800557 -0.03697091 0 -0.05815029 -0.03730666 0 -0.05823791 -0.03750991 0 -0.05826729 -0.03757816 0 -0.05831164 -0.03768104 0 -0.05844146 -0.03798216 0 -0.05855637 -0.03824883 0 -0.05867129 -0.03851556 0 -0.05878621 -0.03878223 0 -0.05890119 -0.03904896 0 -0.0590161 -0.03931564 0 -0.05913102 -0.03958237 0 -0.05924594 -0.03984904 0 -0.05936086 -0.04011577 0 -0.05947577 -0.04038244 0 -0.05959069 -0.04064917 0 -0.05970561 -0.04091584 0 -0.06363546 -0.05002754 0 -0.06693094 -0.05763399 0 -0.06966996 -0.06388211 0 -0.0719304 -0.0689187 0 -0.07379001 -0.07289087 0 -0.07532674 -0.07594549 0 -0.07661837 -0.07822942 0 -0.07774281 -0.07988971 0 -0.07877779 -0.08107322 0 -0.07980126 -0.08192694 0 -0.08089101 -0.08259767 0 -0.08212488 -0.08323252 0 -0.08239781 -0.08326965 0 -0.08265644 -0.08330219 0 -0.08290296 -0.08332782 0 -0.08313971 -0.08334434 0 -0.08336895 -0.08334952 0 -0.08359295 -0.08334118 0 -0.08381396 -0.08331698 0 -0.08524906 -0.08262234 0 -0.08650469 -0.08139955 0 -0.08664053 -0.08125734 0 -0.08686554 -0.08103096 0 -0.08709299 -0.0808022 0 -0.08718514 -0.08070951 0 -0.08860236 -0.07911491 0 -0.08993589 -0.07743227 0 -0.09119397 -0.07567358 0 -0.09238469 -0.07385087 0 -0.09351629 -0.07197606 0 -0.09459692 -0.0700612 0 -0.09563481 -0.06811827 0 -0.0966382 -0.06615924 0 -0.09761512 -0.06419605 0 -0.09857392 -0.06224071 0 -0.0995227 -0.06030529 0 -0.1004697 -0.0584017 0 -0.100515 -0.05831176 0 -0.1006288 -0.05808591 0 -0.1025195 -0.05431616 0 -0.1034022 -0.0525431 0 -0.1042807 -0.05076783 0 -0.1051542 -0.04899001 0 -0.1060219 -0.04720938 0 -0.1068832 -0.04542571 0 -0.1077373 -0.04363864 0 -0.1085836 -0.04184794 0 -0.1094211 -0.0400533 0 -0.1102494 -0.03825443 0 -0.1110676 -0.0364511 0 -0.1113079 -0.03592032 0 -0.1114283 -0.03565502 0 -0.1115489 -0.03538984 0 -0.1116696 -0.03512465 0 -0.1119114 -0.03459453 0 -0.1120324 -0.03432959 0 -0.1121535 -0.03406465 0 -0.1122747 -0.0337997 0 -0.112396 -0.03353482 0 -0.1125173 -0.03326994 0 -0.1126099 -0.0330677 0 -0.1127739 -0.03270965 0 -0.1129413 -0.0323441 0 -0.113085 -0.03203052 0 -0.1132766 -0.03161239 0 -0.1133723 -0.0314033 0 -0.1136837 -0.03072327 0 -0.113995 -0.03004312 0 -0.1143062 -0.02936291 0 -0.1146171 -0.02868264 0 -0.1149278 -0.02800226 0 -0.1152383 -0.02732175 0 -0.1155484 -0.02664113 0 -0.1158583 -0.02596032 0 -0.1161677 -0.0252794 0 -0.1164768 -0.02459824 0 -0.1167854 -0.0239169 0 -0.1170936 -0.02323532 0 -0.1178188 -0.0216366 0 -0.1185486 -0.02004027 0 -0.1192832 -0.01844644 0 -0.1200228 -0.01685518 0 -0.1207677 -0.01526653 0 -0.1215183 -0.01368057 0 -0.1222745 -0.01209741 0 -0.1230369 -0.01051712 0 -0.1238057 -0.008939683 0 -0.124581 -0.007365167 0 -0.1253631 -0.00579369 0 -0.1261524 -0.004225373 0 -0.1261995 -0.004131317 0 -0.1263878 -0.003755152 0 -0.1264819 -0.003567039 0 -0.126576 -0.003378927 0 -0.1275933 -0.00305742 0 -0.127996 -0.003081679 0 -0.1283801 -0.003134429 0 -0.1287492 -0.003215014 0 -0.1291072 -0.003322839 0 -0.129458 -0.003457248 0 -0.1305034 -0.004014253 0 -0.1329685 -0.006033957 0 -0.1338001 -0.006828904 0 -0.1354003 -0.008474767 0 -0.1361728 -0.009322702 0 -0.1369296 -0.01018524 0 -0.1376727 -0.01106101 0 -0.1384038 -0.0119484 0 -0.1391252 -0.01284593 0 -0.1409348 -0.01517051 0 -0.1418427 -0.016348 0 -0.1425297 -0.01723825 0 -0.1427003 -0.0174601 0 -0.1427856 -0.01757109 0 -0.1429559 -0.01779311 0 -0.1431261 -0.01801526 0 -0.1436553 -0.01870006 0 -0.1441013 -0.01927262 0 -0.1444767 -0.01974475 0 -0.144794 -0.02012836 0 -0.1450659 -0.02043545 0 -0.1453049 -0.02067774 0 -0.1455237 -0.02086716 0 -0.1457349 -0.02101564 0 -0.145951 -0.02113509 0 -0.1461846 -0.02123725 0 -0.1464484 -0.02133417 0 -0.146755 -0.02143764 0 -0.147704 -0.02152919 0 -0.1486542 -0.02160197 0 -0.1496055 -0.02165806 0 -0.1505578 -0.02169936 0 -0.1515108 -0.02172791 0 -0.1524644 -0.02174568 0 -0.1534183 -0.02175462 0 -0.1543723 -0.02175682 0 -0.1553262 -0.0217542 0 -0.1562798 -0.02174878 0 -0.1572329 -0.02174252 0 -0.1581853 -0.02173739 0 -0.1584945 -0.02173674 0 -0.1586492 -0.02173638 0 -0.1588038 -0.02173602 0 -0.1589584 -0.02173572 0 -0.1592676 -0.02173507 0 -0.1594222 -0.02173477 0 -0.1597315 -0.02173411 0 -0.1600407 -0.02173358 0 -0.1604153 -0.02173274 0 -0.1607899 -0.02173191 0 -0.1611644 -0.02173095 0 -0.161539 -0.02172994 0 -0.1619135 -0.02172887 0 -0.1622881 -0.0217278 0 -0.1626626 -0.0217266 0 -0.1630372 -0.02172535 0 -0.1634117 -0.02172404 0 -0.1637863 -0.02172267 0 -0.1641609 -0.02172124 0 -0.1645354 -0.02171981 0 -0.1645354 -0.02164989 0 -0.1636636 -0.02138286 0 -0.162792 -0.02133202 0 -0.1619205 -0.02128481 0 -0.161049 -0.02124118 0 -0.1601775 -0.02120089 0 -0.1593059 -0.02116382 0 -0.1584343 -0.02112978 0 -0.1575624 -0.02109861 0 -0.1566902 -0.02107018 0 -0.1558178 -0.02104431 0 -0.1549451 -0.02102082 0 -0.1540718 -0.02099961 0 -0.1537207 -0.02099114 0 -0.1533696 -0.02098232 0 -0.1530186 -0.02097308 0 -0.1526675 -0.02096349 0 -0.1523165 -0.02095353 0 -0.1519655 -0.02094316 0 -0.1516145 -0.02093243 0 -0.1512635 -0.02092134 0 -0.1509125 -0.0209099 0 -0.1505616 -0.02089804 0 -0.1502106 -0.02088582 0 -0.1498596 -0.0208733 0 -0.1496102 -0.02086538 0 -0.1495269 -0.02086269 0 -0.1493599 -0.02085739 0 -0.1491077 -0.0208494 0 -0.1488953 -0.02084267 0 -0.1484728 -0.02082127 0 -0.1481506 -0.02080243 0 -0.1478753 -0.02078258 0 -0.1474205 -0.02073055 0 -0.1472191 -0.02069365 0 -0.1470204 -0.02064657 0 -0.1468133 -0.02058678 0 -0.1463301 -0.02042025 0 -0.1460319 -0.02030885 0 -0.1456813 -0.02017557 0 -0.1454482 -0.01990407 0 -0.1452186 -0.01963043 0 -0.1449921 -0.01935482 0 -0.1447685 -0.01907718 0 -0.1445477 -0.01879781 0 -0.144329 -0.01851665 0 -0.1441125 -0.01823395 0 -0.1438978 -0.01794964 0 -0.1436845 -0.01766401 0 -0.1434724 -0.01737701 0 -0.1432613 -0.01708877 0 -0.1430508 -0.01679944 0 -0.1426261 -0.01622706 0 -0.1400117 -0.01286745 0 -0.1395631 -0.01231873 0 -0.1391102 -0.01177281 0 -0.1386528 -0.01122963 0 -0.1381908 -0.01068902 0 -0.1376428 -0.01005429 0 -0.1373986 -0.009762883 0 -0.1372748 -0.009615242 0 -0.1350131 -0.006953299 0 -0.1341527 -0.005970418 0 -0.1334176 -0.005169153 0 -0.1327768 -0.004524171 0 -0.1321995 -0.004010021 0 -0.1316549 -0.003601253 0 -0.1305398 -0.00299853 0 -0.1299076 -0.002753674 0 -0.1291846 -0.002512693 0 -0.1283397 -0.002250194 0 -0.1271761 -0.002461016 0 -0.126856 -0.002625465 0 -0.126524 -0.0028373 0 -0.1263449 -0.002961039 0 -0.1261524 -0.003096699 0 -0.1258258 -0.00352621 0 -0.1256128 -0.003848254 0 -0.125418 -0.004185318 0 -0.1251165 -0.00471729 0 -0.1250082 -0.004908323 0 -0.1248988 -0.005101501 0 -0.1247053 -0.005462288 0 -0.1245127 -0.005823552 0 -0.1243213 -0.006185233 0 -0.1241309 -0.006547451 0 -0.1239415 -0.006910085 0 -0.123753 -0.007273256 0 -0.1235656 -0.007636904 0 -0.1233791 -0.008001089 0 -0.1231935 -0.00836575 0 -0.1230089 -0.008731007 0 -0.1228251 -0.009096741 0 -0.1225158 -0.009716451 0 -0.1224997 -0.009748697 0 -0.1223874 -0.009973645 0 -0.1219259 -0.01090687 0 -0.1214698 -0.01184254 0 -0.1210186 -0.0127803 0 -0.1205719 -0.01372009 0 -0.1201293 -0.01466172 0 -0.1196902 -0.01560503 0 -0.1192543 -0.0165497 0 -0.118821 -0.01749575 0 -0.1183899 -0.01844286 0 -0.1179605 -0.01939088 0 -0.1175324 -0.02033966 0 -0.1171053 -0.02128899 0 -0.1168433 -0.02186995 0 -0.1165807 -0.02245056 0 -0.1163174 -0.02303093 0 -0.1160535 -0.02361094 0 -0.1157891 -0.02419078 0 -0.1155242 -0.02477031 0 -0.1152589 -0.02534973 0 -0.1149933 -0.02592897 0 -0.1147274 -0.02650809 0 -0.1144612 -0.02708709 0 -0.1141949 -0.02766603 0 -0.113865 -0.02838283 0 -0.1137399 -0.02865451 0 -0.1137176 -0.02870291 0 -0.1136274 -0.02889889 0 -0.1135259 -0.02911949 0 -0.1134244 -0.02934002 0 -0.1132213 -0.02978116 0 -0.1131197 -0.03000175 0 -0.1129167 -0.03044289 0 -0.1128151 -0.03066343 0 -0.112612 -0.03110456 0 -0.1125103 -0.0313251 0 -0.1124088 -0.03154563 0 -0.1120938 -0.03222972 0 -0.1119365 -0.03257179 0 -0.1117792 -0.03291386 0 -0.1116219 -0.03325599 0 -0.1114647 -0.03359818 0 -0.1113076 -0.03394037 0 -0.1111505 -0.03428256 0 -0.1109935 -0.03462481 0 -0.1108365 -0.03496706 0 -0.1106795 -0.03530931 0 -0.1105226 -0.03565162 0 -0.1099857 -0.03682178 0 -0.1094478 -0.0379914 0 -0.1089086 -0.03916037 0 -0.108368 -0.04032862 0 -0.1078257 -0.04149609 0 -0.1072815 -0.04266256 0 -0.1067351 -0.04382807 0 -0.1061863 -0.04499244 0 -0.1056349 -0.04615557 0 -0.1050806 -0.04731744 0 -0.1045231 -0.04847788 0 -0.1039623 -0.04963684 0 -0.1038046 -0.04996144 0 -0.1037132 -0.05014955 0 -0.1036902 -0.05019706 0 -0.1033989 -0.05079483 0 -0.1031068 -0.05139219 0 -0.102814 -0.05198919 0 -0.1019313 -0.05377805 0 -0.1001505 -0.05734825 0 -0.100035 -0.05757886 0 -0.09991949 -0.05780959 0 -0.09968906 -0.05827122 0 -0.09957396 -0.05850213 0 -0.09945899 -0.0587331 0 -0.09934413 -0.05896407 0 -0.09922933 -0.0591951 0 -0.09911459 -0.05942618 0 -0.09899991 -0.05965727 0 -0.09877073 -0.06011956 0 -0.0974698 -0.06312406 0 -0.0963509 -0.06566298 0 -0.09536111 -0.06781452 0 -0.09444761 -0.06965708 0 -0.09355741 -0.07126891 0 -0.09263765 -0.07272833 0 -0.09163546 -0.0741136 0 -0.09049785 -0.07550305 0 -0.08917206 -0.07697492 0 -0.08760505 -0.07860749 0 -0.08574402 -0.08047914 0 -0.08353602 -0.08266818 0 -0.08324772 -0.08266299 0 -0.08271527 -0.08258044 0 -0.08246767 -0.08250606 0 -0.08223032 -0.0824117 0 -0.08200144 -0.08229881 0 -0.08177947 -0.08216887 0 -0.08156269 -0.08202344 0 -0.08134937 -0.08186399 0 -0.08092659 -0.08150923 0 -0.08071374 -0.08131682 0 -0.07934892 -0.07965409 0 -0.07871758 -0.07877576 0 -0.07811564 -0.07787197 0 -0.07753956 -0.07694715 0 -0.07698601 -0.07600569 0 -0.07645136 -0.07505196 0 -0.07593214 -0.0740903 0 -0.0754249 -0.07312518 0 -0.07492619 -0.07216095 0 -0.07443249 -0.07120203 0 -0.07394027 -0.07025277 0 -0.07389062 -0.07015794 0 -0.07381224 -0.07000815 0 -0.07369673 -0.06978744 0 -0.07361698 -0.06963509 0 -0.07355552 -0.06951773 0 -0.07288342 -0.06821107 0 -0.07227343 -0.06699651 0 -0.07167392 -0.06577765 0 -0.07108402 -0.06455475 0 -0.07050275 -0.06332808 0 -0.06992918 -0.06209796 0 -0.06936228 -0.06086474 0 -0.06880122 -0.0596286 0 -0.06824493 -0.05838996 0 -0.06769251 -0.05714899 0 -0.06714302 -0.05590605 0 -0.06659555 -0.05466145 0 -0.06637907 -0.05417037 0 -0.06616175 -0.05367964 0 -0.06594365 -0.05318933 0 -0.0657249 -0.05269932 0 -0.06550544 -0.05220955 0 -0.06528544 -0.05172014 0 -0.0650649 -0.0512309 0 -0.06484395 -0.05074185 0 -0.06462258 -0.05025303 0 -0.06440085 -0.04976433 0 -0.06417888 -0.04927569 0 -0.06395667 -0.04878717 0 -0.06359791 -0.04799604 0 -0.06324076 -0.04720425 0 -0.06288528 -0.04641187 0 -0.06253141 -0.04561877 0 -0.06217914 -0.04482501 0 -0.06182849 -0.04403054 0 -0.0614795 -0.04323542 0 -0.06113207 -0.04243952 0 -0.06078618 -0.0416429 0 -0.06044191 -0.04084551 0 -0.06009918 -0.0400474 0 -0.059758 -0.03924846 0 -0.05925357 -0.03806686 0 -0.05874735 -0.03688603 0 -0.0582394 -0.03570592 0 -0.05773001 -0.03452646 0 -0.05721926 -0.03334754 0 -0.05670732 -0.03216916 0 -0.05619436 -0.03099125 0 -0.05568057 -0.02981364 0 -0.05516606 -0.02863639 0 -0.05465102 -0.02745938 0 -0.05413556 -0.02628254 0 -0.05361986 -0.02510583 0 -0.05349677 -0.02482485 0 -0.05028986 -0.01751494 0 -0.04769819 -0.01164716 0 -0.04552865 -0.006819546 0 -0.04371315 -0.002915501 0 -0.04218363 1.8181e-4 0 -0.04087203 0.002589106 0 -0.03971034 0.004423081 0 -0.03863036 0.005800545 0 -0.03756409 0.006838202 0 -0.03520041 0.008360922 0 -0.03376686 0.009079515 0 -0.03320652 0.009236514 0 -0.03263562 0.009354591 0 -0.0320568 0.009434401 0 -0.03147274 0.00947678 0 -0.03088605 0.009482502 0 -0.03029936 0.009452342 0 -0.02971529 0.009387135 0 -0.02913653 0.009287655 0 -0.0285657 0.009154677 0 -0.02800548 0.008988976 0 -0.02745842 0.008791327 0 -0.02692723 0.008562564 0 -0.02609771 0.008092999 0 -0.02528899 0.007601439 0 -0.02449917 0.007089257 0 -0.0237264 0.006557762 0 -0.02296864 0.006008327 0 -0.02222412 0.005442261 0 -0.02149087 0.004860937 0 -0.02076697 0.004265666 0 -0.02005052 0.003657758 0 -0.01933962 0.003038585 0 -0.01863235 0.002409458 0 -0.01792681 0.001771807 0 -0.01666933 6.86377e-4 0 -0.01487082 -7.87541e-4 0 -0.01426839 -0.00127846 0 -0.01390922 -0.001575767 0 -0.0136708 -0.001775205 0 -0.01343321 -0.001975715 0 -0.01252305 -0.002717792 0 -0.01160645 -0.003421783 0 -0.01067966 -0.004082143 0 -0.009738862 -0.004693329 0 -0.008780241 -0.005249798 0 -0.007800042 -0.005745887 0 -0.006794393 -0.006176114 0 -0.005759596 -0.006534874 0 -0.004691779 -0.006816625 0 -0.003587126 -0.007015764 0 -0.002441883 -0.007126748 0 -0.001252233 -0.007144033 0 -3.96062e-4 -0.007023692 0 4.4563e-4 -0.006838321 0 0.001272082 -0.006593167 0 0.002082705 -0.006293416 0 0.002876698 -0.005944371 0 0.003653347 -0.005551338 0 0.004411995 -0.005119502 0 0.005151927 -0.004654169 0 0.005872428 -0.004160642 0 0.006572782 -0.003644108 0 0.007252275 -0.003109872 0 0.007910192 -0.002563178 0 0.008106946 -0.002395987 0 0.008186101 -0.002328693 0 0.008813679 -0.001785874 0 0.009236574 -0.001409053 0 0.009655535 -0.001028239 0 0.01007091 -6.43831e-4 0 0.01048296 -2.56075e-4 0 0.01089209 1.34703e-4 0 0.01129859 5.28198e-4 0 0.01170295 9.24107e-4 0 0.01210546 0.00132209 0 0.01250642 0.001721918 0 0.01290631 0.002123236 0 0.01330536 0.002525746 0 0.01355355 0.002776145 0 0.01380205 0.003026187 0 0.01417535 0.003400743 0 0.01454901 0.003774881 0 0.01516574 0.004393398 0 0.01553189 0.004763185 0 0.01589655 0.005133867 0 0.01625943 0.00550574 0 0.01662039 0.005879282 0 0.01697909 0.006254732 0 0.01733535 0.006632447 0 0.01768893 0.007012844 0 0.0213598 0.01099514 0 0.02184098 0.0114603 0 0.02282172 0.01237094 0 0.0238229 0.01325577 0 0.02483946 0.01411557 0 0.02687352 0.01577627 0 0.0285021 0.01700204 0 0.03016293 0.0181567 0 0.03185778 0.01923704 0 0.03358846 0.02024006 0 0.0353567 0.02116268 0 0.03716427 0.0220018 0 0.0390129 0.02275437 0 0.04090434 0.02341735 0 0.04284036 0.02398765 0 0.04482275 0.02446222 0 0.04685324 0.02483797 0 0.0470528 0.02487045 0 0.04733306 0.02491617 0 0.04741352 0.02492928 0 0.04777914 0.02498888 0 0.04924762 0.02514272 0 0.05068945 0.02524703 0 0.05214256 0.02530997 0 0.0536037 0.02533322 0 0.05506962 0.0253182 0 0.05653721 0.02526652 0 0.05800318 0.02517974 0 0.05946445 0.0250594 0 0.06091773 0.02490711 0 0.06235992 0.0247243 0 0.06378775 0.02451264 0 0.06519812 0.02427363 0 0.06550633 0.02421897 0 0.06589478 0.02415013 0 0.06613105 0.02410829 0 0.06702983 0.02394461 0 0.06792777 0.02377742 0 0.068825 0.02360689 0 0.06972151 0.0234332 0 0.07061737 0.02325642 0 0.07151263 0.02307671 0 0.0724073 0.02289426 0 0.07330149 0.02270919 0 0.07419526 0.02252161 0 0.07508856 0.02233177 0 0.07598149 0.02213978 0 0.07687419 0.02194571 0 0.0804646 0.02117425 0 0.08413946 0.02043312 0 0.08787834 0.01976174 0 0.09166097 0.0191996 0 0.09546709 0.01878625 0 0.09927636 0.01856112 0 0.1030685 0.01856368 0 0.1068232 0.01883345 0 0.1105201 0.01940995 0 0.114139 0.02033257 0 0.1176596 0.02164083 0 0.1210616 0.02337419 0 0.1217495 0.02384525 0 0.122408 0.02433085 0 0.1236474 0.02534741 0 0.1248003 0.02642703 0 0.126413 0.02817183 0 0.1269297 0.0287885 0 0.1274403 0.02942335 0 0.1287316 0.03105926 0 0.129823 0.0323258 0 0.1306676 0.03325408 0 0.1309528 0.03356105 0 0.1312816 0.0339148 0 0.1316635 0.03434532 0 0.1321901 0.03489726 0 0.1326454 0.03532963 0 0.1331146 0.0357421 0 0.1351015 0.03724014 0 0.1356189 0.03758835 0 0.136142 0.03793078 0 0.1366692 0.03826963 0 0.1371992 0.03860741 0 0.1377307 0.03894639 0 0.1380105 0.03912782 0 0.1381503 0.03921866 0 0.1387091 0.03958278 0 0.139267 0.03994822 0 0.1398167 0.04030889 0 0.1403985 0.040699 0 0.140562 0.0408163 0 0.1410441 0.04117161 0 0.1415174 0.04153478 0 0.1419865 0.04190909 0 0.1421427 0.04203701 0 0.142834 0.04258018 0 0.1435211 0.04308044 0 0.1442081 0.04354029 0 0.1448985 0.04396235 0 0.1455961 0.04434907 0 0.1463046 0.04470306 0 0.1501426 0.04607152 0 0.1509954 0.04628276 0 0.1530094 0.04672008 0 0.1544 0.04696083 0 0.1557828 0.04714924 0 0.1571596 0.04728579 0 0.1585327 0.04737091 0 0.159904 0.047405 0 0.1612756 0.04738861 0 0.1626497 0.04732221 0 0.1640282 0.04720616 0 0.1654133 0.04704093 0 0.1668069 0.04682707 0 0.1682113 0.04637849 0 0.1681284 0.04601079 0 0.1677958 0.04605162 0 0.1674606 0.04609274 0 0.1670658 0.0461412 0 0.166736 0.04618173 0 0.1663833 0.04622799 0 0.1661266 0.04626464 0 0.1657421 0.04632306 0 0.1653581 0.04638516 0 0.1651024 0.04642826 0 0.1639223 0.04657238 0 0.162739 0.04667085 0 0.1615536 0.04672509 0 0.1603674 0.04673629 0 0.1591817 0.0467059 0 0.1579976 0.04663509 0 0.1568163 0.04652523 0 0.1556391 0.04637765 0 0.1544672 0.04619365 0 0.1533018 0.04597455 0 0.1508273 0.04539322 0 0.1503742 0.04527723 0 0.1491681 0.04495668 0 0.1486768 0.04482185 0 0.1483495 0.04473084 0 0.1479399 0.04461759 0 0.1457487 0.04369521 0 0.1453831 0.04347455 0 0.144674 0.04299324 0 0.1443262 0.04273408 0 0.1436348 0.0421825 0 0.1432871 0.04189151 0 0.1423211 0.04114139 0 0.1419944 0.04090106 0 0.1416653 0.04066479 0 0.1410004 0.04020267 0 0.1406646 0.03997594 0 0.1403267 0.03975152 0 0.1396447 0.03930771 0 0.1393006 0.03908747 0 0.1383292 0.03845995 0 0.137376 0.03782629 0 0.1364417 0.0371825 0 0.1355273 0.03652495 0 0.1346336 0.03584963 0 0.1337616 0.03515279 0 0.1329121 0.03443068 0 0.132086 0.03367942 0 0.1312841 0.03289514 0 0.1274948 0.02843272 0 0.120743 0.02276504 0 0.1188845 0.02174788 0 0.1169494 0.02086794 0 0.1149336 0.0201137 0 0.1128329 0.01947385 0 0.1106429 0.01893693 0 0.1083597 0.01849162 0 0.1059789 0.01812654 0 0.1046699 0.01799005 0 0.1033605 0.01788979 0 0.102051 0.01782423 0 0.1007416 0.01779174 0 0.0994324 0.01779085 0 0.09812361 0.01782006 0 0.0968154 0.01787781 0 0.09550797 0.01796257 0 0.09420156 0.01807278 0 0.09289628 0.01820695 0 0.09159231 0.01836353 0 0.09003502 0.01857757 0 0.08969354 0.01862668 0 0.08943492 0.01866388 0 0.08926081 0.01868891 0 0.08841645 0.01881939 0 0.08757418 0.01895761 0 0.08673369 0.0191031 0 0.08589476 0.01925516 0 0.08505719 0.01941341 0 0.08422082 0.0195772 0 0.0833854 0.019746 0 0.08255076 0.01991933 0 0.08171671 0.0200966 0 0.08088296 0.02027726 0 0.08004933 0.02046072 0 0.0792157 0.02064657 0 0.07878583 0.02074235 0 0.0783559 0.02083766 0 0.07792586 0.02093261 0 0.07749575 0.02102714 0 0.07706558 0.02112138 0 0.07663536 0.02121526 0 0.07620501 0.02130895 0 0.07577466 0.02140241 0 0.07534432 0.02149569 0 0.07491385 0.0215888 0 0.07448345 0.0216819 0 0.07405298 0.02177488 0 0.07396978 0.02179288 0 0.07363623 0.02186495 0 0.07329988 0.02193766 0 0.07304447 0.02199286 0 0.06953281 0.02270776 0 0.06602454 0.02332615 0 0.06252413 0.02382284 0 0.05903619 0.02417266 0 0.05556523 0.02435028 0 0.05211591 0.02433061 0 0.04869264 0.02408844 0 0.04530012 0.02359855 0 0.04194277 0.02283573 0 0.03862524 0.02177482 0 0.03535211 0.02039057 0 0.03212779 0.0186578 0 0.03090441 0.01783901 0 0.02970987 0.01698845 0 0.02854174 0.01610857 0 0.02739751 0.0152018 0 0.02627474 0.0142706 0 0.02408349 0.01234459 0 0.02194821 0.01035022 0 0.01984906 0.00830686 0 0.01857167 0.007039189 0 0.01804518 0.006514191 0 0.01769101 0.006158053 0 0.01733869 0.005800724 0 0.01698827 0.005442082 0 0.01664 0.005081713 0 0.01629394 0.004719436 0 0.01595032 0.004354953 0 0.0156092 0.003987908 0 0.01527076 0.003618121 0 0.01493519 0.003245234 0 0.01460254 0.002869009 0 0.01427304 0.002489209 0 0.01325148 0.001339733 0 0.01216524 1.7828e-4 0 0.01101762 -9.76429e-4 0 0.009811878 -0.002105534 0 0.008551299 -0.003190279 0 0.007239222 -0.004211783 0 0.005878865 -0.005151331 0 0.004473626 -0.005990087 0 0.003026664 -0.006709158 0 0.001541376 -0.007289886 0 2.1006e-5 -0.007713317 0 -0.001531124 -0.007960796 0 -0.002952456 -0.007926225 0 -0.00431919 -0.007747232 0 -0.005635082 -0.007436573 0 -0.006903827 -0.007007181 0 -0.008129179 -0.006471872 0 -0.009314715 -0.00584352 0 -0.01046425 -0.00513494 0 -0.01158148 -0.004359066 0 -0.01267009 -0.003528714 0 -0.0137338 -0.002656698 0 -0.01477628 -0.001755952 0 -0.01580131 -8.39353e-4 0 -0.01608312 -5.91973e-4 0 -0.01717066 3.58411e-4 0 -0.01768445 8.0765e-4 0 -0.01790767 0.001003205 0 -0.01817095 0.001234948 0 -0.0183615 0.001403331 0 -0.01847738 0.001505851 0 -0.01983982 0.00274682 0 -0.02100259 0.003788113 0 -0.02201211 0.004654824 0 -0.02291506 0.005372166 0 -0.02375799 0.005965352 0 -0.02458739 0.006459534 0 -0.02544987 0.006879806 0 -0.02639198 0.007251441 0 -0.02746033 0.007599532 0 -0.02870142 0.007949233 0 -0.03016191 0.008325815 0 -0.0318883 0.008754372 0 -0.03250569 0.008642733 0 -0.03309178 0.008475899 0 -0.0336489 0.008258521 0 -0.03417944 0.007995188 0 -0.03468573 0.00769037 0 -0.03517007 0.007348775 0 -0.03563499 0.006974995 0 -0.03693598 0.005706012 0 -0.0373463 0.005249202 0 -0.03774893 0.004783034 0 -0.03911411 0.00285083 0 -0.04040747 8.53809e-4 0 -0.04163557 -0.001199305 0 -0.04280507 -0.003299832 0 -0.04392272 -0.005438983 0 -0.04499506 -0.007608056 0 -0.04602885 -0.009798228 0 -0.04703068 -0.01200085 0 -0.04800724 -0.01420712 0 -0.04896521 -0.01640838 0 -0.0499112 -0.01859581 0 -0.05085188 -0.02076071 0 -0.05102759 -0.02116155 0 -0.05120396 -0.02156215 0 -0.05138081 -0.02196246 0 -0.05155819 -0.02236253 0 -0.05173605 -0.02276241 0 -0.05191433 -0.02316206 0 -0.05209308 -0.02356153 0 -0.0522722 -0.02396082 0 -0.05245161 -0.02435994 0 -0.05263137 -0.02475899 0 -0.05281144 -0.02515792 0 -0.05299168 -0.02555674 0 -0.05341625 -0.02649843 0 -0.05383861 -0.02744108 0 -0.05425894 -0.0283845 0 -0.05467742 -0.0293287 0 -0.05509424 -0.03027367 0 -0.05550944 -0.0312193 0 -0.05592328 -0.03216552 0 -0.05633586 -0.03311228 0 -0.05674731 -0.03405958 0 -0.05715787 -0.03500735 0 -0.05756765 -0.03595548 0 -0.05800557 -0.03697091 0 -0.05815029 -0.03730666 0 -0.05823791 -0.03750991 0 -0.05826729 -0.03757816 0 -0.05831164 -0.03768104 0 -0.05844146 -0.03798216 0 -0.05855637 -0.03824883 0 -0.05867129 -0.03851556 0 -0.05878621 -0.03878223 0 -0.05890119 -0.03904896 0 -0.0590161 -0.03931564 0 -0.05913102 -0.03958237 0 -0.05924594 -0.03984904 0 -0.05936086 -0.04011577 0 -0.05947577 -0.04038244 0 -0.05959069 -0.04064917 0 -0.05970561 -0.04091584 0 -0.06363546 -0.05002754 0 -0.06693094 -0.05763399 0 -0.06966996 -0.06388211 0 -0.0719304 -0.0689187 0 -0.07379001 -0.07289087 0 -0.07532674 -0.07594549 0 -0.07661837 -0.07822942 0 -0.07774281 -0.07988971 0 -0.07877779 -0.08107322 0 -0.07980126 -0.08192694 0 -0.08089101 -0.08259767 0 -0.08212488 -0.08323252 0 -0.08239781 -0.08326965 0 -0.08265644 -0.08330219 0 -0.08290296 -0.08332782 0 -0.08313971 -0.08334434 0 -0.08336895 -0.08334952 0 -0.08359295 -0.08334118 0 -0.08381396 -0.08331698 0 -0.08524906 -0.08262234 0 -0.08650469 -0.08139955 0 -0.08664053 -0.08125734 0 -0.08686554 -0.08103096 0 -0.08709299 -0.0808022 0 -0.08718514 -0.08070951 0 -0.08860236 -0.07911491 0 -0.08993589 -0.07743227 0 -0.09119397 -0.07567358 0 -0.09238469 -0.07385087 0 -0.09351629 -0.07197606 0 -0.09459692 -0.0700612 0 -0.09563481 -0.06811827 0 -0.0966382 -0.06615924 0 -0.09761512 -0.06419605 0 -0.09857392 -0.06224071 0 -0.0995227 -0.06030529 0 -0.1004697 -0.0584017 0 -0.100515 -0.05831176 0 -0.1006288 -0.05808591 0 -0.1025195 -0.05431616 0 -0.1034022 -0.0525431 0 -0.1042807 -0.05076783 0 -0.1051542 -0.04899001 0 -0.1060219 -0.04720938 0 -0.1068832 -0.04542571 0 -0.1077373 -0.04363864 0 -0.1085836 -0.04184794 0 -0.1094211 -0.0400533 0 -0.1102494 -0.03825443 0 -0.1110676 -0.0364511 0 -0.1113079 -0.03592032 0 -0.1114283 -0.03565502 0 -0.1115489 -0.03538984 0 -0.1116696 -0.03512465 0 -0.1119114 -0.03459453 0 -0.1120324 -0.03432959 0 -0.1121535 -0.03406465 0 -0.1122747 -0.0337997 0 -0.112396 -0.03353482 0 -0.1125173 -0.03326994 0 -0.1126099 -0.0330677 0 -0.1127739 -0.03270965 0 -0.1129413 -0.0323441 0 -0.113085 -0.03203052 0 -0.1132766 -0.03161239 0 -0.1133723 -0.0314033 0 -0.1136837 -0.03072327 0 -0.113995 -0.03004312 0 -0.1143062 -0.02936291 0 -0.1146171 -0.02868264 0 -0.1149278 -0.02800226 0 -0.1152383 -0.02732175 0 -0.1155484 -0.02664113 0 -0.1158583 -0.02596032 0 -0.1161677 -0.0252794 0 -0.1164768 -0.02459824 0 -0.1167854 -0.0239169 0 -0.1170936 -0.02323532 0 -0.1178188 -0.0216366 0 -0.1185486 -0.02004027 0 -0.1192832 -0.01844644 0 -0.1200228 -0.01685518 0 -0.1207677 -0.01526653 0 -0.1215183 -0.01368057 0 -0.1222745 -0.01209741 0 -0.1230369 -0.01051712 0 -0.1238057 -0.008939683 0 -0.124581 -0.007365167 0 -0.1253631 -0.00579369 0 -0.1261524 -0.004225373 0 -0.1261995 -0.004131317 0 -0.1263878 -0.003755152 0 -0.1264819 -0.003567039 0 -0.126576 -0.003378927 0 -0.1275933 -0.00305742 0 -0.127996 -0.003081679 0 -0.1283801 -0.003134429 0 -0.1287492 -0.003215014 0 -0.1291072 -0.003322839 0 -0.129458 -0.003457248 0 -0.1305034 -0.004014253 0 -0.1329685 -0.006033957 0 -0.1338001 -0.006828904 0 -0.1354003 -0.008474767 0 -0.1361728 -0.009322702 0 -0.1369296 -0.01018524 0 -0.1376727 -0.01106101 0 -0.1384038 -0.0119484 0 -0.1391252 -0.01284593 0 -0.1409348 -0.01517051 0 -0.1421986 -0.01565849 0 -0.141768 -0.0150935 0 0.1279475 0.0300768 0 0.1282051 0.03040802 0 -0.1414535 -0.01584351 0.07720786 -0.1415832 -0.01601171 0.07720786 -0.1417129 -0.01617985 0.07720786 -0.1418427 -0.016348 0.07720786 -0.1419726 -0.01651614 0.07720786 -0.1421024 -0.01668423 0.07720786 -0.142188 -0.01679497 0.07720786 -0.1422735 -0.01690572 0.07720786 -0.1423589 -0.01701653 0.07720786 -0.1424443 -0.01712739 0.07720786 -0.1425297 -0.01723825 0.07720786 -0.142615 -0.01734918 0.07720786 -0.1427003 -0.0174601 0.07720786 -0.1427856 -0.01757109 0.07720786 -0.1428707 -0.01768207 0.07720786 -0.1429559 -0.01779311 0.07720786 -0.143041 -0.01790416 0.07720786 -0.1431261 -0.01801526 0.07720786 -0.1436553 -0.01870006 0.07720786 -0.1441013 -0.01927262 0.07720786 -0.1444767 -0.01974475 0.07720786 -0.144794 -0.02012836 0.07720786 -0.1450659 -0.02043545 0.07720786 -0.1453049 -0.02067774 0.07720786 -0.1455237 -0.02086716 0.07720786 -0.1457349 -0.02101564 0.07720786 -0.145951 -0.02113509 0.07720786 -0.1461846 -0.02123725 0.07720786 -0.1464484 -0.02133417 0.07720786 -0.146755 -0.02143764 0.07720786 -0.147704 -0.02152919 0.07720786 -0.1486542 -0.02160197 0.07720786 -0.1496055 -0.02165806 0.07720786 -0.1505578 -0.02169936 0.07720786 -0.1515108 -0.02172791 0.07720786 -0.1524644 -0.02174568 0.07720786 -0.1534183 -0.02175462 0.07720786 -0.1543723 -0.02175682 0.07720786 -0.1553262 -0.0217542 0.07720786 -0.1562798 -0.02174878 0.07720786 -0.1572329 -0.02174252 0.07720786 -0.1581853 -0.02173739 0.07720786 -0.1583399 -0.02173703 0.07720786 -0.1584945 -0.02173674 0.07720786 -0.1586492 -0.02173638 0.07720786 -0.1588038 -0.02173602 0.07720786 -0.1589584 -0.02173572 0.07720786 -0.159113 -0.02173537 0.07720786 -0.1592676 -0.02173507 0.07720786 -0.1594222 -0.02173477 0.07720786 -0.1595768 -0.02173447 0.07720786 -0.1597315 -0.02173411 0.07720786 -0.1598861 -0.02173382 0.07720786 -0.1600407 -0.02173358 0.07720786 -0.1604153 -0.02173274 0.07720786 -0.1607899 -0.02173191 0.07720786 -0.1611644 -0.02173095 0.07720786 -0.161539 -0.02172994 0.07720786 -0.1619135 -0.02172887 0.07720786 -0.1622881 -0.0217278 0.07720786 -0.1626626 -0.0217266 0.07720786 -0.1630372 -0.02172535 0.07720786 -0.1634117 -0.02172404 0.07720786 -0.1637863 -0.02172267 0.07720786 -0.1641609 -0.02172124 0.07720786 -0.1645354 -0.02171981 0.07720786 -0.1645354 -0.0216965 0.07720786 -0.1645354 -0.0216732 0.07720786 -0.1645354 -0.02164989 0.07720786 -0.1645354 -0.02162659 0.07720786 -0.1645354 -0.02160316 0.07720786 -0.1645354 -0.02157974 0.07720786 -0.1645354 -0.02155625 0.07720786 -0.1645354 -0.02153271 0.07720786 -0.1645354 -0.02150911 0.07720786 -0.1645354 -0.02148538 0.07720786 -0.1645354 -0.02146154 0.07720786 -0.1645354 -0.02143764 0.07720786 -0.1636636 -0.02138286 0.07720786 -0.162792 -0.02133202 0.07720786 -0.1619205 -0.02128481 0.07720786 -0.161049 -0.02124118 0.07720786 -0.1601775 -0.02120089 0.07720786 -0.1593059 -0.02116382 0.07720786 -0.1584343 -0.02112978 0.07720786 -0.1575624 -0.02109861 0.07720786 -0.1566902 -0.02107018 0.07720786 -0.1558178 -0.02104431 0.07720786 -0.1549451 -0.02102082 0.07720786 -0.1540718 -0.02099961 0.07720786 -0.1537207 -0.02099114 0.07720786 -0.1533696 -0.02098232 0.07720786 -0.1530186 -0.02097308 0.07720786 -0.1526675 -0.02096349 0.07720786 -0.1523165 -0.02095353 0.07720786 -0.1519655 -0.02094316 0.07720786 -0.1516145 -0.02093243 0.07720786 -0.1512635 -0.02092134 0.07720786 -0.1509125 -0.0209099 0.07720786 -0.1505616 -0.02089804 0.07720786 -0.1502106 -0.02088582 0.07720786 -0.1498596 -0.0208733 0.07720786 -0.1497765 -0.02087062 0.07720786 -0.1496934 -0.020868 0.07720786 -0.1496102 -0.02086538 0.07720786 -0.1495269 -0.02086269 0.07720786 -0.1494435 -0.02086007 0.07720786 -0.1493599 -0.02085739 0.07720786 -0.1492761 -0.02085477 0.07720786 -0.149192 -0.02085208 0.07720786 -0.1491077 -0.0208494 0.07720786 -0.149023 -0.02084672 0.07720786 -0.1488953 -0.02084267 0.07720786 -0.1484728 -0.02082127 0.07720786 -0.1481506 -0.02080243 0.07720786 -0.1478753 -0.02078258 0.07720786 -0.1476355 -0.0207594 0.07720786 -0.1474205 -0.02073055 0.07720786 -0.1472191 -0.02069365 0.07720786 -0.1470204 -0.02064657 0.07720786 -0.1468133 -0.02058678 0.07720786 -0.1465869 -0.02051216 0.07720786 -0.1463301 -0.02042025 0.07720786 -0.1460319 -0.02030885 0.07720786 -0.1456813 -0.02017557 0.07720786 -0.1454482 -0.01990407 0.07720786 -0.1452186 -0.01963043 0.07720786 -0.1449921 -0.01935482 0.07720786 -0.1447685 -0.01907718 0.07720786 -0.1445477 -0.01879781 0.07720786 -0.144329 -0.01851665 0.07720786 -0.1441125 -0.01823395 0.07720786 -0.1438978 -0.01794964 0.07720786 -0.1436845 -0.01766401 0.07720786 -0.1434724 -0.01737701 0.07720786 -0.1432613 -0.01708877 0.07720786 -0.1430508 -0.01679944 0.07720786 -0.1426261 -0.01622706 0.07720786 -0.1421986 -0.01565849 0.07720786 -0.141768 -0.0150935 0.07720786 -0.1413343 -0.01453208 0.07720786 -0.1408972 -0.01397401 0.07720786 -0.1404564 -0.01341915 0.07720786 -0.1400117 -0.01286745 0.07720786 -0.1395631 -0.01231873 0.07720786 -0.1391102 -0.01177281 0.07720786 -0.1386528 -0.01122963 0.07720786 -0.1381908 -0.01068902 0.07720786 -0.1377238 -0.0101509 0.07720786 -0.1376833 -0.01010257 0.07720786 -0.1376428 -0.01005429 0.07720786 -0.1376023 -0.01000595 0.07720786 -0.1375617 -0.009957492 0.07720786 -0.137521 -0.009909033 0.07720786 -0.1374803 -0.009860455 0.07720786 -0.1374395 -0.009811699 0.07720786 -0.1373986 -0.009762883 0.07720786 -0.1373575 -0.009713828 0.07720786 -0.1373162 -0.009664654 0.07720786 -0.1372748 -0.009615242 0.07720786 -0.1372331 -0.009565591 0.07720786 -0.1360297 -0.008143246 0.07720786 -0.1350131 -0.006953299 0.07720786 -0.1341527 -0.005970418 0.07720786 -0.1334176 -0.005169153 0.07720786 -0.1327768 -0.004524171 0.07720786 -0.1321995 -0.004010021 0.07720786 -0.1316549 -0.003601253 0.07720786 -0.1311119 -0.003272593 0.07720786 -0.1305398 -0.00299853 0.07720786 -0.1299076 -0.002753674 0.07720786 -0.1291846 -0.002512693 0.07720786 -0.1283397 -0.002250194 0.07720786 -0.1281045 -0.002255976 0.07720786 -0.1278904 -0.002273559 0.07720786 -0.1276939 -0.002302765 0.07720786 -0.1275116 -0.002343773 0.07720786 -0.1273402 -0.002396523 0.07720786 -0.1271761 -0.002461016 0.07720786 -0.1270158 -0.002537369 0.07720786 -0.126856 -0.002625465 0.07720786 -0.1266932 -0.002725481 0.07720786 -0.126524 -0.0028373 0.07720786 -0.1263449 -0.002961039 0.07720786 -0.1261524 -0.003096699 0.07720786 -0.1260501 -0.0032292 0.07720786 -0.1259635 -0.003342151 0.07720786 -0.1258896 -0.003439664 0.07720786 -0.1258258 -0.00352621 0.07720786 -0.125769 -0.003606021 0.07720786 -0.1257165 -0.003683388 0.07720786 -0.1256654 -0.003762722 0.07720786 -0.1256128 -0.003848254 0.07720786 -0.125556 -0.003944337 0.07720786 -0.125492 -0.004055261 0.07720786 -0.125418 -0.004185318 0.07720786 -0.1253311 -0.00433886 0.07720786 -0.1252954 -0.004401803 0.07720786 -0.1252598 -0.004464745 0.07720786 -0.125224 -0.004527747 0.07720786 -0.1251882 -0.004590809 0.07720786 -0.1251524 -0.00465399 0.07720786 -0.1251165 -0.00471729 0.07720786 -0.1250805 -0.004780769 0.07720786 -0.1250445 -0.004844427 0.07720786 -0.1250082 -0.004908323 0.07720786 -0.1249719 -0.004972457 0.07720786 -0.1249354 -0.00503683 0.07720786 -0.1248988 -0.005101501 0.07720786 -0.1247053 -0.005462288 0.07720786 -0.1245127 -0.005823552 0.07720786 -0.1243213 -0.006185233 0.07720786 -0.1241309 -0.006547451 0.07720786 -0.1239415 -0.006910085 0.07720786 -0.123753 -0.007273256 0.07720786 -0.1235656 -0.007636904 0.07720786 -0.1233791 -0.008001089 0.07720786 -0.1231935 -0.00836575 0.07720786 -0.1230089 -0.008731007 0.07720786 -0.1228251 -0.009096741 0.07720786 -0.1226422 -0.009463071 0.07720786 -0.1226132 -0.009521305 0.07720786 -0.1225885 -0.009570777 0.07720786 -0.1225673 -0.009613215 0.07720786 -0.1225487 -0.009650468 0.07720786 -0.1225318 -0.009684324 0.07720786 -0.1225158 -0.009716451 0.07720786 -0.1224997 -0.009748697 0.07720786 -0.1224827 -0.00978285 0.07720786 -0.1224638 -0.00982064 0.07720786 -0.1224422 -0.009863853 0.07720786 -0.122417 -0.009914278 0.07720786 -0.1223874 -0.009973645 0.07720786 -0.1219259 -0.01090687 0.07720786 -0.1214698 -0.01184254 0.07720786 -0.1210186 -0.0127803 0.07720786 -0.1205719 -0.01372009 0.07720786 -0.1201293 -0.01466172 0.07720786 -0.1196902 -0.01560503 0.07720786 -0.1192543 -0.0165497 0.07720786 -0.118821 -0.01749575 0.07720786 -0.1183899 -0.01844286 0.07720786 -0.1179605 -0.01939088 0.07720786 -0.1175324 -0.02033966 0.07720786 -0.1171053 -0.02128899 0.07720786 -0.1168433 -0.02186995 0.07720786 -0.1165807 -0.02245056 0.07720786 -0.1163174 -0.02303093 0.07720786 -0.1160535 -0.02361094 0.07720786 -0.1157891 -0.02419078 0.07720786 -0.1155242 -0.02477031 0.07720786 -0.1152589 -0.02534973 0.07720786 -0.1149933 -0.02592897 0.07720786 -0.1147274 -0.02650809 0.07720786 -0.1144612 -0.02708709 0.07720786 -0.1141949 -0.02766603 0.07720786 -0.1139284 -0.02824491 0.07720786 -0.1138941 -0.02831947 0.07720786 -0.113865 -0.02838283 0.07720786 -0.1138399 -0.02843725 0.07720786 -0.1138179 -0.028485 0.07720786 -0.113798 -0.02852827 0.07720786 -0.1137791 -0.02856945 0.07720786 -0.1137601 -0.02861082 0.07720786 -0.1137399 -0.02865451 0.07720786 -0.1137176 -0.02870291 0.07720786 -0.1136922 -0.02875828 0.07720786 -0.1136624 -0.02882283 0.07720786 -0.1136274 -0.02889889 0.07720786 -0.1135259 -0.02911949 0.07720786 -0.1134244 -0.02934002 0.07720786 -0.1133228 -0.02956062 0.07720786 -0.1132213 -0.02978116 0.07720786 -0.1131197 -0.03000175 0.07720786 -0.1130182 -0.03022229 0.07720786 -0.1129167 -0.03044289 0.07720786 -0.1128151 -0.03066343 0.07720786 -0.1127135 -0.03088396 0.07720786 -0.112612 -0.03110456 0.07720786 -0.1125103 -0.0313251 0.07720786 -0.1124088 -0.03154563 0.07720786 -0.1122513 -0.03188765 0.07720786 -0.1120938 -0.03222972 0.07720786 -0.1119365 -0.03257179 0.07720786 -0.1117792 -0.03291386 0.07720786 -0.1116219 -0.03325599 0.07720786 -0.1114647 -0.03359818 0.07720786 -0.1113076 -0.03394037 0.07720786 -0.1111505 -0.03428256 0.07720786 -0.1109935 -0.03462481 0.07720786 -0.1108365 -0.03496706 0.07720786 -0.1106795 -0.03530931 0.07720786 -0.1105226 -0.03565162 0.07720786 -0.1099857 -0.03682178 0.07720786 -0.1094478 -0.0379914 0.07720786 -0.1089086 -0.03916037 0.07720786 -0.108368 -0.04032862 0.07720786 -0.1078257 -0.04149609 0.07720786 -0.1072815 -0.04266256 0.07720786 -0.1067351 -0.04382807 0.07720786 -0.1061863 -0.04499244 0.07720786 -0.1056349 -0.04615557 0.07720786 -0.1050806 -0.04731744 0.07720786 -0.1045231 -0.04847788 0.07720786 -0.1039623 -0.04963684 0.07720786 -0.1039398 -0.04968303 0.07720786 -0.1039174 -0.04972928 0.07720786 -0.1038949 -0.0497756 0.07720786 -0.1038724 -0.04982191 0.07720786 -0.1038498 -0.04986834 0.07720786 -0.1038272 -0.04991483 0.07720786 -0.1038046 -0.04996144 0.07720786 -0.1037819 -0.05000823 0.07720786 -0.1037591 -0.05005514 0.07720786 -0.1037362 -0.05010229 0.07720786 -0.1037132 -0.05014955 0.07720786 -0.1036902 -0.05019706 0.07720786 -0.1033989 -0.05079483 0.07720786 -0.1031068 -0.05139219 0.07720786 -0.102814 -0.05198919 0.07720786 -0.1025204 -0.05258584 0.07720786 -0.1022261 -0.05318212 0.07720786 -0.1019313 -0.05377805 0.07720786 -0.1016358 -0.05437374 0.07720786 -0.1013397 -0.05496907 0.07720786 -0.1010431 -0.05556422 0.07720786 -0.100746 -0.05615907 0.07720786 -0.1004485 -0.05675375 0.07720786 -0.1001505 -0.05734825 0.07720786 -0.100035 -0.05757886 0.07720786 -0.09991949 -0.05780959 0.07720786 -0.09980422 -0.05804038 0.07720786 -0.09968906 -0.05827122 0.07720786 -0.09957396 -0.05850213 0.07720786 -0.09945899 -0.0587331 0.07720786 -0.09934413 -0.05896407 0.07720786 -0.09922933 -0.0591951 0.07720786 -0.09911459 -0.05942618 0.07720786 -0.09899991 -0.05965727 0.07720786 -0.09888529 -0.05988842 0.07720786 -0.09877073 -0.06011956 0.07720786 -0.0974698 -0.06312406 0.07720786 -0.0963509 -0.06566298 0.07720786 -0.09536111 -0.06781452 0.07720786 -0.09444761 -0.06965708 0.07720786 -0.09355741 -0.07126891 0.07720786 -0.09263765 -0.07272833 0.07720786 -0.09163546 -0.0741136 0.07720786 -0.09049785 -0.07550305 0.07720786 -0.08917206 -0.07697492 0.07720786 -0.08760505 -0.07860749 0.07720786 -0.08574402 -0.08047914 0.07720786 -0.08353602 -0.08266818 0.07720786 -0.08324772 -0.08266299 0.07720786 -0.08297473 -0.08263325 0.07720786 -0.08271527 -0.08258044 0.07720786 -0.08246767 -0.08250606 0.07720786 -0.08223032 -0.0824117 0.07720786 -0.08200144 -0.08229881 0.07720786 -0.08177947 -0.08216887 0.07720786 -0.08156269 -0.08202344 0.07720786 -0.08134937 -0.08186399 0.07720786 -0.08113795 -0.08169209 0.07720786 -0.08092659 -0.08150923 0.07720786 -0.08071374 -0.08131682 0.07720786 -0.08001315 -0.08050256 0.07720786 -0.07934892 -0.07965409 0.07720786 -0.07871758 -0.07877576 0.07720786 -0.07811564 -0.07787197 0.07720786 -0.07753956 -0.07694715 0.07720786 -0.07698601 -0.07600569 0.07720786 -0.07645136 -0.07505196 0.07720786 -0.07593214 -0.0740903 0.07720786 -0.0754249 -0.07312518 0.07720786 -0.07492619 -0.07216095 0.07720786 -0.07443249 -0.07120203 0.07720786 -0.07394027 -0.07025277 0.07720786 -0.07389062 -0.07015794 0.07720786 -0.07384848 -0.07007735 0.07720786 -0.07381224 -0.07000815 0.07720786 -0.07378047 -0.06994748 0.07720786 -0.07375162 -0.0698924 0.07720786 -0.07372421 -0.06984001 0.07720786 -0.07369673 -0.06978744 0.07720786 -0.07366758 -0.06973183 0.07720786 -0.07361698 -0.06963509 0.07720786 -0.07355552 -0.06951773 0.07720786 -0.07350492 -0.06942099 0.07720786 -0.07288342 -0.06821107 0.07720786 -0.07227343 -0.06699651 0.07720786 -0.07167392 -0.06577765 0.07720786 -0.07108402 -0.06455475 0.07720786 -0.07050275 -0.06332808 0.07720786 -0.06992918 -0.06209796 0.07720786 -0.06936228 -0.06086474 0.07720786 -0.06880122 -0.0596286 0.07720786 -0.06824493 -0.05838996 0.07720786 -0.06769251 -0.05714899 0.07720786 -0.06714302 -0.05590605 0.07720786 -0.06659555 -0.05466145 0.07720786 -0.06637907 -0.05417037 0.07720786 -0.06616175 -0.05367964 0.07720786 -0.06594365 -0.05318933 0.07720786 -0.0657249 -0.05269932 0.07720786 -0.06550544 -0.05220955 0.07720786 -0.06528544 -0.05172014 0.07720786 -0.0650649 -0.0512309 0.07720786 -0.06484395 -0.05074185 0.07720786 -0.06462258 -0.05025303 0.07720786 -0.06440085 -0.04976433 0.07720786 -0.06417888 -0.04927569 0.07720786 -0.06395667 -0.04878717 0.07720786 -0.06359791 -0.04799604 0.07720786 -0.06324076 -0.04720425 0.07720786 -0.06288528 -0.04641187 0.07720786 -0.06253141 -0.04561877 0.07720786 -0.06217914 -0.04482501 0.07720786 -0.06182849 -0.04403054 0.07720786 -0.0614795 -0.04323542 0.07720786 -0.06113207 -0.04243952 0.07720786 -0.06078618 -0.0416429 0.07720786 -0.06044191 -0.04084551 0.07720786 -0.06009918 -0.0400474 0.07720786 -0.059758 -0.03924846 0.07720786 -0.05925357 -0.03806686 0.07720786 -0.05874735 -0.03688603 0.07720786 -0.0582394 -0.03570592 0.07720786 -0.05773001 -0.03452646 0.07720786 -0.05721926 -0.03334754 0.07720786 -0.05670732 -0.03216916 0.07720786 -0.05619436 -0.03099125 0.07720786 -0.05568057 -0.02981364 0.07720786 -0.05516606 -0.02863639 0.07720786 -0.05465102 -0.02745938 0.07720786 -0.05413556 -0.02628254 0.07720786 -0.05361986 -0.02510583 0.07720786 -0.05359935 -0.0250591 0.07720786 -0.05357891 -0.02501237 0.07720786 -0.0535584 -0.02496558 0.07720786 -0.0535379 -0.02491879 0.07720786 -0.05351734 -0.02487188 0.07720786 -0.05349677 -0.02482485 0.07720786 -0.05347609 -0.02477777 0.07720786 -0.05345541 -0.0247305 0.07720786 -0.05343461 -0.02468305 0.07720786 -0.0534138 -0.02463549 0.07720786 -0.05338233 -0.02456367 0.07720786 -0.05028986 -0.01751494 0.07720786 -0.04769819 -0.01164716 0.07720786 -0.04552865 -0.006819546 0.07720786 -0.04371315 -0.002915501 0.07720786 -0.04218363 1.8181e-4 0.07720786 -0.04087203 0.002589106 0.07720786 -0.03971034 0.004423081 0.07720786 -0.03863036 0.005800545 0.07720786 -0.03756409 0.006838202 0.07720786 -0.03644353 0.007652759 0.07720786 -0.03520041 0.008360922 0.07720786 -0.03376686 0.009079515 0.07720786 -0.03320652 0.009236514 0.07720786 -0.03263562 0.009354591 0.07720786 -0.0320568 0.009434401 0.07720786 -0.03147274 0.00947678 0.07720786 -0.03088605 0.009482502 0.07720786 -0.03029936 0.009452342 0.07720786 -0.02971529 0.009387135 0.07720786 -0.02913653 0.009287655 0.07720786 -0.0285657 0.009154677 0.07720786 -0.02800548 0.008988976 0.07720786 -0.02745842 0.008791327 0.07720786 -0.02692723 0.008562564 0.07720786 -0.02609771 0.008092999 0.07720786 -0.02528899 0.007601439 0.07720786 -0.02449917 0.007089257 0.07720786 -0.0237264 0.006557762 0.07720786 -0.02296864 0.006008327 0.07720786 -0.02222412 0.005442261 0.07720786 -0.02149087 0.004860937 0.07720786 -0.02076697 0.004265666 0.07720786 -0.02005052 0.003657758 0.07720786 -0.01933962 0.003038585 0.07720786 -0.01863235 0.002409458 0.07720786 -0.01792681 0.001771807 0.07720786 -0.01767772 0.001551508 0.07720786 -0.01742732 0.001332998 0.07720786 -0.01717579 0.001116037 0.07720786 -0.01692306 9.00564e-4 0.07720786 -0.01666933 6.86377e-4 0.07720786 -0.01641464 4.73369e-4 0.07720786 -0.01615905 2.61403e-4 0.07720786 -0.01590269 5.03438e-5 0.07720786 -0.01564562 -1.59944e-4 0.07720786 -0.01538789 -3.69598e-4 0.07720786 -0.01512956 -5.78751e-4 0.07720786 -0.01487082 -7.87541e-4 0.07720786 -0.01475 -8.85299e-4 0.07720786 -0.0146293 -9.83268e-4 0.07720786 -0.01450884 -0.001081407 0.07720786 -0.01438856 -0.001179814 0.07720786 -0.01426839 -0.00127846 0.07720786 -0.01414847 -0.001377344 0.07720786 -0.01402872 -0.001476407 0.07720786 -0.01390922 -0.001575767 0.07720786 -0.01378989 -0.001675367 0.07720786 -0.0136708 -0.001775205 0.07720786 -0.01355189 -0.00187534 0.07720786 -0.01343321 -0.001975715 0.07720786 -0.01252305 -0.002717792 0.07720786 -0.01160645 -0.003421783 0.07720786 -0.01067966 -0.004082143 0.07720786 -0.009738862 -0.004693329 0.07720786 -0.008780241 -0.005249798 0.07720786 -0.007800042 -0.005745887 0.07720786 -0.006794393 -0.006176114 0.07720786 -0.005759596 -0.006534874 0.07720786 -0.004691779 -0.006816625 0.07720786 -0.003587126 -0.007015764 0.07720786 -0.002441883 -0.007126748 0.07720786 -0.001252233 -0.007144033 0.07720786 -3.96062e-4 -0.007023692 0.07720786 4.4563e-4 -0.006838321 0.07720786 0.001272082 -0.006593167 0.07720786 0.002082705 -0.006293416 0.07720786 0.002876698 -0.005944371 0.07720786 0.003653347 -0.005551338 0.07720786 0.004411995 -0.005119502 0.07720786 0.005151927 -0.004654169 0.07720786 0.005872428 -0.004160642 0.07720786 0.006572782 -0.003644108 0.07720786 0.007252275 -0.003109872 0.07720786 0.007910192 -0.002563178 0.07720786 0.007949471 -0.002529799 0.07720786 0.00800848 -0.002479672 0.07720786 0.008067488 -0.002429485 0.07720786 0.008106946 -0.002395987 0.07720786 0.008146524 -0.00236237 0.07720786 0.008186101 -0.002328693 0.07720786 0.008225858 -0.002294898 0.07720786 0.008265733 -0.002261042 0.07720786 0.008305788 -0.002227008 0.07720786 0.008366167 -0.002175688 0.07720786 0.008813679 -0.001785874 0.07720786 0.009236574 -0.001409053 0.07720786 0.009655535 -0.001028239 0.07720786 0.01007091 -6.43831e-4 0.07720786 0.01048296 -2.56075e-4 0.07720786 0.01089209 1.34703e-4 0.07720786 0.01129859 5.28198e-4 0.07720786 0.01170295 9.24107e-4 0.07720786 0.01210546 0.00132209 0.07720786 0.01250642 0.001721918 0.07720786 0.01290631 0.002123236 0.07720786 0.01330536 0.002525746 0.07720786 0.0134294 0.002650976 0.07720786 0.01355355 0.002776145 0.07720786 0.01367777 0.002901196 0.07720786 0.01380205 0.003026187 0.07720786 0.01392644 0.003151118 0.07720786 0.01405084 0.00327593 0.07720786 0.01417535 0.003400743 0.07720786 0.01429986 0.003525495 0.07720786 0.01442444 0.003650188 0.07720786 0.01454901 0.003774881 0.07720786 0.0146737 0.003899514 0.07720786 0.01479834 0.004024147 0.07720786 0.01516574 0.004393398 0.07720786 0.01553189 0.004763185 0.07720786 0.01589655 0.005133867 0.07720786 0.01625943 0.00550574 0.07720786 0.01662039 0.005879282 0.07720786 0.01697909 0.006254732 0.07720786 0.01733535 0.006632447 0.07720786 0.01768893 0.007012844 0.07720786 0.01803958 0.007396221 0.07720786 0.01838707 0.007782936 0.07720786 0.01873123 0.008173286 0.07720786 0.01907169 0.00856775 0.07720786 0.01951158 0.009067058 0.07720786 0.01996093 0.009559333 0.07720786 0.02041918 0.01004475 0.07720786 0.0208857 0.01052331 0.07720786 0.0213598 0.01099514 0.07720786 0.02184098 0.0114603 0.07720786 0.02232849 0.0119189 0.07720786 0.02282172 0.01237094 0.07720786 0.02332007 0.01281654 0.07720786 0.0238229 0.01325577 0.07720786 0.0243296 0.01368874 0.07720786 0.02483946 0.01411557 0.07720786 0.02487546 0.01414579 0.07720786 0.02491146 0.01417607 0.07720786 0.02494746 0.01420634 0.07720786 0.02498352 0.01423668 0.07720786 0.02501964 0.01426708 0.07720786 0.02505588 0.01429754 0.07720786 0.02509212 0.01432806 0.07720786 0.02512854 0.01435869 0.07720786 0.02516508 0.01438939 0.07720786 0.02520173 0.01442027 0.07720786 0.02523851 0.0144512 0.07720786 0.02527552 0.01448231 0.07720786 0.02687352 0.01577627 0.07720786 0.0285021 0.01700204 0.07720786 0.03016293 0.0181567 0.07720786 0.03185778 0.01923704 0.07720786 0.03358846 0.02024006 0.07720786 0.0353567 0.02116268 0.07720786 0.03716427 0.0220018 0.07720786 0.0390129 0.02275437 0.07720786 0.04090434 0.02341735 0.07720786 0.04284036 0.02398765 0.07720786 0.04482275 0.02446222 0.07720786 0.04685324 0.02483797 0.07720786 0.04693305 0.02485096 0.07720786 0.0470528 0.02487045 0.07720786 0.04717266 0.02489 0.07720786 0.04725277 0.02490305 0.07720786 0.04733306 0.02491617 0.07720786 0.04741352 0.02492928 0.07720786 0.04749423 0.02494245 0.07720786 0.04757523 0.02495563 0.07720786 0.04765653 0.02496892 0.07720786 0.04777914 0.02498888 0.07720786 0.04924762 0.02514272 0.07720786 0.05068945 0.02524703 0.07720786 0.05214256 0.02530997 0.07720786 0.0536037 0.02533322 0.07720786 0.05506962 0.0253182 0.07720786 0.05653721 0.02526652 0.07720786 0.05800318 0.02517974 0.07720786 0.05946445 0.0250594 0.07720786 0.06091773 0.02490711 0.07720786 0.06235992 0.0247243 0.07720786 0.06378775 0.02451264 0.07720786 0.06519812 0.02427363 0.07720786 0.06527507 0.02425998 0.07720786 0.06535208 0.02424633 0.07720786 0.06542915 0.02423268 0.07720786 0.06550633 0.02421897 0.07720786 0.06558364 0.02420526 0.07720786 0.06566107 0.02419155 0.07720786 0.06573873 0.02417778 0.07720786 0.06581664 0.02416402 0.07720786 0.06589478 0.02415013 0.07720786 0.06597316 0.02413624 0.07720786 0.06605195 0.02412229 0.07720786 0.06613105 0.02410829 0.07720786 0.06702983 0.02394461 0.07720786 0.06792777 0.02377742 0.07720786 0.068825 0.02360689 0.07720786 0.06972151 0.0234332 0.07720786 0.07061737 0.02325642 0.07720786 0.07151263 0.02307671 0.07720786 0.0724073 0.02289426 0.07720786 0.07330149 0.02270919 0.07720786 0.07419526 0.02252161 0.07720786 0.07508856 0.02233177 0.07720786 0.07598149 0.02213978 0.07720786 0.07687419 0.02194571 0.07720786 0.0804646 0.02117425 0.07720786 0.08413946 0.02043312 0.07720786 0.08787834 0.01976174 0.07720786 0.09166097 0.0191996 0.07720786 0.09546709 0.01878625 0.07720786 0.09927636 0.01856112 0.07720786 0.1030685 0.01856368 0.07720786 0.1068232 0.01883345 0.07720786 0.1105201 0.01940995 0.07720786 0.114139 0.02033257 0.07720786 0.1176596 0.02164083 0.07720786 0.1210616 0.02337419 0.07720786 0.1217495 0.02384525 0.07720786 0.122408 0.02433085 0.07720786 0.1230399 0.02483147 0.07720786 0.1236474 0.02534741 0.07720786 0.1242334 0.02587914 0.07720786 0.1248003 0.02642703 0.07720786 0.1253509 0.02699148 0.07720786 0.1258876 0.02757298 0.07720786 0.126413 0.02817183 0.07720786 0.1269297 0.0287885 0.07720786 0.1274403 0.02942335 0.07720786 0.1279475 0.0300768 0.07720786 0.1282051 0.03040802 0.07720786 0.1284666 0.03073537 0.07720786 0.1287316 0.03105926 0.07720786 0.129 0.03137987 0.07720786 0.1292716 0.03169769 0.07720786 0.1295459 0.03201287 0.07720786 0.129823 0.0323258 0.07720786 0.1301025 0.03263676 0.07720786 0.130384 0.03294605 0.07720786 0.1306676 0.03325408 0.07720786 0.1309528 0.03356105 0.07720786 0.1312394 0.03386735 0.07720786 0.1312816 0.0339148 0.07720786 0.1313237 0.0339623 0.07720786 0.1313658 0.03400981 0.07720786 0.131408 0.03405743 0.07720786 0.1314504 0.03410506 0.07720786 0.1314927 0.03415286 0.07720786 0.1315352 0.03420072 0.07720786 0.1315778 0.03424876 0.07720786 0.1316206 0.03429698 0.07720786 0.1316635 0.03434532 0.07720786 0.1317066 0.0343939 0.07720786 0.1317499 0.03444272 0.07720786 0.1321901 0.03489726 0.07720786 0.1326454 0.03532963 0.07720786 0.1331146 0.0357421 0.07720786 0.1335961 0.03613704 0.07720786 0.1340887 0.03651684 0.07720786 0.1345909 0.03688371 0.07720786 0.1351015 0.03724014 0.07720786 0.1356189 0.03758835 0.07720786 0.136142 0.03793078 0.07720786 0.1366692 0.03826963 0.07720786 0.1371992 0.03860741 0.07720786 0.1377307 0.03894639 0.07720786 0.1378706 0.03903704 0.07720786 0.1380105 0.03912782 0.07720786 0.1381503 0.03921866 0.07720786 0.1382901 0.03930962 0.07720786 0.1384298 0.03940057 0.07720786 0.1385694 0.03949165 0.07720786 0.1387091 0.03958278 0.07720786 0.1388487 0.03967404 0.07720786 0.1389881 0.03976535 0.07720786 0.1391276 0.03985673 0.07720786 0.139267 0.03994822 0.07720786 0.1394064 0.04003977 0.07720786 0.1394746 0.04008454 0.07720786 0.1395429 0.0401293 0.07720786 0.1396112 0.04017406 0.07720786 0.1396796 0.04021894 0.07720786 0.1397481 0.04026389 0.07720786 0.1398167 0.04030889 0.07720786 0.1398856 0.04035401 0.07720786 0.1399546 0.04039931 0.07720786 0.1400238 0.04044473 0.07720786 0.1400933 0.04049032 0.07720786 0.1401631 0.0405361 0.07720786 0.1402332 0.04058206 0.07720786 0.1403985 0.040699 0.07720786 0.140562 0.0408163 0.07720786 0.140724 0.04093408 0.07720786 0.1408846 0.04105246 0.07720786 0.1410441 0.04117161 0.07720786 0.1412027 0.04129165 0.07720786 0.1413604 0.04141265 0.07720786 0.1415174 0.04153478 0.07720786 0.141674 0.0416581 0.07720786 0.1418303 0.04178285 0.07720786 0.1419865 0.04190909 0.07720786 0.1421427 0.04203701 0.07720786 0.142834 0.04258018 0.07720786 0.1435211 0.04308044 0.07720786 0.1442081 0.04354029 0.07720786 0.1448985 0.04396235 0.07720786 0.1455961 0.04434907 0.07720786 0.1463046 0.04470306 0.07720786 0.1470279 0.04502689 0.07720786 0.1477695 0.04532307 0.07720786 0.1485334 0.04559421 0.07720786 0.1493232 0.04584282 0.07720786 0.1501426 0.04607152 0.07720786 0.1509954 0.04628276 0.07720786 0.151046 0.04629462 0.07720786 0.1510966 0.04630649 0.07720786 0.1511473 0.04631835 0.07720786 0.151198 0.04633027 0.07720786 0.1512488 0.04634219 0.07720786 0.1512997 0.04635411 0.07720786 0.1513508 0.04636609 0.07720786 0.151402 0.04637813 0.07720786 0.1514533 0.04639017 0.07720786 0.1515049 0.04640227 0.07720786 0.1515567 0.04641437 0.07720786 0.1516087 0.04642659 0.07720786 0.1530094 0.04672008 0.07720786 0.1544 0.04696083 0.07720786 0.1557828 0.04714924 0.07720786 0.1571596 0.04728579 0.07720786 0.1585327 0.04737091 0.07720786 0.159904 0.047405 0.07720786 0.1612756 0.04738861 0.07720786 0.1626497 0.04732221 0.07720786 0.1640282 0.04720616 0.07720786 0.1654133 0.04704093 0.07720786 0.1668069 0.04682707 0.07720786 0.1682113 0.04656493 0.07720786 0.1682113 0.04651832 0.07720786 0.1682113 0.04647177 0.07720786 0.1682113 0.04642516 0.07720786 0.1682113 0.04637849 0.07720786 0.1682113 0.0463317 0.07720786 0.1682113 0.04628485 0.07720786 0.1682113 0.04623788 0.07720786 0.1682113 0.04619079 0.07720786 0.1682113 0.04614353 0.07720786 0.1682113 0.04609608 0.07720786 0.1682113 0.04604846 0.07720786 0.1682113 0.04600059 0.07720786 0.1681284 0.04601079 0.07720786 0.1680454 0.04602092 0.07720786 0.1679623 0.04603117 0.07720786 0.1678792 0.04604136 0.07720786 0.1677958 0.04605162 0.07720786 0.1677124 0.04606181 0.07720786 0.1676287 0.04607212 0.07720786 0.1675447 0.04608243 0.07720786 0.1674606 0.04609274 0.07720786 0.167376 0.04610311 0.07720786 0.1672911 0.04611355 0.07720786 0.1672059 0.04612404 0.07720786 0.1671592 0.04612976 0.07720786 0.1671125 0.04613548 0.07720786 0.1670658 0.0461412 0.07720786 0.167019 0.04614698 0.07720786 0.1669722 0.04615271 0.07720786 0.1669252 0.04615849 0.07720786 0.1668782 0.04616427 0.07720786 0.166831 0.04617005 0.07720786 0.1667836 0.04617589 0.07720786 0.166736 0.04618173 0.07720786 0.1666883 0.04618757 0.07720786 0.1666403 0.04619348 0.07720786 0.1665118 0.04621046 0.07720786 0.1663833 0.04622799 0.07720786 0.1662549 0.04624605 0.07720786 0.1661266 0.04626464 0.07720786 0.1659984 0.04628366 0.07720786 0.1658702 0.04630315 0.07720786 0.1657421 0.04632306 0.07720786 0.165614 0.04634338 0.07720786 0.165486 0.04636406 0.07720786 0.1653581 0.04638516 0.07720786 0.1652302 0.04640656 0.07720786 0.1651024 0.04642826 0.07720786 0.1639223 0.04657238 0.07720786 0.162739 0.04667085 0.07720786 0.1615536 0.04672509 0.07720786 0.1603674 0.04673629 0.07720786 0.1591817 0.0467059 0.07720786 0.1579976 0.04663509 0.07720786 0.1568163 0.04652523 0.07720786 0.1556391 0.04637765 0.07720786 0.1544672 0.04619365 0.07720786 0.1533018 0.04597455 0.07720786 0.1521441 0.04572165 0.07720786 0.1509954 0.04543626 0.07720786 0.1509394 0.04542189 0.07720786 0.1508834 0.04540759 0.07720786 0.1508273 0.04539322 0.07720786 0.1507712 0.04537886 0.07720786 0.1507149 0.04536443 0.07720786 0.1506586 0.04535001 0.07720786 0.1506021 0.04533559 0.07720786 0.1505454 0.04532104 0.07720786 0.1504886 0.0453065 0.07720786 0.1504315 0.0452919 0.07720786 0.1503742 0.04527723 0.07720786 0.1503167 0.04526251 0.07720786 0.1501523 0.04521965 0.07720786 0.1499881 0.0451765 0.07720786 0.1498239 0.04513305 0.07720786 0.1496598 0.04508936 0.07720786 0.1494958 0.04504537 0.07720786 0.1493319 0.04500114 0.07720786 0.1491681 0.04495668 0.07720786 0.1490043 0.04491198 0.07720786 0.1488405 0.04486703 0.07720786 0.1486768 0.04482185 0.07720786 0.1485131 0.04477643 0.07720786 0.1483495 0.04473084 0.07720786 0.1482828 0.04471236 0.07720786 0.1482018 0.04469001 0.07720786 0.1481348 0.04467147 0.07720786 0.1480961 0.04466074 0.07720786 0.1480593 0.04465061 0.07720786 0.1480223 0.04464036 0.07720786 0.1479832 0.04462957 0.07720786 0.1479399 0.04461759 0.07720786 0.1478904 0.04460388 0.07720786 0.1477986 0.04457855 0.07720786 0.1473297 0.04442739 0.07720786 0.1469126 0.04426836 0.07720786 0.1465114 0.04409289 0.07720786 0.1461241 0.04390156 0.07720786 0.1457487 0.04369521 0.07720786 0.1453831 0.04347455 0.07720786 0.1450256 0.0432403 0.07720786 0.144674 0.04299324 0.07720786 0.1443262 0.04273408 0.07720786 0.1439805 0.0424636 0.07720786 0.1436348 0.0421825 0.07720786 0.1432871 0.04189151 0.07720786 0.1429675 0.04163616 0.07720786 0.1426455 0.0413863 0.07720786 0.1423211 0.04114139 0.07720786 0.1419944 0.04090106 0.07720786 0.1416653 0.04066479 0.07720786 0.141334 0.04043209 0.07720786 0.1410004 0.04020267 0.07720786 0.1406646 0.03997594 0.07720786 0.1403267 0.03975152 0.07720786 0.1399868 0.0395289 0.07720786 0.1396447 0.03930771 0.07720786 0.1393006 0.03908747 0.07720786 0.1383292 0.03845995 0.07720786 0.137376 0.03782629 0.07720786 0.1364417 0.0371825 0.07720786 0.1355273 0.03652495 0.07720786 0.1346336 0.03584963 0.07720786 0.1337616 0.03515279 0.07720786 0.1329121 0.03443068 0.07720786 0.132086 0.03367942 0.07720786 0.1312841 0.03289514 0.07720786 0.1305075 0.03207409 0.07720786 0.1297568 0.03121244 0.07720786 0.1290331 0.03030639 0.07720786 0.1274948 0.02843272 0.07720786 0.1259008 0.02675312 0.07720786 0.1242469 0.02525627 0.07720786 0.122529 0.02393066 0.07720786 0.120743 0.02276504 0.07720786 0.1188845 0.02174788 0.07720786 0.1169494 0.02086794 0.07720786 0.1149336 0.0201137 0.07720786 0.1128329 0.01947385 0.07720786 0.1106429 0.01893693 0.07720786 0.1083597 0.01849162 0.07720786 0.1059789 0.01812654 0.07720786 0.1046699 0.01799005 0.07720786 0.1033605 0.01788979 0.07720786 0.102051 0.01782423 0.07720786 0.1007416 0.01779174 0.07720786 0.0994324 0.01779085 0.07720786 0.09812361 0.01782006 0.07720786 0.0968154 0.01787781 0.07720786 0.09550797 0.01796257 0.07720786 0.09420156 0.01807278 0.07720786 0.09289628 0.01820695 0.07720786 0.09159231 0.01836353 0.07720786 0.09028995 0.01854097 0.07720786 0.09020501 0.01855319 0.07720786 0.09012007 0.01856535 0.07720786 0.09003502 0.01857757 0.07720786 0.0899499 0.01858985 0.07720786 0.08986467 0.01860207 0.07720786 0.08977919 0.01861435 0.07720786 0.08969354 0.01862668 0.07720786 0.08960765 0.01863902 0.07720786 0.08952146 0.01865142 0.07720786 0.08943492 0.01866388 0.07720786 0.08934807 0.01867634 0.07720786 0.08926081 0.01868891 0.07720786 0.08841645 0.01881939 0.07720786 0.08757418 0.01895761 0.07720786 0.08673369 0.0191031 0.07720786 0.08589476 0.01925516 0.07720786 0.08505719 0.01941341 0.07720786 0.08422082 0.0195772 0.07720786 0.0833854 0.019746 0.07720786 0.08255076 0.01991933 0.07720786 0.08171671 0.0200966 0.07720786 0.08088296 0.02027726 0.07720786 0.08004933 0.02046072 0.07720786 0.0792157 0.02064657 0.07720786 0.07878583 0.02074235 0.07720786 0.0783559 0.02083766 0.07720786 0.07792586 0.02093261 0.07720786 0.07749575 0.02102714 0.07720786 0.07706558 0.02112138 0.07720786 0.07663536 0.02121526 0.07720786 0.07620501 0.02130895 0.07720786 0.07577466 0.02140241 0.07720786 0.07534432 0.02149569 0.07720786 0.07491385 0.0215888 0.07720786 0.07448345 0.0216819 0.07720786 0.07405298 0.02177488 0.07720786 0.07396978 0.02179288 0.07720786 0.07388651 0.02181082 0.07720786 0.07380324 0.02182888 0.07720786 0.07371979 0.02184689 0.07720786 0.07363623 0.02186495 0.07720786 0.07355248 0.02188307 0.07720786 0.07346856 0.02190119 0.07720786 0.0733844 0.02191936 0.07720786 0.07329988 0.02193766 0.07720786 0.07321512 0.02195596 0.07720786 0.07312995 0.02197438 0.07720786 0.07304447 0.02199286 0.07720786 0.06953281 0.02270776 0.07720786 0.06602454 0.02332615 0.07720786 0.06252413 0.02382284 0.07720786 0.05903619 0.02417266 0.07720786 0.05556523 0.02435028 0.07720786 0.05211591 0.02433061 0.07720786 0.04869264 0.02408844 0.07720786 0.04530012 0.02359855 0.07720786 0.04194277 0.02283573 0.07720786 0.03862524 0.02177482 0.07720786 0.03535211 0.02039057 0.07720786 0.03212779 0.0186578 0.07720786 0.03090441 0.01783901 0.07720786 0.02970987 0.01698845 0.07720786 0.02854174 0.01610857 0.07720786 0.02739751 0.0152018 0.07720786 0.02627474 0.0142706 0.07720786 0.02517086 0.0133174 0.07720786 0.02408349 0.01234459 0.07720786 0.02301007 0.01135474 0.07720786 0.02194821 0.01035022 0.07720786 0.02089536 0.009333431 0.07720786 0.01984906 0.00830686 0.07720786 0.01880687 0.007272958 0.07720786 0.01877337 0.007239699 0.07720786 0.01873987 0.00720638 0.07720786 0.01870638 0.007173061 0.07720786 0.01867276 0.007139682 0.07720786 0.01863914 0.007106244 0.07720786 0.01860547 0.007072806 0.07720786 0.01857167 0.007039189 0.07720786 0.01853781 0.007005512 0.07720786 0.01850384 0.006971716 0.07720786 0.01846969 0.006937801 0.07720786 0.01843541 0.006903767 0.07720786 0.01840102 0.006869554 0.07720786 0.01804518 0.006514191 0.07720786 0.01769101 0.006158053 0.07720786 0.01733869 0.005800724 0.07720786 0.01698827 0.005442082 0.07720786 0.01664 0.005081713 0.07720786 0.01629394 0.004719436 0.07720786 0.01595032 0.004354953 0.07720786 0.0156092 0.003987908 0.07720786 0.01527076 0.003618121 0.07720786 0.01493519 0.003245234 0.07720786 0.01460254 0.002869009 0.07720786 0.01427304 0.002489209 0.07720786 0.01325148 0.001339733 0.07720786 0.01216524 1.7828e-4 0.07720786 0.01101762 -9.76429e-4 0.07720786 0.009811878 -0.002105534 0.07720786 0.008551299 -0.003190279 0.07720786 0.007239222 -0.004211783 0.07720786 0.005878865 -0.005151331 0.07720786 0.004473626 -0.005990087 0.07720786 0.003026664 -0.006709158 0.07720786 0.001541376 -0.007289886 0.07720786 2.1006e-5 -0.007713317 0.07720786 -0.001531124 -0.007960796 0.07720786 -0.002952456 -0.007926225 0.07720786 -0.00431919 -0.007747232 0.07720786 -0.005635082 -0.007436573 0.07720786 -0.006903827 -0.007007181 0.07720786 -0.008129179 -0.006471872 0.07720786 -0.009314715 -0.00584352 0.07720786 -0.01046425 -0.00513494 0.07720786 -0.01158148 -0.004359066 0.07720786 -0.01267009 -0.003528714 0.07720786 -0.0137338 -0.002656698 0.07720786 -0.01477628 -0.001755952 0.07720786 -0.01580131 -8.39353e-4 0.07720786 -0.01589518 -7.56863e-4 0.07720786 -0.01598912 -6.74402e-4 0.07720786 -0.01608312 -5.91973e-4 0.07720786 -0.01617711 -5.09577e-4 0.07720786 -0.01627111 -4.27214e-4 0.07720786 -0.01636517 -3.44887e-4 0.07720786 -0.01645922 -2.62598e-4 0.07720786 -0.01655334 -1.80347e-4 0.07720786 -0.01664751 -9.81367e-5 0.07720786 -0.01674169 -1.59682e-5 0.07720786 -0.01683592 6.61568e-5 0.07720786 -0.01693022 1.48237e-4 0.07720786 -0.01717066 3.58411e-4 0.07720786 -0.01737296 5.35228e-4 0.07720786 -0.01754242 6.83403e-4 0.07720786 -0.01768445 8.0765e-4 0.07720786 -0.01780438 9.12683e-4 0.07720786 -0.01790767 0.001003205 0.07720786 -0.01799958 0.00108391 0.07720786 -0.01808553 0.001159608 0.07720786 -0.01817095 0.001234948 0.07720786 -0.01826113 0.00131458 0.07720786 -0.0183615 0.001403331 0.07720786 -0.01847738 0.001505851 0.07720786 -0.01983982 0.00274682 0.07720786 -0.02100259 0.003788113 0.07720786 -0.02201211 0.004654824 0.07720786 -0.02291506 0.005372166 0.07720786 -0.02375799 0.005965352 0.07720786 -0.02458739 0.006459534 0.07720786 -0.02544987 0.006879806 0.07720786 -0.02639198 0.007251441 0.07720786 -0.02746033 0.007599532 0.07720786 -0.02870142 0.007949233 0.07720786 -0.03016191 0.008325815 0.07720786 -0.0318883 0.008754372 0.07720786 -0.03250569 0.008642733 0.07720786 -0.03309178 0.008475899 0.07720786 -0.0336489 0.008258521 0.07720786 -0.03417944 0.007995188 0.07720786 -0.03468573 0.00769037 0.07720786 -0.03517007 0.007348775 0.07720786 -0.03563499 0.006974995 0.07720786 -0.03608268 0.006573498 0.07720786 -0.03651553 0.006148993 0.07720786 -0.03693598 0.005706012 0.07720786 -0.0373463 0.005249202 0.07720786 -0.03774893 0.004783034 0.07720786 -0.03911411 0.00285083 0.07720786 -0.04040747 8.53809e-4 0.07720786 -0.04163557 -0.001199305 0.07720786 -0.04280507 -0.003299832 0.07720786 -0.04392272 -0.005438983 0.07720786 -0.04499506 -0.007608056 0.07720786 -0.04602885 -0.009798228 0.07720786 -0.04703068 -0.01200085 0.07720786 -0.04800724 -0.01420712 0.07720786 -0.04896521 -0.01640838 0.07720786 -0.0499112 -0.01859581 0.07720786 -0.05085188 -0.02076071 0.07720786 -0.05102759 -0.02116155 0.07720786 -0.05120396 -0.02156215 0.07720786 -0.05138081 -0.02196246 0.07720786 -0.05155819 -0.02236253 0.07720786 -0.05173605 -0.02276241 0.07720786 -0.05191433 -0.02316206 0.07720786 -0.05209308 -0.02356153 0.07720786 -0.0522722 -0.02396082 0.07720786 -0.05245161 -0.02435994 0.07720786 -0.05263137 -0.02475899 0.07720786 -0.05281144 -0.02515792 0.07720786 -0.05299168 -0.02555674 0.07720786 -0.05341625 -0.02649843 0.07720786 -0.05383861 -0.02744108 0.07720786 -0.05425894 -0.0283845 0.07720786 -0.05467742 -0.0293287 0.07720786 -0.05509424 -0.03027367 0.07720786 -0.05550944 -0.0312193 0.07720786 -0.05592328 -0.03216552 0.07720786 -0.05633586 -0.03311228 0.07720786 -0.05674731 -0.03405958 0.07720786 -0.05715787 -0.03500735 0.07720786 -0.05756765 -0.03595548 0.07720786 -0.05797672 -0.03690397 0.07720786 -0.05800557 -0.03697091 0.07720786 -0.05803447 -0.0370379 0.07720786 -0.05806332 -0.03710496 0.07720786 -0.05809229 -0.03717207 0.07720786 -0.05812126 -0.03723931 0.07720786 -0.05815029 -0.03730666 0.07720786 -0.05817943 -0.03737419 0.07720786 -0.05820858 -0.03744196 0.07720786 -0.05823791 -0.03750991 0.07720786 -0.05826729 -0.03757816 0.07720786 -0.05831164 -0.03768104 0.07720786 -0.05844146 -0.03798216 0.07720786 -0.05855637 -0.03824883 0.07720786 -0.05867129 -0.03851556 0.07720786 -0.05878621 -0.03878223 0.07720786 -0.05890119 -0.03904896 0.07720786 -0.0590161 -0.03931564 0.07720786 -0.05913102 -0.03958237 0.07720786 -0.05924594 -0.03984904 0.07720786 -0.05936086 -0.04011577 0.07720786 -0.05947577 -0.04038244 0.07720786 -0.05959069 -0.04064917 0.07720786 -0.05970561 -0.04091584 0.07720786 -0.06363546 -0.05002754 0.07720786 -0.06693094 -0.05763399 0.07720786 -0.06966996 -0.06388211 0.07720786 -0.0719304 -0.0689187 0.07720786 -0.07379001 -0.07289087 0.07720786 -0.07532674 -0.07594549 0.07720786 -0.07661837 -0.07822942 0.07720786 -0.07774281 -0.07988971 0.07720786 -0.07877779 -0.08107322 0.07720786 -0.07980126 -0.08192694 0.07720786 -0.08089101 -0.08259767 0.07720786 -0.08212488 -0.08323252 0.07720786 -0.08239781 -0.08326965 0.07720786 -0.08265644 -0.08330219 0.07720786 -0.08290296 -0.08332782 0.07720786 -0.08313971 -0.08334434 0.07720786 -0.08336895 -0.08334952 0.07720786 -0.08359295 -0.08334118 0.07720786 -0.08381396 -0.08331698 0.07720786 -0.08403426 -0.08327478 0.07720786 -0.08425611 -0.08321231 0.07720786 -0.08448183 -0.08312731 0.07720786 -0.08471363 -0.08301758 0.07720786 -0.08495378 -0.08288091 0.07720786 -0.08510243 -0.08275216 0.07720786 -0.08524906 -0.08262234 0.07720786 -0.08539372 -0.08249133 0.07720786 -0.08553671 -0.08235919 0.07720786 -0.0856781 -0.08222579 0.07720786 -0.08581817 -0.08209127 0.07720786 -0.0859571 -0.08195549 0.07720786 -0.08609497 -0.0818184 0.07720786 -0.08623212 -0.08168011 0.07720786 -0.08636862 -0.08154052 0.07720786 -0.08650469 -0.08139955 0.07720786 -0.08664053 -0.08125734 0.07720786 -0.08668547 -0.0812121 0.07720786 -0.08673042 -0.08116692 0.07720786 -0.08677542 -0.08112168 0.07720786 -0.08682042 -0.08107632 0.07720786 -0.08686554 -0.08103096 0.07720786 -0.08691078 -0.08098548 0.07720786 -0.08695608 -0.08093988 0.07720786 -0.08700156 -0.08089417 0.07720786 -0.08704715 -0.08084827 0.07720786 -0.08709299 -0.0808022 0.07720786 -0.08713895 -0.08075594 0.07720786 -0.08718514 -0.08070951 0.07720786 -0.08860236 -0.07911491 0.07720786 -0.08993589 -0.07743227 0.07720786 -0.09119397 -0.07567358 0.07720786 -0.09238469 -0.07385087 0.07720786 -0.09351629 -0.07197606 0.07720786 -0.09459692 -0.0700612 0.07720786 -0.09563481 -0.06811827 0.07720786 -0.0966382 -0.06615924 0.07720786 -0.09761512 -0.06419605 0.07720786 -0.09857392 -0.06224071 0.07720786 -0.0995227 -0.06030529 0.07720786 -0.1004697 -0.0584017 0.07720786 -0.1004924 -0.0583567 0.07720786 -0.100515 -0.05831176 0.07720786 -0.1005377 -0.05826669 0.07720786 -0.1005604 -0.05822163 0.07720786 -0.1005831 -0.05817651 0.07720786 -0.1006059 -0.05813127 0.07720786 -0.1006288 -0.05808591 0.07720786 -0.1006517 -0.05804044 0.07720786 -0.1006747 -0.05799478 0.07720786 -0.1006978 -0.05794894 0.07720786 -0.100721 -0.05790299 0.07720786 -0.1007443 -0.05785679 0.07720786 -0.1016333 -0.05608731 0.07720786 -0.1025195 -0.05431616 0.07720786 -0.1034022 -0.0525431 0.07720786 -0.1042807 -0.05076783 0.07720786 -0.1051542 -0.04899001 0.07720786 -0.1060219 -0.04720938 0.07720786 -0.1068832 -0.04542571 0.07720786 -0.1077373 -0.04363864 0.07720786 -0.1085836 -0.04184794 0.07720786 -0.1094211 -0.0400533 0.07720786 -0.1102494 -0.03825443 0.07720786 -0.1110676 -0.0364511 0.07720786 -0.1111876 -0.03618568 0.07720786 -0.1113079 -0.03592032 0.07720786 -0.1114283 -0.03565502 0.07720786 -0.1115489 -0.03538984 0.07720786 -0.1116696 -0.03512465 0.07720786 -0.1117904 -0.03485959 0.07720786 -0.1119114 -0.03459453 0.07720786 -0.1120324 -0.03432959 0.07720786 -0.1121535 -0.03406465 0.07720786 -0.1122747 -0.0337997 0.07720786 -0.112396 -0.03353482 0.07720786 -0.1125173 -0.03326994 0.07720786 -0.1125404 -0.03321945 0.07720786 -0.1125636 -0.03316891 0.07720786 -0.1125867 -0.0331183 0.07720786 -0.1126099 -0.0330677 0.07720786 -0.1126332 -0.03301697 0.07720786 -0.1126564 -0.03296613 0.07720786 -0.1126798 -0.03291517 0.07720786 -0.1127032 -0.03286409 0.07720786 -0.1127267 -0.03281277 0.07720786 -0.1127502 -0.03276133 0.07720786 -0.1127739 -0.03270965 0.07720786 -0.1127977 -0.03265774 0.07720786 -0.1128455 -0.03255319 0.07720786 -0.1128935 -0.03244864 0.07720786 -0.1129413 -0.0323441 0.07720786 -0.1129893 -0.03223961 0.07720786 -0.1130371 -0.03213506 0.07720786 -0.113085 -0.03203052 0.07720786 -0.1131329 -0.03192597 0.07720786 -0.1131808 -0.03182142 0.07720786 -0.1132286 -0.03171694 0.07720786 -0.1132766 -0.03161239 0.07720786 -0.1133244 -0.03150784 0.07720786 -0.1133723 -0.0314033 0.07720786 -0.1136837 -0.03072327 0.07720786 -0.113995 -0.03004312 0.07720786 -0.1143062 -0.02936291 0.07720786 -0.1146171 -0.02868264 0.07720786 -0.1149278 -0.02800226 0.07720786 -0.1152383 -0.02732175 0.07720786 -0.1155484 -0.02664113 0.07720786 -0.1158583 -0.02596032 0.07720786 -0.1161677 -0.0252794 0.07720786 -0.1164768 -0.02459824 0.07720786 -0.1167854 -0.0239169 0.07720786 -0.1170936 -0.02323532 0.07720786 -0.1178188 -0.0216366 0.07720786 -0.1185486 -0.02004027 0.07720786 -0.1192832 -0.01844644 0.07720786 -0.1200228 -0.01685518 0.07720786 -0.1207677 -0.01526653 0.07720786 -0.1215183 -0.01368057 0.07720786 -0.1222745 -0.01209741 0.07720786 -0.1230369 -0.01051712 0.07720786 -0.1238057 -0.008939683 0.07720786 -0.124581 -0.007365167 0.07720786 -0.1253631 -0.00579369 0.07720786 -0.1261524 -0.004225373 0.07720786 -0.1261995 -0.004131317 0.07720786 -0.1262466 -0.004037261 0.07720786 -0.1262937 -0.003943264 0.07720786 -0.1263408 -0.003849208 0.07720786 -0.1263878 -0.003755152 0.07720786 -0.1264349 -0.003661096 0.07720786 -0.1264819 -0.003567039 0.07720786 -0.1265289 -0.003472983 0.07720786 -0.126576 -0.003378927 0.07720786 -0.126623 -0.003284871 0.07720786 -0.12667 -0.003190755 0.07720786 -0.1267169 -0.003096699 0.07720786 -0.1271682 -0.003062188 0.07720786 -0.1275933 -0.00305742 0.07720786 -0.127996 -0.003081679 0.07720786 -0.1283801 -0.003134429 0.07720786 -0.1287492 -0.003215014 0.07720786 -0.1291072 -0.003322839 0.07720786 -0.129458 -0.003457248 0.07720786 -0.129805 -0.003617763 0.07720786 -0.1301523 -0.00380361 0.07720786 -0.1305034 -0.004014253 0.07720786 -0.1308622 -0.004249095 0.07720786 -0.1312325 -0.004507541 0.07720786 -0.1321133 -0.005259692 0.07720786 -0.1329685 -0.006033957 0.07720786 -0.1338001 -0.006828904 0.07720786 -0.1346101 -0.007643043 0.07720786 -0.1354003 -0.008474767 0.07720786 -0.1361728 -0.009322702 0.07720786 -0.1369296 -0.01018524 0.07720786 -0.1376727 -0.01106101 0.07720786 -0.1384038 -0.0119484 0.07720786 -0.1391252 -0.01284593 0.07720786 -0.1398386 -0.01375216 0.07720786 -0.140546 -0.0146656 0.07720786 -0.1406756 -0.01483392 0.07720786 -0.1408052 -0.01500219 0.07720786 -0.1409348 -0.01517051 0.07720786 -0.1410644 -0.01533877 0.07720786 -0.1411941 -0.01550704 0.07720786 -0.1413238 -0.0156753 0.07720786 -0.1418427 -0.016348 0.07720786 -0.1425297 -0.01723825 0.07720786 -0.1427003 -0.0174601 0.07720786 -0.1427856 -0.01757109 0.07720786 -0.1429559 -0.01779311 0.07720786 -0.1431261 -0.01801526 0.07720786 -0.1436553 -0.01870006 0.07720786 -0.1441013 -0.01927262 0.07720786 -0.1444767 -0.01974475 0.07720786 -0.144794 -0.02012836 0.07720786 -0.1450659 -0.02043545 0.07720786 -0.1453049 -0.02067774 0.07720786 -0.1455237 -0.02086716 0.07720786 -0.1457349 -0.02101564 0.07720786 -0.145951 -0.02113509 0.07720786 -0.1461846 -0.02123725 0.07720786 -0.1464484 -0.02133417 0.07720786 -0.146755 -0.02143764 0.07720786 -0.147704 -0.02152919 0.07720786 -0.1486542 -0.02160197 0.07720786 -0.1496055 -0.02165806 0.07720786 -0.1505578 -0.02169936 0.07720786 -0.1515108 -0.02172791 0.07720786 -0.1524644 -0.02174568 0.07720786 -0.1534183 -0.02175462 0.07720786 -0.1543723 -0.02175682 0.07720786 -0.1553262 -0.0217542 0.07720786 -0.1562798 -0.02174878 0.07720786 -0.1572329 -0.02174252 0.07720786 -0.1581853 -0.02173739 0.07720786 -0.1584945 -0.02173674 0.07720786 -0.1586492 -0.02173638 0.07720786 -0.1588038 -0.02173602 0.07720786 -0.1589584 -0.02173572 0.07720786 -0.1592676 -0.02173507 0.07720786 -0.1594222 -0.02173477 0.07720786 -0.1597315 -0.02173411 0.07720786 -0.1600407 -0.02173358 0.07720786 -0.1604153 -0.02173274 0.07720786 -0.1607899 -0.02173191 0.07720786 -0.1611644 -0.02173095 0.07720786 -0.161539 -0.02172994 0.07720786 -0.1619135 -0.02172887 0.07720786 -0.1622881 -0.0217278 0.07720786 -0.1626626 -0.0217266 0.07720786 -0.1630372 -0.02172535 0.07720786 -0.1634117 -0.02172404 0.07720786 -0.1637863 -0.02172267 0.07720786 -0.1641609 -0.02172124 0.07720786 -0.1645354 -0.02171981 0.07720786 -0.1645354 -0.02164989 0.07720786 -0.1636636 -0.02138286 0.07720786 -0.162792 -0.02133202 0.07720786 -0.1619205 -0.02128481 0.07720786 -0.161049 -0.02124118 0.07720786 -0.1601775 -0.02120089 0.07720786 -0.1593059 -0.02116382 0.07720786 -0.1584343 -0.02112978 0.07720786 -0.1575624 -0.02109861 0.07720786 -0.1566902 -0.02107018 0.07720786 -0.1558178 -0.02104431 0.07720786 -0.1549451 -0.02102082 0.07720786 -0.1540718 -0.02099961 0.07720786 -0.1537207 -0.02099114 0.07720786 -0.1533696 -0.02098232 0.07720786 -0.1530186 -0.02097308 0.07720786 -0.1526675 -0.02096349 0.07720786 -0.1523165 -0.02095353 0.07720786 -0.1519655 -0.02094316 0.07720786 -0.1516145 -0.02093243 0.07720786 -0.1512635 -0.02092134 0.07720786 -0.1509125 -0.0209099 0.07720786 -0.1505616 -0.02089804 0.07720786 -0.1502106 -0.02088582 0.07720786 -0.1498596 -0.0208733 0.07720786 -0.1496102 -0.02086538 0.07720786 -0.1495269 -0.02086269 0.07720786 -0.1493599 -0.02085739 0.07720786 -0.1491077 -0.0208494 0.07720786 -0.1488953 -0.02084267 0.07720786 -0.1484728 -0.02082127 0.07720786 -0.1481506 -0.02080243 0.07720786 -0.1478753 -0.02078258 0.07720786 -0.1474205 -0.02073055 0.07720786 -0.1472191 -0.02069365 0.07720786 -0.1470204 -0.02064657 0.07720786 -0.1468133 -0.02058678 0.07720786 -0.1463301 -0.02042025 0.07720786 -0.1460319 -0.02030885 0.07720786 -0.1456813 -0.02017557 0.07720786 -0.1454482 -0.01990407 0.07720786 -0.1452186 -0.01963043 0.07720786 -0.1449921 -0.01935482 0.07720786 -0.1447685 -0.01907718 0.07720786 -0.1445477 -0.01879781 0.07720786 -0.144329 -0.01851665 0.07720786 -0.1441125 -0.01823395 0.07720786 -0.1438978 -0.01794964 0.07720786 -0.1436845 -0.01766401 0.07720786 -0.1434724 -0.01737701 0.07720786 -0.1432613 -0.01708877 0.07720786 -0.1430508 -0.01679944 0.07720786 -0.1426261 -0.01622706 0.07720786 -0.1400117 -0.01286745 0.07720786 -0.1395631 -0.01231873 0.07720786 -0.1391102 -0.01177281 0.07720786 -0.1386528 -0.01122963 0.07720786 -0.1381908 -0.01068902 0.07720786 -0.1376428 -0.01005429 0.07720786 -0.1373986 -0.009762883 0.07720786 -0.1372748 -0.009615242 0.07720786 -0.1350131 -0.006953299 0.07720786 -0.1341527 -0.005970418 0.07720786 -0.1334176 -0.005169153 0.07720786 -0.1327768 -0.004524171 0.07720786 -0.1321995 -0.004010021 0.07720786 -0.1316549 -0.003601253 0.07720786 -0.1305398 -0.00299853 0.07720786 -0.1299076 -0.002753674 0.07720786 -0.1291846 -0.002512693 0.07720786 -0.1283397 -0.002250194 0.07720786 -0.1271761 -0.002461016 0.07720786 -0.126856 -0.002625465 0.07720786 -0.126524 -0.0028373 0.07720786 -0.1263449 -0.002961039 0.07720786 -0.1261524 -0.003096699 0.07720786 -0.1258258 -0.00352621 0.07720786 -0.1256128 -0.003848254 0.07720786 -0.125418 -0.004185318 0.07720786 -0.1251165 -0.00471729 0.07720786 -0.1250082 -0.004908323 0.07720786 -0.1248988 -0.005101501 0.07720786 -0.1247053 -0.005462288 0.07720786 -0.1245127 -0.005823552 0.07720786 -0.1243213 -0.006185233 0.07720786 -0.1241309 -0.006547451 0.07720786 -0.1239415 -0.006910085 0.07720786 -0.123753 -0.007273256 0.07720786 -0.1235656 -0.007636904 0.07720786 -0.1233791 -0.008001089 0.07720786 -0.1231935 -0.00836575 0.07720786 -0.1230089 -0.008731007 0.07720786 -0.1228251 -0.009096741 0.07720786 -0.1225158 -0.009716451 0.07720786 -0.1224997 -0.009748697 0.07720786 -0.1223874 -0.009973645 0.07720786 -0.1219259 -0.01090687 0.07720786 -0.1214698 -0.01184254 0.07720786 -0.1210186 -0.0127803 0.07720786 -0.1205719 -0.01372009 0.07720786 -0.1201293 -0.01466172 0.07720786 -0.1196902 -0.01560503 0.07720786 -0.1192543 -0.0165497 0.07720786 -0.118821 -0.01749575 0.07720786 -0.1183899 -0.01844286 0.07720786 -0.1179605 -0.01939088 0.07720786 -0.1175324 -0.02033966 0.07720786 -0.1171053 -0.02128899 0.07720786 -0.1168433 -0.02186995 0.07720786 -0.1165807 -0.02245056 0.07720786 -0.1163174 -0.02303093 0.07720786 -0.1160535 -0.02361094 0.07720786 -0.1157891 -0.02419078 0.07720786 -0.1155242 -0.02477031 0.07720786 -0.1152589 -0.02534973 0.07720786 -0.1149933 -0.02592897 0.07720786 -0.1147274 -0.02650809 0.07720786 -0.1144612 -0.02708709 0.07720786 -0.1141949 -0.02766603 0.07720786 -0.113865 -0.02838283 0.07720786 -0.1137399 -0.02865451 0.07720786 -0.1137176 -0.02870291 0.07720786 -0.1136274 -0.02889889 0.07720786 -0.1135259 -0.02911949 0.07720786 -0.1134244 -0.02934002 0.07720786 -0.1132213 -0.02978116 0.07720786 -0.1131197 -0.03000175 0.07720786 -0.1129167 -0.03044289 0.07720786 -0.1128151 -0.03066343 0.07720786 -0.112612 -0.03110456 0.07720786 -0.1125103 -0.0313251 0.07720786 -0.1124088 -0.03154563 0.07720786 -0.1120938 -0.03222972 0.07720786 -0.1119365 -0.03257179 0.07720786 -0.1117792 -0.03291386 0.07720786 -0.1116219 -0.03325599 0.07720786 -0.1114647 -0.03359818 0.07720786 -0.1113076 -0.03394037 0.07720786 -0.1111505 -0.03428256 0.07720786 -0.1109935 -0.03462481 0.07720786 -0.1108365 -0.03496706 0.07720786 -0.1106795 -0.03530931 0.07720786 -0.1105226 -0.03565162 0.07720786 -0.1099857 -0.03682178 0.07720786 -0.1094478 -0.0379914 0.07720786 -0.1089086 -0.03916037 0.07720786 -0.108368 -0.04032862 0.07720786 -0.1078257 -0.04149609 0.07720786 -0.1072815 -0.04266256 0.07720786 -0.1067351 -0.04382807 0.07720786 -0.1061863 -0.04499244 0.07720786 -0.1056349 -0.04615557 0.07720786 -0.1050806 -0.04731744 0.07720786 -0.1045231 -0.04847788 0.07720786 -0.1039623 -0.04963684 0.07720786 -0.1038046 -0.04996144 0.07720786 -0.1037132 -0.05014955 0.07720786 -0.1036902 -0.05019706 0.07720786 -0.1033989 -0.05079483 0.07720786 -0.1031068 -0.05139219 0.07720786 -0.102814 -0.05198919 0.07720786 -0.1019313 -0.05377805 0.07720786 -0.1001505 -0.05734825 0.07720786 -0.100035 -0.05757886 0.07720786 -0.09991949 -0.05780959 0.07720786 -0.09968906 -0.05827122 0.07720786 -0.09957396 -0.05850213 0.07720786 -0.09945899 -0.0587331 0.07720786 -0.09934413 -0.05896407 0.07720786 -0.09922933 -0.0591951 0.07720786 -0.09911459 -0.05942618 0.07720786 -0.09899991 -0.05965727 0.07720786 -0.09877073 -0.06011956 0.07720786 -0.0974698 -0.06312406 0.07720786 -0.0963509 -0.06566298 0.07720786 -0.09536111 -0.06781452 0.07720786 -0.09444761 -0.06965708 0.07720786 -0.09355741 -0.07126891 0.07720786 -0.09263765 -0.07272833 0.07720786 -0.09163546 -0.0741136 0.07720786 -0.09049785 -0.07550305 0.07720786 -0.08917206 -0.07697492 0.07720786 -0.08760505 -0.07860749 0.07720786 -0.08574402 -0.08047914 0.07720786 -0.08353602 -0.08266818 0.07720786 -0.08324772 -0.08266299 0.07720786 -0.08271527 -0.08258044 0.07720786 -0.08246767 -0.08250606 0.07720786 -0.08223032 -0.0824117 0.07720786 -0.08200144 -0.08229881 0.07720786 -0.08177947 -0.08216887 0.07720786 -0.08156269 -0.08202344 0.07720786 -0.08134937 -0.08186399 0.07720786 -0.08092659 -0.08150923 0.07720786 -0.08071374 -0.08131682 0.07720786 -0.07934892 -0.07965409 0.07720786 -0.07871758 -0.07877576 0.07720786 -0.07811564 -0.07787197 0.07720786 -0.07753956 -0.07694715 0.07720786 -0.07698601 -0.07600569 0.07720786 -0.07645136 -0.07505196 0.07720786 -0.07593214 -0.0740903 0.07720786 -0.0754249 -0.07312518 0.07720786 -0.07492619 -0.07216095 0.07720786 -0.07443249 -0.07120203 0.07720786 -0.07394027 -0.07025277 0.07720786 -0.07389062 -0.07015794 0.07720786 -0.07381224 -0.07000815 0.07720786 -0.07369673 -0.06978744 0.07720786 -0.07361698 -0.06963509 0.07720786 -0.07355552 -0.06951773 0.07720786 -0.07288342 -0.06821107 0.07720786 -0.07227343 -0.06699651 0.07720786 -0.07167392 -0.06577765 0.07720786 -0.07108402 -0.06455475 0.07720786 -0.07050275 -0.06332808 0.07720786 -0.06992918 -0.06209796 0.07720786 -0.06936228 -0.06086474 0.07720786 -0.06880122 -0.0596286 0.07720786 -0.06824493 -0.05838996 0.07720786 -0.06769251 -0.05714899 0.07720786 -0.06714302 -0.05590605 0.07720786 -0.06659555 -0.05466145 0.07720786 -0.06637907 -0.05417037 0.07720786 -0.06616175 -0.05367964 0.07720786 -0.06594365 -0.05318933 0.07720786 -0.0657249 -0.05269932 0.07720786 -0.06550544 -0.05220955 0.07720786 -0.06528544 -0.05172014 0.07720786 -0.0650649 -0.0512309 0.07720786 -0.06484395 -0.05074185 0.07720786 -0.06462258 -0.05025303 0.07720786 -0.06440085 -0.04976433 0.07720786 -0.06417888 -0.04927569 0.07720786 -0.06395667 -0.04878717 0.07720786 -0.06359791 -0.04799604 0.07720786 -0.06324076 -0.04720425 0.07720786 -0.06288528 -0.04641187 0.07720786 -0.06253141 -0.04561877 0.07720786 -0.06217914 -0.04482501 0.07720786 -0.06182849 -0.04403054 0.07720786 -0.0614795 -0.04323542 0.07720786 -0.06113207 -0.04243952 0.07720786 -0.06078618 -0.0416429 0.07720786 -0.06044191 -0.04084551 0.07720786 -0.06009918 -0.0400474 0.07720786 -0.059758 -0.03924846 0.07720786 -0.05925357 -0.03806686 0.07720786 -0.05874735 -0.03688603 0.07720786 -0.0582394 -0.03570592 0.07720786 -0.05773001 -0.03452646 0.07720786 -0.05721926 -0.03334754 0.07720786 -0.05670732 -0.03216916 0.07720786 -0.05619436 -0.03099125 0.07720786 -0.05568057 -0.02981364 0.07720786 -0.05516606 -0.02863639 0.07720786 -0.05465102 -0.02745938 0.07720786 -0.05413556 -0.02628254 0.07720786 -0.05361986 -0.02510583 0.07720786 -0.05349677 -0.02482485 0.07720786 -0.05028986 -0.01751494 0.07720786 -0.04769819 -0.01164716 0.07720786 -0.04552865 -0.006819546 0.07720786 -0.04371315 -0.002915501 0.07720786 -0.04218363 1.8181e-4 0.07720786 -0.04087203 0.002589106 0.07720786 -0.03971034 0.004423081 0.07720786 -0.03863036 0.005800545 0.07720786 -0.03756409 0.006838202 0.07720786 -0.03520041 0.008360922 0.07720786 -0.03376686 0.009079515 0.07720786 -0.03320652 0.009236514 0.07720786 -0.03263562 0.009354591 0.07720786 -0.0320568 0.009434401 0.07720786 -0.03147274 0.00947678 0.07720786 -0.03088605 0.009482502 0.07720786 -0.03029936 0.009452342 0.07720786 -0.02971529 0.009387135 0.07720786 -0.02913653 0.009287655 0.07720786 -0.0285657 0.009154677 0.07720786 -0.02800548 0.008988976 0.07720786 -0.02745842 0.008791327 0.07720786 -0.02692723 0.008562564 0.07720786 -0.02609771 0.008092999 0.07720786 -0.02528899 0.007601439 0.07720786 -0.02449917 0.007089257 0.07720786 -0.0237264 0.006557762 0.07720786 -0.02296864 0.006008327 0.07720786 -0.02222412 0.005442261 0.07720786 -0.02149087 0.004860937 0.07720786 -0.02076697 0.004265666 0.07720786 -0.02005052 0.003657758 0.07720786 -0.01933962 0.003038585 0.07720786 -0.01863235 0.002409458 0.07720786 -0.01792681 0.001771807 0.07720786 -0.01666933 6.86377e-4 0.07720786 -0.01487082 -7.87541e-4 0.07720786 -0.01426839 -0.00127846 0.07720786 -0.01390922 -0.001575767 0.07720786 -0.0136708 -0.001775205 0.07720786 -0.01343321 -0.001975715 0.07720786 -0.01252305 -0.002717792 0.07720786 -0.01160645 -0.003421783 0.07720786 -0.01067966 -0.004082143 0.07720786 -0.009738862 -0.004693329 0.07720786 -0.008780241 -0.005249798 0.07720786 -0.007800042 -0.005745887 0.07720786 -0.006794393 -0.006176114 0.07720786 -0.005759596 -0.006534874 0.07720786 -0.004691779 -0.006816625 0.07720786 -0.003587126 -0.007015764 0.07720786 -0.002441883 -0.007126748 0.07720786 -0.001252233 -0.007144033 0.07720786 -3.96062e-4 -0.007023692 0.07720786 4.4563e-4 -0.006838321 0.07720786 0.001272082 -0.006593167 0.07720786 0.002082705 -0.006293416 0.07720786 0.002876698 -0.005944371 0.07720786 0.003653347 -0.005551338 0.07720786 0.004411995 -0.005119502 0.07720786 0.005151927 -0.004654169 0.07720786 0.005872428 -0.004160642 0.07720786 0.006572782 -0.003644108 0.07720786 0.007252275 -0.003109872 0.07720786 0.007910192 -0.002563178 0.07720786 0.008106946 -0.002395987 0.07720786 0.008186101 -0.002328693 0.07720786 0.008813679 -0.001785874 0.07720786 0.009236574 -0.001409053 0.07720786 0.009655535 -0.001028239 0.07720786 0.01007091 -6.43831e-4 0.07720786 0.01048296 -2.56075e-4 0.07720786 0.01089209 1.34703e-4 0.07720786 0.01129859 5.28198e-4 0.07720786 0.01170295 9.24107e-4 0.07720786 0.01210546 0.00132209 0.07720786 0.01250642 0.001721918 0.07720786 0.01290631 0.002123236 0.07720786 0.01330536 0.002525746 0.07720786 0.01355355 0.002776145 0.07720786 0.01380205 0.003026187 0.07720786 0.01417535 0.003400743 0.07720786 0.01454901 0.003774881 0.07720786 0.01516574 0.004393398 0.07720786 0.01553189 0.004763185 0.07720786 0.01589655 0.005133867 0.07720786 0.01625943 0.00550574 0.07720786 0.01662039 0.005879282 0.07720786 0.01697909 0.006254732 0.07720786 0.01733535 0.006632447 0.07720786 0.01768893 0.007012844 0.07720786 0.0213598 0.01099514 0.07720786 0.02184098 0.0114603 0.07720786 0.02282172 0.01237094 0.07720786 0.0238229 0.01325577 0.07720786 0.02483946 0.01411557 0.07720786 0.02687352 0.01577627 0.07720786 0.0285021 0.01700204 0.07720786 0.03016293 0.0181567 0.07720786 0.03185778 0.01923704 0.07720786 0.03358846 0.02024006 0.07720786 0.0353567 0.02116268 0.07720786 0.03716427 0.0220018 0.07720786 0.0390129 0.02275437 0.07720786 0.04090434 0.02341735 0.07720786 0.04284036 0.02398765 0.07720786 0.04482275 0.02446222 0.07720786 0.04685324 0.02483797 0.07720786 0.0470528 0.02487045 0.07720786 0.04733306 0.02491617 0.07720786 0.04741352 0.02492928 0.07720786 0.04777914 0.02498888 0.07720786 0.04924762 0.02514272 0.07720786 0.05068945 0.02524703 0.07720786 0.05214256 0.02530997 0.07720786 0.0536037 0.02533322 0.07720786 0.05506962 0.0253182 0.07720786 0.05653721 0.02526652 0.07720786 0.05800318 0.02517974 0.07720786 0.05946445 0.0250594 0.07720786 0.06091773 0.02490711 0.07720786 0.06235992 0.0247243 0.07720786 0.06378775 0.02451264 0.07720786 0.06519812 0.02427363 0.07720786 0.06550633 0.02421897 0.07720786 0.06589478 0.02415013 0.07720786 0.06613105 0.02410829 0.07720786 0.06702983 0.02394461 0.07720786 0.06792777 0.02377742 0.07720786 0.068825 0.02360689 0.07720786 0.06972151 0.0234332 0.07720786 0.07061737 0.02325642 0.07720786 0.07151263 0.02307671 0.07720786 0.0724073 0.02289426 0.07720786 0.07330149 0.02270919 0.07720786 0.07419526 0.02252161 0.07720786 0.07508856 0.02233177 0.07720786 0.07598149 0.02213978 0.07720786 0.07687419 0.02194571 0.07720786 0.0804646 0.02117425 0.07720786 0.08413946 0.02043312 0.07720786 0.08787834 0.01976174 0.07720786 0.09166097 0.0191996 0.07720786 0.09546709 0.01878625 0.07720786 0.09927636 0.01856112 0.07720786 0.1030685 0.01856368 0.07720786 0.1068232 0.01883345 0.07720786 0.1105201 0.01940995 0.07720786 0.114139 0.02033257 0.07720786 0.1176596 0.02164083 0.07720786 0.1210616 0.02337419 0.07720786 0.1217495 0.02384525 0.07720786 0.122408 0.02433085 0.07720786 0.1236474 0.02534741 0.07720786 0.1248003 0.02642703 0.07720786 0.126413 0.02817183 0.07720786 0.1269297 0.0287885 0.07720786 0.1274403 0.02942335 0.07720786 0.1287316 0.03105926 0.07720786 0.129823 0.0323258 0.07720786 0.1306676 0.03325408 0.07720786 0.1309528 0.03356105 0.07720786 0.1312816 0.0339148 0.07720786 0.1316635 0.03434532 0.07720786 0.1321901 0.03489726 0.07720786 0.1326454 0.03532963 0.07720786 0.1331146 0.0357421 0.07720786 0.1351015 0.03724014 0.07720786 0.1356189 0.03758835 0.07720786 0.136142 0.03793078 0.07720786 0.1366692 0.03826963 0.07720786 0.1371992 0.03860741 0.07720786 0.1377307 0.03894639 0.07720786 0.1380105 0.03912782 0.07720786 0.1381503 0.03921866 0.07720786 0.1387091 0.03958278 0.07720786 0.139267 0.03994822 0.07720786 0.1398167 0.04030889 0.07720786 0.1403985 0.040699 0.07720786 0.140562 0.0408163 0.07720786 0.1410441 0.04117161 0.07720786 0.1415174 0.04153478 0.07720786 0.1419865 0.04190909 0.07720786 0.1421427 0.04203701 0.07720786 0.142834 0.04258018 0.07720786 0.1435211 0.04308044 0.07720786 0.1442081 0.04354029 0.07720786 0.1448985 0.04396235 0.07720786 0.1455961 0.04434907 0.07720786 0.1463046 0.04470306 0.07720786 0.1501426 0.04607152 0.07720786 0.1509954 0.04628276 0.07720786 0.1530094 0.04672008 0.07720786 0.1544 0.04696083 0.07720786 0.1557828 0.04714924 0.07720786 0.1571596 0.04728579 0.07720786 0.1585327 0.04737091 0.07720786 0.159904 0.047405 0.07720786 0.1612756 0.04738861 0.07720786 0.1626497 0.04732221 0.07720786 0.1640282 0.04720616 0.07720786 0.1654133 0.04704093 0.07720786 0.1668069 0.04682707 0.07720786 0.1682113 0.04637849 0.07720786 0.1681284 0.04601079 0.07720786 0.1677958 0.04605162 0.07720786 0.1674606 0.04609274 0.07720786 0.1670658 0.0461412 0.07720786 0.166736 0.04618173 0.07720786 0.1663833 0.04622799 0.07720786 0.1661266 0.04626464 0.07720786 0.1657421 0.04632306 0.07720786 0.1653581 0.04638516 0.07720786 0.1651024 0.04642826 0.07720786 0.1639223 0.04657238 0.07720786 0.162739 0.04667085 0.07720786 0.1615536 0.04672509 0.07720786 0.1603674 0.04673629 0.07720786 0.1591817 0.0467059 0.07720786 0.1579976 0.04663509 0.07720786 0.1568163 0.04652523 0.07720786 0.1556391 0.04637765 0.07720786 0.1544672 0.04619365 0.07720786 0.1533018 0.04597455 0.07720786 0.1508273 0.04539322 0.07720786 0.1503742 0.04527723 0.07720786 0.1491681 0.04495668 0.07720786 0.1486768 0.04482185 0.07720786 0.1483495 0.04473084 0.07720786 0.1479399 0.04461759 0.07720786 0.1457487 0.04369521 0.07720786 0.1453831 0.04347455 0.07720786 0.144674 0.04299324 0.07720786 0.1443262 0.04273408 0.07720786 0.1436348 0.0421825 0.07720786 0.1432871 0.04189151 0.07720786 0.1423211 0.04114139 0.07720786 0.1419944 0.04090106 0.07720786 0.1416653 0.04066479 0.07720786 0.1410004 0.04020267 0.07720786 0.1406646 0.03997594 0.07720786 0.1403267 0.03975152 0.07720786 0.1396447 0.03930771 0.07720786 0.1393006 0.03908747 0.07720786 0.1383292 0.03845995 0.07720786 0.137376 0.03782629 0.07720786 0.1364417 0.0371825 0.07720786 0.1355273 0.03652495 0.07720786 0.1346336 0.03584963 0.07720786 0.1337616 0.03515279 0.07720786 0.1329121 0.03443068 0.07720786 0.132086 0.03367942 0.07720786 0.1312841 0.03289514 0.07720786 0.1274948 0.02843272 0.07720786 0.120743 0.02276504 0.07720786 0.1188845 0.02174788 0.07720786 0.1169494 0.02086794 0.07720786 0.1149336 0.0201137 0.07720786 0.1128329 0.01947385 0.07720786 0.1106429 0.01893693 0.07720786 0.1083597 0.01849162 0.07720786 0.1059789 0.01812654 0.07720786 0.1046699 0.01799005 0.07720786 0.1033605 0.01788979 0.07720786 0.102051 0.01782423 0.07720786 0.1007416 0.01779174 0.07720786 0.0994324 0.01779085 0.07720786 0.09812361 0.01782006 0.07720786 0.0968154 0.01787781 0.07720786 0.09550797 0.01796257 0.07720786 0.09420156 0.01807278 0.07720786 0.09289628 0.01820695 0.07720786 0.09159231 0.01836353 0.07720786 0.09003502 0.01857757 0.07720786 0.08969354 0.01862668 0.07720786 0.08943492 0.01866388 0.07720786 0.08926081 0.01868891 0.07720786 0.08841645 0.01881939 0.07720786 0.08757418 0.01895761 0.07720786 0.08673369 0.0191031 0.07720786 0.08589476 0.01925516 0.07720786 0.08505719 0.01941341 0.07720786 0.08422082 0.0195772 0.07720786 0.0833854 0.019746 0.07720786 0.08255076 0.01991933 0.07720786 0.08171671 0.0200966 0.07720786 0.08088296 0.02027726 0.07720786 0.08004933 0.02046072 0.07720786 0.0792157 0.02064657 0.07720786 0.07878583 0.02074235 0.07720786 0.0783559 0.02083766 0.07720786 0.07792586 0.02093261 0.07720786 0.07749575 0.02102714 0.07720786 0.07706558 0.02112138 0.07720786 0.07663536 0.02121526 0.07720786 0.07620501 0.02130895 0.07720786 0.07577466 0.02140241 0.07720786 0.07534432 0.02149569 0.07720786 0.07491385 0.0215888 0.07720786 0.07448345 0.0216819 0.07720786 0.07405298 0.02177488 0.07720786 0.07396978 0.02179288 0.07720786 0.07363623 0.02186495 0.07720786 0.07329988 0.02193766 0.07720786 0.07304447 0.02199286 0.07720786 0.06953281 0.02270776 0.07720786 0.06602454 0.02332615 0.07720786 0.06252413 0.02382284 0.07720786 0.05903619 0.02417266 0.07720786 0.05556523 0.02435028 0.07720786 0.05211591 0.02433061 0.07720786 0.04869264 0.02408844 0.07720786 0.04530012 0.02359855 0.07720786 0.04194277 0.02283573 0.07720786 0.03862524 0.02177482 0.07720786 0.03535211 0.02039057 0.07720786 0.03212779 0.0186578 0.07720786 0.03090441 0.01783901 0.07720786 0.02970987 0.01698845 0.07720786 0.02854174 0.01610857 0.07720786 0.02739751 0.0152018 0.07720786 0.02627474 0.0142706 0.07720786 0.02408349 0.01234459 0.07720786 0.02194821 0.01035022 0.07720786 0.01984906 0.00830686 0.07720786 0.01857167 0.007039189 0.07720786 0.01804518 0.006514191 0.07720786 0.01769101 0.006158053 0.07720786 0.01733869 0.005800724 0.07720786 0.01698827 0.005442082 0.07720786 0.01664 0.005081713 0.07720786 0.01629394 0.004719436 0.07720786 0.01595032 0.004354953 0.07720786 0.0156092 0.003987908 0.07720786 0.01527076 0.003618121 0.07720786 0.01493519 0.003245234 0.07720786 0.01460254 0.002869009 0.07720786 0.01427304 0.002489209 0.07720786 0.01325148 0.001339733 0.07720786 0.01216524 1.7828e-4 0.07720786 0.01101762 -9.76429e-4 0.07720786 0.009811878 -0.002105534 0.07720786 0.008551299 -0.003190279 0.07720786 0.007239222 -0.004211783 0.07720786 0.005878865 -0.005151331 0.07720786 0.004473626 -0.005990087 0.07720786 0.003026664 -0.006709158 0.07720786 0.001541376 -0.007289886 0.07720786 2.1006e-5 -0.007713317 0.07720786 -0.001531124 -0.007960796 0.07720786 -0.002952456 -0.007926225 0.07720786 -0.00431919 -0.007747232 0.07720786 -0.005635082 -0.007436573 0.07720786 -0.006903827 -0.007007181 0.07720786 -0.008129179 -0.006471872 0.07720786 -0.009314715 -0.00584352 0.07720786 -0.01046425 -0.00513494 0.07720786 -0.01158148 -0.004359066 0.07720786 -0.01267009 -0.003528714 0.07720786 -0.0137338 -0.002656698 0.07720786 -0.01477628 -0.001755952 0.07720786 -0.01580131 -8.39353e-4 0.07720786 -0.01608312 -5.91973e-4 0.07720786 -0.01717066 3.58411e-4 0.07720786 -0.01768445 8.0765e-4 0.07720786 -0.01790767 0.001003205 0.07720786 -0.01817095 0.001234948 0.07720786 -0.0183615 0.001403331 0.07720786 -0.01847738 0.001505851 0.07720786 -0.01983982 0.00274682 0.07720786 -0.02100259 0.003788113 0.07720786 -0.02201211 0.004654824 0.07720786 -0.02291506 0.005372166 0.07720786 -0.02375799 0.005965352 0.07720786 -0.02458739 0.006459534 0.07720786 -0.02544987 0.006879806 0.07720786 -0.02639198 0.007251441 0.07720786 -0.02746033 0.007599532 0.07720786 -0.02870142 0.007949233 0.07720786 -0.03016191 0.008325815 0.07720786 -0.0318883 0.008754372 0.07720786 -0.03250569 0.008642733 0.07720786 -0.03309178 0.008475899 0.07720786 -0.0336489 0.008258521 0.07720786 -0.03417944 0.007995188 0.07720786 -0.03468573 0.00769037 0.07720786 -0.03517007 0.007348775 0.07720786 -0.03563499 0.006974995 0.07720786 -0.03693598 0.005706012 0.07720786 -0.0373463 0.005249202 0.07720786 -0.03774893 0.004783034 0.07720786 -0.03911411 0.00285083 0.07720786 -0.04040747 8.53809e-4 0.07720786 -0.04163557 -0.001199305 0.07720786 -0.04280507 -0.003299832 0.07720786 -0.04392272 -0.005438983 0.07720786 -0.04499506 -0.007608056 0.07720786 -0.04602885 -0.009798228 0.07720786 -0.04703068 -0.01200085 0.07720786 -0.04800724 -0.01420712 0.07720786 -0.04896521 -0.01640838 0.07720786 -0.0499112 -0.01859581 0.07720786 -0.05085188 -0.02076071 0.07720786 -0.05102759 -0.02116155 0.07720786 -0.05120396 -0.02156215 0.07720786 -0.05138081 -0.02196246 0.07720786 -0.05155819 -0.02236253 0.07720786 -0.05173605 -0.02276241 0.07720786 -0.05191433 -0.02316206 0.07720786 -0.05209308 -0.02356153 0.07720786 -0.0522722 -0.02396082 0.07720786 -0.05245161 -0.02435994 0.07720786 -0.05263137 -0.02475899 0.07720786 -0.05281144 -0.02515792 0.07720786 -0.05299168 -0.02555674 0.07720786 -0.05341625 -0.02649843 0.07720786 -0.05383861 -0.02744108 0.07720786 -0.05425894 -0.0283845 0.07720786 -0.05467742 -0.0293287 0.07720786 -0.05509424 -0.03027367 0.07720786 -0.05550944 -0.0312193 0.07720786 -0.05592328 -0.03216552 0.07720786 -0.05633586 -0.03311228 0.07720786 -0.05674731 -0.03405958 0.07720786 -0.05715787 -0.03500735 0.07720786 -0.05756765 -0.03595548 0.07720786 -0.05800557 -0.03697091 0.07720786 -0.05815029 -0.03730666 0.07720786 -0.05823791 -0.03750991 0.07720786 -0.05826729 -0.03757816 0.07720786 -0.05831164 -0.03768104 0.07720786 -0.05844146 -0.03798216 0.07720786 -0.05855637 -0.03824883 0.07720786 -0.05867129 -0.03851556 0.07720786 -0.05878621 -0.03878223 0.07720786 -0.05890119 -0.03904896 0.07720786 -0.0590161 -0.03931564 0.07720786 -0.05913102 -0.03958237 0.07720786 -0.05924594 -0.03984904 0.07720786 -0.05936086 -0.04011577 0.07720786 -0.05947577 -0.04038244 0.07720786 -0.05959069 -0.04064917 0.07720786 -0.05970561 -0.04091584 0.07720786 -0.06363546 -0.05002754 0.07720786 -0.06693094 -0.05763399 0.07720786 -0.06966996 -0.06388211 0.07720786 -0.0719304 -0.0689187 0.07720786 -0.07379001 -0.07289087 0.07720786 -0.07532674 -0.07594549 0.07720786 -0.07661837 -0.07822942 0.07720786 -0.07774281 -0.07988971 0.07720786 -0.07877779 -0.08107322 0.07720786 -0.07980126 -0.08192694 0.07720786 -0.08089101 -0.08259767 0.07720786 -0.08212488 -0.08323252 0.07720786 -0.08239781 -0.08326965 0.07720786 -0.08265644 -0.08330219 0.07720786 -0.08290296 -0.08332782 0.07720786 -0.08313971 -0.08334434 0.07720786 -0.08336895 -0.08334952 0.07720786 -0.08359295 -0.08334118 0.07720786 -0.08381396 -0.08331698 0.07720786 -0.08524906 -0.08262234 0.07720786 -0.08650469 -0.08139955 0.07720786 -0.08664053 -0.08125734 0.07720786 -0.08686554 -0.08103096 0.07720786 -0.08709299 -0.0808022 0.07720786 -0.08718514 -0.08070951 0.07720786 -0.08860236 -0.07911491 0.07720786 -0.08993589 -0.07743227 0.07720786 -0.09119397 -0.07567358 0.07720786 -0.09238469 -0.07385087 0.07720786 -0.09351629 -0.07197606 0.07720786 -0.09459692 -0.0700612 0.07720786 -0.09563481 -0.06811827 0.07720786 -0.0966382 -0.06615924 0.07720786 -0.09761512 -0.06419605 0.07720786 -0.09857392 -0.06224071 0.07720786 -0.0995227 -0.06030529 0.07720786 -0.1004697 -0.0584017 0.07720786 -0.100515 -0.05831176 0.07720786 -0.1006288 -0.05808591 0.07720786 -0.1025195 -0.05431616 0.07720786 -0.1034022 -0.0525431 0.07720786 -0.1042807 -0.05076783 0.07720786 -0.1051542 -0.04899001 0.07720786 -0.1060219 -0.04720938 0.07720786 -0.1068832 -0.04542571 0.07720786 -0.1077373 -0.04363864 0.07720786 -0.1085836 -0.04184794 0.07720786 -0.1094211 -0.0400533 0.07720786 -0.1102494 -0.03825443 0.07720786 -0.1110676 -0.0364511 0.07720786 -0.1113079 -0.03592032 0.07720786 -0.1114283 -0.03565502 0.07720786 -0.1115489 -0.03538984 0.07720786 -0.1116696 -0.03512465 0.07720786 -0.1119114 -0.03459453 0.07720786 -0.1120324 -0.03432959 0.07720786 -0.1121535 -0.03406465 0.07720786 -0.1122747 -0.0337997 0.07720786 -0.112396 -0.03353482 0.07720786 -0.1125173 -0.03326994 0.07720786 -0.1126099 -0.0330677 0.07720786 -0.1127739 -0.03270965 0.07720786 -0.1129413 -0.0323441 0.07720786 -0.113085 -0.03203052 0.07720786 -0.1132766 -0.03161239 0.07720786 -0.1133723 -0.0314033 0.07720786 -0.1136837 -0.03072327 0.07720786 -0.113995 -0.03004312 0.07720786 -0.1143062 -0.02936291 0.07720786 -0.1146171 -0.02868264 0.07720786 -0.1149278 -0.02800226 0.07720786 -0.1152383 -0.02732175 0.07720786 -0.1155484 -0.02664113 0.07720786 -0.1158583 -0.02596032 0.07720786 -0.1161677 -0.0252794 0.07720786 -0.1164768 -0.02459824 0.07720786 -0.1167854 -0.0239169 0.07720786 -0.1170936 -0.02323532 0.07720786 -0.1178188 -0.0216366 0.07720786 -0.1185486 -0.02004027 0.07720786 -0.1192832 -0.01844644 0.07720786 -0.1200228 -0.01685518 0.07720786 -0.1207677 -0.01526653 0.07720786 -0.1215183 -0.01368057 0.07720786 -0.1222745 -0.01209741 0.07720786 -0.1230369 -0.01051712 0.07720786 -0.1238057 -0.008939683 0.07720786 -0.124581 -0.007365167 0.07720786 -0.1253631 -0.00579369 0.07720786 -0.1261524 -0.004225373 0.07720786 -0.1261995 -0.004131317 0.07720786 -0.1263878 -0.003755152 0.07720786 -0.1264819 -0.003567039 0.07720786 -0.126576 -0.003378927 0.07720786 -0.1275933 -0.00305742 0.07720786 -0.127996 -0.003081679 0.07720786 -0.1283801 -0.003134429 0.07720786 -0.1287492 -0.003215014 0.07720786 -0.1291072 -0.003322839 0.07720786 -0.129458 -0.003457248 0.07720786 -0.1305034 -0.004014253 0.07720786 -0.1329685 -0.006033957 0.07720786 -0.1338001 -0.006828904 0.07720786 -0.1354003 -0.008474767 0.07720786 -0.1361728 -0.009322702 0.07720786 -0.1369296 -0.01018524 0.07720786 -0.1376727 -0.01106101 0.07720786 -0.1384038 -0.0119484 0.07720786 -0.1391252 -0.01284593 0.07720786 -0.1409348 -0.01517051 0.07720786 -0.1418427 -0.016348 0.07720786 -0.1425297 -0.01723825 0.07720786 -0.1427003 -0.0174601 0.07720786 -0.1427856 -0.01757109 0.07720786 -0.1429559 -0.01779311 0.07720786 -0.1431261 -0.01801526 0.07720786 -0.1436553 -0.01870006 0.07720786 -0.1441013 -0.01927262 0.07720786 -0.1444767 -0.01974475 0.07720786 -0.144794 -0.02012836 0.07720786 -0.1450659 -0.02043545 0.07720786 -0.1453049 -0.02067774 0.07720786 -0.1455237 -0.02086716 0.07720786 -0.1457349 -0.02101564 0.07720786 -0.145951 -0.02113509 0.07720786 -0.1461846 -0.02123725 0.07720786 -0.1464484 -0.02133417 0.07720786 -0.146755 -0.02143764 0.07720786 -0.147704 -0.02152919 0.07720786 -0.1486542 -0.02160197 0.07720786 -0.1496055 -0.02165806 0.07720786 -0.1505578 -0.02169936 0.07720786 -0.1515108 -0.02172791 0.07720786 -0.1524644 -0.02174568 0.07720786 -0.1534183 -0.02175462 0.07720786 -0.1543723 -0.02175682 0.07720786 -0.1553262 -0.0217542 0.07720786 -0.1562798 -0.02174878 0.07720786 -0.1572329 -0.02174252 0.07720786 -0.1581853 -0.02173739 0.07720786 -0.1584945 -0.02173674 0.07720786 -0.1586492 -0.02173638 0.07720786 -0.1588038 -0.02173602 0.07720786 -0.1589584 -0.02173572 0.07720786 -0.1592676 -0.02173507 0.07720786 -0.1594222 -0.02173477 0.07720786 -0.1597315 -0.02173411 0.07720786 -0.1600407 -0.02173358 0.07720786 -0.1604153 -0.02173274 0.07720786 -0.1607899 -0.02173191 0.07720786 -0.1611644 -0.02173095 0.07720786 -0.161539 -0.02172994 0.07720786 -0.1619135 -0.02172887 0.07720786 -0.1622881 -0.0217278 0.07720786 -0.1626626 -0.0217266 0.07720786 -0.1630372 -0.02172535 0.07720786 -0.1634117 -0.02172404 0.07720786 -0.1637863 -0.02172267 0.07720786 -0.1641609 -0.02172124 0.07720786 -0.1645354 -0.02171981 0.07720786 -0.1645354 -0.02164989 0.07720786 -0.1636636 -0.02138286 0.07720786 -0.162792 -0.02133202 0.07720786 -0.1619205 -0.02128481 0.07720786 -0.161049 -0.02124118 0.07720786 -0.1601775 -0.02120089 0.07720786 -0.1593059 -0.02116382 0.07720786 -0.1584343 -0.02112978 0.07720786 -0.1575624 -0.02109861 0.07720786 -0.1566902 -0.02107018 0.07720786 -0.1558178 -0.02104431 0.07720786 -0.1549451 -0.02102082 0.07720786 -0.1540718 -0.02099961 0.07720786 -0.1537207 -0.02099114 0.07720786 -0.1533696 -0.02098232 0.07720786 -0.1530186 -0.02097308 0.07720786 -0.1526675 -0.02096349 0.07720786 -0.1523165 -0.02095353 0.07720786 -0.1519655 -0.02094316 0.07720786 -0.1516145 -0.02093243 0.07720786 -0.1512635 -0.02092134 0.07720786 -0.1509125 -0.0209099 0.07720786 -0.1505616 -0.02089804 0.07720786 -0.1502106 -0.02088582 0.07720786 -0.1498596 -0.0208733 0.07720786 -0.1496102 -0.02086538 0.07720786 -0.1495269 -0.02086269 0.07720786 -0.1493599 -0.02085739 0.07720786 -0.1491077 -0.0208494 0.07720786 -0.1488953 -0.02084267 0.07720786 -0.1484728 -0.02082127 0.07720786 -0.1481506 -0.02080243 0.07720786 -0.1478753 -0.02078258 0.07720786 -0.1474205 -0.02073055 0.07720786 -0.1472191 -0.02069365 0.07720786 -0.1470204 -0.02064657 0.07720786 -0.1468133 -0.02058678 0.07720786 -0.1463301 -0.02042025 0.07720786 -0.1460319 -0.02030885 0.07720786 -0.1456813 -0.02017557 0.07720786 -0.1454482 -0.01990407 0.07720786 -0.1452186 -0.01963043 0.07720786 -0.1449921 -0.01935482 0.07720786 -0.1447685 -0.01907718 0.07720786 -0.1445477 -0.01879781 0.07720786 -0.144329 -0.01851665 0.07720786 -0.1441125 -0.01823395 0.07720786 -0.1438978 -0.01794964 0.07720786 -0.1436845 -0.01766401 0.07720786 -0.1434724 -0.01737701 0.07720786 -0.1432613 -0.01708877 0.07720786 -0.1430508 -0.01679944 0.07720786 -0.1426261 -0.01622706 0.07720786 -0.1400117 -0.01286745 0.07720786 -0.1395631 -0.01231873 0.07720786 -0.1391102 -0.01177281 0.07720786 -0.1386528 -0.01122963 0.07720786 -0.1381908 -0.01068902 0.07720786 -0.1376428 -0.01005429 0.07720786 -0.1373986 -0.009762883 0.07720786 -0.1372748 -0.009615242 0.07720786 -0.1350131 -0.006953299 0.07720786 -0.1341527 -0.005970418 0.07720786 -0.1334176 -0.005169153 0.07720786 -0.1327768 -0.004524171 0.07720786 -0.1321995 -0.004010021 0.07720786 -0.1316549 -0.003601253 0.07720786 -0.1305398 -0.00299853 0.07720786 -0.1299076 -0.002753674 0.07720786 -0.1291846 -0.002512693 0.07720786 -0.1283397 -0.002250194 0.07720786 -0.1271761 -0.002461016 0.07720786 -0.126856 -0.002625465 0.07720786 -0.126524 -0.0028373 0.07720786 -0.1263449 -0.002961039 0.07720786 -0.1261524 -0.003096699 0.07720786 -0.1258258 -0.00352621 0.07720786 -0.1256128 -0.003848254 0.07720786 -0.125418 -0.004185318 0.07720786 -0.1251165 -0.00471729 0.07720786 -0.1250082 -0.004908323 0.07720786 -0.1248988 -0.005101501 0.07720786 -0.1247053 -0.005462288 0.07720786 -0.1245127 -0.005823552 0.07720786 -0.1243213 -0.006185233 0.07720786 -0.1241309 -0.006547451 0.07720786 -0.1239415 -0.006910085 0.07720786 -0.123753 -0.007273256 0.07720786 -0.1235656 -0.007636904 0.07720786 -0.1233791 -0.008001089 0.07720786 -0.1231935 -0.00836575 0.07720786 -0.1230089 -0.008731007 0.07720786 -0.1228251 -0.009096741 0.07720786 -0.1225158 -0.009716451 0.07720786 -0.1224997 -0.009748697 0.07720786 -0.1223874 -0.009973645 0.07720786 -0.1219259 -0.01090687 0.07720786 -0.1214698 -0.01184254 0.07720786 -0.1210186 -0.0127803 0.07720786 -0.1205719 -0.01372009 0.07720786 -0.1201293 -0.01466172 0.07720786 -0.1196902 -0.01560503 0.07720786 -0.1192543 -0.0165497 0.07720786 -0.118821 -0.01749575 0.07720786 -0.1183899 -0.01844286 0.07720786 -0.1179605 -0.01939088 0.07720786 -0.1175324 -0.02033966 0.07720786 -0.1171053 -0.02128899 0.07720786 -0.1168433 -0.02186995 0.07720786 -0.1165807 -0.02245056 0.07720786 -0.1163174 -0.02303093 0.07720786 -0.1160535 -0.02361094 0.07720786 -0.1157891 -0.02419078 0.07720786 -0.1155242 -0.02477031 0.07720786 -0.1152589 -0.02534973 0.07720786 -0.1149933 -0.02592897 0.07720786 -0.1147274 -0.02650809 0.07720786 -0.1144612 -0.02708709 0.07720786 -0.1141949 -0.02766603 0.07720786 -0.113865 -0.02838283 0.07720786 -0.1137399 -0.02865451 0.07720786 -0.1137176 -0.02870291 0.07720786 -0.1136274 -0.02889889 0.07720786 -0.1135259 -0.02911949 0.07720786 -0.1134244 -0.02934002 0.07720786 -0.1132213 -0.02978116 0.07720786 -0.1131197 -0.03000175 0.07720786 -0.1129167 -0.03044289 0.07720786 -0.1128151 -0.03066343 0.07720786 -0.112612 -0.03110456 0.07720786 -0.1125103 -0.0313251 0.07720786 -0.1124088 -0.03154563 0.07720786 -0.1120938 -0.03222972 0.07720786 -0.1119365 -0.03257179 0.07720786 -0.1117792 -0.03291386 0.07720786 -0.1116219 -0.03325599 0.07720786 -0.1114647 -0.03359818 0.07720786 -0.1113076 -0.03394037 0.07720786 -0.1111505 -0.03428256 0.07720786 -0.1109935 -0.03462481 0.07720786 -0.1108365 -0.03496706 0.07720786 -0.1106795 -0.03530931 0.07720786 -0.1105226 -0.03565162 0.07720786 -0.1099857 -0.03682178 0.07720786 -0.1094478 -0.0379914 0.07720786 -0.1089086 -0.03916037 0.07720786 -0.108368 -0.04032862 0.07720786 -0.1078257 -0.04149609 0.07720786 -0.1072815 -0.04266256 0.07720786 -0.1067351 -0.04382807 0.07720786 -0.1061863 -0.04499244 0.07720786 -0.1056349 -0.04615557 0.07720786 -0.1050806 -0.04731744 0.07720786 -0.1045231 -0.04847788 0.07720786 -0.1039623 -0.04963684 0.07720786 -0.1038046 -0.04996144 0.07720786 -0.1037132 -0.05014955 0.07720786 -0.1036902 -0.05019706 0.07720786 -0.1033989 -0.05079483 0.07720786 -0.1031068 -0.05139219 0.07720786 -0.102814 -0.05198919 0.07720786 -0.1019313 -0.05377805 0.07720786 -0.1001505 -0.05734825 0.07720786 -0.100035 -0.05757886 0.07720786 -0.09991949 -0.05780959 0.07720786 -0.09968906 -0.05827122 0.07720786 -0.09957396 -0.05850213 0.07720786 -0.09945899 -0.0587331 0.07720786 -0.09934413 -0.05896407 0.07720786 -0.09922933 -0.0591951 0.07720786 -0.09911459 -0.05942618 0.07720786 -0.09899991 -0.05965727 0.07720786 -0.09877073 -0.06011956 0.07720786 -0.0974698 -0.06312406 0.07720786 -0.0963509 -0.06566298 0.07720786 -0.09536111 -0.06781452 0.07720786 -0.09444761 -0.06965708 0.07720786 -0.09355741 -0.07126891 0.07720786 -0.09263765 -0.07272833 0.07720786 -0.09163546 -0.0741136 0.07720786 -0.09049785 -0.07550305 0.07720786 -0.08917206 -0.07697492 0.07720786 -0.08760505 -0.07860749 0.07720786 -0.08574402 -0.08047914 0.07720786 -0.08353602 -0.08266818 0.07720786 -0.08324772 -0.08266299 0.07720786 -0.08271527 -0.08258044 0.07720786 -0.08246767 -0.08250606 0.07720786 -0.08223032 -0.0824117 0.07720786 -0.08200144 -0.08229881 0.07720786 -0.08177947 -0.08216887 0.07720786 -0.08156269 -0.08202344 0.07720786 -0.08134937 -0.08186399 0.07720786 -0.08092659 -0.08150923 0.07720786 -0.08071374 -0.08131682 0.07720786 -0.07934892 -0.07965409 0.07720786 -0.07871758 -0.07877576 0.07720786 -0.07811564 -0.07787197 0.07720786 -0.07753956 -0.07694715 0.07720786 -0.07698601 -0.07600569 0.07720786 -0.07645136 -0.07505196 0.07720786 -0.07593214 -0.0740903 0.07720786 -0.0754249 -0.07312518 0.07720786 -0.07492619 -0.07216095 0.07720786 -0.07443249 -0.07120203 0.07720786 -0.07394027 -0.07025277 0.07720786 -0.07389062 -0.07015794 0.07720786 -0.07381224 -0.07000815 0.07720786 -0.07369673 -0.06978744 0.07720786 -0.07361698 -0.06963509 0.07720786 -0.07355552 -0.06951773 0.07720786 -0.07288342 -0.06821107 0.07720786 -0.07227343 -0.06699651 0.07720786 -0.07167392 -0.06577765 0.07720786 -0.07108402 -0.06455475 0.07720786 -0.07050275 -0.06332808 0.07720786 -0.06992918 -0.06209796 0.07720786 -0.06936228 -0.06086474 0.07720786 -0.06880122 -0.0596286 0.07720786 -0.06824493 -0.05838996 0.07720786 -0.06769251 -0.05714899 0.07720786 -0.06714302 -0.05590605 0.07720786 -0.06659555 -0.05466145 0.07720786 -0.06637907 -0.05417037 0.07720786 -0.06616175 -0.05367964 0.07720786 -0.06594365 -0.05318933 0.07720786 -0.0657249 -0.05269932 0.07720786 -0.06550544 -0.05220955 0.07720786 -0.06528544 -0.05172014 0.07720786 -0.0650649 -0.0512309 0.07720786 -0.06484395 -0.05074185 0.07720786 -0.06462258 -0.05025303 0.07720786 -0.06440085 -0.04976433 0.07720786 -0.06417888 -0.04927569 0.07720786 -0.06395667 -0.04878717 0.07720786 -0.06359791 -0.04799604 0.07720786 -0.06324076 -0.04720425 0.07720786 -0.06288528 -0.04641187 0.07720786 -0.06253141 -0.04561877 0.07720786 -0.06217914 -0.04482501 0.07720786 -0.06182849 -0.04403054 0.07720786 -0.0614795 -0.04323542 0.07720786 -0.06113207 -0.04243952 0.07720786 -0.06078618 -0.0416429 0.07720786 -0.06044191 -0.04084551 0.07720786 -0.06009918 -0.0400474 0.07720786 -0.059758 -0.03924846 0.07720786 -0.05925357 -0.03806686 0.07720786 -0.05874735 -0.03688603 0.07720786 -0.0582394 -0.03570592 0.07720786 -0.05773001 -0.03452646 0.07720786 -0.05721926 -0.03334754 0.07720786 -0.05670732 -0.03216916 0.07720786 -0.05619436 -0.03099125 0.07720786 -0.05568057 -0.02981364 0.07720786 -0.05516606 -0.02863639 0.07720786 -0.05465102 -0.02745938 0.07720786 -0.05413556 -0.02628254 0.07720786 -0.05361986 -0.02510583 0.07720786 -0.05349677 -0.02482485 0.07720786 -0.05028986 -0.01751494 0.07720786 -0.04769819 -0.01164716 0.07720786 -0.04552865 -0.006819546 0.07720786 -0.04371315 -0.002915501 0.07720786 -0.04218363 1.8181e-4 0.07720786 -0.04087203 0.002589106 0.07720786 -0.03971034 0.004423081 0.07720786 -0.03863036 0.005800545 0.07720786 -0.03756409 0.006838202 0.07720786 -0.03520041 0.008360922 0.07720786 -0.03376686 0.009079515 0.07720786 -0.03320652 0.009236514 0.07720786 -0.03263562 0.009354591 0.07720786 -0.0320568 0.009434401 0.07720786 -0.03147274 0.00947678 0.07720786 -0.03088605 0.009482502 0.07720786 -0.03029936 0.009452342 0.07720786 -0.02971529 0.009387135 0.07720786 -0.02913653 0.009287655 0.07720786 -0.0285657 0.009154677 0.07720786 -0.02800548 0.008988976 0.07720786 -0.02745842 0.008791327 0.07720786 -0.02692723 0.008562564 0.07720786 -0.02609771 0.008092999 0.07720786 -0.02528899 0.007601439 0.07720786 -0.02449917 0.007089257 0.07720786 -0.0237264 0.006557762 0.07720786 -0.02296864 0.006008327 0.07720786 -0.02222412 0.005442261 0.07720786 -0.02149087 0.004860937 0.07720786 -0.02076697 0.004265666 0.07720786 -0.02005052 0.003657758 0.07720786 -0.01933962 0.003038585 0.07720786 -0.01863235 0.002409458 0.07720786 -0.01792681 0.001771807 0.07720786 -0.01666933 6.86377e-4 0.07720786 -0.01487082 -7.87541e-4 0.07720786 -0.01426839 -0.00127846 0.07720786 -0.01390922 -0.001575767 0.07720786 -0.0136708 -0.001775205 0.07720786 -0.01343321 -0.001975715 0.07720786 -0.01252305 -0.002717792 0.07720786 -0.01160645 -0.003421783 0.07720786 -0.01067966 -0.004082143 0.07720786 -0.009738862 -0.004693329 0.07720786 -0.008780241 -0.005249798 0.07720786 -0.007800042 -0.005745887 0.07720786 -0.006794393 -0.006176114 0.07720786 -0.005759596 -0.006534874 0.07720786 -0.004691779 -0.006816625 0.07720786 -0.003587126 -0.007015764 0.07720786 -0.002441883 -0.007126748 0.07720786 -0.001252233 -0.007144033 0.07720786 -3.96062e-4 -0.007023692 0.07720786 4.4563e-4 -0.006838321 0.07720786 0.001272082 -0.006593167 0.07720786 0.002082705 -0.006293416 0.07720786 0.002876698 -0.005944371 0.07720786 0.003653347 -0.005551338 0.07720786 0.004411995 -0.005119502 0.07720786 0.005151927 -0.004654169 0.07720786 0.005872428 -0.004160642 0.07720786 0.006572782 -0.003644108 0.07720786 0.007252275 -0.003109872 0.07720786 0.007910192 -0.002563178 0.07720786 0.008106946 -0.002395987 0.07720786 0.008186101 -0.002328693 0.07720786 0.008813679 -0.001785874 0.07720786 0.009236574 -0.001409053 0.07720786 0.009655535 -0.001028239 0.07720786 0.01007091 -6.43831e-4 0.07720786 0.01048296 -2.56075e-4 0.07720786 0.01089209 1.34703e-4 0.07720786 0.01129859 5.28198e-4 0.07720786 0.01170295 9.24107e-4 0.07720786 0.01210546 0.00132209 0.07720786 0.01250642 0.001721918 0.07720786 0.01290631 0.002123236 0.07720786 0.01330536 0.002525746 0.07720786 0.01355355 0.002776145 0.07720786 0.01380205 0.003026187 0.07720786 0.01417535 0.003400743 0.07720786 0.01454901 0.003774881 0.07720786 0.01516574 0.004393398 0.07720786 0.01553189 0.004763185 0.07720786 0.01589655 0.005133867 0.07720786 0.01625943 0.00550574 0.07720786 0.01662039 0.005879282 0.07720786 0.01697909 0.006254732 0.07720786 0.01733535 0.006632447 0.07720786 0.01768893 0.007012844 0.07720786 0.0213598 0.01099514 0.07720786 0.02184098 0.0114603 0.07720786 0.02282172 0.01237094 0.07720786 0.0238229 0.01325577 0.07720786 0.02483946 0.01411557 0.07720786 0.02687352 0.01577627 0.07720786 0.0285021 0.01700204 0.07720786 0.03016293 0.0181567 0.07720786 0.03185778 0.01923704 0.07720786 0.03358846 0.02024006 0.07720786 0.0353567 0.02116268 0.07720786 0.03716427 0.0220018 0.07720786 0.0390129 0.02275437 0.07720786 0.04090434 0.02341735 0.07720786 0.04284036 0.02398765 0.07720786 0.04482275 0.02446222 0.07720786 0.04685324 0.02483797 0.07720786 0.0470528 0.02487045 0.07720786 0.04733306 0.02491617 0.07720786 0.04741352 0.02492928 0.07720786 0.04777914 0.02498888 0.07720786 0.04924762 0.02514272 0.07720786 0.05068945 0.02524703 0.07720786 0.05214256 0.02530997 0.07720786 0.0536037 0.02533322 0.07720786 0.05506962 0.0253182 0.07720786 0.05653721 0.02526652 0.07720786 0.05800318 0.02517974 0.07720786 0.05946445 0.0250594 0.07720786 0.06091773 0.02490711 0.07720786 0.06235992 0.0247243 0.07720786 0.06378775 0.02451264 0.07720786 0.06519812 0.02427363 0.07720786 0.06550633 0.02421897 0.07720786 0.06589478 0.02415013 0.07720786 0.06613105 0.02410829 0.07720786 0.06702983 0.02394461 0.07720786 0.06792777 0.02377742 0.07720786 0.068825 0.02360689 0.07720786 0.06972151 0.0234332 0.07720786 0.07061737 0.02325642 0.07720786 0.07151263 0.02307671 0.07720786 0.0724073 0.02289426 0.07720786 0.07330149 0.02270919 0.07720786 0.07419526 0.02252161 0.07720786 0.07508856 0.02233177 0.07720786 0.07598149 0.02213978 0.07720786 0.07687419 0.02194571 0.07720786 0.0804646 0.02117425 0.07720786 0.08413946 0.02043312 0.07720786 0.08787834 0.01976174 0.07720786 0.09166097 0.0191996 0.07720786 0.09546709 0.01878625 0.07720786 0.09927636 0.01856112 0.07720786 0.1030685 0.01856368 0.07720786 0.1068232 0.01883345 0.07720786 0.1105201 0.01940995 0.07720786 0.114139 0.02033257 0.07720786 0.1176596 0.02164083 0.07720786 0.1210616 0.02337419 0.07720786 0.1217495 0.02384525 0.07720786 0.122408 0.02433085 0.07720786 0.1236474 0.02534741 0.07720786 0.1248003 0.02642703 0.07720786 0.126413 0.02817183 0.07720786 0.1269297 0.0287885 0.07720786 0.1274403 0.02942335 0.07720786 0.1287316 0.03105926 0.07720786 0.129823 0.0323258 0.07720786 0.1306676 0.03325408 0.07720786 0.1309528 0.03356105 0.07720786 0.1312816 0.0339148 0.07720786 0.1316635 0.03434532 0.07720786 0.1321901 0.03489726 0.07720786 0.1326454 0.03532963 0.07720786 0.1331146 0.0357421 0.07720786 0.1351015 0.03724014 0.07720786 0.1356189 0.03758835 0.07720786 0.136142 0.03793078 0.07720786 0.1366692 0.03826963 0.07720786 0.1371992 0.03860741 0.07720786 0.1377307 0.03894639 0.07720786 0.1380105 0.03912782 0.07720786 0.1381503 0.03921866 0.07720786 0.1387091 0.03958278 0.07720786 0.139267 0.03994822 0.07720786 0.1398167 0.04030889 0.07720786 0.1403985 0.040699 0.07720786 0.140562 0.0408163 0.07720786 0.1410441 0.04117161 0.07720786 0.1415174 0.04153478 0.07720786 0.1419865 0.04190909 0.07720786 0.1421427 0.04203701 0.07720786 0.142834 0.04258018 0.07720786 0.1435211 0.04308044 0.07720786 0.1442081 0.04354029 0.07720786 0.1448985 0.04396235 0.07720786 0.1455961 0.04434907 0.07720786 0.1463046 0.04470306 0.07720786 0.1501426 0.04607152 0.07720786 0.1509954 0.04628276 0.07720786 0.1530094 0.04672008 0.07720786 0.1544 0.04696083 0.07720786 0.1557828 0.04714924 0.07720786 0.1571596 0.04728579 0.07720786 0.1585327 0.04737091 0.07720786 0.159904 0.047405 0.07720786 0.1612756 0.04738861 0.07720786 0.1626497 0.04732221 0.07720786 0.1640282 0.04720616 0.07720786 0.1654133 0.04704093 0.07720786 0.1668069 0.04682707 0.07720786 0.1682113 0.04637849 0.07720786 0.1681284 0.04601079 0.07720786 0.1677958 0.04605162 0.07720786 0.1674606 0.04609274 0.07720786 0.1670658 0.0461412 0.07720786 0.166736 0.04618173 0.07720786 0.1663833 0.04622799 0.07720786 0.1661266 0.04626464 0.07720786 0.1657421 0.04632306 0.07720786 0.1653581 0.04638516 0.07720786 0.1651024 0.04642826 0.07720786 0.1639223 0.04657238 0.07720786 0.162739 0.04667085 0.07720786 0.1615536 0.04672509 0.07720786 0.1603674 0.04673629 0.07720786 0.1591817 0.0467059 0.07720786 0.1579976 0.04663509 0.07720786 0.1568163 0.04652523 0.07720786 0.1556391 0.04637765 0.07720786 0.1544672 0.04619365 0.07720786 0.1533018 0.04597455 0.07720786 0.1508273 0.04539322 0.07720786 0.1503742 0.04527723 0.07720786 0.1491681 0.04495668 0.07720786 0.1486768 0.04482185 0.07720786 0.1483495 0.04473084 0.07720786 0.1479399 0.04461759 0.07720786 0.1457487 0.04369521 0.07720786 0.1453831 0.04347455 0.07720786 0.144674 0.04299324 0.07720786 0.1443262 0.04273408 0.07720786 0.1436348 0.0421825 0.07720786 0.1432871 0.04189151 0.07720786 0.1423211 0.04114139 0.07720786 0.1419944 0.04090106 0.07720786 0.1416653 0.04066479 0.07720786 0.1410004 0.04020267 0.07720786 0.1406646 0.03997594 0.07720786 0.1403267 0.03975152 0.07720786 0.1396447 0.03930771 0.07720786 0.1393006 0.03908747 0.07720786 0.1383292 0.03845995 0.07720786 0.137376 0.03782629 0.07720786 0.1364417 0.0371825 0.07720786 0.1355273 0.03652495 0.07720786 0.1346336 0.03584963 0.07720786 0.1337616 0.03515279 0.07720786 0.1329121 0.03443068 0.07720786 0.132086 0.03367942 0.07720786 0.1312841 0.03289514 0.07720786 0.1274948 0.02843272 0.07720786 0.120743 0.02276504 0.07720786 0.1188845 0.02174788 0.07720786 0.1169494 0.02086794 0.07720786 0.1149336 0.0201137 0.07720786 0.1128329 0.01947385 0.07720786 0.1106429 0.01893693 0.07720786 0.1083597 0.01849162 0.07720786 0.1059789 0.01812654 0.07720786 0.1046699 0.01799005 0.07720786 0.1033605 0.01788979 0.07720786 0.102051 0.01782423 0.07720786 0.1007416 0.01779174 0.07720786 0.0994324 0.01779085 0.07720786 0.09812361 0.01782006 0.07720786 0.0968154 0.01787781 0.07720786 0.09550797 0.01796257 0.07720786 0.09420156 0.01807278 0.07720786 0.09289628 0.01820695 0.07720786 0.09159231 0.01836353 0.07720786 0.09003502 0.01857757 0.07720786 0.08969354 0.01862668 0.07720786 0.08943492 0.01866388 0.07720786 0.08926081 0.01868891 0.07720786 0.08841645 0.01881939 0.07720786 0.08757418 0.01895761 0.07720786 0.08673369 0.0191031 0.07720786 0.08589476 0.01925516 0.07720786 0.08505719 0.01941341 0.07720786 0.08422082 0.0195772 0.07720786 0.0833854 0.019746 0.07720786 0.08255076 0.01991933 0.07720786 0.08171671 0.0200966 0.07720786 0.08088296 0.02027726 0.07720786 0.08004933 0.02046072 0.07720786 0.0792157 0.02064657 0.07720786 0.07878583 0.02074235 0.07720786 0.0783559 0.02083766 0.07720786 0.07792586 0.02093261 0.07720786 0.07749575 0.02102714 0.07720786 0.07706558 0.02112138 0.07720786 0.07663536 0.02121526 0.07720786 0.07620501 0.02130895 0.07720786 0.07577466 0.02140241 0.07720786 0.07534432 0.02149569 0.07720786 0.07491385 0.0215888 0.07720786 0.07448345 0.0216819 0.07720786 0.07405298 0.02177488 0.07720786 0.07396978 0.02179288 0.07720786 0.07363623 0.02186495 0.07720786 0.07329988 0.02193766 0.07720786 0.07304447 0.02199286 0.07720786 0.06953281 0.02270776 0.07720786 0.06602454 0.02332615 0.07720786 0.06252413 0.02382284 0.07720786 0.05903619 0.02417266 0.07720786 0.05556523 0.02435028 0.07720786 0.05211591 0.02433061 0.07720786 0.04869264 0.02408844 0.07720786 0.04530012 0.02359855 0.07720786 0.04194277 0.02283573 0.07720786 0.03862524 0.02177482 0.07720786 0.03535211 0.02039057 0.07720786 0.03212779 0.0186578 0.07720786 0.03090441 0.01783901 0.07720786 0.02970987 0.01698845 0.07720786 0.02854174 0.01610857 0.07720786 0.02739751 0.0152018 0.07720786 0.02627474 0.0142706 0.07720786 0.02408349 0.01234459 0.07720786 0.02194821 0.01035022 0.07720786 0.01984906 0.00830686 0.07720786 0.01857167 0.007039189 0.07720786 0.01804518 0.006514191 0.07720786 0.01769101 0.006158053 0.07720786 0.01733869 0.005800724 0.07720786 0.01698827 0.005442082 0.07720786 0.01664 0.005081713 0.07720786 0.01629394 0.004719436 0.07720786 0.01595032 0.004354953 0.07720786 0.0156092 0.003987908 0.07720786 0.01527076 0.003618121 0.07720786 0.01493519 0.003245234 0.07720786 0.01460254 0.002869009 0.07720786 0.01427304 0.002489209 0.07720786 0.01325148 0.001339733 0.07720786 0.01216524 1.7828e-4 0.07720786 0.01101762 -9.76429e-4 0.07720786 0.009811878 -0.002105534 0.07720786 0.008551299 -0.003190279 0.07720786 0.007239222 -0.004211783 0.07720786 0.005878865 -0.005151331 0.07720786 0.004473626 -0.005990087 0.07720786 0.003026664 -0.006709158 0.07720786 0.001541376 -0.007289886 0.07720786 2.1006e-5 -0.007713317 0.07720786 -0.001531124 -0.007960796 0.07720786 -0.002952456 -0.007926225 0.07720786 -0.00431919 -0.007747232 0.07720786 -0.005635082 -0.007436573 0.07720786 -0.006903827 -0.007007181 0.07720786 -0.008129179 -0.006471872 0.07720786 -0.009314715 -0.00584352 0.07720786 -0.01046425 -0.00513494 0.07720786 -0.01158148 -0.004359066 0.07720786 -0.01267009 -0.003528714 0.07720786 -0.0137338 -0.002656698 0.07720786 -0.01477628 -0.001755952 0.07720786 -0.01580131 -8.39353e-4 0.07720786 -0.01608312 -5.91973e-4 0.07720786 -0.01717066 3.58411e-4 0.07720786 -0.01768445 8.0765e-4 0.07720786 -0.01790767 0.001003205 0.07720786 -0.01817095 0.001234948 0.07720786 -0.0183615 0.001403331 0.07720786 -0.01847738 0.001505851 0.07720786 -0.01983982 0.00274682 0.07720786 -0.02100259 0.003788113 0.07720786 -0.02201211 0.004654824 0.07720786 -0.02291506 0.005372166 0.07720786 -0.02375799 0.005965352 0.07720786 -0.02458739 0.006459534 0.07720786 -0.02544987 0.006879806 0.07720786 -0.02639198 0.007251441 0.07720786 -0.02746033 0.007599532 0.07720786 -0.02870142 0.007949233 0.07720786 -0.03016191 0.008325815 0.07720786 -0.0318883 0.008754372 0.07720786 -0.03250569 0.008642733 0.07720786 -0.03309178 0.008475899 0.07720786 -0.0336489 0.008258521 0.07720786 -0.03417944 0.007995188 0.07720786 -0.03468573 0.00769037 0.07720786 -0.03517007 0.007348775 0.07720786 -0.03563499 0.006974995 0.07720786 -0.03693598 0.005706012 0.07720786 -0.0373463 0.005249202 0.07720786 -0.03774893 0.004783034 0.07720786 -0.03911411 0.00285083 0.07720786 -0.04040747 8.53809e-4 0.07720786 -0.04163557 -0.001199305 0.07720786 -0.04280507 -0.003299832 0.07720786 -0.04392272 -0.005438983 0.07720786 -0.04499506 -0.007608056 0.07720786 -0.04602885 -0.009798228 0.07720786 -0.04703068 -0.01200085 0.07720786 -0.04800724 -0.01420712 0.07720786 -0.04896521 -0.01640838 0.07720786 -0.0499112 -0.01859581 0.07720786 -0.05085188 -0.02076071 0.07720786 -0.05102759 -0.02116155 0.07720786 -0.05120396 -0.02156215 0.07720786 -0.05138081 -0.02196246 0.07720786 -0.05155819 -0.02236253 0.07720786 -0.05173605 -0.02276241 0.07720786 -0.05191433 -0.02316206 0.07720786 -0.05209308 -0.02356153 0.07720786 -0.0522722 -0.02396082 0.07720786 -0.05245161 -0.02435994 0.07720786 -0.05263137 -0.02475899 0.07720786 -0.05281144 -0.02515792 0.07720786 -0.05299168 -0.02555674 0.07720786 -0.05341625 -0.02649843 0.07720786 -0.05383861 -0.02744108 0.07720786 -0.05425894 -0.0283845 0.07720786 -0.05467742 -0.0293287 0.07720786 -0.05509424 -0.03027367 0.07720786 -0.05550944 -0.0312193 0.07720786 -0.05592328 -0.03216552 0.07720786 -0.05633586 -0.03311228 0.07720786 -0.05674731 -0.03405958 0.07720786 -0.05715787 -0.03500735 0.07720786 -0.05756765 -0.03595548 0.07720786 -0.05800557 -0.03697091 0.07720786 -0.05815029 -0.03730666 0.07720786 -0.05823791 -0.03750991 0.07720786 -0.05826729 -0.03757816 0.07720786 -0.05831164 -0.03768104 0.07720786 -0.05844146 -0.03798216 0.07720786 -0.05855637 -0.03824883 0.07720786 -0.05867129 -0.03851556 0.07720786 -0.05878621 -0.03878223 0.07720786 -0.05890119 -0.03904896 0.07720786 -0.0590161 -0.03931564 0.07720786 -0.05913102 -0.03958237 0.07720786 -0.05924594 -0.03984904 0.07720786 -0.05936086 -0.04011577 0.07720786 -0.05947577 -0.04038244 0.07720786 -0.05959069 -0.04064917 0.07720786 -0.05970561 -0.04091584 0.07720786 -0.06363546 -0.05002754 0.07720786 -0.06693094 -0.05763399 0.07720786 -0.06966996 -0.06388211 0.07720786 -0.0719304 -0.0689187 0.07720786 -0.07379001 -0.07289087 0.07720786 -0.07532674 -0.07594549 0.07720786 -0.07661837 -0.07822942 0.07720786 -0.07774281 -0.07988971 0.07720786 -0.07877779 -0.08107322 0.07720786 -0.07980126 -0.08192694 0.07720786 -0.08089101 -0.08259767 0.07720786 -0.08212488 -0.08323252 0.07720786 -0.08239781 -0.08326965 0.07720786 -0.08265644 -0.08330219 0.07720786 -0.08290296 -0.08332782 0.07720786 -0.08313971 -0.08334434 0.07720786 -0.08336895 -0.08334952 0.07720786 -0.08359295 -0.08334118 0.07720786 -0.08381396 -0.08331698 0.07720786 -0.08524906 -0.08262234 0.07720786 -0.08650469 -0.08139955 0.07720786 -0.08664053 -0.08125734 0.07720786 -0.08686554 -0.08103096 0.07720786 -0.08709299 -0.0808022 0.07720786 -0.08718514 -0.08070951 0.07720786 -0.08860236 -0.07911491 0.07720786 -0.08993589 -0.07743227 0.07720786 -0.09119397 -0.07567358 0.07720786 -0.09238469 -0.07385087 0.07720786 -0.09351629 -0.07197606 0.07720786 -0.09459692 -0.0700612 0.07720786 -0.09563481 -0.06811827 0.07720786 -0.0966382 -0.06615924 0.07720786 -0.09761512 -0.06419605 0.07720786 -0.09857392 -0.06224071 0.07720786 -0.0995227 -0.06030529 0.07720786 -0.1004697 -0.0584017 0.07720786 -0.100515 -0.05831176 0.07720786 -0.1006288 -0.05808591 0.07720786 -0.1025195 -0.05431616 0.07720786 -0.1034022 -0.0525431 0.07720786 -0.1042807 -0.05076783 0.07720786 -0.1051542 -0.04899001 0.07720786 -0.1060219 -0.04720938 0.07720786 -0.1068832 -0.04542571 0.07720786 -0.1077373 -0.04363864 0.07720786 -0.1085836 -0.04184794 0.07720786 -0.1094211 -0.0400533 0.07720786 -0.1102494 -0.03825443 0.07720786 -0.1110676 -0.0364511 0.07720786 -0.1113079 -0.03592032 0.07720786 -0.1114283 -0.03565502 0.07720786 -0.1115489 -0.03538984 0.07720786 -0.1116696 -0.03512465 0.07720786 -0.1119114 -0.03459453 0.07720786 -0.1120324 -0.03432959 0.07720786 -0.1121535 -0.03406465 0.07720786 -0.1122747 -0.0337997 0.07720786 -0.112396 -0.03353482 0.07720786 -0.1125173 -0.03326994 0.07720786 -0.1126099 -0.0330677 0.07720786 -0.1127739 -0.03270965 0.07720786 -0.1129413 -0.0323441 0.07720786 -0.113085 -0.03203052 0.07720786 -0.1132766 -0.03161239 0.07720786 -0.1133723 -0.0314033 0.07720786 -0.1136837 -0.03072327 0.07720786 -0.113995 -0.03004312 0.07720786 -0.1143062 -0.02936291 0.07720786 -0.1146171 -0.02868264 0.07720786 -0.1149278 -0.02800226 0.07720786 -0.1152383 -0.02732175 0.07720786 -0.1155484 -0.02664113 0.07720786 -0.1158583 -0.02596032 0.07720786 -0.1161677 -0.0252794 0.07720786 -0.1164768 -0.02459824 0.07720786 -0.1167854 -0.0239169 0.07720786 -0.1170936 -0.02323532 0.07720786 -0.1178188 -0.0216366 0.07720786 -0.1185486 -0.02004027 0.07720786 -0.1192832 -0.01844644 0.07720786 -0.1200228 -0.01685518 0.07720786 -0.1207677 -0.01526653 0.07720786 -0.1215183 -0.01368057 0.07720786 -0.1222745 -0.01209741 0.07720786 -0.1230369 -0.01051712 0.07720786 -0.1238057 -0.008939683 0.07720786 -0.124581 -0.007365167 0.07720786 -0.1253631 -0.00579369 0.07720786 -0.1261524 -0.004225373 0.07720786 -0.1261995 -0.004131317 0.07720786 -0.1263878 -0.003755152 0.07720786 -0.1264819 -0.003567039 0.07720786 -0.126576 -0.003378927 0.07720786 -0.1275933 -0.00305742 0.07720786 -0.127996 -0.003081679 0.07720786 -0.1283801 -0.003134429 0.07720786 -0.1287492 -0.003215014 0.07720786 -0.1291072 -0.003322839 0.07720786 -0.129458 -0.003457248 0.07720786 -0.1305034 -0.004014253 0.07720786 -0.1329685 -0.006033957 0.07720786 -0.1338001 -0.006828904 0.07720786 -0.1354003 -0.008474767 0.07720786 -0.1361728 -0.009322702 0.07720786 -0.1369296 -0.01018524 0.07720786 -0.1376727 -0.01106101 0.07720786 -0.1384038 -0.0119484 0.07720786 -0.1391252 -0.01284593 0.07720786 -0.1409348 -0.01517051 0.07720786 -0.1421986 -0.01565849 0.07720786 -0.141768 -0.0150935 0.07720786 0.1279475 0.0300768 0.07720786 0.1282051 0.03040802 0.07720786</float_array>
          <technique_common>
            <accessor source="#Mesh-mesh-positions-array" count="6176" stride="3">
              <param name="X" type="float"/>
              <param name="Y" type="float"/>
              <param name="Z" type="float"/>
            </accessor>
          </technique_common>
        </source>
        <source id="Mesh-mesh-normals">
          <float_array id="Mesh-mesh-normals-array" count="18564">0 0 1 0 0 1 0 0 1 0 0 1 -0.9043265 0.4268414 0 0 0 1 -0.910265 0.4140259 0 0 0 1 -0.9144275 0.4047498 0 0 0 1 -0.9169344 0.3990382 0 0 0 1 -0.9178459 0.396937 0 0 0 1 -0.9171579 0.3985241 0 0 0 1 -0.915852 0.4015159 0 0 0 1 -0.9152624 0.4028584 0 0 0 1 -0.9147027 0.4041274 0 0 0 1 -0.9141773 0.4053145 0 0 0 1 -0.9136858 0.4064212 0 0 0 1 -0.9132294 0.407446 0 0 0 1 -0.9128072 0.4083905 0 0 0 1 -0.91242 0.4092551 0 0 0 1 -0.9120692 0.4100363 0 0 0 1 -0.9117496 0.4107463 0 0 0 1 -0.9114695 0.4113678 0 0 0 1 -0.9112249 0.4119094 0 0 0 1 -0.9116479 0.4109723 0 0 0 1 -0.9125765 0.4089061 0 0 0 1 -0.913437 0.4069803 0 0 0 1 -0.9142298 0.4051961 0 0 0 1 -0.9149558 0.4035542 0 0 0 1 -0.9156157 0.4020547 0 0 0 1 -0.9162105 0.4006975 0 0 0 1 -0.9167404 0.3994835 0 0 0 1 -0.9172065 0.3984124 0 0 0 1 -0.9176087 0.3974849 0 0 0 1 -0.9179477 0.3967015 0 0 0 1 -0.9182263 0.3960562 0 0 0 1 -0.9183263 0.3958241 0 0 0 1 -0.9183346 0.3958048 0 0 0 1 -0.9183328 0.3958093 0 0 0 1 -0.9183312 0.3958131 0 0 0 1 -0.9183298 0.395816 0 0 0 1 -0.9183368 0.3957998 0 0 0 1 -0.9183336 0.3958072 0 0 0 1 -0.9183307 0.395814 0 0 0 1 -0.9183282 0.3958198 0 0 0 1 -0.9183338 0.3958067 0 0 0 1 -0.9183349 0.3958042 0 0 0 1 -0.9183462 0.3957779 0 0 0 1 -0.918353 0.3957624 0 0 0 1 -0.918353 0.3957624 0 0 0 1 -0.9183576 0.3957515 0 0 0 1 -0.9183576 0.3957515 0 0 0 1 -0.9183597 0.3957469 0 0 0 1 -0.9183643 0.3957361 0 0 0 1 -0.9183643 0.3957361 0 0 0 1 -0.9183643 0.3957361 0 0 0 1 -0.9183689 0.3957253 0 0 0 1 -0.9183689 0.3957253 0 0 0 1 -0.9182386 0.3960277 0 0 0 1 -0.9175832 0.397544 0 0 0 1 -0.9158609 0.4014958 0 0 0 1 -0.9123327 0.4094496 0 0 0 1 -0.9056609 0.4240027 0 0 0 1 -0.8933224 0.4494164 0 0 0 1 -0.8704495 0.4922577 0 0 0 1 -0.8279891 0.5607443 0 0 0 1 -0.7527551 0.6583006 0 0 0 1 -0.6405385 0.767926 0 0 0 1 -0.5241919 0.8516001 0 0 0 1 -0.4574846 0.8892175 0 0 0 1 -0.1348863 0.9908611 0 0 0 1 -0.1247454 0.9921888 0 0 0 1 -0.103458 0.9946339 0 0 0 1 -0.06966072 0.9975707 0 0 0 1 -0.02268075 0.9997427 0 0 0 1 0.03736203 0.9993017 0 0 0 1 0.1087468 0.9940695 0 0 0 1 0.1882017 0.9821304 0 0 0 1 0.2711031 0.9625503 0 0 0 1 0.3524097 0.9358459 0 0 0 1 0.4278541 0.9038478 0 0 0 1 0.4946458 0.8690947 0 0 0 1 0.654518 0.7560465 0 0 0 1 0.6630499 0.7485752 0 0 0 1 0.6711742 0.7412998 0 0 0 1 0.6788172 0.7343073 0 0 0 1 0.686046 0.7275583 0 0 0 1 0.6927905 0.7211389 0 0 0 1 0.6990836 0.7150399 0 0 0 1 0.7048807 0.7093259 0 0 0 1 0.7101797 0.7040205 0 0 0 1 0.7150182 0.699106 0 0 0 1 0.7193595 0.6946379 0 0 0 1 0.7232257 0.6906118 0 0 0 1 0.7091497 0.705058 0 0 0 1 0.7092071 0.7050002 0 0 0 1 0.7092054 0.705002 0 0 0 1 0.7091447 0.7050631 0 0 0 1 0.7091991 0.7050082 0 0 0 1 0.7091947 0.7050127 0 0 0 1 0.7091895 0.7050179 0 0 0 1 0.7091835 0.705024 0 0 0 1 0.7091767 0.7050309 0 0 0 1 0.709169 0.7050386 0 0 0 1 0.7092174 0.7049898 0 0 0 1 0.7089811 0.7052275 0 0 0 1 0.7474564 0.6643107 0 0 0 1 0.7837147 0.621121 0 0 0 1 0.8133285 0.5818049 0 0 0 1 0.8371925 0.5469083 0 0 0 1 0.8561351 0.516752 0 0 0 1 0.8708855 0.491486 0 0 0 1 0.882039 0.4711764 0 0 0 1 0.8900579 0.4558475 0 0 0 1 0.8952682 0.4455275 0 0 0 1 0.8978658 0.4402694 0 0 0 1 0.8979139 0.4401713 0 0 0 1 0.8953344 0.4453946 0 0 0 1 0.8930764 0.449905 0 0 0 1 0.8930324 0.4499924 0 0 0 1 0.8930632 0.4499312 0 0 0 1 0.8930501 0.4499573 0 0 0 1 0.8930523 0.4499528 0 0 0 1 0.8930108 0.4500351 0 0 0 1 0.8929998 0.4500572 0 0 0 1 0.8930479 0.4499616 0 0 0 1 0.8930086 0.4500396 0 0 0 1 0.8930432 0.4499711 0 0 0 1 0.8930196 0.4500176 0 0 0 1 0.893026 0.4500051 0 0 0 1 0.8935568 0.4489502 0 0 0 1 0.8942921 0.4474837 0 0 0 1 0.8951989 0.4456669 0 0 0 1 0.8962781 0.4434926 0 0 0 1 0.8975245 0.4409648 0 0 0 1 0.8989362 0.4380795 0 0 0 1 0.9005084 0.4348387 0 0 0 1 0.9022411 0.4312319 0 0 0 1 0.9041263 0.4272654 0 0 0 1 0.9061629 0.4229289 0 0 0 1 0.9083422 0.4182277 0 0 0 1 0.9106598 0.4131571 0 0 0 1 0.9111269 0.4121259 0 0 0 1 0.9108462 0.4127458 0 0 0 1 0.9105888 0.4133135 0 0 0 1 0.9103451 0.4138502 0 0 0 1 0.9101246 0.4143347 0 0 0 1 0.9099254 0.4147719 0 0 0 1 0.9097498 0.4151571 0 0 0 1 0.909588 0.4155113 0 0 0 1 0.9094595 0.4157924 0 0 0 1 0.909343 0.4160475 0 0 0 1 0.90925 0.4162505 0 0 0 1 0.9091809 0.4164015 0 0 0 1 0.9091801 0.416403 0 0 0 1 0.9091991 0.4163616 0 0 0 1 0.9091747 0.4164149 0 0 0 1 0.9091693 0.4164267 0 0 0 1 0.9091828 0.4163972 0 0 0 1 0.9092151 0.4163265 0 0 0 1 0.9092043 0.4163503 0 0 0 1 0.9092123 0.4163329 0 0 0 1 0.9091774 0.4164091 0 0 0 1 0.9091728 0.416419 0 0 0 1 0.9091755 0.4164132 0 0 0 1 0.9091854 0.4163919 0 0 0 1 0.9091544 0.4164595 0 0 0 1 0.9091544 0.4164595 0 0 0 1 0.9091544 0.4164595 0 0 0 1 0.9091544 0.4164595 0 0 0 1 0.9091544 0.4164595 0 0 0 1 0.9091544 0.4164595 0 0 0 1 0.9091544 0.4164595 0 0 0 1 0.9091544 0.4164595 0 0 0 1 0.9091487 0.4164717 0 0 0 1 0.9091487 0.4164717 0 0 0 1 0.9091487 0.4164717 0 0 0 1 0.9091487 0.4164717 0 0 0 1 0.9092017 0.4163559 0 0 0 1 0.9092788 0.4161877 0 0 0 1 0.9093785 0.4159697 0 0 0 1 0.9094967 0.4157112 0 0 0 1 0.9096375 0.4154031 0 0 0 1 0.9097966 0.4150543 0 0 0 1 0.9099779 0.4146568 0 0 0 1 0.9101778 0.4142178 0 0 0 1 0.9104001 0.4137288 0 0 0 1 0.9106444 0.413191 0 0 0 1 0.9109066 0.4126125 0 0 0 1 0.9111794 0.4120098 0 0 0 1 0.9106772 0.4131187 0 0 0 1 0.9094654 0.4157795 0 0 0 1 0.9081841 0.4185709 0 0 0 1 0.9068304 0.4214957 0 0 0 1 0.9054031 0.4245529 0 0 0 1 0.903901 0.4277417 0 0 0 1 0.9023246 0.4310574 0 0 0 1 0.9006707 0.4345024 0 0 0 1 0.8989399 0.4380722 0 0 0 1 0.897129 0.4417686 0 0 0 1 0.8952353 0.4455938 0 0 0 1 0.893262 0.4495365 0 0 0 1 0.8941463 0.447775 0 0 0 1 0.8941525 0.4477626 0 0 0 1 0.8941596 0.4477484 0 0 0 1 0.8942242 0.4476191 0 0 0 1 0.8942903 0.4474872 0 0 0 1 0.8943009 0.447466 0 0 0 1 0.8943696 0.4473287 0 0 0 1 0.8944392 0.4471897 0 0 0 1 0.89451 0.447048 0 0 0 1 0.8945822 0.4469037 0 0 0 1 0.8946551 0.4467574 0 0 0 1 0.8948417 0.4463835 0 0 0 1 0.07617872 0.9970942 0 0 0 1 0.01127725 0.9999364 0 0 0 1 -0.0601775 0.9981877 0 0 0 1 -0.1360402 0.9907034 0 0 0 1 -0.2132676 0.9769938 0 0 0 1 -0.2883568 0.957523 0 0 0 1 -0.3579866 0.9337267 0 0 0 1 -0.4196515 0.9076853 0 0 0 1 -0.4719164 0.8816433 0 0 0 1 -0.5144444 0.8575237 0 0 0 1 -0.5476018 0.8367391 0 0 0 1 -0.5722882 0.8200526 0 0 0 1 -0.6494013 0.7604459 0 0 0 1 -0.6711732 0.7413006 0 0 0 1 -0.6910035 0.7228514 0 0 0 1 -0.7089164 0.7052925 0 0 0 1 -0.7249541 0.6887972 0 0 0 1 -0.7391905 0.6734964 0 0 0 1 -0.7516949 0.659511 0 0 0 1 -0.7625262 0.6469574 0 0 0 1 -0.7717634 0.6359098 0 0 0 1 -0.7794809 0.6264259 0 0 0 1 -0.7857356 0.6185626 0 0 0 1 -0.7905884 0.612348 0 0 0 1 -0.7924251 0.6099693 0 0 0 1 -0.79237 0.6100409 0 0 0 1 -0.7923099 0.6101188 0 0 0 1 -0.7922144 0.6102429 0 0 0 1 -0.7921494 0.6103272 0 0 0 1 -0.7920489 0.6104576 0 0 0 1 -0.7919436 0.6105944 0 0 0 1 0.0506367 -0.9987171 0 0 0 1 0.8859801 -0.4637231 0 0 0 1 0.9157462 -0.4017574 0 0 0 1 0.6476143 -0.7619684 0 0 0 1 0.6568178 -0.7540493 0 0 0 1 0.1609024 -0.9869704 0 0 0 1 0.1041975 -0.9945566 0 0 0 1 -0.2664716 0.9638427 0 0 0 1 -0.3067668 0.9517847 0 0 0 1 -0.9183397 0.395793 0 0 0 1 0 0 1 0 0 1 0 0 1 0 0 1 0 0 1 0 0 1 0 0 1 0 0 1 0 0 1 0 0 1 0 0 1 0 0 1 0 0 1 0 0 1 0 0 1 0 0 1 0 0 1 0 0 1 0 0 1 0 0 1 0 0 1 0 0 1 0 0 1 0 0 1 0 0 1 0 0 1 0 0 1 0 0 1 0 0 1 0 0 1 0 0 1 0 0 1 0 0 1 0 0 1 0 0 1 0 0 1 0 0 1 0 0 1 0 0 1 0 0 1 0 0 1 0 0 1 0 0 1 0 0 1 0 0 1 0 0 1 0 0 1 0 0 1 0 0 1 0 0 1 0 0 1 0 0 1 0 0 1 0 0 1 0 0 1 0 0 1 0 0 1 0 0 1 0 0 1 0 0 1 0 0 1 0 0 1 0 0 1 0.7953788 -0.6061128 0 0 0 1 0.7893432 -0.6139523 0 0 0 1 0 0 1 0 0 1 0 0 1 0 0 1 0 0 1 0 0 1 0 0 1 0 0 1 0 0 1 0 0 1 0 0 1 0 0 1 0 0 1 0 0 1 0 0 1 0 0 1 0 0 1 0 0 1 0 0 1 0 0 1 0 0 1 0 0 1 0 0 1 0 0 1 0 0 1 0 0 1 0 0 1 0 0 1 0 0 1 0 0 1 0 0 1 0 0 1 0 0 1 0 0 1 0 0 1 0 0 1 0 0 1 0 0 1 0 0 1 0 0 1 0 0 1 0 0 1 0 0 1 0 0 1 0 0 1 0 0 1 0 0 1 0 0 1 0 0 1 0 0 1 0 0 1 0 0 1 0 0 1 0 0 1 0 0 1 0 0 1 0 0 1 0 0 1 0 0 1 0 0 1 0 0 1 0 0 1 0 0 1 0 0 1 0 0 1 0 0 1 0 0 1 0 0 1 0 0 1 0 0 1 0 0 1 0 0 1 0 0 1 0 0 1 0 0 1 0 0 1 0 0 1 0 0 1 0 0 1 0 0 1 0 0 1 0 0 1 0 0 1 0 0 1 0 0 1 0 0 1 0 0 1 0 0 1 0 0 1 0 0 1 0 0 1 0 0 1 0 0 1 0 0 1 0 0 1 0 0 1 0 0 1 0 0 1 0 0 1 0 0 1 0 0 1 0 0 1 0 0 1 0 0 1 0 0 1 0 0 1 0 0 1 0 0 1 0 0 1 0 0 1 0 0 1 0 0 1 0 0 1 0 0 1 0 0 1 0 0 1 0 0 1 0 0 1 0 0 1 0 0 1 0 0 1 0 0 1 0 0 1 0 0 1 0 0 1 0 0 1 0 0 1 0 0 1 0 0 1 0 0 1 0 0 1 0 0 1 0 0 1 0 0 1 0 0 1 0 0 1 0 0 1 0 0 1 0 0 1 0 0 1 0 0 1 0 0 1 0 0 1 0 0 1 0 0 1 0 0 1 0 0 1 0 0 1 0 0 1 0 0 1 0 0 1 0 0 1 0 0 1 0 0 1 0 0 1 0 0 1 0 0 1 0 0 1 0 0 1 0 0 1 0 0 1 0 0 1 0 0 1 0 0 1 0 0 1 0 0 1 0 0 1 0 0 1 0 0 1 0 0 1 0 0 1 0 0 1 0 0 1 0 0 1 0 0 1 0 0 1 0 0 1 0 0 1 0 0 1 0 0 1 0 0 1 0 0 1 0 0 1 0 0 1 0 0 1 0 0 1 0 0 1 0 0 1 0 0 1 0 0 1 0 0 1 0 0 1 0 0 1 0 0 1 0 0 1 0 0 1 0 0 1 0 0 1 0 0 1 0 0 1 0 0 1 0 0 1 0 0 1 0 0 1 0 0 1 0 0 1 0 0 1 0 0 1 0 0 1 0 0 1 0 0 1 0 0 1 0 0 1 0 0 1 0 0 1 0 0 1 0 0 1 0 0 1 0 0 1 0 0 1 0 0 1 0 0 1 0 0 1 0 0 1 0 0 1 0 0 1 0 0 1 0 0 1 0 0 1 0 0 1 0 0 1 0 0 1 0 0 1 0 0 1 0 0 1 0 0 1 0 0 1 0 0 1 0 0 1 0 0 1 0 0 1 0 0 1 0 0 1 0 0 1 0 0 1 0 0 1 0 0 1 0 0 1 0 0 1 0 0 1 0 0 1 0 0 1 0 0 1 0 0 1 0 0 1 0 0 1 0 0 1 0 0 1 0 0 1 0 0 1 0 0 1 0 0 1 0 0 1 0 0 1 0 0 1 0 0 1 0 0 1 0 0 1 0 0 1 0 0 1 0 0 1 0 0 1 0 0 1 0 0 1 0 0 1 0 0 1 0 0 1 0 0 1 0 0 1 0 0 1 0 0 1 0 0 1 0 0 1 0 0 1 0 0 1 0 0 1 0 0 1 0 0 1 0 0 1 0 0 1 0 0 1 0 0 1 0 0 1 0 0 1 0 0 1 0 0 1 0 0 1 0 0 1 0 0 1 0 0 1 0 0 1 0 0 1 0 0 1 0 0 1 0 0 1 0 0 1 0 0 1 -0.7918331 0.6107375 0 0 0 1 -0.7917228 0.6108806 0 0 0 1 -0.7915719 0.6110761 0 0 0 1 -0.7914549 0.6112277 0 0 0 1 -0.7912634 0.6114755 0 0 0 1 -0.7914348 0.6112536 0 0 0 1 -0.7916738 0.6109439 0 0 0 1 -0.7919079 0.6106405 0 0 0 1 -0.7920952 0.6103975 0 0 0 1 -0.792334 0.6100877 0 0 0 1 -0.7925775 0.6097712 0 0 0 1 -0.7928159 0.6094611 0 0 0 1 -0.7930592 0.6091445 0 0 0 1 -0.793251 0.6088948 0 0 0 1 -0.7934941 0.608578 0 0 0 1 -0.7937371 0.6082611 0 0 0 1 -0.7940411 0.6078641 0 0 0 1 -0.7912272 0.6115223 0 0 0 1 -0.7888783 0.6145496 0 0 0 1 -0.7827705 0.6223105 0 0 0 1 -0.7705727 0.6373521 0 0 0 1 -0.7486749 0.6629374 0 0 0 1 -0.7118954 0.7022855 0 0 0 1 -0.6545955 0.7559792 0 0 0 1 -0.5752335 0.8179893 0 0 0 1 -0.4836079 0.8752847 0 0 0 1 -0.4007422 0.9161909 0 0 0 1 -0.3447356 0.9386999 0 0 0 1 -0.3197156 0.9475136 0 0 0 1 -0.09604865 0.9953766 0 0 0 1 -0.07640725 0.9970768 0 0 0 1 -0.05882972 0.998268 0 0 0 1 -0.04333215 0.9990608 0 0 0 1 -0.02992856 0.9995521 0 0 0 1 -0.01861989 0.9998267 0 0 0 1 -0.009405672 0.9999557 0 0 0 1 -0.002284348 0.9999973 0 0 0 1 0.002751231 0.9999963 0 0 0 1 0.005699455 0.9999837 0 0 0 1 0.006562292 0.9999784 0 0 0 1 0.00533533 0.9999858 0 0 0 1 0.002276837 0.9999974 0 0 0 1 0.002240717 0.9999974 0 0 0 1 0.002204596 0.9999976 0 0 0 1 0.002168416 0.9999976 0 0 0 1 0.002132296 0.9999977 0 0 0 1 0.002096176 0.9999978 0 0 0 1 0.002059996 0.9999979 0 0 0 1 0.002023875 0.9999979 0 0 0 1 0.001999795 0.999998 0 0 0 1 0.001963615 0.999998 0 0 0 1 0.001927495 0.9999981 0 0 0 1 0.001866519 0.9999983 0 0 0 1 0.002138316 0.9999977 0 0 0 1 0.002317368 0.9999973 0 0 0 1 0.002491414 0.9999969 0 0 0 1 0.00266546 0.9999964 0 0 0 1 0.002834558 0.999996 0 0 0 1 0.00299865 0.9999955 0 0 0 1 0.003162741 0.999995 0 0 0 1 0.003321886 0.9999945 0 0 0 1 0.00348103 0.9999939 0 0 0 1 0.003635168 0.9999934 0 0 0 1 0.003784358 0.9999929 0 0 0 1 0.003928244 0.9999923 0 0 0 1 1 0 0 0 0 1 1 0 0 0 0 1 1 0 0 0 0 1 1 0 0 0 0 1 1 0 0 0 0 1 1 0 0 0 0 1 1 0 0 0 0 1 1 0 0 0 0 1 1 0 0 0 0 1 1 0 0 0 0 1 1 0 0 0 0 1 1 0 0 0 0 1 0.06265228 -0.9980354 0 0 0 1 0.05827003 -0.9983009 0 0 0 1 0.05406105 -0.9985376 0 0 0 1 0.05003213 -0.9987477 0 0 0 1 0.04618048 -0.9989331 0 0 0 1 0.04250723 -0.9990962 0 0 0 1 0.03901791 -0.9992386 0 0 0 1 0.03570765 -0.9993623 0 0 0 1 0.03258299 -0.999469 0 0 0 1 0.02964049 -0.9995605 0 0 0 1 0.02688068 -0.9996386 0 0 0 1 0.02430337 -0.9997046 0 0 0 1 0.02409327 -0.9997097 0 0 0 1 0.02517664 -0.999683 0 0 0 1 0.02626007 -0.9996552 0 0 0 1 0.02733713 -0.9996263 0 0 0 1 0.02840894 -0.9995964 0 0 0 1 0.02947539 -0.9995655 0 0 0 1 0.03053659 -0.9995337 0 0 0 1 0.03159773 -0.9995006 0 0 0 1 0.03264689 -0.999467 0 0 0 1 0.03369593 -0.9994321 0 0 0 1 0.03473955 -0.9993964 0 0 0 1 0.03576564 -0.9993602 0 0 0 1 0.03173285 -0.9994964 0 0 0 1 0.03173816 -0.9994962 0 0 0 1 0.0317378 -0.9994962 0 0 0 1 0.03174281 -0.9994961 0 0 0 1 0.03173071 -0.9994964 0 0 0 1 0.0317353 -0.9994964 0 0 0 1 0.03171736 -0.9994968 0 0 0 1 0.03171598 -0.9994969 0 0 0 1 0.03171986 -0.9994968 0 0 0 1 0.03171259 -0.9994971 0 0 0 1 0.03170806 -0.9994972 0 0 0 1 0.0582692 -0.9983009 0 0 0 1 0.07187306 -0.9974138 0 0 0 1 0.0963301 -0.9953494 0 0 0 1 0.1330572 -0.9911084 0 0 0 1 0.1799975 -0.9836671 0 0 0 1 0.2308263 -0.9729949 0 0 0 1 0.277211 -0.9608091 0 0 0 1 0.3131207 -0.9497133 0 0 0 1 0.3368693 -0.9415514 0 0 0 1 0.3499997 -0.9367498 0 0 0 1 0.3553259 -0.9347425 0 0 0 1 0.7587288 -0.6514067 0 0 0 1 0.7659907 -0.6428516 0 0 0 1 0.7726977 -0.6347742 0 0 0 1 0.7788375 -0.6272259 0 0 0 1 0.7844172 -0.6202337 0 0 0 1 0.7894465 -0.6138193 0 0 0 1 0.7939357 -0.6080017 0 0 0 1 0.7978965 -0.6027945 0 0 0 1 0.8013365 -0.5982137 0 0 0 1 0.8042672 -0.594268 0 0 0 1 0.8066949 -0.590968 0 0 0 1 0.808646 -0.5882955 0 0 0 1 0.8030565 -0.5959028 0 0 0 1 0.7992724 -0.600969 0 0 0 1 -0.7953788 0.6061128 0 0 0 1 0.7913678 -0.6113402 0 0 0 1 0.7872312 -0.616658 0 0 0 1 0.7829913 -0.6220327 0 0 0 1 0.7786306 -0.6274826 0 0 0 1 0.7741726 -0.6329745 0 0 0 1 0.7696003 -0.638526 0 0 0 1 0.7649276 -0.6441164 0 0 0 1 0.7601693 -0.649725 0 0 0 1 0.7552986 -0.6553808 0 0 0 1 0.7664239 -0.6423351 0 0 0 1 0.7664417 -0.642314 0 0 0 1 0.7663547 -0.6424177 0 0 0 1 0.7664018 -0.6423615 0 0 0 1 0.7663505 -0.6424227 0 0 0 1 0.7664327 -0.6423246 0 0 0 1 0.7664168 -0.6423436 0 0 0 1 0.7664184 -0.6423416 0 0 0 1 0.7663229 -0.6424556 0 0 0 1 0.7663598 -0.6424117 0 0 0 1 0.7662999 -0.6424831 0 0 0 1 0.7662519 -0.6425404 0 0 0 1 0.7633918 -0.6459357 0 0 0 1 0.7603369 -0.6495289 0 0 0 1 0.7524371 -0.6586642 0 0 0 1 0.7368453 -0.6760614 0 0 0 1 0.7094269 -0.704779 0 0 0 1 0.6651034 -0.7467513 0 0 0 1 0.6002039 -0.7998471 0 0 0 1 0.5178735 -0.8554573 0 0 0 1 0.4320127 -0.9018675 0 0 0 1 0.3611418 -0.9325109 0 0 0 1 0.3161836 -0.9486981 0 0 0 1 0.2967556 -0.9549535 0 0 0 1 -0.02481907 -0.999692 0 0 0 1 -0.08161211 -0.9966642 0 0 0 1 -0.1472508 -0.9890992 0 0 0 1 -0.2194042 -0.975634 0 0 0 1 -0.2939882 -0.9558091 0 0 0 1 -0.3658301 -0.9306817 0 0 0 1 -0.4299786 -0.9028391 0 0 0 1 -0.4829647 -0.8756398 0 0 0 1 -0.5233344 -0.8521274 0 0 0 1 -0.5513589 -0.8342682 0 0 0 1 -0.5683649 -0.8227766 0 0 0 1 -0.5761122 -0.8173707 0 0 0 1 -0.7916268 -0.611005 0 0 0 1 -0.7932859 -0.6088494 0 0 0 1 -0.7973673 -0.6034944 0 0 0 1 -0.8045591 -0.5938726 0 0 0 1 -0.814921 -0.5795721 0 0 0 1 -0.8275316 -0.5614191 0 0 0 1 -0.8405743 -0.5416963 0 0 0 1 -0.8520117 -0.5235227 0 0 0 1 -0.8606117 -0.5092617 0 0 0 1 -0.8661526 -0.4997797 0 0 0 1 -0.8691531 -0.4945431 0 0 0 1 -0.8703985 -0.4923479 0 0 0 1 -0.8699023 -0.4932241 0 0 0 1 -0.8699048 -0.4932197 0 0 0 1 -0.8699081 -0.4932138 0 0 0 1 -0.8699107 -0.4932093 0 0 0 1 -0.8699142 -0.4932031 0 0 0 1 -0.8699186 -0.4931955 0 0 0 1 -0.8699222 -0.493189 0 0 0 1 -0.8699266 -0.4931811 0 0 0 1 -0.8699319 -0.4931718 0 0 0 1 -0.8699365 -0.4931637 0 0 0 1 -0.8699419 -0.4931542 0 0 0 1 -0.870163 -0.4927638 0 0 0 1 -0.881198 -0.4727472 0 0 0 1 -0.8825229 -0.4702693 0 0 0 1 -0.8838327 -0.4678031 0 0 0 1 -0.8851267 -0.4653499 0 0 0 1 -0.8863905 -0.4629384 0 0 0 1 -0.8876385 -0.460541 0 0 0 1 -0.8888634 -0.4581725 0 0 0 1 -0.890073 -0.455818 0 0 0 1 -0.8912596 -0.4534935 0 0 0 1 -0.8924229 -0.4511997 0 0 0 1 -0.8935715 -0.448921 0 0 0 1 -0.8946963 -0.4466749 0 0 0 1 -0.8947705 -0.4465263 0 0 0 1 -0.8947405 -0.4465867 0 0 0 1 -0.8947448 -0.4465777 0 0 0 1 -0.8947356 -0.4465962 0 0 0 1 -0.8947817 -0.4465038 0 0 0 1 -0.8947277 -0.4466122 0 0 0 1 -0.894737 -0.4465935 0 0 0 1 -0.8947297 -0.4466081 0 0 0 1 -0.8947048 -0.4466578 0 0 0 1 -0.8946701 -0.4467276 0 0 0 1 -0.8946882 -0.4466912 0 0 0 1 -0.8947301 -0.4466072 0 0 0 1 -0.8963884 -0.4432694 0 0 0 1 -0.8988814 -0.4381919 0 0 0 1 -0.9011413 -0.4335256 0 0 0 1 -0.9031763 -0.4292697 0 0 0 1 -0.9049926 -0.4254273 0 0 0 1 -0.9065949 -0.4220019 0 0 0 1 -0.9079853 -0.4190021 0 0 0 1 -0.9091707 -0.4164237 0 0 0 1 -0.9101513 -0.4142761 0 0 0 1 -0.9109336 -0.412553 0 0 0 1 -0.9115196 -0.4112566 0 0 0 1 -0.9119114 -0.4103872 0 0 0 1 -0.9116402 -0.4109892 0 0 0 1 -0.9111312 -0.4121167 0 0 0 1 -0.9106632 -0.4131494 0 0 0 1 -0.9102375 -0.4140866 0 0 0 1 -0.9098537 -0.4149293 0 0 0 1 -0.9095165 -0.415668 0 0 0 1 -0.9092226 -0.4163104 0 0 0 1 -0.9089708 -0.4168597 0 0 0 1 -0.9087623 -0.4173139 0 0 0 1 -0.9086018 -0.4176634 0 0 0 1 -0.9084799 -0.4179286 0 0 0 1 -0.9084054 -0.4180904 0 0 0 1 -0.908376 -0.4181543 0 0 0 1 -0.9083749 -0.4181569 0 0 0 1 -0.9083814 -0.4181429 0 0 0 1 -0.9084113 -0.4180777 0 0 0 1 -0.9084047 -0.418092 0 0 0 1 -0.9084134 -0.4180731 0 0 0 1 -0.908376 -0.4181543 0 0 0 1 -0.9084165 -0.4180666 0 0 0 1 -0.908411 -0.4180781 0 0 0 1 -0.9084187 -0.4180615 0 0 0 1 -0.9083991 -0.4181041 0 0 0 1 -0.9084237 -0.4180507 0 0 0 1 -0.9083747 -0.4181571 0 0 0 1 -0.9083734 -0.41816 0 0 0 1 -0.9083617 -0.4181853 0 0 0 1 -0.9083604 -0.4181882 0 0 0 1 -0.9083591 -0.4181911 0 0 0 1 -0.9083461 -0.4182193 0 0 0 1 -0.9083317 -0.4182505 0 0 0 1 -0.9083304 -0.4182534 0 0 0 1 -0.908316 -0.4182845 0 0 0 1 -0.9083017 -0.4183157 0 0 0 1 -0.9082887 -0.4183439 0 0 0 1 -0.9082834 -0.4183556 0 0 0 1 -0.9083216 -0.4182726 0 0 0 1 -0.9084013 -0.4180993 0 0 0 1 -0.9084753 -0.4179386 0 0 0 1 -0.9085475 -0.4177816 0 0 0 1 -0.9086197 -0.4176247 0 0 0 1 -0.9086918 -0.4174677 0 0 0 1 -0.9087564 -0.4173271 0 0 0 1 -0.9088192 -0.4171901 0 0 0 1 -0.9088838 -0.4170495 0 0 0 1 -0.9089391 -0.4169289 0 0 0 1 -0.9089944 -0.4168084 0 0 0 1 -0.909048 -0.4166916 0 0 0 1 -0.908885 -0.4170469 0 0 0 1 -0.9085227 -0.4178357 0 0 0 1 -0.9080759 -0.4188056 0 0 0 1 -0.9075443 -0.4199565 0 0 0 1 -0.9069293 -0.4212831 0 0 0 1 -0.9062256 -0.4227945 0 0 0 1 -0.9054369 -0.4244809 0 0 0 1 -0.90456 -0.4263463 0 0 0 1 -0.9035943 -0.4283893 0 0 0 1 -0.9025377 -0.4306111 0 0 0 1 -0.9013893 -0.4330099 0 0 0 1 -0.9001454 -0.4355896 0 0 0 1 -0.8995431 -0.4368319 0 0 0 1 -0.8995553 -0.4368068 0 0 0 1 -0.8995227 -0.4368738 0 0 0 1 -0.8995025 -0.4369157 0 0 0 1 -0.8995081 -0.436904 0 0 0 1 -0.899526 -0.4368673 0 0 0 1 -0.899513 -0.4368939 0 0 0 1 -0.8994985 -0.4369238 0 0 0 1 -0.8995097 -0.4369006 0 0 0 1 -0.8995329 -0.4368529 0 0 0 1 -0.8995257 -0.4368679 0 0 0 1 -0.8995724 -0.4367719 0 0 0 1 -0.8989618 -0.4380271 0 0 0 1 -0.8983673 -0.4392451 0 0 0 1 -0.8978031 -0.440397 0 0 0 1 -0.8972662 -0.4414899 0 0 0 1 -0.8967568 -0.4425237 0 0 0 1 -0.8962784 -0.4434918 0 0 0 1 -0.8958246 -0.4444079 0 0 0 1 -0.8954022 -0.4452584 0 0 0 1 -0.895008 -0.4460501 0 0 0 1 -0.8946411 -0.4467855 0 0 0 1 -0.8943039 -0.4474601 0 0 0 1 -0.8939886 -0.4480895 0 0 0 1 -0.894034 -0.4479989 0 0 0 1 -0.8943058 -0.4474561 0 0 0 1 -0.8945658 -0.4469364 0 0 0 1 -0.8948081 -0.446451 0 0 0 1 -0.8950213 -0.4460233 0 0 0 1 -0.8952114 -0.4456419 0 0 0 1 -0.8953839 -0.4452949 0 0 0 1 -0.8955392 -0.4449827 0 0 0 1 -0.8956713 -0.4447166 0 0 0 1 -0.8957861 -0.4444853 0 0 0 1 -0.8958837 -0.4442886 0 0 0 1 -0.8959698 -0.444115 0 0 0 1 -0.9176699 -0.3973436 0 0 0 1 -0.9150775 -0.4032781 0 0 0 1 -0.9084842 -0.4179191 0 0 0 1 -0.8959292 -0.4441969 0 0 0 1 -0.8753694 -0.4834547 0 0 0 1 -0.846006 -0.5331733 0 0 0 1 -0.8101941 -0.5861616 0 0 0 1 -0.7737451 -0.6334971 0 0 0 1 -0.7430059 -0.6692849 0 0 0 1 -0.7214596 -0.6924565 0 0 0 1 -0.7091138 -0.705094 0 0 0 1 -0.7040448 -0.7101555 0 0 0 1 0.01798576 -0.9998382 0 0 0 1 0.1083232 -0.9941157 0 0 0 1 0.1994158 -0.979915 0 0 0 1 0.2875938 -0.9577525 0 0 0 1 0.369489 -0.9292352 0 0 0 1 0.4424656 -0.8967855 0 0 0 1 0.5051276 -0.8630447 0 0 0 1 0.5570756 -0.8304618 0 0 0 1 0.598692 -0.8009793 0 0 0 1 0.6308036 -0.7759426 0 0 0 1 0.6544107 -0.7561392 0 0 0 1 0.6704841 -0.7419238 0 0 0 1 0.7580391 -0.6522091 0 0 0 1 0.7874205 -0.6164162 0 0 0 1 0.8119934 -0.5836666 0 0 0 1 0.8322888 -0.5543423 0 0 0 1 0.848811 -0.5286965 0 0 0 1 0.8620182 -0.5068774 0 0 0 1 0.8722898 -0.4889892 0 0 0 1 0.8799389 -0.4750871 0 0 0 1 0.8851979 -0.4652146 0 0 0 1 0.8882213 -0.4594159 0 0 0 1 0.8890803 -0.4577513 0 0 0 1 0.8877557 -0.4603149 0 0 0 1 0.8859759 -0.4637312 0 0 0 1 0.8859646 -0.4637528 0 0 0 1 0.8859528 -0.4637752 0 0 0 1 0.8859869 -0.4637103 0 0 0 1 0.8860074 -0.4636712 0 0 0 1 0.8859549 -0.4637715 0 0 0 1 0.8859569 -0.4637676 0 0 0 1 0.8859639 -0.4637541 0 0 0 1 0.8860064 -0.463673 0 0 0 1 0.8860185 -0.46365 0 0 0 1 0.8895137 -0.4569086 0 0 0 1 0.89362 -0.4488245 0 0 0 1 0.8973403 -0.4413393 0 0 0 1 0.9006871 -0.4344683 0 0 0 1 0.9036729 -0.4282234 0 0 0 1 0.9063107 -0.422612 0 0 0 1 0.9086088 -0.4176482 0 0 0 1 0.9105804 -0.4133321 0 0 0 1 0.9122321 -0.4096737 0 0 0 1 0.9135743 -0.4066717 0 0 0 1 0.914609 -0.4043394 0 0 0 1 0.9153465 -0.4026672 0 0 0 1 0.9150432 -0.4033557 0 0 0 1 0.9143546 -0.4049144 0 0 0 1 0.9137097 -0.4063677 0 0 0 1 0.913118 -0.4076953 0 0 0 1 0.9125816 -0.4088946 0 0 0 1 0.9120945 -0.4099802 0 0 0 1 0.911657 -0.410952 0 0 0 1 0.911276 -0.4117962 0 0 0 1 0.9109454 -0.4125269 0 0 0 1 0.9106708 -0.4131329 0 0 0 1 0.9104482 -0.413623 0 0 0 1 0.9102728 -0.414009 0 0 0 1 0.9107213 -0.4130215 0 0 0 1 0.9115594 -0.4111686 0 0 0 1 0.912391 -0.4093198 0 0 0 1 0.9132187 -0.4074698 0 0 0 1 0.9140409 -0.4056222 0 0 0 1 0.9148589 -0.4037736 0 0 0 1 0.9156714 -0.4019278 0 0 0 1 0.9164797 -0.4000812 0 0 0 1 0.9172822 -0.3982378 0 0 0 1 0.918079 -0.3963975 0 0 0 1 0.9188731 -0.3945533 0 0 0 1 0.9196559 -0.3927249 0 0 0 1 0.9196956 -0.3926322 0 0 0 1 0.9190918 -0.3940435 0 0 0 1 0.9185382 -0.3953323 0 0 0 1 0.9180364 -0.3964962 0 0 0 1 0.9175863 -0.3975368 0 0 0 1 0.9171877 -0.3984555 0 0 0 1 0.9168423 -0.3992497 0 0 0 1 0.9165493 -0.3999217 0 0 0 1 0.9163092 -0.4004716 0 0 0 1 0.9161229 -0.4008976 0 0 0 1 0.9159898 -0.4012015 0 0 0 1 0.9159089 -0.4013862 0 0 0 1 0.9159644 -0.4012594 0 0 0 1 0.9159427 -0.4013091 0 0 0 1 0.9159588 -0.4012723 0 0 0 1 0.9159532 -0.4012851 0 0 0 1 0.9159586 -0.4012729 0 0 0 1 0.9159482 -0.4012967 0 0 0 1 0.9159428 -0.4013088 0 0 0 1 0.9159485 -0.401296 0 0 0 1 0.915959 -0.4012718 0 0 0 1 0.915954 -0.4012833 0 0 0 1 0.9159451 -0.4013038 0 0 0 1 0.9147467 -0.4040278 0 0 0 1 0.9121224 -0.4099181 0 0 0 1 0.9067529 -0.4216625 0 0 0 1 0.8966352 -0.4427702 0 0 0 1 0.8781249 -0.4784314 0 0 0 1 0.8447796 -0.5351145 0 0 0 1 0.7869659 -0.6169967 0 0 0 1 0.6974257 -0.7166571 0 0 0 1 0.5879601 -0.8088899 0 0 0 1 0.4950168 -0.8688834 0 0 0 1 0.4481017 -0.8939826 0 0 0 1 0.2698649 -0.9628982 0 0 0 1 0.2024676 -0.979289 0 0 0 1 0.1365921 -0.9906274 0 0 0 1 0.07235568 -0.9973789 0 0 0 1 0.009755492 -0.9999524 0 0 0 1 -0.05129891 -0.9986833 0 0 0 1 -0.1109613 -0.9938248 0 0 0 1 -0.1694246 -0.9855431 0 0 0 1 -0.2269031 -0.9739173 0 0 0 1 -0.2836159 -0.958938 0 0 0 1 -0.339767 -0.9405096 0 0 0 1 -0.395537 -0.91845 0 0 0 1 -0.4926286 -0.8702397 0 0 0 1 -0.5194009 -0.8545308 0 0 0 1 -0.5440979 -0.8390218 0 0 0 1 -0.5666528 -0.8239567 0 0 0 1 -0.5870301 -0.8095651 0 0 0 1 -0.6052231 -0.7960559 0 0 0 1 -0.6212527 -0.7836104 0 0 0 1 -0.6351557 -0.7723841 0 0 0 1 -0.6469787 -0.762508 0 0 0 1 -0.65678 -0.7540823 0 0 0 1 -0.6646175 -0.7471838 0 0 0 1 -0.6705471 -0.741867 0 0 0 1 -0.6624057 -0.7491453 0 0 0 1 -0.6575746 -0.7533895 0 0 0 1 -0.653065 -0.7573019 0 0 0 1 -0.6488845 -0.7608869 0 0 0 1 -0.6450398 -0.764149 0 0 0 1 -0.6415397 -0.7670899 0 0 0 1 -0.6383838 -0.7697182 0 0 0 1 -0.6355795 -0.7720354 0 0 0 1 -0.6331306 -0.774045 0 0 0 1 -0.6310419 -0.7757488 0 0 0 1 -0.6293129 -0.777152 0 0 0 1 -0.6279513 -0.7782526 0 0 0 1 -0.6289788 -0.7774225 0 0 0 1 -0.6303237 -0.7763324 0 0 0 1 -0.6317083 -0.7752061 0 0 0 1 -0.6331297 -0.7740457 0 0 0 1 -0.6345885 -0.7728502 0 0 0 1 -0.6360832 -0.7716205 0 0 0 1 -0.6376178 -0.7703529 0 0 0 1 -0.6391884 -0.7690502 0 0 0 1 -0.6407948 -0.7677122 0 0 0 1 -0.6424401 -0.7663358 0 0 0 1 -0.6441184 -0.7649258 0 0 0 1 -0.6458335 -0.7634783 0 0 0 1 -0.6318855 -0.7750619 0 0 0 1 -0.6091288 -0.7930713 0 0 0 1 -0.5802981 -0.8144041 0 0 0 1 -0.5447847 -0.838576 0 0 0 1 -0.5020217 -0.8648551 0 0 0 1 -0.4515869 -0.8922271 0 0 0 1 -0.3933389 -0.9193935 0 0 0 1 -0.3275672 -0.9448279 0 0 0 1 -0.2551142 -0.9669109 0 0 0 1 -0.1774212 -0.984135 0 0 0 1 -0.09645497 -0.9953374 0 0 0 1 -0.01449954 -0.9998949 0 0 0 1 0.1391399 -0.9902727 0 0 0 1 0.2150872 -0.9765949 0 0 0 1 0.2844101 -0.9587028 0 0 0 1 0.346826 -0.9379295 0 0 0 1 0.4024239 -0.9154534 0 0 0 1 0.4515441 -0.8922488 0 0 0 1 0.4946711 -0.8690803 0 0 0 1 0.5323527 -0.8465226 0 0 0 1 0.5651414 -0.8249942 0 0 0 1 0.5935576 -0.8047915 0 0 0 1 0.6180691 -0.7861238 0 0 0 1 0.6390798 -0.7691405 0 0 0 1 0.6476311 -0.761954 0 0 0 1 0.6476187 -0.7619646 0 0 0 1 0.6476051 -0.7619762 0 0 0 1 0.647601 -0.7619796 0 0 0 1 0.6476052 -0.761976 0 0 0 1 0.6475951 -0.7619847 0 0 0 1 0.6475932 -0.7619863 0 0 0 1 0.647597 -0.761983 0 0 0 1 0.6475986 -0.7619816 0 0 0 1 0.6652588 -0.7466129 0 0 0 1 0.6726013 -0.7400051 0 0 0 1 0.6792832 -0.7338762 0 0 0 1 0.6853144 -0.7282474 0 0 0 1 0.6907069 -0.7231348 0 0 0 1 0.6954703 -0.7185549 0 0 0 1 0.699613 -0.714522 0 0 0 1 0.7031458 -0.7110457 0 0 0 1 0.7060761 -0.708136 0 0 0 1 0.70841 -0.7058011 0 0 0 1 0.7101551 -0.7040452 0 0 0 1 0.7104564 -0.7037411 0 0 0 1 0.7099488 -0.7042532 0 0 0 1 0.7094817 -0.7047239 0 0 0 1 0.7090524 -0.7051558 0 0 0 1 0.7086624 -0.7055477 0 0 0 1 0.7083124 -0.7058991 0 0 0 1 0.7080011 -0.7062113 0 0 0 1 0.707726 -0.706487 0 0 0 1 0.7074937 -0.7067196 0 0 0 1 0.7072983 -0.7069152 0 0 0 1 0.7071412 -0.7070724 0 0 0 1 0.7070262 -0.7071874 0 0 0 1 0.7088389 -0.7053703 0 0 0 1 0.7105836 -0.7036128 0 0 0 1 0.7128832 -0.7012829 0 0 0 1 0.7157312 -0.6983758 0 0 0 1 0.7191215 -0.6948845 0 0 0 1 0.7230451 -0.6908009 0 0 0 1 0.7274873 -0.6861212 0 0 0 1 0.7324395 -0.6808321 0 0 0 1 0.7378799 -0.6749321 0 0 0 1 0.7437924 -0.6684108 0 0 0 1 0.7501568 -0.6612599 0 0 0 1 0.7569491 -0.6534739 0 0 0 1 0.7503793 -0.6610076 0 0 0 1 0.7385973 -0.6741469 0 0 0 1 0.7271574 -0.6864708 0 0 0 1 0.7160776 -0.6980206 0 0 0 1 0.7053761 -0.7088332 0 0 0 1 0.6950629 -0.718949 0 0 0 1 0.6851505 -0.7284017 0 0 0 1 0.675646 -0.7372263 0 0 0 1 0.6665557 -0.7454552 0 0 0 1 0.6578884 -0.7531155 0 0 0 1 0.6496472 -0.7602358 0 0 0 1 0.6418359 -0.766842 0 0 0 1 0.6437165 -0.765264 0 0 0 1 0.6437228 -0.7652588 0 0 0 1 0.6437158 -0.7652646 0 0 0 1 0.6437231 -0.7652586 0 0 0 1 0.6437171 -0.7652636 0 0 0 1 0.6437252 -0.7652567 0 0 0 1 0.6437202 -0.7652609 0 0 0 1 0.6437214 -0.7652599 0 0 0 1 0.6437174 -0.7652634 0 0 0 1 0.6437004 -0.7652776 0 0 0 1 0.6436974 -0.7652801 0 0 0 1 0.6436399 -0.7653284 0 0 0 1 0.629284 -0.7771754 0 0 0 1 0.6013789 -0.798964 0 0 0 1 0.5708158 -0.8210781 0 0 0 1 0.537511 -0.8432568 0 0 0 1 0.501429 -0.8651989 0 0 0 1 0.4625886 -0.886573 0 0 0 1 0.4210788 -0.907024 0 0 0 1 0.3770627 -0.9261878 0 0 0 1 0.3307833 -0.9437067 0 0 0 1 0.282565 -0.9592482 0 0 0 1 0.232803 -0.9725239 0 0 0 1 0.1819506 -0.9833077 0 0 0 1 0.1609001 -0.9869707 0 0 0 1 0.1609023 -0.9869704 0 0 0 1 0.1608924 -0.9869719 0 0 0 1 0.160907 -0.9869696 0 0 0 1 0.1608934 -0.9869717 0 0 0 1 0.1608964 -0.9869713 0 0 0 1 0.1609081 -0.9869694 0 0 0 1 0.1609061 -0.9869697 0 0 0 1 0.1609307 -0.9869657 0 0 0 1 0.07214272 -0.9973943 0 0 0 1 0.04329615 -0.9990623 0 0 0 1 0.01587963 -0.9998739 0 0 0 1 -0.01023811 -0.9999476 0 0 0 1 -0.03518593 -0.9993808 0 0 0 1 -0.0590893 -0.9982527 0 0 0 1 -0.082071 -0.9966264 0 0 0 1 -0.1042466 -0.9945515 0 0 0 1 -0.1257345 -0.9920639 0 0 0 1 -0.1466463 -0.989189 0 0 0 1 -0.1670953 -0.9859408 0 0 0 1 -0.1744744 -0.9846617 0 0 0 1 -0.1744782 -0.9846611 0 0 0 1 -0.1744858 -0.9846597 0 0 0 1 -0.1745039 -0.9846565 0 0 0 1 -0.1744864 -0.9846596 0 0 0 1 -0.174512 -0.9846551 0 0 0 1 -0.1744859 -0.9846597 0 0 0 1 -0.1745026 -0.9846566 0 0 0 1 -0.1744842 -0.98466 0 0 0 1 -0.1744923 -0.9846585 0 0 0 1 -0.174488 -0.9846593 0 0 0 1 -0.1744809 -0.9846605 0 0 0 1 -0.1791565 -0.9838206 0 0 0 1 -0.1830211 -0.983109 0 0 0 1 -0.1867163 -0.9824139 0 0 0 1 -0.1902437 -0.9817368 0 0 0 1 -0.1936049 -0.9810795 0 0 0 1 -0.1967963 -0.9804444 0 0 0 1 -0.1998214 -0.9798323 0 0 0 1 -0.2026748 -0.979246 0 0 0 1 -0.2053641 -0.9786857 0 0 0 1 -0.2078838 -0.9781535 0 0 0 1 -0.210234 -0.9776511 0 0 0 1 -0.2124184 -0.9771788 0 0 0 1 -0.2100669 -0.977687 0 0 0 1 -0.197704 -0.9802618 0 0 0 1 -0.1767392 -0.9842578 0 0 0 1 -0.146989 -0.9891381 0 0 0 1 -0.107971 -0.994154 0 0 0 1 -0.05899924 -0.9982581 0 0 0 1 6.79312e-4 -0.9999997 0 0 0 1 0.07166504 -0.9974288 0 0 0 1 0.1540648 -0.9880607 0 0 0 1 0.2470407 -0.9690052 0 0 0 1 0.3483316 -0.9373713 0 0 0 1 0.4539923 -0.8910056 0 0 0 1 0.5649964 -0.8250933 0 0 0 1 0.5934926 -0.8048394 0 0 0 1 0.6210244 -0.7837912 0 0 0 1 0.647284 -0.762249 0 0 0 1 0.671989 -0.7405612 0 0 0 1 0.694916 -0.7190909 0 0 0 1 0.7159017 -0.698201 0 0 0 1 0.7348406 -0.6782398 0 0 0 1 0.751697 -0.6595088 0 0 0 1 0.7664681 -0.6422825 0 0 0 1 0.7792111 -0.6267616 0 0 0 1 0.789996 -0.613112 0 0 0 1 -0.7893432 0.6139523 0 0 0 1 0.7813872 -0.6240464 0 0 0 1 0.7738764 -0.6333367 0 0 0 1 0.7668244 -0.641857 0 0 0 1 0.7602522 -0.649628 0 0 0 1 0.7542178 -0.6566244 0 0 0 1 0.7487258 -0.6628798 0 0 0 1 0.7438057 -0.6683959 0 0 0 1 0.7394676 -0.6731922 0 0 0 1 0.7357307 -0.6772742 0 0 0 1 0.7326114 -0.6806471 0 0 0 1 0.7300931 -0.6833477 0 0 0 1 0.7480826 -0.6636056 0 0 0 1 0.7480953 -0.6635913 0 0 0 1 0.74803 -0.6636648 0 0 0 1 0.7480939 -0.6635929 0 0 0 1 0.7480798 -0.6636088 0 0 0 1 0.7480527 -0.6636394 0 0 0 1 0.7480639 -0.6636267 0 0 0 1 0.7481132 -0.6635712 0 0 0 1 0.7480598 -0.6636313 0 0 0 1 0.7480193 -0.663677 0 0 0 1 0.7480168 -0.6636798 0 0 0 1 0.7480266 -0.6636687 0 0 0 1 0.7183603 -0.6956713 0 0 0 1 0.6885611 -0.7251783 0 0 0 1 0.6603114 -0.7509919 0 0 0 1 0.6341637 -0.7731988 0 0 0 1 0.610569 -0.7919632 0 0 0 1 0.5898983 -0.8074776 0 0 0 1 0.5724034 -0.8199722 0 0 0 1 0.5582993 -0.8296397 0 0 0 1 0.5477126 -0.8366665 0 0 0 1 0.5407335 -0.8411939 0 0 0 1 0.5374059 -0.8433238 0 0 0 1 0.5377116 -0.8431289 0 0 0 1 0.5439764 -0.8391005 0 0 0 1 0.5444134 -0.8388171 0 0 0 1 0.5448344 -0.8385437 0 0 0 1 0.545271 -0.8382598 0 0 0 1 0.5457075 -0.8379758 0 0 0 1 0.5462003 -0.8376547 0 0 0 1 0.5466364 -0.83737 0 0 0 1 0.5471037 -0.8370648 0 0 0 1 0.547596 -0.8367428 0 0 0 1 0.5481039 -0.8364102 0 0 0 1 0.5485705 -0.8361043 0 0 0 1 0.5490526 -0.8357878 0 0 0 1 0.5484569 -0.8361787 0 0 0 1 0.548449 -0.836184 0 0 0 1 0.5484333 -0.8361943 0 0 0 1 0.5484097 -0.8362098 0 0 0 1 0.5484618 -0.8361757 0 0 0 1 0.5484225 -0.8362014 0 0 0 1 0.5484904 -0.8361569 0 0 0 1 0.5484356 -0.8361928 0 0 0 1 0.548456 -0.8361794 0 0 0 1 0.5484176 -0.8362046 0 0 0 1 0.5484225 -0.8362014 0 0 0 1 0.5483692 -0.8362364 0 0 0 1 0.5777089 -0.8162429 0 0 0 1 0.5828515 -0.8125787 0 0 0 1 0.5880423 -0.8088302 0 0 0 1 0.5932531 -0.805016 0 0 0 1 0.598442 -0.8011661 0 0 0 1 0.6036033 -0.7972848 0 0 0 1 0.6087557 -0.7933578 0 0 0 1 0.613846 -0.7894258 0 0 0 1 0.6188939 -0.7854746 0 0 0 1 0.6237995 -0.7815843 0 0 0 1 0.6286436 -0.7776935 0 0 0 1 0.6334116 -0.773815 0 0 0 1 0.6178957 -0.7862601 0 0 0 1 0.5885316 -0.8084743 0 0 0 1 0.5562976 -0.8309832 0 0 0 1 0.5215473 -0.8532224 0 0 0 1 0.4848564 -0.8745938 0 0 0 1 0.4469351 -0.8945664 0 0 0 1 0.4086485 -0.9126918 0 0 0 1 0.3708807 -0.9286805 0 0 0 1 0.3345056 -0.9423937 0 0 0 1 0.3002706 -0.9538541 0 0 0 1 0.2687779 -0.9632022 0 0 0 1 0.240432 -0.970666 0 0 0 1 0.2284079 -0.9735656 0 0 0 1 0.2283483 -0.9735794 0 0 0 1 0.2283609 -0.9735766 0 0 0 1 0.2283777 -0.9735726 0 0 0 1 0.2283351 -0.9735826 0 0 0 1 0.2283643 -0.9735758 0 0 0 1 0.2283344 -0.9735828 0 0 0 1 0.2283088 -0.9735888 0 0 0 1 0.2283545 -0.973578 0 0 0 1 0.2283414 -0.9735811 0 0 0 1 0.2283324 -0.9735832 0 0 0 1 0.2284559 -0.9735543 0 0 0 1 0.2051029 -0.9787404 0 0 0 1 0.1705722 -0.9853452 0 0 0 1 0.1350086 -0.9908444 0 0 0 1 0.09867566 -0.9951196 0 0 0 1 0.06186032 -0.9980848 0 0 0 1 0.02488172 -0.9996904 0 0 0 1 -0.01194369 -0.9999286 0 0 0 1 -0.04830002 -0.9988329 0 0 0 1 -0.08388781 -0.9964752 0 0 0 1 -0.1184317 -0.9929622 0 0 0 1 -0.1516992 -0.9884268 0 0 0 1 -0.1834861 -0.9830223 0 0 0 1 -1 0 0 0 0 1 -1 0 0 0 0 1 -1 0 0 0 0 1 -1 0 0 0 0 1 -1 0 0 0 0 1 -1 0 0 0 0 1 -1 0 0 0 0 1 -1 0 0 0 0 1 -1 0 0 0 0 1 -1 0 0 0 0 1 -1 0 0 0 0 1 -1 0 0 0 0 1 0.121862 0.9925471 0 0 0 1 0.1218628 0.992547 0 0 0 1 0.1218867 0.9925441 0 0 0 1 0.1218674 0.9925464 0 0 0 1 0.1218928 0.9925432 0 0 0 1 0.1218538 0.9925481 0 0 0 1 0.1218592 0.9925474 0 0 0 1 0.1218441 0.9925493 0 0 0 1 0.121851 0.9925484 0 0 0 1 0.1218595 0.9925473 0 0 0 1 0.1218469 0.9925489 0 0 0 1 0.1218995 0.9925424 0 0 0 1 0.1218885 0.9925438 0 0 0 1 0.1218899 0.9925436 0 0 0 1 0.1218913 0.9925435 0 0 0 1 0.121894 0.9925432 0 0 0 1 0.1218203 0.9925522 0 0 0 1 0.1219022 0.9925421 0 0 0 1 0.1218302 0.9925509 0 0 0 1 0.1218751 0.9925454 0 0 0 1 0.1218441 0.9925493 0 0 0 1 0.1218523 0.9925483 0 0 0 1 0.1218993 0.9925425 0 0 0 1 0.1217954 0.9925553 0 0 0 1 0.1310908 0.9913704 0 0 0 1 0.1352876 0.9908064 0 0 0 1 0.1393253 0.9902467 0 0 0 1 0.143179 0.9896968 0 0 0 1 0.1468173 0.9891636 0 0 0 1 0.1503297 0.988636 0 0 0 1 0.1536266 0.988129 0 0 0 1 0.1567252 0.9876423 0 0 0 1 0.1596542 0.987173 0 0 0 1 0.1624139 0.9867227 0 0 0 1 0.1649767 0.9862974 0 0 0 1 0.167362 0.9858955 0 0 0 1 0.1212235 0.9926252 0 0 0 1 0.08296239 0.9965527 0 0 0 1 0.04569131 0.9989556 0 0 0 1 0.009474694 0.9999551 0 0 0 1 -0.02565598 0.9996709 0 0 0 1 -0.05967682 0.9982177 0 0 0 1 -0.09258502 0.9957048 0 0 0 1 -0.1243887 0.9922336 0 0 0 1 -0.1551122 0.9878968 0 0 0 1 -0.1847801 0.9827799 0 0 0 1 -0.2134392 0.9769563 0 0 0 1 -0.2411313 0.9704926 0 0 0 1 -0.2479908 0.9687625 0 0 0 1 -0.2479894 0.9687628 0 0 0 1 -0.2479835 0.9687642 0 0 0 1 -0.2480381 0.9687502 0 0 0 1 -0.2479677 0.9687683 0 0 0 1 -0.2479562 0.9687713 0 0 0 1 -0.2480033 0.9687591 0 0 0 1 -0.2479876 0.9687633 0 0 0 1 -0.247969 0.968768 0 0 0 1 -0.2480086 0.9687579 0 0 0 1 -0.2479858 0.9687637 0 0 0 1 -0.2480221 0.9687544 0 0 0 1 -0.2523282 0.9676417 0 0 0 1 -0.2540376 0.9671943 0 0 0 1 -0.2557478 0.9667435 0 0 0 1 -0.2573745 0.9663118 0 0 0 1 -0.2589378 0.9658939 0 0 0 1 -0.2604802 0.9654792 0 0 0 1 -0.2619606 0.9650785 0 0 0 1 -0.2633773 0.9646929 0 0 0 1 -0.2647506 0.9643169 0 0 0 1 -0.2660619 0.9639559 0 0 0 1 -0.2673316 0.9636046 0 0 0 1 -0.2685373 0.9632693 0 0 0 1 -0.2664828 0.9638397 0 0 0 1 -0.2664135 0.9638589 0 0 0 1 -0.2664487 0.9638491 0 0 0 1 -0.2664068 0.9638606 0 0 0 1 -0.2664209 0.9638568 0 0 0 1 -0.2663937 0.9638643 0 0 0 1 -0.2663435 0.9638782 0 0 0 1 -0.2663496 0.9638766 0 0 0 1 -0.266433 0.9638535 0 0 0 1 -0.3562293 0.9343986 0 0 0 1 -0.4008188 0.9161574 0 0 0 1 -0.4428483 0.8965966 0 0 0 1 -0.4816931 0.87634 0 0 0 1 -0.5168253 0.8560909 0 0 0 1 -0.5479428 0.8365159 0 0 0 1 -0.5748845 0.8182346 0 0 0 1 -0.5976112 0.8017861 0 0 0 1 -0.6162177 0.7875759 0 0 0 1 -0.630867 0.7758909 0 0 0 1 -0.6417815 0.7668876 0 0 0 1 -0.6241829 0.7812783 0 0 0 1 -0.6130803 0.7900206 0 0 0 1 -0.6025193 0.7981044 0 0 0 1 -0.5925801 0.8055115 0 0 0 1 -0.5832737 0.8122757 0 0 0 1 -0.5746536 0.8183968 0 0 0 1 -0.5667553 0.8238862 0 0 0 1 -0.5596219 0.8287481 0 0 0 1 -0.5532795 0.8329957 0 0 0 1 -0.5477254 0.8366581 0 0 0 1 -0.5430094 0.8397266 0 0 0 1 -0.539115 0.8422322 0 0 0 1 -0.5426079 0.8399862 0 0 0 1 -0.5536069 0.8327781 0 0 0 1 -0.5673858 0.8234521 0 0 0 1 -0.5838577 0.811856 0 0 0 1 -0.6028866 0.7978269 0 0 0 1 -0.6242534 0.7812219 0 0 0 1 -0.6476717 0.7619196 0 0 0 1 -0.6728007 0.7398238 0 0 0 1 -0.6992182 0.7149084 0 0 0 1 -0.7264598 0.6872091 0 0 0 1 -0.7540038 0.6568701 0 0 0 1 -0.7813469 0.6240971 0 0 0 1 -0.7728785 0.6345539 0 0 0 1 -0.7253472 0.6883832 0 0 0 1 -0.6710508 0.7414113 0 0 0 1 -0.6109089 0.7917008 0 0 0 1 -0.5465384 0.8374341 0 0 0 1 -0.4800925 0.8772178 0 0 0 1 -0.4139624 0.910294 0 0 0 1 -0.3504276 0.9365898 0 0 0 1 -0.2913688 0.9566107 0 0 0 1 -0.2381138 0.9712373 0 0 0 1 -0.1914262 0.9815071 0 0 0 1 -0.151587 0.9884439 0 0 0 1 -0.1036737 0.9946114 0 0 0 1 -0.07634741 0.9970813 0 0 0 1 -0.05003196 0.9987477 0 0 0 1 -0.02478879 0.9996927 0 0 0 1 -6.65832e-4 0.9999998 0 0 0 1 0.02230262 0.9997513 0 0 0 1 0.04409003 0.9990276 0 0 0 1 0.06468045 0.997906 0 0 0 1 0.08406692 0.9964601 0 0 0 1 0.1022471 0.994759 0 0 0 1 0.1192252 0.9928672 0 0 0 1 0.1350064 0.9908447 0 0 0 1 0.1422603 0.9898293 0 0 0 1 0.1422752 0.9898272 0 0 0 1 0.1422805 0.9898264 0 0 0 1 0.1422794 0.9898266 0 0 0 1 0.142281 0.9898263 0 0 0 1 0.1422852 0.9898257 0 0 0 1 0.1422921 0.9898247 0 0 0 1 0.1422926 0.9898247 0 0 0 1 0.1422837 0.9898259 0 0 0 1 0.1422895 0.9898251 0 0 0 1 0.1422978 0.9898239 0 0 0 1 0.142338 0.9898182 0 0 0 1 0.1527408 0.9882662 0 0 0 1 0.1619547 0.9867982 0 0 0 1 0.1705098 0.9853559 0 0 0 1 0.1784023 0.9839577 0 0 0 1 0.1856294 0.9826198 0 0 0 1 0.1921894 0.9813579 0 0 0 1 0.1980831 0.9801852 0 0 0 1 0.2033085 0.9791147 0 0 0 1 0.207866 0.9781573 0 0 0 1 0.2117583 0.9773221 0 0 0 1 0.2149847 0.9766175 0 0 0 1 0.2175531 0.9760485 0 0 0 1 0.2175157 0.9760569 0 0 0 1 0.2164857 0.9762858 0 0 0 1 0.2155437 0.9764943 0 0 0 1 0.2146937 0.9766815 0 0 0 1 0.213936 0.9768477 0 0 0 1 0.2132664 0.9769941 0 0 0 1 0.2126926 0.9771191 0 0 0 1 0.2122071 0.9772247 0 0 0 1 0.2118104 0.9773108 0 0 0 1 0.2115096 0.9773759 0 0 0 1 0.211297 0.9774219 0 0 0 1 0.2111845 0.9774463 0 0 0 1 0.2112531 0.9774314 0 0 0 1 0.2112464 0.9774329 0 0 0 1 0.2112718 0.9774273 0 0 0 1 0.2112696 0.9774278 0 0 0 1 0.2112607 0.9774298 0 0 0 1 0.2112659 0.9774286 0 0 0 1 0.2112616 0.9774295 0 0 0 1 0.2112714 0.9774274 0 0 0 1 0.2112743 0.9774268 0 0 0 1 0.2112679 0.9774282 0 0 0 1 0.2112753 0.9774266 0 0 0 1 0.2112558 0.9774308 0 0 0 1 0.1994913 0.9798996 0 0 0 1 0.1735914 0.9848178 0 0 0 1 0.1404869 0.9900826 0 0 0 1 0.09977978 0.9950096 0 0 0 1 0.05111688 0.9986927 0 0 0 1 -0.005699574 0.9999837 0 0 0 1 -0.0705682 0.9975069 0 0 0 1 -0.1429198 0.9897343 0 0 0 1 -0.2215615 0.9751464 0 0 0 1 -0.3045992 0.9524806 0 0 0 1 -0.3895075 0.9210233 0 0 0 1 -0.4733849 0.8808556 0 0 0 1 -0.5561978 0.8310499 0 0 0 1 -0.5800269 0.8145974 0 0 0 1 -0.6016519 0.7987585 0 0 0 1 -0.6210889 0.7837401 0 0 0 1 -0.6383787 0.7697225 0 0 0 1 -0.6535733 0.7568633 0 0 0 1 -0.6667356 0.7452943 0 0 0 1 -0.6779313 0.7351253 0 0 0 1 -0.6872252 0.7264444 0 0 0 1 -0.6946782 0.7193207 0 0 0 1 -0.7003452 0.7138044 0 0 0 1 -0.7042711 0.7099312 0 0 0 1 -0.7049434 0.7092636 0 0 0 1 -0.7049394 0.7092676 0 0 0 1 -0.7049462 0.7092608 0 0 0 1 -0.704944 0.709263 0 0 0 1 -0.7049525 0.7092545 0 0 0 1 -0.7049521 0.7092549 0 0 0 1 -0.7049575 0.7092496 0 0 0 1 -0.7049589 0.7092481 0 0 0 1 -0.704966 0.7092412 0 0 0 1 -0.7049691 0.7092381 0 0 0 1 -0.7049586 0.7092484 0 0 0 1 -0.704973 0.7092342 0 0 0 1 -0.7066233 0.70759 0 0 0 1 -0.7091088 0.7050992 0 0 0 1 -0.7120088 0.7021704 0 0 0 1 -0.7153188 0.6987984 0 0 0 1 -0.719032 0.6949771 0 0 0 1 -0.7231383 0.6907032 0 0 0 1 -0.7276291 0.6859709 0 0 0 1 -0.7324905 0.6807772 0 0 0 1 -0.7377105 0.6751171 0 0 0 1 -0.7432757 0.6689853 0 0 0 1 -0.7491677 0.6623803 0 0 0 1 -0.7553682 0.6553006 0 0 0 1 -0.7474762 0.6642887 0 0 0 1 -0.7303732 0.6830484 0 0 0 1 -0.709277 0.7049298 0 0 0 1 -0.683535 0.7299177 0 0 0 1 -0.6522634 0.7579924 0 0 0 1 -0.6143226 0.7890549 0 0 0 1 -0.5682959 0.8228242 0 0 0 1 -0.5124986 0.8586881 0 0 0 1 -0.4450549 0.8955033 0 0 0 1 -0.3641192 0.9313523 0 0 0 1 -0.2683126 0.9633319 0 0 0 1 -0.1574238 0.9875311 0 0 0 1 0.02429473 0.9997048 0 0 0 1 0.1298714 0.9915308 0 0 0 1 0.2297516 0.9732493 0 0 0 1 0.3205837 0.9472202 0 0 0 1 0.4003412 0.9163662 0 0 0 1 0.4682984 0.8835704 0 0 0 1 0.5247106 0.8512807 0 0 0 1 0.5704157 0.8213562 0 0 0 1 0.6064822 0.7950971 0 0 0 1 0.6339708 0.773357 0 0 0 1 0.6537882 0.7566776 0 0 0 1 0.6666073 0.7454091 0 0 0 1 0.6599435 0.7513153 0 0 0 1 0.6597067 0.7515231 0 0 0 1 0.6594628 0.7517372 0 0 0 1 0.6592049 0.7519634 0 0 0 1 0.658932 0.7522025 0 0 0 1 0.6586522 0.7524476 0 0 0 1 0.6583504 0.7527116 0 0 0 1 0.6580417 0.7529816 0 0 0 1 0.6577182 0.7532641 0 0 0 1 0.6573876 0.7535527 0 0 0 1 0.657035 0.75386 0 0 0 1 0.6566678 0.75418 0 0 0 1 0.6580877 0.7529413 0 0 0 1 0.6581279 0.7529062 0 0 0 1 0.658231 0.752816 0 0 0 1 0.6584296 0.7526423 0 0 0 1 0.658762 0.7523514 0 0 0 1 0.659262 0.7519134 0 0 0 1 0.6599314 0.7513258 0 0 0 1 0.6607049 0.7506458 0 0 0 1 0.661473 0.749969 0 0 0 1 0.6620843 0.7494293 0 0 0 1 0.6624709 0.7490876 0 0 0 1 0.6626443 0.7489342 0 0 0 1 0.6733669 0.7393085 0 0 0 1 0.6671216 0.7449488 0 0 0 1 0.6513975 0.7587366 0 0 0 1 0.6220582 0.7829711 0 0 0 1 0.5755156 0.8177908 0 0 0 1 0.5118355 0.8590835 0 0 0 1 0.4380631 0.8989443 0 0 0 1 0.3669227 0.9302514 0 0 0 1 0.3097916 0.9508045 0 0 0 1 0.2712281 0.9625151 0 0 0 1 0.2496658 0.9683321 0 0 0 1 0.2409182 0.9705455 0 0 0 1 -0.1779239 0.9840443 0 0 0 1 -0.2737302 0.9618065 0 0 0 1 -0.3634911 0.9315977 0 0 0 1 -0.4446582 0.8957003 0 0 0 1 -0.5157489 0.8567398 0 0 0 1 -0.5763049 0.8172348 0 0 0 1 -0.6266595 0.7792932 0 0 0 1 -0.6676127 0.7445088 0 0 0 1 -0.7001653 0.7139808 0 0 0 1 -0.7253173 0.6884148 0 0 0 1 -0.7439609 0.6682232 0 0 0 1 -0.7567994 0.6536473 0 0 0 1 -0.8167092 0.5770496 0 0 0 1 -0.8393571 0.5435805 0 0 0 1 -0.8581925 0.513328 0 0 0 1 -0.873703 0.4864596 0 0 0 1 -0.8863236 0.4630663 0 0 0 1 -0.8964278 0.4431898 0 0 0 1 0 0 1 0 0 1 0 0 1 0 0 1 -0.9043265 0.4268414 0 0 0 1 -0.910265 0.4140259 0 0 0 1 -0.9144275 0.4047498 0 0 0 1 -0.9169344 0.3990382 0 0 0 1 -0.9178459 0.396937 0 0 0 1 -0.9171579 0.3985241 0 0 0 1 -0.915852 0.4015159 0 0 0 1 -0.9152624 0.4028584 0 0 0 1 -0.9147027 0.4041274 0 0 0 1 -0.9141773 0.4053145 0 0 0 1 -0.9136858 0.4064212 0 0 0 1 -0.9132294 0.407446 0 0 0 1 -0.9128072 0.4083905 0 0 0 1 -0.91242 0.4092551 0 0 0 1 -0.9120692 0.4100363 0 0 0 1 -0.9117496 0.4107463 0 0 0 1 -0.9114695 0.4113678 0 0 0 1 -0.9112249 0.4119094 0 0 0 1 -0.9116479 0.4109723 0 0 0 1 -0.9125765 0.4089061 0 0 0 1 -0.913437 0.4069803 0 0 0 1 -0.9142298 0.4051961 0 0 0 1 -0.9149558 0.4035542 0 0 0 1 -0.9156157 0.4020547 0 0 0 1 -0.9162105 0.4006975 0 0 0 1 -0.9167404 0.3994835 0 0 0 1 -0.9172065 0.3984124 0 0 0 1 -0.9176087 0.3974849 0 0 0 1 -0.9179477 0.3967015 0 0 0 1 -0.9182263 0.3960562 0 0 0 1 -0.9183263 0.3958241 0 0 0 1 -0.9183346 0.3958048 0 0 0 1 -0.9183328 0.3958093 0 0 0 1 -0.9183312 0.3958131 0 0 0 1 -0.9183298 0.395816 0 0 0 1 -0.9183368 0.3957998 0 0 0 1 -0.9183336 0.3958072 0 0 0 1 -0.9183307 0.395814 0 0 0 1 -0.9183282 0.3958198 0 0 0 1 -0.9183338 0.3958067 0 0 0 1 -0.9183349 0.3958042 0 0 0 1 -0.9183462 0.3957779 0 0 0 1 -0.918353 0.3957624 0 0 0 1 -0.918353 0.3957624 0 0 0 1 -0.9183576 0.3957515 0 0 0 1 -0.9183576 0.3957515 0 0 0 1 -0.9183597 0.3957469 0 0 0 1 -0.9183643 0.3957361 0 0 0 1 -0.9183643 0.3957361 0 0 0 1 -0.9183643 0.3957361 0 0 0 1 -0.9183689 0.3957253 0 0 0 1 -0.9183689 0.3957253 0 0 0 1 -0.9182386 0.3960277 0 0 0 1 -0.9175832 0.397544 0 0 0 1 -0.9158609 0.4014958 0 0 0 1 -0.9123327 0.4094496 0 0 0 1 -0.9056609 0.4240027 0 0 0 1 -0.8933224 0.4494164 0 0 0 1 -0.8704495 0.4922577 0 0 0 1 -0.8279891 0.5607443 0 0 0 1 -0.7527551 0.6583006 0 0 0 1 -0.6405385 0.767926 0 0 0 1 -0.5241919 0.8516001 0 0 0 1 -0.4574846 0.8892175 0 0 0 1 -0.1348863 0.9908611 0 0 0 1 -0.1247454 0.9921888 0 0 0 1 -0.103458 0.9946339 0 0 0 1 -0.06966072 0.9975707 0 0 0 1 -0.02268075 0.9997427 0 0 0 1 0.03736203 0.9993017 0 0 0 1 0.1087468 0.9940695 0 0 0 1 0.1882017 0.9821304 0 0 0 1 0.2711031 0.9625503 0 0 0 1 0.3524097 0.9358459 0 0 0 1 0.4278541 0.9038478 0 0 0 1 0.4946458 0.8690947 0 0 0 1 0.654518 0.7560465 0 0 0 1 0.6630499 0.7485752 0 0 0 1 0.6711742 0.7412998 0 0 0 1 0.6788172 0.7343073 0 0 0 1 0.686046 0.7275583 0 0 0 1 0.6927905 0.7211389 0 0 0 1 0.6990836 0.7150399 0 0 0 1 0.7048807 0.7093259 0 0 0 1 0.7101797 0.7040205 0 0 0 1 0.7150182 0.699106 0 0 0 1 0.7193595 0.6946379 0 0 0 1 0.7232257 0.6906118 0 0 0 1 0.7091497 0.705058 0 0 0 1 0.7092071 0.7050002 0 0 0 1 0.7092054 0.705002 0 0 0 1 0.7091447 0.7050631 0 0 0 1 0.7091991 0.7050082 0 0 0 1 0.7091947 0.7050127 0 0 0 1 0.7091895 0.7050179 0 0 0 1 0.7091835 0.705024 0 0 0 1 0.7091767 0.7050309 0 0 0 1 0.709169 0.7050386 0 0 0 1 0.7092174 0.7049898 0 0 0 1 0.7089811 0.7052275 0 0 0 1 0.7474564 0.6643107 0 0 0 1 0.7837147 0.621121 0 0 0 1 0.8133285 0.5818049 0 0 0 1 0.8371925 0.5469083 0 0 0 1 0.8561351 0.516752 0 0 0 1 0.8708855 0.491486 0 0 0 1 0.882039 0.4711764 0 0 0 1 0.8900579 0.4558475 0 0 0 1 0.8952682 0.4455275 0 0 0 1 0.8978658 0.4402694 0 0 0 1 0.8979139 0.4401713 0 0 0 1 0.8953344 0.4453946 0 0 0 1 0.8930764 0.449905 0 0 0 1 0.8930324 0.4499924 0 0 0 1 0.8930632 0.4499312 0 0 0 1 0.8930501 0.4499573 0 0 0 1 0.8930523 0.4499528 0 0 0 1 0.8930108 0.4500351 0 0 0 1 0.8929998 0.4500572 0 0 0 1 0.8930479 0.4499616 0 0 0 1 0.8930086 0.4500396 0 0 0 1 0.8930432 0.4499711 0 0 0 1 0.8930196 0.4500176 0 0 0 1 0.893026 0.4500051 0 0 0 1 0.8935568 0.4489502 0 0 0 1 0.8942921 0.4474837 0 0 0 1 0.8951989 0.4456669 0 0 0 1 0.8962781 0.4434926 0 0 0 1 0.8975245 0.4409648 0 0 0 1 0.8989362 0.4380795 0 0 0 1 0.9005084 0.4348387 0 0 0 1 0.9022411 0.4312319 0 0 0 1 0.9041263 0.4272654 0 0 0 1 0.9061629 0.4229289 0 0 0 1 0.9083422 0.4182277 0 0 0 1 0.9106598 0.4131571 0 0 0 1 0.9111269 0.4121259 0 0 0 1 0.9108462 0.4127458 0 0 0 1 0.9105888 0.4133135 0 0 0 1 0.9103451 0.4138502 0 0 0 1 0.9101246 0.4143347 0 0 0 1 0.9099254 0.4147719 0 0 0 1 0.9097498 0.4151571 0 0 0 1 0.909588 0.4155113 0 0 0 1 0.9094595 0.4157924 0 0 0 1 0.909343 0.4160475 0 0 0 1 0.90925 0.4162505 0 0 0 1 0.9091809 0.4164015 0 0 0 1 0.9091801 0.416403 0 0 0 1 0.9091991 0.4163616 0 0 0 1 0.9091747 0.4164149 0 0 0 1 0.9091693 0.4164267 0 0 0 1 0.9091828 0.4163972 0 0 0 1 0.9092151 0.4163265 0 0 0 1 0.9092043 0.4163503 0 0 0 1 0.9092123 0.4163329 0 0 0 1 0.9091774 0.4164091 0 0 0 1 0.9091728 0.416419 0 0 0 1 0.9091755 0.4164132 0 0 0 1 0.9091854 0.4163919 0 0 0 1 0.9091544 0.4164595 0 0 0 1 0.9091544 0.4164595 0 0 0 1 0.9091544 0.4164595 0 0 0 1 0.9091544 0.4164595 0 0 0 1 0.9091544 0.4164595 0 0 0 1 0.9091544 0.4164595 0 0 0 1 0.9091544 0.4164595 0 0 0 1 0.9091544 0.4164595 0 0 0 1 0.9091487 0.4164717 0 0 0 1 0.9091487 0.4164717 0 0 0 1 0.9091487 0.4164717 0 0 0 1 0.9091487 0.4164717 0 0 0 1 0.9092017 0.4163559 0 0 0 1 0.9092788 0.4161877 0 0 0 1 0.9093785 0.4159697 0 0 0 1 0.9094967 0.4157112 0 0 0 1 0.9096375 0.4154031 0 0 0 1 0.9097966 0.4150543 0 0 0 1 0.9099779 0.4146568 0 0 0 1 0.9101778 0.4142178 0 0 0 1 0.9104001 0.4137288 0 0 0 1 0.9106444 0.413191 0 0 0 1 0.9109066 0.4126125 0 0 0 1 0.9111794 0.4120098 0 0 0 1 0.9106772 0.4131187 0 0 0 1 0.9094654 0.4157795 0 0 0 1 0.9081841 0.4185709 0 0 0 1 0.9068304 0.4214957 0 0 0 1 0.9054031 0.4245529 0 0 0 1 0.903901 0.4277417 0 0 0 1 0.9023246 0.4310574 0 0 0 1 0.9006707 0.4345024 0 0 0 1 0.8989399 0.4380722 0 0 0 1 0.897129 0.4417686 0 0 0 1 0.8952353 0.4455938 0 0 0 1 0.893262 0.4495365 0 0 0 1 0.8941463 0.447775 0 0 0 1 0.8941525 0.4477626 0 0 0 1 0.8941596 0.4477484 0 0 0 1 0.8942242 0.4476191 0 0 0 1 0.8942903 0.4474872 0 0 0 1 0.8943009 0.447466 0 0 0 1 0.8943696 0.4473287 0 0 0 1 0.8944392 0.4471897 0 0 0 1 0.89451 0.447048 0 0 0 1 0.8945822 0.4469037 0 0 0 1 0.8946551 0.4467574 0 0 0 1 0.8948417 0.4463835 0 0 0 1 0.07617872 0.9970942 0 0 0 1 0.01127725 0.9999364 0 0 0 1 -0.0601775 0.9981877 0 0 0 1 -0.1360402 0.9907034 0 0 0 1 -0.2132676 0.9769938 0 0 0 1 -0.2883568 0.957523 0 0 0 1 -0.3579866 0.9337267 0 0 0 1 -0.4196515 0.9076853 0 0 0 1 -0.4719164 0.8816433 0 0 0 1 -0.5144444 0.8575237 0 0 0 1 -0.5476018 0.8367391 0 0 0 1 -0.5722882 0.8200526 0 0 0 1 -0.6494013 0.7604459 0 0 0 1 -0.6711732 0.7413006 0 0 0 1 -0.6910035 0.7228514 0 0 0 1 -0.7089164 0.7052925 0 0 0 1 -0.7249541 0.6887972 0 0 0 1 -0.7391905 0.6734964 0 0 0 1 -0.7516949 0.659511 0 0 0 1 -0.7625262 0.6469574 0 0 0 1 -0.7717634 0.6359098 0 0 0 1 -0.7794809 0.6264259 0 0 0 1 -0.7857356 0.6185626 0 0 0 1 -0.7905884 0.612348 0 0 0 1 -0.7924251 0.6099693 0 0 0 1 -0.79237 0.6100409 0 0 0 1 -0.7923099 0.6101188 0 0 0 1 -0.7922144 0.6102429 0 0 0 1 -0.7921494 0.6103272 0 0 0 1 -0.7920489 0.6104576 0 0 0 1 -0.7919436 0.6105944 0 0 0 1 0.0506367 -0.9987171 0 0 0 1 0.8859801 -0.4637231 0 0 0 1 0.9157462 -0.4017574 0 0 0 1 0.6476143 -0.7619684 0 0 0 1 0.6568178 -0.7540493 0 0 0 1 0.1609024 -0.9869704 0 0 0 1 0.1041975 -0.9945566 0 0 0 1 -0.2664716 0.9638427 0 0 0 1 -0.3067668 0.9517847 0 0 0 1 -0.9183397 0.395793 0 0 0 1 0 0 1 0 0 1 0 0 1 0 0 1 0 0 1 0 0 1 0 0 1 0 0 1 0 0 1 0 0 1 0 0 1 0 0 1 0 0 1 0 0 1 0 0 1 0 0 1 0 0 1 0 0 1 0 0 1 0 0 1 0 0 1 0 0 1 0 0 1 0 0 1 0 0 1 0 0 1 0 0 1 0 0 1 0 0 1 0 0 1 0 0 1 0 0 1 0 0 1 0 0 1 0 0 1 0 0 1 0 0 1 0 0 1 0 0 1 0 0 1 0 0 1 0 0 1 0 0 1 0 0 1 0 0 1 0 0 1 0 0 1 0 0 1 0 0 1 0 0 1 0 0 1 0 0 1 0 0 1 0 0 1 0 0 1 0 0 1 0 0 1 0 0 1 0 0 1 0 0 1 0 0 1 0 0 1 0 0 1 0.7953788 -0.6061128 0 0 0 1 0.7893432 -0.6139523 0 0 0 1 0 0 1 0 0 1 0 0 1 0 0 1 0 0 1 0 0 1 0 0 1 0 0 1 0 0 1 0 0 1 0 0 1 0 0 1 0 0 1 0 0 1 0 0 1 0 0 1 0 0 1 0 0 1 0 0 1 0 0 1 0 0 1 0 0 1 0 0 1 0 0 1 0 0 1 0 0 1 0 0 1 0 0 1 0 0 1 0 0 1 0 0 1 0 0 1 0 0 1 0 0 1 0 0 1 0 0 1 0 0 1 0 0 1 0 0 1 0 0 1 0 0 1 0 0 1 0 0 1 0 0 1 0 0 1 0 0 1 0 0 1 0 0 1 0 0 1 0 0 1 0 0 1 0 0 1 0 0 1 0 0 1 0 0 1 0 0 1 0 0 1 0 0 1 0 0 1 0 0 1 0 0 1 0 0 1 0 0 1 0 0 1 0 0 1 0 0 1 0 0 1 0 0 1 0 0 1 0 0 1 0 0 1 0 0 1 0 0 1 0 0 1 0 0 1 0 0 1 0 0 1 0 0 1 0 0 1 0 0 1 0 0 1 0 0 1 0 0 1 0 0 1 0 0 1 0 0 1 0 0 1 0 0 1 0 0 1 0 0 1 0 0 1 0 0 1 0 0 1 0 0 1 0 0 1 0 0 1 0 0 1 0 0 1 0 0 1 0 0 1 0 0 1 0 0 1 0 0 1 0 0 1 0 0 1 0 0 1 0 0 1 0 0 1 0 0 1 0 0 1 0 0 1 0 0 1 0 0 1 0 0 1 0 0 1 0 0 1 0 0 1 0 0 1 0 0 1 0 0 1 0 0 1 0 0 1 0 0 1 0 0 1 0 0 1 0 0 1 0 0 1 0 0 1 0 0 1 0 0 1 0 0 1 0 0 1 0 0 1 0 0 1 0 0 1 0 0 1 0 0 1 0 0 1 0 0 1 0 0 1 0 0 1 0 0 1 0 0 1 0 0 1 0 0 1 0 0 1 0 0 1 0 0 1 0 0 1 0 0 1 0 0 1 0 0 1 0 0 1 0 0 1 0 0 1 0 0 1 0 0 1 0 0 1 0 0 1 0 0 1 0 0 1 0 0 1 0 0 1 0 0 1 0 0 1 0 0 1 0 0 1 0 0 1 0 0 1 0 0 1 0 0 1 0 0 1 0 0 1 0 0 1 0 0 1 0 0 1 0 0 1 0 0 1 0 0 1 0 0 1 0 0 1 0 0 1 0 0 1 0 0 1 0 0 1 0 0 1 0 0 1 0 0 1 0 0 1 0 0 1 0 0 1 0 0 1 0 0 1 0 0 1 0 0 1 0 0 1 0 0 1 0 0 1 0 0 1 0 0 1 0 0 1 0 0 1 0 0 1 0 0 1 0 0 1 0 0 1 0 0 1 0 0 1 0 0 1 0 0 1 0 0 1 0 0 1 0 0 1 0 0 1 0 0 1 0 0 1 0 0 1 0 0 1 0 0 1 0 0 1 0 0 1 0 0 1 0 0 1 0 0 1 0 0 1 0 0 1 0 0 1 0 0 1 0 0 1 0 0 1 0 0 1 0 0 1 0 0 1 0 0 1 0 0 1 0 0 1 0 0 1 0 0 1 0 0 1 0 0 1 0 0 1 0 0 1 0 0 1 0 0 1 0 0 1 0 0 1 0 0 1 0 0 1 0 0 1 0 0 1 0 0 1 0 0 1 0 0 1 0 0 1 0 0 1 0 0 1 0 0 1 0 0 1 0 0 1 0 0 1 0 0 1 0 0 1 0 0 1 0 0 1 0 0 1 0 0 1 0 0 1 0 0 1 0 0 1 0 0 1 0 0 1 0 0 1 0 0 1 0 0 1 0 0 1 0 0 1 0 0 1 0 0 1 0 0 1 0 0 1 0 0 1 0 0 1 0 0 1 0 0 1 0 0 1 0 0 1 0 0 1 0 0 1 0 0 1 0 0 1 0 0 1 0 0 1 0 0 1 0 0 1 0 0 1 0 0 1 0 0 1 0 0 1 0 0 1 0 0 1 0 0 1 0 0 1 0 0 1 0 0 1 0 0 1 0 0 1 0 0 1 -0.7918331 0.6107375 0 0 0 1 -0.7917228 0.6108806 0 0 0 1 -0.7915719 0.6110761 0 0 0 1 -0.7914549 0.6112277 0 0 0 1 -0.7912634 0.6114755 0 0 0 1 -0.7914348 0.6112536 0 0 0 1 -0.7916738 0.6109439 0 0 0 1 -0.7919079 0.6106405 0 0 0 1 -0.7920952 0.6103975 0 0 0 1 -0.792334 0.6100877 0 0 0 1 -0.7925775 0.6097712 0 0 0 1 -0.7928159 0.6094611 0 0 0 1 -0.7930592 0.6091445 0 0 0 1 -0.793251 0.6088948 0 0 0 1 -0.7934941 0.608578 0 0 0 1 -0.7937371 0.6082611 0 0 0 1 -0.7940411 0.6078641 0 0 0 1 -0.7912272 0.6115223 0 0 0 1 -0.7888783 0.6145496 0 0 0 1 -0.7827705 0.6223105 0 0 0 1 -0.7705727 0.6373521 0 0 0 1 -0.7486749 0.6629374 0 0 0 1 -0.7118954 0.7022855 0 0 0 1 -0.6545955 0.7559792 0 0 0 1 -0.5752335 0.8179893 0 0 0 1 -0.4836079 0.8752847 0 0 0 1 -0.4007422 0.9161909 0 0 0 1 -0.3447356 0.9386999 0 0 0 1 -0.3197156 0.9475136 0 0 0 1 -0.09604865 0.9953766 0 0 0 1 -0.07640725 0.9970768 0 0 0 1 -0.05882972 0.998268 0 0 0 1 -0.04333215 0.9990608 0 0 0 1 -0.02992856 0.9995521 0 0 0 1 -0.01861989 0.9998267 0 0 0 1 -0.009405672 0.9999557 0 0 0 1 -0.002284348 0.9999973 0 0 0 1 0.002751231 0.9999963 0 0 0 1 0.005699455 0.9999837 0 0 0 1 0.006562292 0.9999784 0 0 0 1 0.00533533 0.9999858 0 0 0 1 0.002276837 0.9999974 0 0 0 1 0.002240717 0.9999974 0 0 0 1 0.002204596 0.9999976 0 0 0 1 0.002168416 0.9999976 0 0 0 1 0.002132296 0.9999977 0 0 0 1 0.002096176 0.9999978 0 0 0 1 0.002059996 0.9999979 0 0 0 1 0.002023875 0.9999979 0 0 0 1 0.001999795 0.999998 0 0 0 1 0.001963615 0.999998 0 0 0 1 0.001927495 0.9999981 0 0 0 1 0.001866519 0.9999983 0 0 0 1 0.002138316 0.9999977 0 0 0 1 0.002317368 0.9999973 0 0 0 1 0.002491414 0.9999969 0 0 0 1 0.00266546 0.9999964 0 0 0 1 0.002834558 0.999996 0 0 0 1 0.00299865 0.9999955 0 0 0 1 0.003162741 0.999995 0 0 0 1 0.003321886 0.9999945 0 0 0 1 0.00348103 0.9999939 0 0 0 1 0.003635168 0.9999934 0 0 0 1 0.003784358 0.9999929 0 0 0 1 0.003928244 0.9999923 0 0 0 1 1 0 0 0 0 1 1 0 0 0 0 1 1 0 0 0 0 1 1 0 0 0 0 1 1 0 0 0 0 1 1 0 0 0 0 1 1 0 0 0 0 1 1 0 0 0 0 1 1 0 0 0 0 1 1 0 0 0 0 1 1 0 0 0 0 1 1 0 0 0 0 1 0.06265228 -0.9980354 0 0 0 1 0.05827003 -0.9983009 0 0 0 1 0.05406105 -0.9985376 0 0 0 1 0.05003213 -0.9987477 0 0 0 1 0.04618048 -0.9989331 0 0 0 1 0.04250723 -0.9990962 0 0 0 1 0.03901791 -0.9992386 0 0 0 1 0.03570765 -0.9993623 0 0 0 1 0.03258299 -0.999469 0 0 0 1 0.02964049 -0.9995605 0 0 0 1 0.02688068 -0.9996386 0 0 0 1 0.02430337 -0.9997046 0 0 0 1 0.02409327 -0.9997097 0 0 0 1 0.02517664 -0.999683 0 0 0 1 0.02626007 -0.9996552 0 0 0 1 0.02733713 -0.9996263 0 0 0 1 0.02840894 -0.9995964 0 0 0 1 0.02947539 -0.9995655 0 0 0 1 0.03053659 -0.9995337 0 0 0 1 0.03159773 -0.9995006 0 0 0 1 0.03264689 -0.999467 0 0 0 1 0.03369593 -0.9994321 0 0 0 1 0.03473955 -0.9993964 0 0 0 1 0.03576564 -0.9993602 0 0 0 1 0.03173285 -0.9994964 0 0 0 1 0.03173816 -0.9994962 0 0 0 1 0.0317378 -0.9994962 0 0 0 1 0.03174281 -0.9994961 0 0 0 1 0.03173071 -0.9994964 0 0 0 1 0.0317353 -0.9994964 0 0 0 1 0.03171736 -0.9994968 0 0 0 1 0.03171598 -0.9994969 0 0 0 1 0.03171986 -0.9994968 0 0 0 1 0.03171259 -0.9994971 0 0 0 1 0.03170806 -0.9994972 0 0 0 1 0.0582692 -0.9983009 0 0 0 1 0.07187306 -0.9974138 0 0 0 1 0.0963301 -0.9953494 0 0 0 1 0.1330572 -0.9911084 0 0 0 1 0.1799975 -0.9836671 0 0 0 1 0.2308263 -0.9729949 0 0 0 1 0.277211 -0.9608091 0 0 0 1 0.3131207 -0.9497133 0 0 0 1 0.3368693 -0.9415514 0 0 0 1 0.3499997 -0.9367498 0 0 0 1 0.3553259 -0.9347425 0 0 0 1 0.7587288 -0.6514067 0 0 0 1 0.7659907 -0.6428516 0 0 0 1 0.7726977 -0.6347742 0 0 0 1 0.7788375 -0.6272259 0 0 0 1 0.7844172 -0.6202337 0 0 0 1 0.7894465 -0.6138193 0 0 0 1 0.7939357 -0.6080017 0 0 0 1 0.7978965 -0.6027945 0 0 0 1 0.8013365 -0.5982137 0 0 0 1 0.8042672 -0.594268 0 0 0 1 0.8066949 -0.590968 0 0 0 1 0.808646 -0.5882955 0 0 0 1 0.8030565 -0.5959028 0 0 0 1 0.7992724 -0.600969 0 0 0 1 -0.7953788 0.6061128 0 0 0 1 0.7913678 -0.6113402 0 0 0 1 0.7872312 -0.616658 0 0 0 1 0.7829913 -0.6220327 0 0 0 1 0.7786306 -0.6274826 0 0 0 1 0.7741726 -0.6329745 0 0 0 1 0.7696003 -0.638526 0 0 0 1 0.7649276 -0.6441164 0 0 0 1 0.7601693 -0.649725 0 0 0 1 0.7552986 -0.6553808 0 0 0 1 0.7664239 -0.6423351 0 0 0 1 0.7664417 -0.642314 0 0 0 1 0.7663547 -0.6424177 0 0 0 1 0.7664018 -0.6423615 0 0 0 1 0.7663505 -0.6424227 0 0 0 1 0.7664327 -0.6423246 0 0 0 1 0.7664168 -0.6423436 0 0 0 1 0.7664184 -0.6423416 0 0 0 1 0.7663229 -0.6424556 0 0 0 1 0.7663598 -0.6424117 0 0 0 1 0.7662999 -0.6424831 0 0 0 1 0.7662519 -0.6425404 0 0 0 1 0.7633918 -0.6459357 0 0 0 1 0.7603369 -0.6495289 0 0 0 1 0.7524371 -0.6586642 0 0 0 1 0.7368453 -0.6760614 0 0 0 1 0.7094269 -0.704779 0 0 0 1 0.6651034 -0.7467513 0 0 0 1 0.6002039 -0.7998471 0 0 0 1 0.5178735 -0.8554573 0 0 0 1 0.4320127 -0.9018675 0 0 0 1 0.3611418 -0.9325109 0 0 0 1 0.3161836 -0.9486981 0 0 0 1 0.2967556 -0.9549535 0 0 0 1 -0.02481907 -0.999692 0 0 0 1 -0.08161211 -0.9966642 0 0 0 1 -0.1472508 -0.9890992 0 0 0 1 -0.2194042 -0.975634 0 0 0 1 -0.2939882 -0.9558091 0 0 0 1 -0.3658301 -0.9306817 0 0 0 1 -0.4299786 -0.9028391 0 0 0 1 -0.4829647 -0.8756398 0 0 0 1 -0.5233344 -0.8521274 0 0 0 1 -0.5513589 -0.8342682 0 0 0 1 -0.5683649 -0.8227766 0 0 0 1 -0.5761122 -0.8173707 0 0 0 1 -0.7916268 -0.611005 0 0 0 1 -0.7932859 -0.6088494 0 0 0 1 -0.7973673 -0.6034944 0 0 0 1 -0.8045591 -0.5938726 0 0 0 1 -0.814921 -0.5795721 0 0 0 1 -0.8275316 -0.5614191 0 0 0 1 -0.8405743 -0.5416963 0 0 0 1 -0.8520117 -0.5235227 0 0 0 1 -0.8606117 -0.5092617 0 0 0 1 -0.8661526 -0.4997797 0 0 0 1 -0.8691531 -0.4945431 0 0 0 1 -0.8703985 -0.4923479 0 0 0 1 -0.8699023 -0.4932241 0 0 0 1 -0.8699048 -0.4932197 0 0 0 1 -0.8699081 -0.4932138 0 0 0 1 -0.8699107 -0.4932093 0 0 0 1 -0.8699142 -0.4932031 0 0 0 1 -0.8699186 -0.4931955 0 0 0 1 -0.8699222 -0.493189 0 0 0 1 -0.8699266 -0.4931811 0 0 0 1 -0.8699319 -0.4931718 0 0 0 1 -0.8699365 -0.4931637 0 0 0 1 -0.8699419 -0.4931542 0 0 0 1 -0.870163 -0.4927638 0 0 0 1 -0.881198 -0.4727472 0 0 0 1 -0.8825229 -0.4702693 0 0 0 1 -0.8838327 -0.4678031 0 0 0 1 -0.8851267 -0.4653499 0 0 0 1 -0.8863905 -0.4629384 0 0 0 1 -0.8876385 -0.460541 0 0 0 1 -0.8888634 -0.4581725 0 0 0 1 -0.890073 -0.455818 0 0 0 1 -0.8912596 -0.4534935 0 0 0 1 -0.8924229 -0.4511997 0 0 0 1 -0.8935715 -0.448921 0 0 0 1 -0.8946963 -0.4466749 0 0 0 1 -0.8947705 -0.4465263 0 0 0 1 -0.8947405 -0.4465867 0 0 0 1 -0.8947448 -0.4465777 0 0 0 1 -0.8947356 -0.4465962 0 0 0 1 -0.8947817 -0.4465038 0 0 0 1 -0.8947277 -0.4466122 0 0 0 1 -0.894737 -0.4465935 0 0 0 1 -0.8947297 -0.4466081 0 0 0 1 -0.8947048 -0.4466578 0 0 0 1 -0.8946701 -0.4467276 0 0 0 1 -0.8946882 -0.4466912 0 0 0 1 -0.8947301 -0.4466072 0 0 0 1 -0.8963884 -0.4432694 0 0 0 1 -0.8988814 -0.4381919 0 0 0 1 -0.9011413 -0.4335256 0 0 0 1 -0.9031763 -0.4292697 0 0 0 1 -0.9049926 -0.4254273 0 0 0 1 -0.9065949 -0.4220019 0 0 0 1 -0.9079853 -0.4190021 0 0 0 1 -0.9091707 -0.4164237 0 0 0 1 -0.9101513 -0.4142761 0 0 0 1 -0.9109336 -0.412553 0 0 0 1 -0.9115196 -0.4112566 0 0 0 1 -0.9119114 -0.4103872 0 0 0 1 -0.9116402 -0.4109892 0 0 0 1 -0.9111312 -0.4121167 0 0 0 1 -0.9106632 -0.4131494 0 0 0 1 -0.9102375 -0.4140866 0 0 0 1 -0.9098537 -0.4149293 0 0 0 1 -0.9095165 -0.415668 0 0 0 1 -0.9092226 -0.4163104 0 0 0 1 -0.9089708 -0.4168597 0 0 0 1 -0.9087623 -0.4173139 0 0 0 1 -0.9086018 -0.4176634 0 0 0 1 -0.9084799 -0.4179286 0 0 0 1 -0.9084054 -0.4180904 0 0 0 1 -0.908376 -0.4181543 0 0 0 1 -0.9083749 -0.4181569 0 0 0 1 -0.9083814 -0.4181429 0 0 0 1 -0.9084113 -0.4180777 0 0 0 1 -0.9084047 -0.418092 0 0 0 1 -0.9084134 -0.4180731 0 0 0 1 -0.908376 -0.4181543 0 0 0 1 -0.9084165 -0.4180666 0 0 0 1 -0.908411 -0.4180781 0 0 0 1 -0.9084187 -0.4180615 0 0 0 1 -0.9083991 -0.4181041 0 0 0 1 -0.9084237 -0.4180507 0 0 0 1 -0.9083747 -0.4181571 0 0 0 1 -0.9083734 -0.41816 0 0 0 1 -0.9083617 -0.4181853 0 0 0 1 -0.9083604 -0.4181882 0 0 0 1 -0.9083591 -0.4181911 0 0 0 1 -0.9083461 -0.4182193 0 0 0 1 -0.9083317 -0.4182505 0 0 0 1 -0.9083304 -0.4182534 0 0 0 1 -0.908316 -0.4182845 0 0 0 1 -0.9083017 -0.4183157 0 0 0 1 -0.9082887 -0.4183439 0 0 0 1 -0.9082834 -0.4183556 0 0 0 1 -0.9083216 -0.4182726 0 0 0 1 -0.9084013 -0.4180993 0 0 0 1 -0.9084753 -0.4179386 0 0 0 1 -0.9085475 -0.4177816 0 0 0 1 -0.9086197 -0.4176247 0 0 0 1 -0.9086918 -0.4174677 0 0 0 1 -0.9087564 -0.4173271 0 0 0 1 -0.9088192 -0.4171901 0 0 0 1 -0.9088838 -0.4170495 0 0 0 1 -0.9089391 -0.4169289 0 0 0 1 -0.9089944 -0.4168084 0 0 0 1 -0.909048 -0.4166916 0 0 0 1 -0.908885 -0.4170469 0 0 0 1 -0.9085227 -0.4178357 0 0 0 1 -0.9080759 -0.4188056 0 0 0 1 -0.9075443 -0.4199565 0 0 0 1 -0.9069293 -0.4212831 0 0 0 1 -0.9062256 -0.4227945 0 0 0 1 -0.9054369 -0.4244809 0 0 0 1 -0.90456 -0.4263463 0 0 0 1 -0.9035943 -0.4283893 0 0 0 1 -0.9025377 -0.4306111 0 0 0 1 -0.9013893 -0.4330099 0 0 0 1 -0.9001454 -0.4355896 0 0 0 1 -0.8995431 -0.4368319 0 0 0 1 -0.8995553 -0.4368068 0 0 0 1 -0.8995227 -0.4368738 0 0 0 1 -0.8995025 -0.4369157 0 0 0 1 -0.8995081 -0.436904 0 0 0 1 -0.899526 -0.4368673 0 0 0 1 -0.899513 -0.4368939 0 0 0 1 -0.8994985 -0.4369238 0 0 0 1 -0.8995097 -0.4369006 0 0 0 1 -0.8995329 -0.4368529 0 0 0 1 -0.8995257 -0.4368679 0 0 0 1 -0.8995724 -0.4367719 0 0 0 1 -0.8989618 -0.4380271 0 0 0 1 -0.8983673 -0.4392451 0 0 0 1 -0.8978031 -0.440397 0 0 0 1 -0.8972662 -0.4414899 0 0 0 1 -0.8967568 -0.4425237 0 0 0 1 -0.8962784 -0.4434918 0 0 0 1 -0.8958246 -0.4444079 0 0 0 1 -0.8954022 -0.4452584 0 0 0 1 -0.895008 -0.4460501 0 0 0 1 -0.8946411 -0.4467855 0 0 0 1 -0.8943039 -0.4474601 0 0 0 1 -0.8939886 -0.4480895 0 0 0 1 -0.894034 -0.4479989 0 0 0 1 -0.8943058 -0.4474561 0 0 0 1 -0.8945658 -0.4469364 0 0 0 1 -0.8948081 -0.446451 0 0 0 1 -0.8950213 -0.4460233 0 0 0 1 -0.8952114 -0.4456419 0 0 0 1 -0.8953839 -0.4452949 0 0 0 1 -0.8955392 -0.4449827 0 0 0 1 -0.8956713 -0.4447166 0 0 0 1 -0.8957861 -0.4444853 0 0 0 1 -0.8958837 -0.4442886 0 0 0 1 -0.8959698 -0.444115 0 0 0 1 -0.9176699 -0.3973436 0 0 0 1 -0.9150775 -0.4032781 0 0 0 1 -0.9084842 -0.4179191 0 0 0 1 -0.8959292 -0.4441969 0 0 0 1 -0.8753694 -0.4834547 0 0 0 1 -0.846006 -0.5331733 0 0 0 1 -0.8101941 -0.5861616 0 0 0 1 -0.7737451 -0.6334971 0 0 0 1 -0.7430059 -0.6692849 0 0 0 1 -0.7214596 -0.6924565 0 0 0 1 -0.7091138 -0.705094 0 0 0 1 -0.7040448 -0.7101555 0 0 0 1 0.01798576 -0.9998382 0 0 0 1 0.1083232 -0.9941157 0 0 0 1 0.1994158 -0.979915 0 0 0 1 0.2875938 -0.9577525 0 0 0 1 0.369489 -0.9292352 0 0 0 1 0.4424656 -0.8967855 0 0 0 1 0.5051276 -0.8630447 0 0 0 1 0.5570756 -0.8304618 0 0 0 1 0.598692 -0.8009793 0 0 0 1 0.6308036 -0.7759426 0 0 0 1 0.6544107 -0.7561392 0 0 0 1 0.6704841 -0.7419238 0 0 0 1 0.7580391 -0.6522091 0 0 0 1 0.7874205 -0.6164162 0 0 0 1 0.8119934 -0.5836666 0 0 0 1 0.8322888 -0.5543423 0 0 0 1 0.848811 -0.5286965 0 0 0 1 0.8620182 -0.5068774 0 0 0 1 0.8722898 -0.4889892 0 0 0 1 0.8799389 -0.4750871 0 0 0 1 0.8851979 -0.4652146 0 0 0 1 0.8882213 -0.4594159 0 0 0 1 0.8890803 -0.4577513 0 0 0 1 0.8877557 -0.4603149 0 0 0 1 0.8859759 -0.4637312 0 0 0 1 0.8859646 -0.4637528 0 0 0 1 0.8859528 -0.4637752 0 0 0 1 0.8859869 -0.4637103 0 0 0 1 0.8860074 -0.4636712 0 0 0 1 0.8859549 -0.4637715 0 0 0 1 0.8859569 -0.4637676 0 0 0 1 0.8859639 -0.4637541 0 0 0 1 0.8860064 -0.463673 0 0 0 1 0.8860185 -0.46365 0 0 0 1 0.8895137 -0.4569086 0 0 0 1 0.89362 -0.4488245 0 0 0 1 0.8973403 -0.4413393 0 0 0 1 0.9006871 -0.4344683 0 0 0 1 0.9036729 -0.4282234 0 0 0 1 0.9063107 -0.422612 0 0 0 1 0.9086088 -0.4176482 0 0 0 1 0.9105804 -0.4133321 0 0 0 1 0.9122321 -0.4096737 0 0 0 1 0.9135743 -0.4066717 0 0 0 1 0.914609 -0.4043394 0 0 0 1 0.9153465 -0.4026672 0 0 0 1 0.9150432 -0.4033557 0 0 0 1 0.9143546 -0.4049144 0 0 0 1 0.9137097 -0.4063677 0 0 0 1 0.913118 -0.4076953 0 0 0 1 0.9125816 -0.4088946 0 0 0 1 0.9120945 -0.4099802 0 0 0 1 0.911657 -0.410952 0 0 0 1 0.911276 -0.4117962 0 0 0 1 0.9109454 -0.4125269 0 0 0 1 0.9106708 -0.4131329 0 0 0 1 0.9104482 -0.413623 0 0 0 1 0.9102728 -0.414009 0 0 0 1 0.9107213 -0.4130215 0 0 0 1 0.9115594 -0.4111686 0 0 0 1 0.912391 -0.4093198 0 0 0 1 0.9132187 -0.4074698 0 0 0 1 0.9140409 -0.4056222 0 0 0 1 0.9148589 -0.4037736 0 0 0 1 0.9156714 -0.4019278 0 0 0 1 0.9164797 -0.4000812 0 0 0 1 0.9172822 -0.3982378 0 0 0 1 0.918079 -0.3963975 0 0 0 1 0.9188731 -0.3945533 0 0 0 1 0.9196559 -0.3927249 0 0 0 1 0.9196956 -0.3926322 0 0 0 1 0.9190918 -0.3940435 0 0 0 1 0.9185382 -0.3953323 0 0 0 1 0.9180364 -0.3964962 0 0 0 1 0.9175863 -0.3975368 0 0 0 1 0.9171877 -0.3984555 0 0 0 1 0.9168423 -0.3992497 0 0 0 1 0.9165493 -0.3999217 0 0 0 1 0.9163092 -0.4004716 0 0 0 1 0.9161229 -0.4008976 0 0 0 1 0.9159898 -0.4012015 0 0 0 1 0.9159089 -0.4013862 0 0 0 1 0.9159644 -0.4012594 0 0 0 1 0.9159427 -0.4013091 0 0 0 1 0.9159588 -0.4012723 0 0 0 1 0.9159532 -0.4012851 0 0 0 1 0.9159586 -0.4012729 0 0 0 1 0.9159482 -0.4012967 0 0 0 1 0.9159428 -0.4013088 0 0 0 1 0.9159485 -0.401296 0 0 0 1 0.915959 -0.4012718 0 0 0 1 0.915954 -0.4012833 0 0 0 1 0.9159451 -0.4013038 0 0 0 1 0.9147467 -0.4040278 0 0 0 1 0.9121224 -0.4099181 0 0 0 1 0.9067529 -0.4216625 0 0 0 1 0.8966352 -0.4427702 0 0 0 1 0.8781249 -0.4784314 0 0 0 1 0.8447796 -0.5351145 0 0 0 1 0.7869659 -0.6169967 0 0 0 1 0.6974257 -0.7166571 0 0 0 1 0.5879601 -0.8088899 0 0 0 1 0.4950168 -0.8688834 0 0 0 1 0.4481017 -0.8939826 0 0 0 1 0.2698649 -0.9628982 0 0 0 1 0.2024676 -0.979289 0 0 0 1 0.1365921 -0.9906274 0 0 0 1 0.07235568 -0.9973789 0 0 0 1 0.009755492 -0.9999524 0 0 0 1 -0.05129891 -0.9986833 0 0 0 1 -0.1109613 -0.9938248 0 0 0 1 -0.1694246 -0.9855431 0 0 0 1 -0.2269031 -0.9739173 0 0 0 1 -0.2836159 -0.958938 0 0 0 1 -0.339767 -0.9405096 0 0 0 1 -0.395537 -0.91845 0 0 0 1 -0.4926286 -0.8702397 0 0 0 1 -0.5194009 -0.8545308 0 0 0 1 -0.5440979 -0.8390218 0 0 0 1 -0.5666528 -0.8239567 0 0 0 1 -0.5870301 -0.8095651 0 0 0 1 -0.6052231 -0.7960559 0 0 0 1 -0.6212527 -0.7836104 0 0 0 1 -0.6351557 -0.7723841 0 0 0 1 -0.6469787 -0.762508 0 0 0 1 -0.65678 -0.7540823 0 0 0 1 -0.6646175 -0.7471838 0 0 0 1 -0.6705471 -0.741867 0 0 0 1 -0.6624057 -0.7491453 0 0 0 1 -0.6575746 -0.7533895 0 0 0 1 -0.653065 -0.7573019 0 0 0 1 -0.6488845 -0.7608869 0 0 0 1 -0.6450398 -0.764149 0 0 0 1 -0.6415397 -0.7670899 0 0 0 1 -0.6383838 -0.7697182 0 0 0 1 -0.6355795 -0.7720354 0 0 0 1 -0.6331306 -0.774045 0 0 0 1 -0.6310419 -0.7757488 0 0 0 1 -0.6293129 -0.777152 0 0 0 1 -0.6279513 -0.7782526 0 0 0 1 -0.6289788 -0.7774225 0 0 0 1 -0.6303237 -0.7763324 0 0 0 1 -0.6317083 -0.7752061 0 0 0 1 -0.6331297 -0.7740457 0 0 0 1 -0.6345885 -0.7728502 0 0 0 1 -0.6360832 -0.7716205 0 0 0 1 -0.6376178 -0.7703529 0 0 0 1 -0.6391884 -0.7690502 0 0 0 1 -0.6407948 -0.7677122 0 0 0 1 -0.6424401 -0.7663358 0 0 0 1 -0.6441184 -0.7649258 0 0 0 1 -0.6458335 -0.7634783 0 0 0 1 -0.6318855 -0.7750619 0 0 0 1 -0.6091288 -0.7930713 0 0 0 1 -0.5802981 -0.8144041 0 0 0 1 -0.5447847 -0.838576 0 0 0 1 -0.5020217 -0.8648551 0 0 0 1 -0.4515869 -0.8922271 0 0 0 1 -0.3933389 -0.9193935 0 0 0 1 -0.3275672 -0.9448279 0 0 0 1 -0.2551142 -0.9669109 0 0 0 1 -0.1774212 -0.984135 0 0 0 1 -0.09645497 -0.9953374 0 0 0 1 -0.01449954 -0.9998949 0 0 0 1 0.1391399 -0.9902727 0 0 0 1 0.2150872 -0.9765949 0 0 0 1 0.2844101 -0.9587028 0 0 0 1 0.346826 -0.9379295 0 0 0 1 0.4024239 -0.9154534 0 0 0 1 0.4515441 -0.8922488 0 0 0 1 0.4946711 -0.8690803 0 0 0 1 0.5323527 -0.8465226 0 0 0 1 0.5651414 -0.8249942 0 0 0 1 0.5935576 -0.8047915 0 0 0 1 0.6180691 -0.7861238 0 0 0 1 0.6390798 -0.7691405 0 0 0 1 0.6476311 -0.761954 0 0 0 1 0.6476187 -0.7619646 0 0 0 1 0.6476051 -0.7619762 0 0 0 1 0.647601 -0.7619796 0 0 0 1 0.6476052 -0.761976 0 0 0 1 0.6475951 -0.7619847 0 0 0 1 0.6475932 -0.7619863 0 0 0 1 0.647597 -0.761983 0 0 0 1 0.6475986 -0.7619816 0 0 0 1 0.6652588 -0.7466129 0 0 0 1 0.6726013 -0.7400051 0 0 0 1 0.6792832 -0.7338762 0 0 0 1 0.6853144 -0.7282474 0 0 0 1 0.6907069 -0.7231348 0 0 0 1 0.6954703 -0.7185549 0 0 0 1 0.699613 -0.714522 0 0 0 1 0.7031458 -0.7110457 0 0 0 1 0.7060761 -0.708136 0 0 0 1 0.70841 -0.7058011 0 0 0 1 0.7101551 -0.7040452 0 0 0 1 0.7104564 -0.7037411 0 0 0 1 0.7099488 -0.7042532 0 0 0 1 0.7094817 -0.7047239 0 0 0 1 0.7090524 -0.7051558 0 0 0 1 0.7086624 -0.7055477 0 0 0 1 0.7083124 -0.7058991 0 0 0 1 0.7080011 -0.7062113 0 0 0 1 0.707726 -0.706487 0 0 0 1 0.7074937 -0.7067196 0 0 0 1 0.7072983 -0.7069152 0 0 0 1 0.7071412 -0.7070724 0 0 0 1 0.7070262 -0.7071874 0 0 0 1 0.7088389 -0.7053703 0 0 0 1 0.7105836 -0.7036128 0 0 0 1 0.7128832 -0.7012829 0 0 0 1 0.7157312 -0.6983758 0 0 0 1 0.7191215 -0.6948845 0 0 0 1 0.7230451 -0.6908009 0 0 0 1 0.7274873 -0.6861212 0 0 0 1 0.7324395 -0.6808321 0 0 0 1 0.7378799 -0.6749321 0 0 0 1 0.7437924 -0.6684108 0 0 0 1 0.7501568 -0.6612599 0 0 0 1 0.7569491 -0.6534739 0 0 0 1 0.7503793 -0.6610076 0 0 0 1 0.7385973 -0.6741469 0 0 0 1 0.7271574 -0.6864708 0 0 0 1 0.7160776 -0.6980206 0 0 0 1 0.7053761 -0.7088332 0 0 0 1 0.6950629 -0.718949 0 0 0 1 0.6851505 -0.7284017 0 0 0 1 0.675646 -0.7372263 0 0 0 1 0.6665557 -0.7454552 0 0 0 1 0.6578884 -0.7531155 0 0 0 1 0.6496472 -0.7602358 0 0 0 1 0.6418359 -0.766842 0 0 0 1 0.6437165 -0.765264 0 0 0 1 0.6437228 -0.7652588 0 0 0 1 0.6437158 -0.7652646 0 0 0 1 0.6437231 -0.7652586 0 0 0 1 0.6437171 -0.7652636 0 0 0 1 0.6437252 -0.7652567 0 0 0 1 0.6437202 -0.7652609 0 0 0 1 0.6437214 -0.7652599 0 0 0 1 0.6437174 -0.7652634 0 0 0 1 0.6437004 -0.7652776 0 0 0 1 0.6436974 -0.7652801 0 0 0 1 0.6436399 -0.7653284 0 0 0 1 0.629284 -0.7771754 0 0 0 1 0.6013789 -0.798964 0 0 0 1 0.5708158 -0.8210781 0 0 0 1 0.537511 -0.8432568 0 0 0 1 0.501429 -0.8651989 0 0 0 1 0.4625886 -0.886573 0 0 0 1 0.4210788 -0.907024 0 0 0 1 0.3770627 -0.9261878 0 0 0 1 0.3307833 -0.9437067 0 0 0 1 0.282565 -0.9592482 0 0 0 1 0.232803 -0.9725239 0 0 0 1 0.1819506 -0.9833077 0 0 0 1 0.1609001 -0.9869707 0 0 0 1 0.1609023 -0.9869704 0 0 0 1 0.1608924 -0.9869719 0 0 0 1 0.160907 -0.9869696 0 0 0 1 0.1608934 -0.9869717 0 0 0 1 0.1608964 -0.9869713 0 0 0 1 0.1609081 -0.9869694 0 0 0 1 0.1609061 -0.9869697 0 0 0 1 0.1609307 -0.9869657 0 0 0 1 0.07214272 -0.9973943 0 0 0 1 0.04329615 -0.9990623 0 0 0 1 0.01587963 -0.9998739 0 0 0 1 -0.01023811 -0.9999476 0 0 0 1 -0.03518593 -0.9993808 0 0 0 1 -0.0590893 -0.9982527 0 0 0 1 -0.082071 -0.9966264 0 0 0 1 -0.1042466 -0.9945515 0 0 0 1 -0.1257345 -0.9920639 0 0 0 1 -0.1466463 -0.989189 0 0 0 1 -0.1670953 -0.9859408 0 0 0 1 -0.1744744 -0.9846617 0 0 0 1 -0.1744782 -0.9846611 0 0 0 1 -0.1744858 -0.9846597 0 0 0 1 -0.1745039 -0.9846565 0 0 0 1 -0.1744864 -0.9846596 0 0 0 1 -0.174512 -0.9846551 0 0 0 1 -0.1744859 -0.9846597 0 0 0 1 -0.1745026 -0.9846566 0 0 0 1 -0.1744842 -0.98466 0 0 0 1 -0.1744923 -0.9846585 0 0 0 1 -0.174488 -0.9846593 0 0 0 1 -0.1744809 -0.9846605 0 0 0 1 -0.1791565 -0.9838206 0 0 0 1 -0.1830211 -0.983109 0 0 0 1 -0.1867163 -0.9824139 0 0 0 1 -0.1902437 -0.9817368 0 0 0 1 -0.1936049 -0.9810795 0 0 0 1 -0.1967963 -0.9804444 0 0 0 1 -0.1998214 -0.9798323 0 0 0 1 -0.2026748 -0.979246 0 0 0 1 -0.2053641 -0.9786857 0 0 0 1 -0.2078838 -0.9781535 0 0 0 1 -0.210234 -0.9776511 0 0 0 1 -0.2124184 -0.9771788 0 0 0 1 -0.2100669 -0.977687 0 0 0 1 -0.197704 -0.9802618 0 0 0 1 -0.1767392 -0.9842578 0 0 0 1 -0.146989 -0.9891381 0 0 0 1 -0.107971 -0.994154 0 0 0 1 -0.05899924 -0.9982581 0 0 0 1 6.79312e-4 -0.9999997 0 0 0 1 0.07166504 -0.9974288 0 0 0 1 0.1540648 -0.9880607 0 0 0 1 0.2470407 -0.9690052 0 0 0 1 0.3483316 -0.9373713 0 0 0 1 0.4539923 -0.8910056 0 0 0 1 0.5649964 -0.8250933 0 0 0 1 0.5934926 -0.8048394 0 0 0 1 0.6210244 -0.7837912 0 0 0 1 0.647284 -0.762249 0 0 0 1 0.671989 -0.7405612 0 0 0 1 0.694916 -0.7190909 0 0 0 1 0.7159017 -0.698201 0 0 0 1 0.7348406 -0.6782398 0 0 0 1 0.751697 -0.6595088 0 0 0 1 0.7664681 -0.6422825 0 0 0 1 0.7792111 -0.6267616 0 0 0 1 0.789996 -0.613112 0 0 0 1 -0.7893432 0.6139523 0 0 0 1 0.7813872 -0.6240464 0 0 0 1 0.7738764 -0.6333367 0 0 0 1 0.7668244 -0.641857 0 0 0 1 0.7602522 -0.649628 0 0 0 1 0.7542178 -0.6566244 0 0 0 1 0.7487258 -0.6628798 0 0 0 1 0.7438057 -0.6683959 0 0 0 1 0.7394676 -0.6731922 0 0 0 1 0.7357307 -0.6772742 0 0 0 1 0.7326114 -0.6806471 0 0 0 1 0.7300931 -0.6833477 0 0 0 1 0.7480826 -0.6636056 0 0 0 1 0.7480953 -0.6635913 0 0 0 1 0.74803 -0.6636648 0 0 0 1 0.7480939 -0.6635929 0 0 0 1 0.7480798 -0.6636088 0 0 0 1 0.7480527 -0.6636394 0 0 0 1 0.7480639 -0.6636267 0 0 0 1 0.7481132 -0.6635712 0 0 0 1 0.7480598 -0.6636313 0 0 0 1 0.7480193 -0.663677 0 0 0 1 0.7480168 -0.6636798 0 0 0 1 0.7480266 -0.6636687 0 0 0 1 0.7183603 -0.6956713 0 0 0 1 0.6885611 -0.7251783 0 0 0 1 0.6603114 -0.7509919 0 0 0 1 0.6341637 -0.7731988 0 0 0 1 0.610569 -0.7919632 0 0 0 1 0.5898983 -0.8074776 0 0 0 1 0.5724034 -0.8199722 0 0 0 1 0.5582993 -0.8296397 0 0 0 1 0.5477126 -0.8366665 0 0 0 1 0.5407335 -0.8411939 0 0 0 1 0.5374059 -0.8433238 0 0 0 1 0.5377116 -0.8431289 0 0 0 1 0.5439764 -0.8391005 0 0 0 1 0.5444134 -0.8388171 0 0 0 1 0.5448344 -0.8385437 0 0 0 1 0.545271 -0.8382598 0 0 0 1 0.5457075 -0.8379758 0 0 0 1 0.5462003 -0.8376547 0 0 0 1 0.5466364 -0.83737 0 0 0 1 0.5471037 -0.8370648 0 0 0 1 0.547596 -0.8367428 0 0 0 1 0.5481039 -0.8364102 0 0 0 1 0.5485705 -0.8361043 0 0 0 1 0.5490526 -0.8357878 0 0 0 1 0.5484569 -0.8361787 0 0 0 1 0.548449 -0.836184 0 0 0 1 0.5484333 -0.8361943 0 0 0 1 0.5484097 -0.8362098 0 0 0 1 0.5484618 -0.8361757 0 0 0 1 0.5484225 -0.8362014 0 0 0 1 0.5484904 -0.8361569 0 0 0 1 0.5484356 -0.8361928 0 0 0 1 0.548456 -0.8361794 0 0 0 1 0.5484176 -0.8362046 0 0 0 1 0.5484225 -0.8362014 0 0 0 1 0.5483692 -0.8362364 0 0 0 1 0.5777089 -0.8162429 0 0 0 1 0.5828515 -0.8125787 0 0 0 1 0.5880423 -0.8088302 0 0 0 1 0.5932531 -0.805016 0 0 0 1 0.598442 -0.8011661 0 0 0 1 0.6036033 -0.7972848 0 0 0 1 0.6087557 -0.7933578 0 0 0 1 0.613846 -0.7894258 0 0 0 1 0.6188939 -0.7854746 0 0 0 1 0.6237995 -0.7815843 0 0 0 1 0.6286436 -0.7776935 0 0 0 1 0.6334116 -0.773815 0 0 0 1 0.6178957 -0.7862601 0 0 0 1 0.5885316 -0.8084743 0 0 0 1 0.5562976 -0.8309832 0 0 0 1 0.5215473 -0.8532224 0 0 0 1 0.4848564 -0.8745938 0 0 0 1 0.4469351 -0.8945664 0 0 0 1 0.4086485 -0.9126918 0 0 0 1 0.3708807 -0.9286805 0 0 0 1 0.3345056 -0.9423937 0 0 0 1 0.3002706 -0.9538541 0 0 0 1 0.2687779 -0.9632022 0 0 0 1 0.240432 -0.970666 0 0 0 1 0.2284079 -0.9735656 0 0 0 1 0.2283483 -0.9735794 0 0 0 1 0.2283609 -0.9735766 0 0 0 1 0.2283777 -0.9735726 0 0 0 1 0.2283351 -0.9735826 0 0 0 1 0.2283643 -0.9735758 0 0 0 1 0.2283344 -0.9735828 0 0 0 1 0.2283088 -0.9735888 0 0 0 1 0.2283545 -0.973578 0 0 0 1 0.2283414 -0.9735811 0 0 0 1 0.2283324 -0.9735832 0 0 0 1 0.2284559 -0.9735543 0 0 0 1 0.2051029 -0.9787404 0 0 0 1 0.1705722 -0.9853452 0 0 0 1 0.1350086 -0.9908444 0 0 0 1 0.09867566 -0.9951196 0 0 0 1 0.06186032 -0.9980848 0 0 0 1 0.02488172 -0.9996904 0 0 0 1 -0.01194369 -0.9999286 0 0 0 1 -0.04830002 -0.9988329 0 0 0 1 -0.08388781 -0.9964752 0 0 0 1 -0.1184317 -0.9929622 0 0 0 1 -0.1516992 -0.9884268 0 0 0 1 -0.1834861 -0.9830223 0 0 0 1 -1 0 0 0 0 1 -1 0 0 0 0 1 -1 0 0 0 0 1 -1 0 0 0 0 1 -1 0 0 0 0 1 -1 0 0 0 0 1 -1 0 0 0 0 1 -1 0 0 0 0 1 -1 0 0 0 0 1 -1 0 0 0 0 1 -1 0 0 0 0 1 -1 0 0 0 0 1 0.121862 0.9925471 0 0 0 1 0.1218628 0.992547 0 0 0 1 0.1218867 0.9925441 0 0 0 1 0.1218674 0.9925464 0 0 0 1 0.1218928 0.9925432 0 0 0 1 0.1218538 0.9925481 0 0 0 1 0.1218592 0.9925474 0 0 0 1 0.1218441 0.9925493 0 0 0 1 0.121851 0.9925484 0 0 0 1 0.1218595 0.9925473 0 0 0 1 0.1218469 0.9925489 0 0 0 1 0.1218995 0.9925424 0 0 0 1 0.1218885 0.9925438 0 0 0 1 0.1218899 0.9925436 0 0 0 1 0.1218913 0.9925435 0 0 0 1 0.121894 0.9925432 0 0 0 1 0.1218203 0.9925522 0 0 0 1 0.1219022 0.9925421 0 0 0 1 0.1218302 0.9925509 0 0 0 1 0.1218751 0.9925454 0 0 0 1 0.1218441 0.9925493 0 0 0 1 0.1218523 0.9925483 0 0 0 1 0.1218993 0.9925425 0 0 0 1 0.1217954 0.9925553 0 0 0 1 0.1310908 0.9913704 0 0 0 1 0.1352876 0.9908064 0 0 0 1 0.1393253 0.9902467 0 0 0 1 0.143179 0.9896968 0 0 0 1 0.1468173 0.9891636 0 0 0 1 0.1503297 0.988636 0 0 0 1 0.1536266 0.988129 0 0 0 1 0.1567252 0.9876423 0 0 0 1 0.1596542 0.987173 0 0 0 1 0.1624139 0.9867227 0 0 0 1 0.1649767 0.9862974 0 0 0 1 0.167362 0.9858955 0 0 0 1 0.1212235 0.9926252 0 0 0 1 0.08296239 0.9965527 0 0 0 1 0.04569131 0.9989556 0 0 0 1 0.009474694 0.9999551 0 0 0 1 -0.02565598 0.9996709 0 0 0 1 -0.05967682 0.9982177 0 0 0 1 -0.09258502 0.9957048 0 0 0 1 -0.1243887 0.9922336 0 0 0 1 -0.1551122 0.9878968 0 0 0 1 -0.1847801 0.9827799 0 0 0 1 -0.2134392 0.9769563 0 0 0 1 -0.2411313 0.9704926 0 0 0 1 -0.2479908 0.9687625 0 0 0 1 -0.2479894 0.9687628 0 0 0 1 -0.2479835 0.9687642 0 0 0 1 -0.2480381 0.9687502 0 0 0 1 -0.2479677 0.9687683 0 0 0 1 -0.2479562 0.9687713 0 0 0 1 -0.2480033 0.9687591 0 0 0 1 -0.2479876 0.9687633 0 0 0 1 -0.247969 0.968768 0 0 0 1 -0.2480086 0.9687579 0 0 0 1 -0.2479858 0.9687637 0 0 0 1 -0.2480221 0.9687544 0 0 0 1 -0.2523282 0.9676417 0 0 0 1 -0.2540376 0.9671943 0 0 0 1 -0.2557478 0.9667435 0 0 0 1 -0.2573745 0.9663118 0 0 0 1 -0.2589378 0.9658939 0 0 0 1 -0.2604802 0.9654792 0 0 0 1 -0.2619606 0.9650785 0 0 0 1 -0.2633773 0.9646929 0 0 0 1 -0.2647506 0.9643169 0 0 0 1 -0.2660619 0.9639559 0 0 0 1 -0.2673316 0.9636046 0 0 0 1 -0.2685373 0.9632693 0 0 0 1 -0.2664828 0.9638397 0 0 0 1 -0.2664135 0.9638589 0 0 0 1 -0.2664487 0.9638491 0 0 0 1 -0.2664068 0.9638606 0 0 0 1 -0.2664209 0.9638568 0 0 0 1 -0.2663937 0.9638643 0 0 0 1 -0.2663435 0.9638782 0 0 0 1 -0.2663496 0.9638766 0 0 0 1 -0.266433 0.9638535 0 0 0 1 -0.3562293 0.9343986 0 0 0 1 -0.4008188 0.9161574 0 0 0 1 -0.4428483 0.8965966 0 0 0 1 -0.4816931 0.87634 0 0 0 1 -0.5168253 0.8560909 0 0 0 1 -0.5479428 0.8365159 0 0 0 1 -0.5748845 0.8182346 0 0 0 1 -0.5976112 0.8017861 0 0 0 1 -0.6162177 0.7875759 0 0 0 1 -0.630867 0.7758909 0 0 0 1 -0.6417815 0.7668876 0 0 0 1 -0.6241829 0.7812783 0 0 0 1 -0.6130803 0.7900206 0 0 0 1 -0.6025193 0.7981044 0 0 0 1 -0.5925801 0.8055115 0 0 0 1 -0.5832737 0.8122757 0 0 0 1 -0.5746536 0.8183968 0 0 0 1 -0.5667553 0.8238862 0 0 0 1 -0.5596219 0.8287481 0 0 0 1 -0.5532795 0.8329957 0 0 0 1 -0.5477254 0.8366581 0 0 0 1 -0.5430094 0.8397266 0 0 0 1 -0.539115 0.8422322 0 0 0 1 -0.5426079 0.8399862 0 0 0 1 -0.5536069 0.8327781 0 0 0 1 -0.5673858 0.8234521 0 0 0 1 -0.5838577 0.811856 0 0 0 1 -0.6028866 0.7978269 0 0 0 1 -0.6242534 0.7812219 0 0 0 1 -0.6476717 0.7619196 0 0 0 1 -0.6728007 0.7398238 0 0 0 1 -0.6992182 0.7149084 0 0 0 1 -0.7264598 0.6872091 0 0 0 1 -0.7540038 0.6568701 0 0 0 1 -0.7813469 0.6240971 0 0 0 1 -0.7728785 0.6345539 0 0 0 1 -0.7253472 0.6883832 0 0 0 1 -0.6710508 0.7414113 0 0 0 1 -0.6109089 0.7917008 0 0 0 1 -0.5465384 0.8374341 0 0 0 1 -0.4800925 0.8772178 0 0 0 1 -0.4139624 0.910294 0 0 0 1 -0.3504276 0.9365898 0 0 0 1 -0.2913688 0.9566107 0 0 0 1 -0.2381138 0.9712373 0 0 0 1 -0.1914262 0.9815071 0 0 0 1 -0.151587 0.9884439 0 0 0 1 -0.1036737 0.9946114 0 0 0 1 -0.07634741 0.9970813 0 0 0 1 -0.05003196 0.9987477 0 0 0 1 -0.02478879 0.9996927 0 0 0 1 -6.65832e-4 0.9999998 0 0 0 1 0.02230262 0.9997513 0 0 0 1 0.04409003 0.9990276 0 0 0 1 0.06468045 0.997906 0 0 0 1 0.08406692 0.9964601 0 0 0 1 0.1022471 0.994759 0 0 0 1 0.1192252 0.9928672 0 0 0 1 0.1350064 0.9908447 0 0 0 1 0.1422603 0.9898293 0 0 0 1 0.1422752 0.9898272 0 0 0 1 0.1422805 0.9898264 0 0 0 1 0.1422794 0.9898266 0 0 0 1 0.142281 0.9898263 0 0 0 1 0.1422852 0.9898257 0 0 0 1 0.1422921 0.9898247 0 0 0 1 0.1422926 0.9898247 0 0 0 1 0.1422837 0.9898259 0 0 0 1 0.1422895 0.9898251 0 0 0 1 0.1422978 0.9898239 0 0 0 1 0.142338 0.9898182 0 0 0 1 0.1527408 0.9882662 0 0 0 1 0.1619547 0.9867982 0 0 0 1 0.1705098 0.9853559 0 0 0 1 0.1784023 0.9839577 0 0 0 1 0.1856294 0.9826198 0 0 0 1 0.1921894 0.9813579 0 0 0 1 0.1980831 0.9801852 0 0 0 1 0.2033085 0.9791147 0 0 0 1 0.207866 0.9781573 0 0 0 1 0.2117583 0.9773221 0 0 0 1 0.2149847 0.9766175 0 0 0 1 0.2175531 0.9760485 0 0 0 1 0.2175157 0.9760569 0 0 0 1 0.2164857 0.9762858 0 0 0 1 0.2155437 0.9764943 0 0 0 1 0.2146937 0.9766815 0 0 0 1 0.213936 0.9768477 0 0 0 1 0.2132664 0.9769941 0 0 0 1 0.2126926 0.9771191 0 0 0 1 0.2122071 0.9772247 0 0 0 1 0.2118104 0.9773108 0 0 0 1 0.2115096 0.9773759 0 0 0 1 0.211297 0.9774219 0 0 0 1 0.2111845 0.9774463 0 0 0 1 0.2112531 0.9774314 0 0 0 1 0.2112464 0.9774329 0 0 0 1 0.2112718 0.9774273 0 0 0 1 0.2112696 0.9774278 0 0 0 1 0.2112607 0.9774298 0 0 0 1 0.2112659 0.9774286 0 0 0 1 0.2112616 0.9774295 0 0 0 1 0.2112714 0.9774274 0 0 0 1 0.2112743 0.9774268 0 0 0 1 0.2112679 0.9774282 0 0 0 1 0.2112753 0.9774266 0 0 0 1 0.2112558 0.9774308 0 0 0 1 0.1994913 0.9798996 0 0 0 1 0.1735914 0.9848178 0 0 0 1 0.1404869 0.9900826 0 0 0 1 0.09977978 0.9950096 0 0 0 1 0.05111688 0.9986927 0 0 0 1 -0.005699574 0.9999837 0 0 0 1 -0.0705682 0.9975069 0 0 0 1 -0.1429198 0.9897343 0 0 0 1 -0.2215615 0.9751464 0 0 0 1 -0.3045992 0.9524806 0 0 0 1 -0.3895075 0.9210233 0 0 0 1 -0.4733849 0.8808556 0 0 0 1 -0.5561978 0.8310499 0 0 0 1 -0.5800269 0.8145974 0 0 0 1 -0.6016519 0.7987585 0 0 0 1 -0.6210889 0.7837401 0 0 0 1 -0.6383787 0.7697225 0 0 0 1 -0.6535733 0.7568633 0 0 0 1 -0.6667356 0.7452943 0 0 0 1 -0.6779313 0.7351253 0 0 0 1 -0.6872252 0.7264444 0 0 0 1 -0.6946782 0.7193207 0 0 0 1 -0.7003452 0.7138044 0 0 0 1 -0.7042711 0.7099312 0 0 0 1 -0.7049434 0.7092636 0 0 0 1 -0.7049394 0.7092676 0 0 0 1 -0.7049462 0.7092608 0 0 0 1 -0.704944 0.709263 0 0 0 1 -0.7049525 0.7092545 0 0 0 1 -0.7049521 0.7092549 0 0 0 1 -0.7049575 0.7092496 0 0 0 1 -0.7049589 0.7092481 0 0 0 1 -0.704966 0.7092412 0 0 0 1 -0.7049691 0.7092381 0 0 0 1 -0.7049586 0.7092484 0 0 0 1 -0.704973 0.7092342 0 0 0 1 -0.7066233 0.70759 0 0 0 1 -0.7091088 0.7050992 0 0 0 1 -0.7120088 0.7021704 0 0 0 1 -0.7153188 0.6987984 0 0 0 1 -0.719032 0.6949771 0 0 0 1 -0.7231383 0.6907032 0 0 0 1 -0.7276291 0.6859709 0 0 0 1 -0.7324905 0.6807772 0 0 0 1 -0.7377105 0.6751171 0 0 0 1 -0.7432757 0.6689853 0 0 0 1 -0.7491677 0.6623803 0 0 0 1 -0.7553682 0.6553006 0 0 0 1 -0.7474762 0.6642887 0 0 0 1 -0.7303732 0.6830484 0 0 0 1 -0.709277 0.7049298 0 0 0 1 -0.683535 0.7299177 0 0 0 1 -0.6522634 0.7579924 0 0 0 1 -0.6143226 0.7890549 0 0 0 1 -0.5682959 0.8228242 0 0 0 1 -0.5124986 0.8586881 0 0 0 1 -0.4450549 0.8955033 0 0 0 1 -0.3641192 0.9313523 0 0 0 1 -0.2683126 0.9633319 0 0 0 1 -0.1574238 0.9875311 0 0 0 1 0.02429473 0.9997048 0 0 0 1 0.1298714 0.9915308 0 0 0 1 0.2297516 0.9732493 0 0 0 1 0.3205837 0.9472202 0 0 0 1 0.4003412 0.9163662 0 0 0 1 0.4682984 0.8835704 0 0 0 1 0.5247106 0.8512807 0 0 0 1 0.5704157 0.8213562 0 0 0 1 0.6064822 0.7950971 0 0 0 1 0.6339708 0.773357 0 0 0 1 0.6537882 0.7566776 0 0 0 1 0.6666073 0.7454091 0 0 0 1 0.6599435 0.7513153 0 0 0 1 0.6597067 0.7515231 0 0 0 1 0.6594628 0.7517372 0 0 0 1 0.6592049 0.7519634 0 0 0 1 0.658932 0.7522025 0 0 0 1 0.6586522 0.7524476 0 0 0 1 0.6583504 0.7527116 0 0 0 1 0.6580417 0.7529816 0 0 0 1 0.6577182 0.7532641 0 0 0 1 0.6573876 0.7535527 0 0 0 1 0.657035 0.75386 0 0 0 1 0.6566678 0.75418 0 0 0 1 0.6580877 0.7529413 0 0 0 1 0.6581279 0.7529062 0 0 0 1 0.658231 0.752816 0 0 0 1 0.6584296 0.7526423 0 0 0 1 0.658762 0.7523514 0 0 0 1 0.659262 0.7519134 0 0 0 1 0.6599314 0.7513258 0 0 0 1 0.6607049 0.7506458 0 0 0 1 0.661473 0.749969 0 0 0 1 0.6620843 0.7494293 0 0 0 1 0.6624709 0.7490876 0 0 0 1 0.6626443 0.7489342 0 0 0 1 0.6733669 0.7393085 0 0 0 1 0.6671216 0.7449488 0 0 0 1 0.6513975 0.7587366 0 0 0 1 0.6220582 0.7829711 0 0 0 1 0.5755156 0.8177908 0 0 0 1 0.5118355 0.8590835 0 0 0 1 0.4380631 0.8989443 0 0 0 1 0.3669227 0.9302514 0 0 0 1 0.3097916 0.9508045 0 0 0 1 0.2712281 0.9625151 0 0 0 1 0.2496658 0.9683321 0 0 0 1 0.2409182 0.9705455 0 0 0 1 -0.1779239 0.9840443 0 0 0 1 -0.2737302 0.9618065 0 0 0 1 -0.3634911 0.9315977 0 0 0 1 -0.4446582 0.8957003 0 0 0 1 -0.5157489 0.8567398 0 0 0 1 -0.5763049 0.8172348 0 0 0 1 -0.6266595 0.7792932 0 0 0 1 -0.6676127 0.7445088 0 0 0 1 -0.7001653 0.7139808 0 0 0 1 -0.7253173 0.6884148 0 0 0 1 -0.7439609 0.6682232 0 0 0 1 -0.7567994 0.6536473 0 0 0 1 -0.8167092 0.5770496 0 0 0 1 -0.8393571 0.5435805 0 0 0 1 -0.8581925 0.513328 0 0 0 1 -0.873703 0.4864596 0 0 0 1 -0.8863236 0.4630663 0 0 0 1 -0.8964278 0.4431898 0 0 0 1</float_array>
          <technique_common>
            <accessor source="#Mesh-mesh-normals-array" count="6188" stride="3">
              <param name="X" type="float"/>
              <param name="Y" type="float"/>
              <param name="Z" type="float"/>
            </accessor>
          </technique_common>
        </source>
        <vertices id="Mesh-mesh-vertices">
          <input semantic="POSITION" source="#Mesh-mesh-positions"/>
        </vertices>
        <triangles count="6188">
          <input semantic="VERTEX" source="#Mesh-mesh-vertices" offset="0"/>
          <input semantic="NORMAL" source="#Mesh-mesh-normals" offset="1"/>
          <p>3087 0 682 0 683 0 3085 1 138 1 139 1 3770 2 6175 2 3771 2 3226 3 6173 3 3227 3 1119 4 4206 4 1118 4 2804 5 5029 5 1941 5 1120 6 4207 6 1119 6 2805 7 5030 7 1942 7 1121 8 4208 8 1120 8 2806 9 5031 9 1943 9 1122 10 4209 10 1121 10 2807 11 5032 11 1944 11 1123 12 4210 12 1122 12 2808 13 5033 13 1945 13 1124 14 4211 14 1123 14 2809 15 5034 15 1946 15 1125 16 4212 16 1124 16 2810 17 5035 17 1947 17 1126 18 4213 18 1125 18 2811 19 5036 19 1948 19 1127 20 4214 20 1126 20 2812 21 5037 21 1949 21 1128 22 4215 22 1127 22 2813 23 5038 23 1950 23 1129 24 4216 24 1128 24 2814 25 5039 25 1951 25 1130 26 4217 26 1129 26 2815 27 5040 27 1952 27 1131 28 4218 28 1130 28 2816 29 5041 29 1953 29 1132 30 4219 30 1131 30 2817 31 5042 31 1954 31 1133 32 4220 32 1132 32 2818 33 5043 33 1955 33 1134 34 4221 34 1133 34 2819 35 5044 35 1956 35 1135 36 4222 36 1134 36 2820 37 5045 37 1957 37 1136 38 4223 38 1135 38 2821 39 5046 39 1958 39 1137 40 4224 40 1136 40 2822 41 5047 41 1959 41 1138 42 4225 42 1137 42 2823 43 5048 43 1960 43 1139 44 4226 44 1138 44 2824 45 5049 45 1961 45 1140 46 4227 46 1139 46 2825 47 5050 47 1962 47 1141 48 4228 48 1140 48 2826 49 5051 49 1963 49 1142 50 4229 50 1141 50 2827 51 5052 51 1964 51 1143 52 4230 52 1142 52 2828 53 5053 53 1965 53 1144 54 4231 54 1143 54 2829 55 5054 55 1966 55 1145 56 4232 56 1144 56 2830 57 5055 57 1967 57 1146 58 4233 58 1145 58 2831 59 5056 59 1968 59 1147 60 4234 60 1146 60 2832 61 5057 61 1969 61 1148 62 4235 62 1147 62 2833 63 5058 63 1970 63 1149 64 4236 64 1148 64 2834 65 5059 65 1971 65 1150 66 4237 66 1149 66 2835 67 5060 67 1972 67 1151 68 4238 68 1150 68 2836 69 5061 69 1973 69 1152 70 4239 70 1151 70 2837 71 5062 71 1974 71 1153 72 4240 72 1152 72 2838 73 5063 73 1975 73 1154 74 4241 74 1153 74 2839 75 5064 75 1976 75 1155 76 4242 76 1154 76 2840 77 5065 77 1977 77 1156 78 4243 78 1155 78 2841 79 5066 79 1978 79 1157 80 4244 80 1156 80 2842 81 5067 81 1979 81 1158 82 4245 82 1157 82 2843 83 5068 83 1980 83 1159 84 4246 84 1158 84 2844 85 5069 85 1981 85 1161 86 4248 86 1160 86 2845 87 5070 87 1982 87 1162 88 4249 88 1161 88 2846 89 5071 89 1983 89 1163 90 4250 90 1162 90 2847 91 5072 91 1984 91 1164 92 4251 92 1163 92 2848 93 5073 93 1985 93 1165 94 4252 94 1164 94 2849 95 5074 95 1986 95 1166 96 4253 96 1165 96 2850 97 5075 97 1987 97 1167 98 4254 98 1166 98 2851 99 5076 99 1988 99 1168 100 4255 100 1167 100 2852 101 5077 101 1989 101 1169 102 4256 102 1168 102 2853 103 5078 103 1990 103 1170 104 4257 104 1169 104 2854 105 5079 105 1991 105 1171 106 4258 106 1170 106 2855 107 5080 107 1992 107 1172 108 4259 108 1171 108 2856 109 5081 109 1993 109 1173 110 4260 110 1172 110 2857 111 5082 111 1994 111 1174 112 4261 112 1173 112 2858 113 5083 113 1995 113 1175 114 4262 114 1174 114 2859 115 5084 115 1996 115 1176 116 4263 116 1175 116 2860 117 5085 117 1997 117 1177 118 4264 118 1176 118 2861 119 5086 119 1998 119 1178 120 4265 120 1177 120 2862 121 5087 121 1999 121 1179 122 4266 122 1178 122 2863 123 5088 123 2000 123 1180 124 4267 124 1179 124 2864 125 5089 125 2001 125 1181 126 4268 126 1180 126 2865 127 5090 127 2002 127 1182 128 4269 128 1181 128 2866 129 5091 129 2003 129 1183 130 4270 130 1182 130 2867 131 5092 131 2004 131 1184 132 4271 132 1183 132 2868 133 5093 133 2005 133 1185 134 4272 134 1184 134 2869 135 5094 135 2006 135 1186 136 4273 136 1185 136 2870 137 5095 137 2007 137 1187 138 4274 138 1186 138 2871 139 5096 139 2008 139 1188 140 4275 140 1187 140 2872 141 5097 141 2009 141 1189 142 4276 142 1188 142 2873 143 5098 143 2010 143 1190 144 4277 144 1189 144 2874 145 5099 145 2011 145 1191 146 4278 146 1190 146 2875 147 5100 147 2012 147 1192 148 4279 148 1191 148 2876 149 5101 149 2013 149 1193 150 4280 150 1192 150 2877 151 5102 151 2014 151 1194 152 4281 152 1193 152 2878 153 5103 153 2015 153 1195 154 4282 154 1194 154 2879 155 5104 155 2016 155 1196 156 4283 156 1195 156 2880 157 5105 157 2017 157 1197 158 4284 158 1196 158 2881 159 5106 159 2018 159 1198 160 4285 160 1197 160 2882 161 5107 161 2019 161 1199 162 4286 162 1198 162 2883 163 5108 163 2020 163 1200 164 4287 164 1199 164 2884 165 5109 165 2021 165 1201 166 4288 166 1200 166 2885 167 5110 167 2022 167 1202 168 4289 168 1201 168 2886 169 5111 169 2023 169 1203 170 4290 170 1202 170 2887 171 5112 171 2024 171 1204 172 4291 172 1203 172 2888 173 5113 173 2025 173 1205 174 4292 174 1204 174 2889 175 5114 175 2026 175 1206 176 4293 176 1205 176 2890 177 5115 177 2027 177 1207 178 4294 178 1206 178 2891 179 5116 179 2028 179 1208 180 4295 180 1207 180 2892 181 5117 181 2029 181 1209 182 4296 182 1208 182 2893 183 5118 183 2030 183 1210 184 4297 184 1209 184 2894 185 5119 185 2031 185 1211 186 4298 186 1210 186 2895 187 5120 187 2032 187 1212 188 4299 188 1211 188 2896 189 5121 189 2033 189 1213 190 4300 190 1212 190 2897 191 5122 191 2034 191 1214 192 4301 192 1213 192 2898 193 5123 193 2035 193 1215 194 4302 194 1214 194 2899 195 5124 195 2036 195 1216 196 4303 196 1215 196 2900 197 5125 197 2037 197 1217 198 4304 198 1216 198 2901 199 5126 199 2038 199 1218 200 4305 200 1217 200 2902 201 5127 201 2039 201 1219 202 4306 202 1218 202 2903 203 5128 203 2040 203 1220 204 4307 204 1219 204 2904 205 5129 205 2041 205 1221 206 4308 206 1220 206 2905 207 5130 207 2042 207 1222 208 4309 208 1221 208 2906 209 5131 209 2043 209 1223 210 4310 210 1222 210 2907 211 5132 211 2044 211 1224 212 4311 212 1223 212 2908 213 5133 213 2045 213 1225 214 4312 214 1224 214 2909 215 5134 215 2046 215 1226 216 4313 216 1225 216 2910 217 5135 217 2047 217 1227 218 4314 218 1226 218 2911 219 5136 219 2048 219 1228 220 4315 220 1227 220 2912 221 5137 221 2049 221 1229 222 4316 222 1228 222 2913 223 5138 223 2050 223 1230 224 4317 224 1229 224 2914 225 5139 225 2051 225 1231 226 4318 226 1230 226 2915 227 5140 227 2052 227 1232 228 4319 228 1231 228 2916 229 5141 229 2053 229 1233 230 4320 230 1232 230 2917 231 5142 231 2054 231 1234 232 4321 232 1233 232 2918 233 5143 233 2055 233 1235 234 4322 234 1234 234 2919 235 5144 235 2056 235 1236 236 4323 236 1235 236 2920 237 5145 237 2057 237 1237 238 4324 238 1236 238 2921 239 5146 239 2058 239 1238 240 4325 240 1237 240 2922 241 5147 241 2059 241 1239 242 4326 242 1238 242 2923 243 5148 243 2060 243 1240 244 4327 244 1239 244 2924 245 5149 245 2061 245 1241 246 4328 246 1240 246 2925 247 5150 247 2062 247 1242 248 4329 248 1241 248 2926 249 5151 249 2063 249 1243 250 4330 250 1242 250 2927 251 5152 251 2064 251 1244 252 4331 252 1243 252 2928 253 5153 253 2065 253 1245 254 4332 254 1244 254 2929 255 5154 255 2066 255 1246 256 4333 256 1245 256 2930 257 5155 257 2067 257 1247 258 4334 258 1246 258 2931 259 5156 259 2068 259 1248 260 4335 260 1247 260 2932 261 5157 261 2069 261 1249 262 4336 262 1248 262 2933 263 5158 263 2070 263 1250 264 4337 264 1249 264 2934 265 5159 265 2071 265 1251 266 4338 266 1250 266 2935 267 5160 267 2072 267 1252 268 4339 268 1251 268 2936 269 5161 269 2073 269 1253 270 4340 270 1252 270 2937 271 5162 271 2074 271 1254 272 4341 272 1253 272 2938 273 5163 273 2075 273 1255 274 4342 274 1254 274 2939 275 5164 275 2076 275 1256 276 4343 276 1255 276 2940 277 5165 277 2077 277 1257 278 4344 278 1256 278 2941 279 5166 279 2078 279 1258 280 4345 280 1257 280 2942 281 5167 281 2079 281 1259 282 4346 282 1258 282 2943 283 5168 283 2080 283 1260 284 4347 284 1259 284 2944 285 5169 285 2081 285 1261 286 4348 286 1260 286 2945 287 5170 287 2082 287 1262 288 4349 288 1261 288 2946 289 5171 289 2083 289 1263 290 4350 290 1262 290 2947 291 5172 291 2084 291 1264 292 4351 292 1263 292 2948 293 5173 293 2085 293 1265 294 4352 294 1264 294 2949 295 5174 295 2086 295 1266 296 4353 296 1265 296 2950 297 5175 297 2087 297 1267 298 4354 298 1266 298 2951 299 5176 299 2088 299 1268 300 4355 300 1267 300 2952 301 5177 301 2089 301 1269 302 4356 302 1268 302 2953 303 5178 303 2090 303 1270 304 4357 304 1269 304 2954 305 5179 305 2091 305 1271 306 4358 306 1270 306 2955 307 5180 307 2092 307 1272 308 4359 308 1271 308 2956 309 5181 309 2093 309 1273 310 4360 310 1272 310 2957 311 5182 311 2094 311 1274 312 4361 312 1273 312 2958 313 5183 313 2095 313 1275 314 4362 314 1274 314 2959 315 5184 315 2096 315 1276 316 4363 316 1275 316 2960 317 5185 317 2097 317 1277 318 4364 318 1276 318 2961 319 5186 319 2098 319 1278 320 4365 320 1277 320 2962 321 5187 321 2099 321 1279 322 4366 322 1278 322 2963 323 5188 323 2100 323 1280 324 4367 324 1279 324 2964 325 5189 325 2101 325 1281 326 4368 326 1280 326 2965 327 5190 327 2102 327 1282 328 4369 328 1281 328 2966 329 5191 329 2103 329 1283 330 4370 330 1282 330 2967 331 5192 331 2104 331 1284 332 4371 332 1283 332 2968 333 5193 333 2105 333 1285 334 4372 334 1284 334 2969 335 5194 335 2106 335 1286 336 4373 336 1285 336 2970 337 5195 337 2107 337 1287 338 4374 338 1286 338 2971 339 5196 339 2108 339 1288 340 4375 340 1287 340 2972 341 5197 341 2109 341 1289 342 4376 342 1288 342 2973 343 5198 343 2110 343 1290 344 4377 344 1289 344 2974 345 5199 345 2111 345 1291 346 4378 346 1290 346 2975 347 5200 347 2112 347 1292 348 4379 348 1291 348 2976 349 5201 349 2113 349 1293 350 4380 350 1292 350 2977 351 5202 351 2114 351 1294 352 4381 352 1293 352 2978 353 5203 353 2115 353 1295 354 4382 354 1294 354 2979 355 5204 355 2116 355 1296 356 4383 356 1295 356 2980 357 5205 357 2117 357 1297 358 4384 358 1296 358 2981 359 5206 359 2118 359 1298 360 4385 360 1297 360 2982 361 5207 361 2119 361 1299 362 4386 362 1298 362 2983 363 5208 363 2120 363 1300 364 4387 364 1299 364 2984 365 5209 365 2121 365 1301 366 4388 366 1300 366 2985 367 5210 367 2122 367 1302 368 4389 368 1301 368 2986 369 5211 369 2123 369 1303 370 4390 370 1302 370 2987 371 5212 371 2124 371 1304 372 4391 372 1303 372 2988 373 5213 373 2125 373 1305 374 4392 374 1304 374 2989 375 5214 375 2126 375 1306 376 4393 376 1305 376 2990 377 5215 377 2127 377 1307 378 4394 378 1306 378 2991 379 5216 379 2128 379 1308 380 4395 380 1307 380 2992 381 5217 381 2129 381 1309 382 4396 382 1308 382 2993 383 5218 383 2130 383 1310 384 4397 384 1309 384 2994 385 5219 385 2131 385 1311 386 4398 386 1310 386 2995 387 5220 387 2132 387 1312 388 4399 388 1311 388 2996 389 5221 389 2133 389 1313 390 4400 390 1312 390 2997 391 5222 391 2134 391 1314 392 4401 392 1313 392 2998 393 5223 393 2135 393 1315 394 4402 394 1314 394 2999 395 5224 395 2136 395 1316 396 4403 396 1315 396 3000 397 5225 397 2137 397 1317 398 4404 398 1316 398 3001 399 5226 399 2138 399 1318 400 4405 400 1317 400 3002 401 5227 401 2139 401 1319 402 4406 402 1318 402 3003 403 5228 403 2140 403 1320 404 4407 404 1319 404 3004 405 5229 405 2141 405 1321 406 4408 406 1320 406 3005 407 5230 407 2142 407 1322 408 4409 408 1321 408 3006 409 5231 409 2143 409 1323 410 4410 410 1322 410 3007 411 5232 411 2144 411 1324 412 4411 412 1323 412 3008 413 5233 413 2145 413 1325 414 4412 414 1324 414 3009 415 5234 415 2146 415 1326 416 4413 416 1325 416 3010 417 5235 417 2147 417 1327 418 4414 418 1326 418 3011 419 5236 419 2148 419 1328 420 4415 420 1327 420 3012 421 5237 421 2149 421 1329 422 4416 422 1328 422 3013 423 5238 423 2150 423 1330 424 4417 424 1329 424 3014 425 5239 425 2151 425 1331 426 4418 426 1330 426 3015 427 5240 427 2152 427 1332 428 4419 428 1331 428 3016 429 5241 429 2153 429 1333 430 4420 430 1332 430 3017 431 5242 431 2154 431 1334 432 4421 432 1333 432 3018 433 5243 433 2155 433 1335 434 4422 434 1334 434 3019 435 5244 435 2156 435 1336 436 4423 436 1335 436 3020 437 5245 437 2157 437 1337 438 4424 438 1336 438 3021 439 5246 439 2158 439 1338 440 4425 440 1337 440 3022 441 5247 441 2159 441 1339 442 4426 442 1338 442 3023 443 5248 443 2160 443 1340 444 4427 444 1339 444 3024 445 5249 445 2161 445 1341 446 4428 446 1340 446 3025 447 5250 447 2162 447 1342 448 4429 448 1341 448 3026 449 5251 449 2163 449 1343 450 4430 450 1342 450 3027 451 5252 451 2164 451 1344 452 4431 452 1343 452 3028 453 5253 453 2165 453 1345 454 4432 454 1344 454 3029 455 5254 455 2166 455 1346 456 4433 456 1345 456 3030 457 5255 457 2167 457 1347 458 4434 458 1346 458 3031 459 5256 459 2168 459 1348 460 4435 460 1347 460 3032 461 5257 461 2169 461 1349 462 4436 462 1348 462 3033 463 5258 463 2170 463 1350 464 4437 464 1349 464 3034 465 5259 465 2171 465 1351 466 4438 466 1350 466 3035 467 5260 467 2172 467 1352 468 4439 468 1351 468 3036 469 5261 469 2173 469 1353 470 4440 470 1352 470 3037 471 5262 471 2174 471 1354 472 4441 472 1353 472 3038 473 5263 473 2175 473 1355 474 4442 474 1354 474 3039 475 5264 475 2176 475 1356 476 4443 476 1355 476 3040 477 5265 477 2177 477 1357 478 4444 478 1356 478 3041 479 5266 479 2178 479 0 480 4445 480 1357 480 3042 481 5267 481 2179 481 113 482 3200 482 112 482 3043 483 5268 483 2180 483 386 484 3473 484 385 484 3044 485 5269 485 2181 485 447 486 3534 486 446 486 3045 487 5270 487 2182 487 533 488 3620 488 532 488 3046 489 5271 489 2183 489 541 490 3628 490 540 490 3047 491 5272 491 2184 491 615 492 3702 492 614 492 3048 493 5273 493 2185 493 623 494 3710 494 622 494 3049 495 5274 495 2186 495 877 496 3964 496 876 496 3050 497 5275 497 2187 497 885 498 3972 498 884 498 3051 499 5276 499 2188 499 1160 500 4247 500 1159 500 3052 501 5277 501 2189 501 1358 502 3091 502 3 502 3053 503 5278 503 2190 503 1359 504 3098 504 10 504 3054 505 5279 505 2191 505 1360 506 3100 506 12 506 3055 507 5280 507 2192 507 1361 508 3101 508 13 508 3056 509 5281 509 2193 509 1362 510 3103 510 15 510 3057 511 5282 511 2194 511 1363 512 3105 512 17 512 3058 513 5283 513 2195 513 1364 514 3106 514 18 514 3059 515 5284 515 2196 515 1365 516 3107 516 19 516 3060 517 5285 517 2197 517 1366 518 3108 518 20 518 3061 519 5286 519 2198 519 1367 520 3109 520 21 520 3062 521 5287 521 2199 521 1368 522 3110 522 22 522 3063 523 5288 523 2200 523 1369 524 3111 524 23 524 3064 525 5289 525 2201 525 1370 526 3112 526 24 526 3065 527 5290 527 2202 527 1371 528 3113 528 25 528 3066 529 5291 529 2203 529 1372 530 3114 530 26 530 3067 531 5292 531 2204 531 1373 532 3115 532 27 532 3068 533 5293 533 2205 533 1374 534 3116 534 28 534 3069 535 5294 535 2206 535 1375 536 3117 536 29 536 3070 537 5295 537 2207 537 1376 538 3118 538 30 538 3071 539 5296 539 2208 539 1377 540 3119 540 31 540 3072 541 5297 541 2209 541 1378 542 3120 542 32 542 3073 543 5298 543 2210 543 1379 544 3121 544 33 544 3074 545 5299 545 2211 545 1380 546 3122 546 34 546 3075 547 5300 547 2212 547 1381 548 3123 548 35 548 3076 549 5301 549 2213 549 1382 550 3124 550 36 550 3077 551 5302 551 2214 551 1383 552 3125 552 37 552 3078 553 5303 553 2215 553 1384 554 3126 554 38 554 3079 555 5304 555 2216 555 1385 556 3127 556 39 556 3080 557 5305 557 2217 557 1386 558 3128 558 40 558 3081 559 5306 559 2218 559 1387 560 3129 560 41 560 3082 561 5307 561 2219 561 1388 562 3131 562 43 562 3083 563 5308 563 2220 563 1389 564 3132 564 44 564 3085 565 6172 565 3084 565 1390 566 3133 566 45 566 3087 567 6174 567 3086 567 1391 568 3134 568 46 568 683 569 6175 569 3087 569 1392 570 3136 570 48 570 3086 571 3770 571 682 571 1393 572 3137 572 49 572 139 573 6173 573 3085 573 1394 574 3139 574 51 574 3084 575 3226 575 138 575 1395 576 3141 576 53 576 1396 577 3142 577 54 577 1397 578 3143 578 55 578 1398 579 3144 579 56 579 1399 580 3145 580 57 580 1400 581 3146 581 58 581 1401 582 3147 582 59 582 1402 583 3148 583 60 583 1403 584 3149 584 61 584 1404 585 3150 585 62 585 1405 586 3151 586 63 586 1406 587 3152 587 64 587 1407 588 3153 588 65 588 1408 589 3156 589 68 589 1409 590 3166 590 78 590 1410 591 3167 591 79 591 1411 592 3168 592 80 592 1412 593 3169 593 81 593 1413 594 3170 594 82 594 1414 595 3171 595 83 595 1415 596 3172 596 84 596 1416 597 3173 597 85 597 1417 598 3174 598 86 598 1418 599 3175 599 87 599 1419 600 3176 600 88 600 1420 601 3177 601 89 601 1421 602 3178 602 90 602 1422 603 3179 603 91 603 1423 604 3180 604 92 604 1424 605 3181 605 93 605 1425 606 3182 606 94 606 1426 607 3183 607 95 607 1427 608 3184 608 96 608 1428 609 3185 609 97 609 1429 610 3186 610 98 610 1430 611 3187 611 99 611 1431 612 3188 612 100 612 1432 613 3189 613 101 613 1433 614 3192 614 104 614 1434 615 3193 615 105 615 1435 616 3195 616 107 616 1436 617 3198 617 110 617 1437 618 3200 618 112 618 1438 619 3201 619 113 619 1439 620 3202 620 114 620 1440 621 3203 621 115 621 1441 622 3205 622 117 622 1442 623 3206 623 118 623 1443 624 3207 624 119 624 1444 625 3208 625 120 625 1445 626 3210 626 122 626 1446 627 3211 627 123 627 1447 628 3212 628 124 628 1448 629 3213 629 125 629 1449 630 3214 630 126 630 1450 631 3215 631 127 631 1451 632 3216 632 128 632 1452 633 3217 633 129 633 1453 634 3218 634 130 634 1454 635 3219 635 131 635 1455 636 3220 636 132 636 1456 637 3221 637 133 637 1457 638 3222 638 134 638 1458 639 3223 639 135 639 1459 640 3224 640 136 640 1460 641 3225 641 137 641 1461 642 3231 642 143 642 1462 643 3232 643 144 643 1463 644 3233 644 145 644 1464 645 3234 645 146 645 1465 646 3235 646 147 646 1466 647 3238 647 150 647 1467 648 3244 648 156 648 1468 649 3247 649 159 649 1469 650 3250 650 162 650 1470 651 3251 651 163 651 1471 652 3252 652 164 652 1472 653 3253 653 165 653 1473 654 3254 654 166 654 1474 655 3255 655 167 655 1475 656 3257 656 169 656 1476 657 3258 657 170 657 1477 658 3259 658 171 658 1478 659 3260 659 172 659 1479 660 3266 660 178 660 1480 661 3268 661 180 661 1481 662 3270 662 182 662 1482 663 3271 663 183 663 1483 664 3272 664 184 664 1484 665 3276 665 188 665 1485 666 3280 666 192 666 1486 667 3283 667 195 667 1487 668 3290 668 202 668 1488 669 3293 669 205 669 1489 670 3296 670 208 670 1490 671 3297 671 209 671 1491 672 3298 672 210 672 1492 673 3299 673 211 673 1493 674 3300 674 212 674 1494 675 3301 675 213 675 1495 676 3302 676 214 676 1496 677 3303 677 215 677 1497 678 3304 678 216 678 1498 679 3305 679 217 679 1499 680 3306 680 218 680 1500 681 3307 681 219 681 1501 682 3314 682 226 682 1502 683 3315 683 227 683 1503 684 3320 684 232 684 1504 685 3321 685 233 685 1505 686 3322 686 234 686 1506 687 3323 687 235 687 1507 688 3324 688 236 688 1508 689 3325 689 237 689 1509 690 3326 690 238 690 1510 691 3327 691 239 691 1511 692 3328 692 240 692 1512 693 3329 693 241 693 1513 694 3330 694 242 694 1514 695 3331 695 243 695 1515 696 3332 696 244 696 1516 697 3333 697 245 697 1517 698 3334 698 246 698 1518 699 3335 699 247 699 1519 700 3336 700 248 700 1520 701 3337 701 249 701 1521 702 3338 702 250 702 1522 703 3339 703 251 703 1523 704 3340 704 252 704 1524 705 3341 705 253 705 1525 706 3342 706 254 706 1526 707 3343 707 255 707 1527 708 3346 708 258 708 1528 709 3352 709 264 709 1529 710 3353 710 265 710 1530 711 3356 711 268 711 1531 712 3357 712 269 712 1532 713 3358 713 270 713 1533 714 3360 714 272 714 1534 715 3361 715 273 715 1535 716 3363 716 275 716 1536 717 3364 717 276 717 1537 718 3366 718 278 718 1538 719 3367 719 279 719 1539 720 3368 720 280 720 1540 721 3370 721 282 721 1541 722 3371 722 283 722 1542 723 3372 723 284 723 1543 724 3373 724 285 724 1544 725 3374 725 286 725 1545 726 3375 726 287 726 1546 727 3376 727 288 727 1547 728 3377 728 289 728 1548 729 3378 729 290 729 1549 730 3379 730 291 730 1550 731 3380 731 292 731 1551 732 3381 732 293 732 1552 733 3382 733 294 733 1553 734 3383 734 295 734 1554 735 3384 735 296 735 1555 736 3385 736 297 736 1556 737 3386 737 298 737 1557 738 3387 738 299 738 1558 739 3388 739 300 739 1559 740 3389 740 301 740 1560 741 3390 741 302 741 1561 742 3391 742 303 742 1562 743 3392 743 304 743 1563 744 3399 744 311 744 1564 745 3403 745 315 745 1565 746 3404 746 316 746 1566 747 3405 747 317 747 1567 748 3406 748 318 748 1568 749 3407 749 319 749 1569 750 3410 750 322 750 1570 751 3416 751 328 751 1571 752 3417 752 329 752 1572 753 3418 753 330 753 1573 754 3420 754 332 754 1574 755 3421 755 333 755 1575 756 3422 756 334 756 1576 757 3423 757 335 757 1577 758 3424 758 336 758 1578 759 3425 759 337 759 1579 760 3426 760 338 760 1580 761 3428 761 340 761 1581 762 3429 762 341 762 1582 763 3430 763 342 763 1583 764 3431 764 343 764 1584 765 3432 765 344 765 1585 766 3433 766 345 766 1638 767 3495 767 407 767 1586 768 3434 768 346 768 1639 769 3496 769 408 769 1587 770 3435 770 347 770 1640 771 3497 771 409 771 1588 772 3436 772 348 772 1641 773 3498 773 410 773 1589 774 3437 774 349 774 1642 775 3499 775 411 775 1590 776 3438 776 350 776 1643 777 3500 777 412 777 1591 778 3439 778 351 778 1644 779 3501 779 413 779 1592 780 3440 780 352 780 1645 781 3502 781 414 781 1593 782 3441 782 353 782 1646 783 3503 783 415 783 1594 784 3443 784 355 784 1647 785 3504 785 416 785 1595 786 3444 786 356 786 1648 787 3505 787 417 787 1596 788 3445 788 357 788 1649 789 3506 789 418 789 1597 790 3446 790 358 790 1650 791 3507 791 419 791 1598 792 3447 792 359 792 1651 793 3508 793 420 793 1599 794 3448 794 360 794 1652 795 3509 795 421 795 1600 796 3449 796 361 796 1653 797 3510 797 422 797 1601 798 3451 798 363 798 1654 799 3511 799 423 799 1602 800 3452 800 364 800 1655 801 3512 801 424 801 1603 802 3454 802 366 802 1656 803 3513 803 425 803 1604 804 3455 804 367 804 1657 805 3514 805 426 805 1605 806 3456 806 368 806 1658 807 3515 807 427 807 1606 808 3457 808 369 808 1659 809 3516 809 428 809 1607 810 3458 810 370 810 1660 811 3517 811 429 811 1608 812 3459 812 371 812 1661 813 3518 813 430 813 1609 814 3460 814 372 814 1662 815 3519 815 431 815 1610 816 3461 816 373 816 1663 817 3520 817 432 817 1611 818 3462 818 374 818 1664 819 3521 819 433 819 1612 820 3463 820 375 820 1665 821 3522 821 434 821 1613 822 3464 822 376 822 1666 823 3523 823 435 823 1614 824 3465 824 377 824 1667 825 3529 825 441 825 1615 826 3467 826 379 826 1668 827 3535 827 447 827 1616 828 3471 828 383 828 1669 829 3536 829 448 829 1617 830 3473 830 385 830 1670 831 3537 831 449 831 1618 832 3474 832 386 832 1671 833 3538 833 450 833 1619 834 3476 834 388 834 1672 835 3539 835 451 835 1620 836 3477 836 389 836 1673 837 3540 837 452 837 1621 838 3478 838 390 838 1674 839 3541 839 453 839 1622 840 3479 840 391 840 1675 841 3542 841 454 841 1623 842 3480 842 392 842 1676 843 3543 843 455 843 1624 844 3481 844 393 844 1677 845 3545 845 457 845 1625 846 3482 846 394 846 1678 847 3546 847 458 847 1626 848 3483 848 395 848 1679 849 3547 849 459 849 1627 850 3484 850 396 850 1680 851 3548 851 460 851 1628 852 3485 852 397 852 1681 853 3549 853 461 853 1629 854 3486 854 398 854 1682 855 3550 855 462 855 1630 856 3487 856 399 856 1683 857 3551 857 463 857 1631 858 3488 858 400 858 1684 859 3552 859 464 859 1632 860 3489 860 401 860 1685 861 3553 861 465 861 1633 862 3490 862 402 862 1686 863 3554 863 466 863 1634 864 3491 864 403 864 1687 865 3555 865 467 865 1635 866 3492 866 404 866 1688 867 3556 867 468 867 1636 868 3493 868 405 868 1689 869 3557 869 469 869 1637 870 3494 870 406 870 1690 871 3558 871 470 871 1691 872 3559 872 471 872 1692 873 3560 873 472 873 1693 874 3561 874 473 874 1694 875 3562 875 474 875 1 876 3088 876 0 876 1695 877 3563 877 475 877 2 878 3089 878 1 878 1696 879 3564 879 476 879 3 880 3090 880 2 880 1697 881 3565 881 477 881 4 882 3091 882 3 882 1698 883 3566 883 478 883 5 884 3092 884 4 884 1699 885 3567 885 479 885 6 886 3093 886 5 886 1700 887 3568 887 480 887 7 888 3094 888 6 888 1701 889 3569 889 481 889 8 890 3095 890 7 890 1702 891 3570 891 482 891 9 892 3096 892 8 892 1703 893 3575 893 487 893 10 894 3097 894 9 894 1704 895 3582 895 494 895 11 896 3098 896 10 896 1705 897 3587 897 499 897 12 898 3099 898 11 898 1706 899 3590 899 502 899 13 900 3100 900 12 900 1707 901 3592 901 504 901 14 902 3101 902 13 902 1708 903 3594 903 506 903 15 904 3102 904 14 904 1709 905 3595 905 507 905 16 906 3103 906 15 906 1710 907 3596 907 508 907 17 908 3104 908 16 908 1711 909 3597 909 509 909 18 910 3105 910 17 910 1712 911 3598 911 510 911 19 912 3106 912 18 912 1713 913 3599 913 511 913 20 914 3107 914 19 914 1714 915 3600 915 512 915 21 916 3108 916 20 916 1715 917 3601 917 513 917 22 918 3109 918 21 918 1716 919 3602 919 514 919 23 920 3110 920 22 920 1717 921 3603 921 515 921 24 922 3111 922 23 922 1718 923 3604 923 516 923 25 924 3112 924 24 924 1719 925 3605 925 517 925 26 926 3113 926 25 926 1720 927 3606 927 518 927 27 928 3114 928 26 928 1721 929 3607 929 519 929 28 930 3115 930 27 930 1722 931 3608 931 520 931 29 932 3116 932 28 932 1723 933 3609 933 521 933 30 934 3117 934 29 934 1724 935 3610 935 522 935 31 936 3118 936 30 936 1725 937 3611 937 523 937 32 938 3119 938 31 938 1726 939 3612 939 524 939 33 940 3120 940 32 940 1727 941 3613 941 525 941 34 942 3121 942 33 942 1728 943 3614 943 526 943 35 944 3122 944 34 944 1729 945 3615 945 527 945 36 946 3123 946 35 946 1730 947 3616 947 528 947 37 948 3124 948 36 948 1731 949 3617 949 529 949 38 950 3125 950 37 950 1732 951 3618 951 530 951 39 952 3126 952 38 952 1733 953 3622 953 534 953 40 954 3127 954 39 954 1734 955 3624 955 536 955 41 956 3128 956 40 956 1735 957 3629 957 541 957 42 958 3129 958 41 958 1736 959 3630 959 542 959 43 960 3130 960 42 960 1737 961 3631 961 543 961 44 962 3131 962 43 962 1738 963 3632 963 544 963 45 964 3132 964 44 964 1739 965 3633 965 545 965 46 966 3133 966 45 966 1740 967 3634 967 546 967 47 968 3134 968 46 968 1741 969 3635 969 547 969 48 970 3135 970 47 970 1742 971 3636 971 548 971 49 972 3136 972 48 972 1743 973 3637 973 549 973 50 974 3137 974 49 974 1744 975 3638 975 550 975 51 976 3138 976 50 976 1745 977 3639 977 551 977 52 978 3139 978 51 978 1746 979 3640 979 552 979 53 980 3140 980 52 980 1747 981 3642 981 554 981 54 982 3141 982 53 982 1748 983 3644 983 556 983 55 984 3142 984 54 984 1749 985 3647 985 559 985 56 986 3143 986 55 986 1750 987 3650 987 562 987 57 988 3144 988 56 988 1751 989 3653 989 565 989 58 990 3145 990 57 990 1752 991 3654 991 566 991 59 992 3146 992 58 992 1753 993 3655 993 567 993 60 994 3147 994 59 994 1754 995 3656 995 568 995 61 996 3148 996 60 996 1755 997 3657 997 569 997 62 998 3149 998 61 998 1756 999 3658 999 570 999 63 1000 3150 1000 62 1000 1757 1001 3659 1001 571 1001 64 1002 3151 1002 63 1002 1758 1003 3660 1003 572 1003 65 1004 3152 1004 64 1004 1759 1005 3669 1005 581 1005 66 1006 3153 1006 65 1006 1760 1007 3670 1007 582 1007 67 1008 3154 1008 66 1008 1761 1009 3672 1009 584 1009 68 1010 3155 1010 67 1010 1762 1011 3674 1011 586 1011 69 1012 3156 1012 68 1012 1763 1013 3676 1013 588 1013 70 1014 3157 1014 69 1014 1764 1015 3689 1015 601 1015 71 1016 3158 1016 70 1016 1765 1017 3690 1017 602 1017 72 1018 3159 1018 71 1018 1766 1019 3691 1019 603 1019 73 1020 3160 1020 72 1020 1767 1021 3692 1021 604 1021 74 1022 3161 1022 73 1022 1768 1023 3693 1023 605 1023 75 1024 3162 1024 74 1024 1769 1025 3694 1025 606 1025 76 1026 3163 1026 75 1026 1770 1027 3695 1027 607 1027 77 1028 3164 1028 76 1028 1771 1029 3696 1029 608 1029 78 1030 3165 1030 77 1030 1772 1031 3697 1031 609 1031 79 1032 3166 1032 78 1032 1773 1033 3698 1033 610 1033 80 1034 3167 1034 79 1034 1774 1035 3699 1035 611 1035 81 1036 3168 1036 80 1036 1775 1037 3700 1037 612 1037 82 1038 3169 1038 81 1038 1776 1039 3702 1039 614 1039 83 1040 3170 1040 82 1040 1777 1041 3705 1041 617 1041 84 1042 3171 1042 83 1042 1778 1043 3706 1043 618 1043 85 1044 3172 1044 84 1044 1779 1045 3710 1045 622 1045 86 1046 3173 1046 85 1046 1780 1047 3711 1047 623 1047 87 1048 3174 1048 86 1048 1781 1049 3712 1049 624 1049 88 1050 3175 1050 87 1050 1782 1051 3713 1051 625 1051 89 1052 3176 1052 88 1052 1783 1053 3714 1053 626 1053 90 1054 3177 1054 89 1054 1784 1055 3715 1055 627 1055 91 1056 3178 1056 90 1056 1785 1057 3716 1057 628 1057 92 1058 3179 1058 91 1058 1786 1059 3717 1059 629 1059 93 1060 3180 1060 92 1060 1787 1061 3718 1061 630 1061 94 1062 3181 1062 93 1062 1788 1063 3719 1063 631 1063 95 1064 3182 1064 94 1064 1789 1065 3720 1065 632 1065 96 1066 3183 1066 95 1066 1790 1067 3721 1067 633 1067 97 1068 3184 1068 96 1068 1791 1069 3722 1069 634 1069 98 1070 3185 1070 97 1070 1792 1071 3726 1071 638 1071 99 1072 3186 1072 98 1072 1793 1073 3731 1073 643 1073 100 1074 3187 1074 99 1074 1794 1075 3734 1075 646 1075 101 1076 3188 1076 100 1076 1795 1077 3735 1077 647 1077 102 1078 3189 1078 101 1078 1796 1079 3736 1079 648 1079 103 1080 3190 1080 102 1080 1797 1081 3737 1081 649 1081 104 1082 3191 1082 103 1082 1798 1083 3738 1083 650 1083 105 1084 3192 1084 104 1084 1799 1085 3739 1085 651 1085 106 1086 3193 1086 105 1086 1800 1087 3740 1087 652 1087 107 1088 3194 1088 106 1088 1801 1089 3741 1089 653 1089 108 1090 3195 1090 107 1090 1802 1091 3742 1091 654 1091 109 1092 3196 1092 108 1092 1803 1093 3743 1093 655 1093 110 1094 3197 1094 109 1094 1804 1095 3744 1095 656 1095 111 1096 3198 1096 110 1096 1805 1097 3745 1097 657 1097 112 1098 3199 1098 111 1098 1806 1099 3746 1099 658 1099 114 1100 3201 1100 113 1100 1807 1101 3747 1101 659 1101 115 1102 3202 1102 114 1102 1808 1103 3748 1103 660 1103 116 1104 3203 1104 115 1104 1809 1105 3749 1105 661 1105 117 1106 3204 1106 116 1106 1810 1107 3750 1107 662 1107 118 1108 3205 1108 117 1108 1811 1109 3751 1109 663 1109 119 1110 3206 1110 118 1110 1812 1111 3752 1111 664 1111 120 1112 3207 1112 119 1112 1813 1113 3753 1113 665 1113 121 1114 3208 1114 120 1114 1814 1115 3754 1115 666 1115 122 1116 3209 1116 121 1116 1815 1117 3755 1117 667 1117 123 1118 3210 1118 122 1118 1816 1119 3756 1119 668 1119 124 1120 3211 1120 123 1120 1817 1121 3757 1121 669 1121 125 1122 3212 1122 124 1122 1818 1123 3758 1123 670 1123 126 1124 3213 1124 125 1124 1819 1125 3759 1125 671 1125 127 1126 3214 1126 126 1126 1820 1127 3760 1127 672 1127 128 1128 3215 1128 127 1128 1821 1129 3762 1129 674 1129 129 1130 3216 1130 128 1130 1822 1131 3764 1131 676 1131 130 1132 3217 1132 129 1132 1823 1133 3767 1133 679 1133 131 1134 3218 1134 130 1134 1824 1135 3768 1135 680 1135 132 1136 3219 1136 131 1136 1825 1137 3769 1137 681 1137 133 1138 3220 1138 132 1138 1826 1139 3773 1139 685 1139 134 1140 3221 1140 133 1140 1827 1141 3777 1141 689 1141 135 1142 3222 1142 134 1142 1828 1143 3780 1143 692 1143 136 1144 3223 1144 135 1144 1829 1145 3781 1145 693 1145 137 1146 3224 1146 136 1146 1830 1147 3783 1147 695 1147 138 1148 3225 1148 137 1148 1831 1149 3792 1149 704 1149 138 1150 3227 1150 139 1150 1832 1151 3795 1151 707 1151 140 1152 3227 1152 139 1152 1833 1153 3796 1153 708 1153 141 1154 3228 1154 140 1154 1834 1155 3797 1155 709 1155 142 1156 3229 1156 141 1156 1835 1157 3801 1157 713 1157 143 1158 3230 1158 142 1158 1836 1159 3802 1159 714 1159 144 1160 3231 1160 143 1160 1837 1161 3803 1161 715 1161 145 1162 3232 1162 144 1162 1838 1163 3804 1163 716 1163 146 1164 3233 1164 145 1164 1839 1165 3805 1165 717 1165 147 1166 3234 1166 146 1166 1840 1167 3806 1167 718 1167 148 1168 3235 1168 147 1168 1841 1169 3808 1169 720 1169 149 1170 3236 1170 148 1170 1842 1171 3809 1171 721 1171 150 1172 3237 1172 149 1172 1843 1173 3813 1173 725 1173 151 1174 3238 1174 150 1174 1844 1175 3817 1175 729 1175 152 1176 3239 1176 151 1176 1845 1177 3824 1177 736 1177 153 1178 3240 1178 152 1178 1846 1179 3831 1179 743 1179 154 1180 3241 1180 153 1180 1847 1181 3832 1181 744 1181 155 1182 3242 1182 154 1182 1848 1183 3835 1183 747 1183 156 1184 3243 1184 155 1184 1849 1185 3838 1185 750 1185 157 1186 3244 1186 156 1186 1850 1187 3841 1187 753 1187 158 1188 3245 1188 157 1188 1851 1189 3842 1189 754 1189 159 1190 3246 1190 158 1190 1852 1191 3843 1191 755 1191 160 1192 3247 1192 159 1192 1853 1193 3844 1193 756 1193 161 1194 3248 1194 160 1194 1854 1195 3845 1195 757 1195 162 1196 3249 1196 161 1196 1855 1197 3846 1197 758 1197 163 1198 3250 1198 162 1198 1856 1199 3847 1199 759 1199 164 1200 3251 1200 163 1200 1857 1201 3848 1201 760 1201 165 1202 3252 1202 164 1202 1858 1203 3853 1203 765 1203 166 1204 3253 1204 165 1204 1859 1205 3854 1205 766 1205 167 1206 3254 1206 166 1206 1860 1207 3867 1207 779 1207 168 1208 3255 1208 167 1208 1861 1209 3868 1209 780 1209 169 1210 3256 1210 168 1210 1862 1211 3869 1211 781 1211 170 1212 3257 1212 169 1212 1863 1213 3870 1213 782 1213 171 1214 3258 1214 170 1214 1864 1215 3871 1215 783 1215 172 1216 3259 1216 171 1216 1865 1217 3872 1217 784 1217 173 1218 3260 1218 172 1218 1866 1219 3873 1219 785 1219 174 1220 3261 1220 173 1220 1867 1221 3874 1221 786 1221 175 1222 3262 1222 174 1222 1868 1223 3875 1223 787 1223 176 1224 3263 1224 175 1224 1869 1225 3876 1225 788 1225 177 1226 3264 1226 176 1226 1870 1227 3877 1227 789 1227 178 1228 3265 1228 177 1228 1871 1229 3882 1229 794 1229 179 1230 3266 1230 178 1230 1872 1231 3891 1231 803 1231 180 1232 3267 1232 179 1232 1873 1233 3895 1233 807 1233 181 1234 3268 1234 180 1234 1874 1235 3899 1235 811 1235 182 1236 3269 1236 181 1236 1875 1237 3905 1237 817 1237 183 1238 3270 1238 182 1238 1876 1239 3912 1239 824 1239 184 1240 3271 1240 183 1240 1877 1241 3916 1241 828 1241 185 1242 3272 1242 184 1242 1878 1243 3918 1243 830 1243 186 1244 3273 1244 185 1244 1879 1245 3921 1245 833 1245 187 1246 3274 1246 186 1246 1880 1247 3924 1247 836 1247 188 1248 3275 1248 187 1248 1881 1249 3926 1249 838 1249 189 1250 3276 1250 188 1250 1882 1251 3927 1251 839 1251 190 1252 3277 1252 189 1252 1883 1253 3928 1253 840 1253 191 1254 3278 1254 190 1254 1884 1255 3929 1255 841 1255 192 1256 3279 1256 191 1256 1885 1257 3930 1257 842 1257 193 1258 3280 1258 192 1258 1886 1259 3931 1259 843 1259 194 1260 3281 1260 193 1260 1887 1261 3932 1261 844 1261 195 1262 3282 1262 194 1262 1888 1263 3933 1263 845 1263 196 1264 3283 1264 195 1264 1889 1265 3934 1265 846 1265 197 1266 3284 1266 196 1266 1890 1267 3935 1267 847 1267 198 1268 3285 1268 197 1268 1891 1269 3936 1269 848 1269 199 1270 3286 1270 198 1270 1892 1271 3941 1271 853 1271 200 1272 3287 1272 199 1272 1893 1273 3949 1273 861 1273 201 1274 3288 1274 200 1274 1894 1275 3957 1275 869 1275 202 1276 3289 1276 201 1276 1895 1277 3960 1277 872 1277 203 1278 3290 1278 202 1278 1896 1279 3962 1279 874 1279 204 1280 3291 1280 203 1280 1897 1281 3970 1281 882 1281 205 1282 3292 1282 204 1282 1898 1283 3977 1283 889 1283 206 1284 3293 1284 205 1284 1899 1285 3978 1285 890 1285 207 1286 3294 1286 206 1286 1900 1287 3980 1287 892 1287 208 1288 3295 1288 207 1288 1901 1289 3981 1289 893 1289 209 1290 3296 1290 208 1290 1902 1291 3983 1291 895 1291 210 1292 3297 1292 209 1292 1903 1293 3984 1293 896 1293 211 1294 3298 1294 210 1294 1904 1295 3987 1295 899 1295 212 1296 3299 1296 211 1296 1905 1297 3988 1297 900 1297 213 1298 3300 1298 212 1298 1906 1299 3989 1299 901 1299 214 1300 3301 1300 213 1300 1907 1301 3991 1301 903 1301 215 1302 3302 1302 214 1302 1908 1303 3992 1303 904 1303 216 1304 3303 1304 215 1304 1909 1305 3993 1305 905 1305 217 1306 3304 1306 216 1306 1910 1307 3995 1307 907 1307 218 1308 3305 1308 217 1308 1911 1309 3996 1309 908 1309 219 1310 3306 1310 218 1310 1912 1311 3997 1311 909 1311 220 1312 3307 1312 219 1312 1913 1313 3998 1313 910 1313 221 1314 3308 1314 220 1314 1914 1315 3999 1315 911 1315 222 1316 3309 1316 221 1316 1915 1317 4000 1317 912 1317 223 1318 3310 1318 222 1318 1916 1319 4001 1319 913 1319 224 1320 3311 1320 223 1320 1917 1321 4002 1321 914 1321 225 1322 3312 1322 224 1322 1918 1323 4003 1323 915 1323 226 1324 3313 1324 225 1324 1919 1325 4004 1325 916 1325 227 1326 3314 1326 226 1326 1920 1327 4005 1327 917 1327 228 1328 3315 1328 227 1328 1921 1329 4009 1329 921 1329 229 1330 3316 1330 228 1330 1922 1331 4013 1331 925 1331 230 1332 3317 1332 229 1332 1923 1333 4014 1333 926 1333 231 1334 3318 1334 230 1334 1924 1335 4015 1335 927 1335 232 1336 3319 1336 231 1336 1925 1337 4016 1337 928 1337 233 1338 3320 1338 232 1338 1926 1339 4017 1339 929 1339 234 1340 3321 1340 233 1340 1927 1341 4018 1341 930 1341 235 1342 3322 1342 234 1342 1928 1343 4019 1343 931 1343 236 1344 3323 1344 235 1344 1929 1345 4020 1345 932 1345 237 1346 3324 1346 236 1346 1930 1347 4021 1347 933 1347 238 1348 3325 1348 237 1348 1931 1349 4022 1349 934 1349 239 1350 3326 1350 238 1350 1932 1351 4023 1351 935 1351 240 1352 3327 1352 239 1352 1933 1353 4024 1353 936 1353 241 1354 3328 1354 240 1354 1934 1355 4025 1355 937 1355 242 1356 3329 1356 241 1356 1935 1357 4026 1357 938 1357 243 1358 3330 1358 242 1358 1936 1359 4027 1359 939 1359 244 1360 3331 1360 243 1360 1937 1361 4028 1361 940 1361 245 1362 3332 1362 244 1362 1938 1363 4029 1363 941 1363 246 1364 3333 1364 245 1364 1939 1365 4030 1365 942 1365 247 1366 3334 1366 246 1366 1940 1367 4031 1367 943 1367 248 1368 3335 1368 247 1368 1941 1369 4035 1369 947 1369 249 1370 3336 1370 248 1370 1942 1371 4039 1371 951 1371 250 1372 3337 1372 249 1372 1943 1373 4042 1373 954 1373 251 1374 3338 1374 250 1374 1944 1375 4044 1375 956 1375 252 1376 3339 1376 251 1376 1945 1377 4045 1377 957 1377 253 1378 3340 1378 252 1378 1946 1379 4046 1379 958 1379 254 1380 3341 1380 253 1380 1947 1381 4047 1381 959 1381 255 1382 3342 1382 254 1382 1948 1383 4048 1383 960 1383 256 1384 3343 1384 255 1384 1949 1385 4049 1385 961 1385 257 1386 3344 1386 256 1386 1950 1387 4050 1387 962 1387 258 1388 3345 1388 257 1388 1951 1389 4051 1389 963 1389 259 1390 3346 1390 258 1390 1952 1391 4052 1391 964 1391 260 1392 3347 1392 259 1392 1953 1393 4053 1393 965 1393 261 1394 3348 1394 260 1394 1954 1395 4054 1395 966 1395 262 1396 3349 1396 261 1396 1955 1397 4055 1397 967 1397 263 1398 3350 1398 262 1398 1956 1399 4056 1399 968 1399 264 1400 3351 1400 263 1400 1957 1401 4057 1401 969 1401 265 1402 3352 1402 264 1402 1958 1403 4058 1403 970 1403 266 1404 3353 1404 265 1404 1959 1405 4059 1405 971 1405 267 1406 3354 1406 266 1406 1960 1407 4060 1407 972 1407 268 1408 3355 1408 267 1408 1961 1409 4061 1409 973 1409 269 1410 3356 1410 268 1410 1962 1411 4062 1411 974 1411 270 1412 3357 1412 269 1412 1963 1413 4063 1413 975 1413 271 1414 3358 1414 270 1414 1964 1415 4064 1415 976 1415 272 1416 3359 1416 271 1416 1965 1417 4065 1417 977 1417 273 1418 3360 1418 272 1418 1966 1419 4066 1419 978 1419 274 1420 3361 1420 273 1420 1967 1421 4067 1421 979 1421 275 1422 3362 1422 274 1422 1968 1423 4068 1423 980 1423 276 1424 3363 1424 275 1424 1969 1425 4069 1425 981 1425 277 1426 3364 1426 276 1426 1970 1427 4073 1427 985 1427 278 1428 3365 1428 277 1428 1971 1429 4077 1429 989 1429 279 1430 3366 1430 278 1430 1972 1431 4080 1431 992 1431 280 1432 3367 1432 279 1432 1973 1433 4081 1433 993 1433 281 1434 3368 1434 280 1434 1974 1435 4082 1435 994 1435 282 1436 3369 1436 281 1436 1975 1437 4083 1437 995 1437 283 1438 3370 1438 282 1438 1976 1439 4084 1439 996 1439 284 1440 3371 1440 283 1440 1977 1441 4085 1441 997 1441 285 1442 3372 1442 284 1442 1978 1443 4086 1443 998 1443 286 1444 3373 1444 285 1444 1979 1445 4087 1445 999 1445 287 1446 3374 1446 286 1446 1980 1447 4088 1447 1000 1447 288 1448 3375 1448 287 1448 1981 1449 4089 1449 1001 1449 289 1450 3376 1450 288 1450 1982 1451 4090 1451 1002 1451 290 1452 3377 1452 289 1452 1983 1453 4091 1453 1003 1453 291 1454 3378 1454 290 1454 1984 1455 4092 1455 1004 1455 292 1456 3379 1456 291 1456 1985 1457 4093 1457 1005 1457 293 1458 3380 1458 292 1458 1986 1459 4094 1459 1006 1459 294 1460 3381 1460 293 1460 1987 1461 4095 1461 1007 1461 295 1462 3382 1462 294 1462 1988 1463 4096 1463 1008 1463 296 1464 3383 1464 295 1464 1989 1465 4097 1465 1009 1465 297 1466 3384 1466 296 1466 1990 1467 4099 1467 1011 1467 298 1468 3385 1468 297 1468 1991 1469 4101 1469 1013 1469 299 1470 3386 1470 298 1470 1992 1471 4103 1471 1015 1471 300 1472 3387 1472 299 1472 1993 1473 4111 1473 1023 1473 301 1474 3388 1474 300 1474 1994 1475 4117 1475 1029 1475 302 1476 3389 1476 301 1476 1995 1477 4118 1477 1030 1477 303 1478 3390 1478 302 1478 1996 1479 4119 1479 1031 1479 304 1480 3391 1480 303 1480 1997 1481 4120 1481 1032 1481 305 1482 3392 1482 304 1482 1998 1483 4121 1483 1033 1483 306 1484 3393 1484 305 1484 1999 1485 4122 1485 1034 1485 307 1486 3394 1486 306 1486 2000 1487 4123 1487 1035 1487 308 1488 3395 1488 307 1488 2001 1489 4124 1489 1036 1489 309 1490 3396 1490 308 1490 2002 1491 4125 1491 1037 1491 310 1492 3397 1492 309 1492 2003 1493 4126 1493 1038 1493 311 1494 3398 1494 310 1494 2004 1495 4127 1495 1039 1495 312 1496 3399 1496 311 1496 2005 1497 4128 1497 1040 1497 313 1498 3400 1498 312 1498 2006 1499 4129 1499 1041 1499 314 1500 3401 1500 313 1500 2007 1501 4130 1501 1042 1501 315 1502 3402 1502 314 1502 2008 1503 4131 1503 1043 1503 316 1504 3403 1504 315 1504 2009 1505 4132 1505 1044 1505 317 1506 3404 1506 316 1506 2010 1507 4133 1507 1045 1507 318 1508 3405 1508 317 1508 2011 1509 4134 1509 1046 1509 319 1510 3406 1510 318 1510 2012 1511 4135 1511 1047 1511 320 1512 3407 1512 319 1512 2013 1513 4136 1513 1048 1513 321 1514 3408 1514 320 1514 2014 1515 4137 1515 1049 1515 322 1516 3409 1516 321 1516 2015 1517 4138 1517 1050 1517 323 1518 3410 1518 322 1518 2016 1519 4139 1519 1051 1519 324 1520 3411 1520 323 1520 2017 1521 4140 1521 1052 1521 325 1522 3412 1522 324 1522 2018 1523 4141 1523 1053 1523 326 1524 3413 1524 325 1524 2019 1525 4142 1525 1054 1525 327 1526 3414 1526 326 1526 2020 1527 4143 1527 1055 1527 328 1528 3415 1528 327 1528 2021 1529 4144 1529 1056 1529 329 1530 3416 1530 328 1530 2022 1531 4145 1531 1057 1531 330 1532 3417 1532 329 1532 2023 1533 4146 1533 1058 1533 331 1534 3418 1534 330 1534 2024 1535 4147 1535 1059 1535 332 1536 3419 1536 331 1536 2025 1537 4148 1537 1060 1537 333 1538 3420 1538 332 1538 2026 1539 4149 1539 1061 1539 334 1540 3421 1540 333 1540 2027 1541 4150 1541 1062 1541 335 1542 3422 1542 334 1542 2028 1543 4151 1543 1063 1543 336 1544 3423 1544 335 1544 2029 1545 4152 1545 1064 1545 337 1546 3424 1546 336 1546 2030 1547 4155 1547 1067 1547 338 1548 3425 1548 337 1548 2031 1549 4165 1549 1077 1549 339 1550 3426 1550 338 1550 2032 1551 4168 1551 1080 1551 340 1552 3427 1552 339 1552 2033 1553 4170 1553 1082 1553 341 1554 3428 1554 340 1554 2034 1555 4173 1555 1085 1555 342 1556 3429 1556 341 1556 2035 1557 4175 1557 1087 1557 343 1558 3430 1558 342 1558 2036 1559 4176 1559 1088 1559 344 1560 3431 1560 343 1560 2037 1561 4177 1561 1089 1561 345 1562 3432 1562 344 1562 2038 1563 4178 1563 1090 1563 346 1564 3433 1564 345 1564 2039 1565 4179 1565 1091 1565 347 1566 3434 1566 346 1566 2040 1567 4180 1567 1092 1567 348 1568 3435 1568 347 1568 2041 1569 4181 1569 1093 1569 349 1570 3436 1570 348 1570 2042 1571 4182 1571 1094 1571 350 1572 3437 1572 349 1572 2043 1573 4183 1573 1095 1573 351 1574 3438 1574 350 1574 2044 1575 4184 1575 1096 1575 352 1576 3439 1576 351 1576 2045 1577 4185 1577 1097 1577 353 1578 3440 1578 352 1578 2046 1579 4186 1579 1098 1579 354 1580 3441 1580 353 1580 2047 1581 4187 1581 1099 1581 355 1582 3442 1582 354 1582 2048 1583 4188 1583 1100 1583 356 1584 3443 1584 355 1584 2049 1585 4189 1585 1101 1585 357 1586 3444 1586 356 1586 2050 1587 4190 1587 1102 1587 358 1588 3445 1588 357 1588 2051 1589 4191 1589 1103 1589 359 1590 3446 1590 358 1590 2052 1591 4192 1591 1104 1591 360 1592 3447 1592 359 1592 2053 1593 4193 1593 1105 1593 361 1594 3448 1594 360 1594 2054 1595 4194 1595 1106 1595 362 1596 3449 1596 361 1596 2055 1597 4195 1597 1107 1597 363 1598 3450 1598 362 1598 2056 1599 4198 1599 1110 1599 364 1600 3451 1600 363 1600 2057 1601 4199 1601 1111 1601 365 1602 3452 1602 364 1602 2058 1603 4200 1603 1112 1603 366 1604 3453 1604 365 1604 2059 1605 4201 1605 1113 1605 367 1606 3454 1606 366 1606 2060 1607 4202 1607 1114 1607 368 1608 3455 1608 367 1608 2061 1609 4203 1609 1115 1609 369 1610 3456 1610 368 1610 2062 1611 4204 1611 1116 1611 370 1612 3457 1612 369 1612 2063 1613 4205 1613 1117 1613 371 1614 3458 1614 370 1614 2064 1615 4206 1615 1118 1615 372 1616 3459 1616 371 1616 2065 1617 4207 1617 1119 1617 373 1618 3460 1618 372 1618 2066 1619 4208 1619 1120 1619 374 1620 3461 1620 373 1620 2067 1621 4209 1621 1121 1621 375 1622 3462 1622 374 1622 2068 1623 4210 1623 1122 1623 376 1624 3463 1624 375 1624 2069 1625 4211 1625 1123 1625 377 1626 3464 1626 376 1626 2070 1627 4212 1627 1124 1627 378 1628 3465 1628 377 1628 2071 1629 4213 1629 1125 1629 379 1630 3466 1630 378 1630 2072 1631 4214 1631 1126 1631 380 1632 3467 1632 379 1632 2073 1633 4215 1633 1127 1633 381 1634 3468 1634 380 1634 2074 1635 4216 1635 1128 1635 382 1636 3469 1636 381 1636 2075 1637 4217 1637 1129 1637 383 1638 3470 1638 382 1638 2076 1639 4218 1639 1130 1639 384 1640 3471 1640 383 1640 2077 1641 4219 1641 1131 1641 385 1642 3472 1642 384 1642 2078 1643 4220 1643 1132 1643 387 1644 3474 1644 386 1644 2079 1645 4221 1645 1133 1645 388 1646 3475 1646 387 1646 2080 1647 4222 1647 1134 1647 389 1648 3476 1648 388 1648 2081 1649 4223 1649 1135 1649 390 1650 3477 1650 389 1650 2082 1651 4224 1651 1136 1651 391 1652 3478 1652 390 1652 2083 1653 4225 1653 1137 1653 392 1654 3479 1654 391 1654 2084 1655 4226 1655 1138 1655 393 1656 3480 1656 392 1656 2085 1657 4227 1657 1139 1657 394 1658 3481 1658 393 1658 2086 1659 4228 1659 1140 1659 395 1660 3482 1660 394 1660 2087 1661 4229 1661 1141 1661 396 1662 3483 1662 395 1662 2088 1663 4230 1663 1142 1663 397 1664 3484 1664 396 1664 2089 1665 4231 1665 1143 1665 398 1666 3485 1666 397 1666 2090 1667 4232 1667 1144 1667 399 1668 3486 1668 398 1668 2091 1669 4233 1669 1145 1669 400 1670 3487 1670 399 1670 2092 1671 4234 1671 1146 1671 401 1672 3488 1672 400 1672 2093 1673 4235 1673 1147 1673 402 1674 3489 1674 401 1674 2094 1675 4237 1675 1149 1675 403 1676 3490 1676 402 1676 2095 1677 4242 1677 1154 1677 404 1678 3491 1678 403 1678 2096 1679 4245 1679 1157 1679 405 1680 3492 1680 404 1680 2097 1681 4246 1681 1158 1681 406 1682 3493 1682 405 1682 2098 1683 4247 1683 1159 1683 407 1684 3494 1684 406 1684 2099 1685 4248 1685 1160 1685 408 1686 3495 1686 407 1686 2100 1687 4249 1687 1161 1687 409 1688 3496 1688 408 1688 2101 1689 4250 1689 1162 1689 410 1690 3497 1690 409 1690 2102 1691 4251 1691 1163 1691 411 1692 3498 1692 410 1692 2103 1693 4252 1693 1164 1693 412 1694 3499 1694 411 1694 2104 1695 4253 1695 1165 1695 413 1696 3500 1696 412 1696 2105 1697 4254 1697 1166 1697 414 1698 3501 1698 413 1698 2106 1699 4255 1699 1167 1699 415 1700 3502 1700 414 1700 2107 1701 4256 1701 1168 1701 416 1702 3503 1702 415 1702 2108 1703 4257 1703 1169 1703 417 1704 3504 1704 416 1704 2109 1705 4258 1705 1170 1705 418 1706 3505 1706 417 1706 2110 1707 4259 1707 1171 1707 419 1708 3506 1708 418 1708 2111 1709 4260 1709 1172 1709 420 1710 3507 1710 419 1710 2112 1711 4261 1711 1173 1711 421 1712 3508 1712 420 1712 2113 1713 4262 1713 1174 1713 422 1714 3509 1714 421 1714 2114 1715 4263 1715 1175 1715 423 1716 3510 1716 422 1716 2115 1717 4264 1717 1176 1717 424 1718 3511 1718 423 1718 2116 1719 4265 1719 1177 1719 425 1720 3512 1720 424 1720 2117 1721 4266 1721 1178 1721 426 1722 3513 1722 425 1722 2118 1723 4267 1723 1179 1723 427 1724 3514 1724 426 1724 2119 1725 4268 1725 1180 1725 428 1726 3515 1726 427 1726 2120 1727 4269 1727 1181 1727 429 1728 3516 1728 428 1728 2121 1729 4270 1729 1182 1729 430 1730 3517 1730 429 1730 2122 1731 4271 1731 1183 1731 431 1732 3518 1732 430 1732 2123 1733 4272 1733 1184 1733 432 1734 3519 1734 431 1734 2124 1735 4273 1735 1185 1735 433 1736 3520 1736 432 1736 2125 1737 4274 1737 1186 1737 434 1738 3521 1738 433 1738 2126 1739 4275 1739 1187 1739 435 1740 3522 1740 434 1740 2127 1741 4276 1741 1188 1741 436 1742 3523 1742 435 1742 2128 1743 4277 1743 1189 1743 437 1744 3524 1744 436 1744 2129 1745 4278 1745 1190 1745 438 1746 3525 1746 437 1746 2130 1747 4285 1747 1197 1747 439 1748 3526 1748 438 1748 2131 1749 4294 1749 1206 1749 440 1750 3527 1750 439 1750 2132 1751 4295 1751 1207 1751 441 1752 3528 1752 440 1752 2133 1753 4300 1753 1212 1753 442 1754 3529 1754 441 1754 2134 1755 4305 1755 1217 1755 443 1756 3530 1756 442 1756 2135 1757 4307 1757 1219 1757 444 1758 3531 1758 443 1758 2136 1759 4308 1759 1220 1759 445 1760 3532 1760 444 1760 2137 1761 4309 1761 1221 1761 446 1762 3533 1762 445 1762 2138 1763 4310 1763 1222 1763 448 1764 3535 1764 447 1764 2139 1765 4311 1765 1223 1765 449 1766 3536 1766 448 1766 2140 1767 4312 1767 1224 1767 450 1768 3537 1768 449 1768 2141 1769 4313 1769 1225 1769 451 1770 3538 1770 450 1770 2142 1771 4314 1771 1226 1771 452 1772 3539 1772 451 1772 2143 1773 4315 1773 1227 1773 453 1774 3540 1774 452 1774 2144 1775 4316 1775 1228 1775 454 1776 3541 1776 453 1776 2145 1777 4317 1777 1229 1777 455 1778 3542 1778 454 1778 2146 1779 4318 1779 1230 1779 456 1780 3543 1780 455 1780 2147 1781 4319 1781 1231 1781 457 1782 3544 1782 456 1782 2148 1783 4321 1783 1233 1783 458 1784 3545 1784 457 1784 2149 1785 4326 1785 1238 1785 459 1786 3546 1786 458 1786 2150 1787 4333 1787 1245 1787 460 1788 3547 1788 459 1788 2151 1789 4334 1789 1246 1789 461 1790 3548 1790 460 1790 2152 1791 4335 1791 1247 1791 462 1792 3549 1792 461 1792 2153 1793 4336 1793 1248 1793 463 1794 3550 1794 462 1794 2154 1795 4337 1795 1249 1795 464 1796 3551 1796 463 1796 2155 1797 4338 1797 1250 1797 465 1798 3552 1798 464 1798 2156 1799 4339 1799 1251 1799 466 1800 3553 1800 465 1800 2157 1801 4340 1801 1252 1801 467 1802 3554 1802 466 1802 2158 1803 4341 1803 1253 1803 468 1804 3555 1804 467 1804 2159 1805 4342 1805 1254 1805 469 1806 3556 1806 468 1806 2160 1807 4343 1807 1255 1807 470 1808 3557 1808 469 1808 2161 1809 4345 1809 1257 1809 471 1810 3558 1810 470 1810 2162 1811 4346 1811 1258 1811 472 1812 3559 1812 471 1812 2163 1813 4347 1813 1259 1813 473 1814 3560 1814 472 1814 2164 1815 4348 1815 1260 1815 474 1816 3561 1816 473 1816 2165 1817 4350 1817 1262 1817 475 1818 3562 1818 474 1818 2166 1819 4351 1819 1263 1819 476 1820 3563 1820 475 1820 2167 1821 4352 1821 1264 1821 477 1822 3564 1822 476 1822 2168 1823 4353 1823 1265 1823 478 1824 3565 1824 477 1824 2169 1825 4354 1825 1266 1825 479 1826 3566 1826 478 1826 2170 1827 4355 1827 1267 1827 480 1828 3567 1828 479 1828 2171 1829 4359 1829 1271 1829 481 1830 3568 1830 480 1830 2172 1831 4366 1831 1278 1831 482 1832 3569 1832 481 1832 2173 1833 4370 1833 1282 1833 483 1834 3570 1834 482 1834 2174 1835 4373 1835 1285 1835 484 1836 3571 1836 483 1836 2175 1837 4377 1837 1289 1837 485 1838 3572 1838 484 1838 2176 1839 4379 1839 1291 1839 486 1840 3573 1840 485 1840 2177 1841 4380 1841 1292 1841 487 1842 3574 1842 486 1842 2178 1843 4381 1843 1293 1843 488 1844 3575 1844 487 1844 2179 1845 4382 1845 1294 1845 489 1846 3576 1846 488 1846 2180 1847 4383 1847 1295 1847 490 1848 3577 1848 489 1848 2181 1849 4384 1849 1296 1849 491 1850 3578 1850 490 1850 2182 1851 4385 1851 1297 1851 492 1852 3579 1852 491 1852 2183 1853 4386 1853 1298 1853 493 1854 3580 1854 492 1854 2184 1855 4387 1855 1299 1855 494 1856 3581 1856 493 1856 2185 1857 4388 1857 1300 1857 495 1858 3582 1858 494 1858 2186 1859 4389 1859 1301 1859 496 1860 3583 1860 495 1860 2187 1861 4390 1861 1302 1861 497 1862 3584 1862 496 1862 2188 1863 4391 1863 1303 1863 498 1864 3585 1864 497 1864 2189 1865 4392 1865 1304 1865 499 1866 3586 1866 498 1866 2190 1867 4393 1867 1305 1867 500 1868 3587 1868 499 1868 2191 1869 4394 1869 1306 1869 501 1870 3588 1870 500 1870 2192 1871 4395 1871 1307 1871 502 1872 3589 1872 501 1872 2193 1873 4396 1873 1308 1873 503 1874 3590 1874 502 1874 2194 1875 4397 1875 1309 1875 504 1876 3591 1876 503 1876 2195 1877 4398 1877 1310 1877 505 1878 3592 1878 504 1878 2196 1879 4399 1879 1311 1879 506 1880 3593 1880 505 1880 2197 1881 4400 1881 1312 1881 507 1882 3594 1882 506 1882 2198 1883 4401 1883 1313 1883 508 1884 3595 1884 507 1884 2199 1885 4402 1885 1314 1885 509 1886 3596 1886 508 1886 2200 1887 4403 1887 1315 1887 510 1888 3597 1888 509 1888 2201 1889 4404 1889 1316 1889 511 1890 3598 1890 510 1890 2202 1891 4408 1891 1320 1891 512 1892 3599 1892 511 1892 2203 1893 4410 1893 1322 1893 513 1894 3600 1894 512 1894 2204 1895 4412 1895 1324 1895 514 1896 3601 1896 513 1896 2205 1897 4417 1897 1329 1897 515 1898 3602 1898 514 1898 2206 1899 4418 1899 1330 1899 516 1900 3603 1900 515 1900 2207 1901 4419 1901 1331 1901 517 1902 3604 1902 516 1902 2208 1903 4420 1903 1332 1903 518 1904 3605 1904 517 1904 2209 1905 4421 1905 1333 1905 519 1906 3606 1906 518 1906 2210 1907 4422 1907 1334 1907 520 1908 3607 1908 519 1908 2211 1909 4425 1909 1337 1909 521 1910 3608 1910 520 1910 2212 1911 4429 1911 1341 1911 522 1912 3609 1912 521 1912 2213 1913 4430 1913 1342 1913 523 1914 3610 1914 522 1914 2214 1915 4432 1915 1344 1915 524 1916 3611 1916 523 1916 2215 1917 4433 1917 1345 1917 525 1918 3612 1918 524 1918 2216 1919 4434 1919 1346 1919 526 1920 3613 1920 525 1920 2217 1921 4435 1921 1347 1921 527 1922 3614 1922 526 1922 2218 1923 4436 1923 1348 1923 528 1924 3615 1924 527 1924 2219 1925 4437 1925 1349 1925 529 1926 3616 1926 528 1926 2220 1927 4442 1927 1354 1927 530 1928 3617 1928 529 1928 2221 1929 4446 1929 1358 1929 531 1930 3618 1930 530 1930 2222 1931 4447 1931 1359 1931 532 1932 3619 1932 531 1932 2223 1933 4448 1933 1360 1933 534 1934 3621 1934 533 1934 2224 1935 4449 1935 1361 1935 535 1936 3622 1936 534 1936 2225 1937 4450 1937 1362 1937 536 1938 3623 1938 535 1938 2226 1939 4451 1939 1363 1939 537 1940 3624 1940 536 1940 2227 1941 4452 1941 1364 1941 538 1942 3625 1942 537 1942 2228 1943 4453 1943 1365 1943 539 1944 3626 1944 538 1944 2229 1945 4454 1945 1366 1945 540 1946 3627 1946 539 1946 2230 1947 4455 1947 1367 1947 542 1948 3629 1948 541 1948 2231 1949 4456 1949 1368 1949 543 1950 3630 1950 542 1950 2232 1951 4457 1951 1369 1951 544 1952 3631 1952 543 1952 2233 1953 4458 1953 1370 1953 545 1954 3632 1954 544 1954 2234 1955 4459 1955 1371 1955 546 1956 3633 1956 545 1956 2235 1957 4460 1957 1372 1957 547 1958 3634 1958 546 1958 2236 1959 4461 1959 1373 1959 548 1960 3635 1960 547 1960 2237 1961 4462 1961 1374 1961 549 1962 3636 1962 548 1962 2238 1963 4463 1963 1375 1963 550 1964 3637 1964 549 1964 2239 1965 4464 1965 1376 1965 551 1966 3638 1966 550 1966 2240 1967 4465 1967 1377 1967 552 1968 3639 1968 551 1968 2241 1969 4466 1969 1378 1969 553 1970 3640 1970 552 1970 2242 1971 4467 1971 1379 1971 554 1972 3641 1972 553 1972 2243 1973 4468 1973 1380 1973 555 1974 3642 1974 554 1974 2244 1975 4469 1975 1381 1975 556 1976 3643 1976 555 1976 2245 1977 4470 1977 1382 1977 557 1978 3644 1978 556 1978 2246 1979 4471 1979 1383 1979 558 1980 3645 1980 557 1980 2247 1981 4472 1981 1384 1981 559 1982 3646 1982 558 1982 2248 1983 4473 1983 1385 1983 560 1984 3647 1984 559 1984 2249 1985 4474 1985 1386 1985 561 1986 3648 1986 560 1986 2250 1987 4475 1987 1387 1987 562 1988 3649 1988 561 1988 2251 1989 4476 1989 1388 1989 563 1990 3650 1990 562 1990 2252 1991 4477 1991 1389 1991 564 1992 3651 1992 563 1992 2253 1993 4478 1993 1390 1993 565 1994 3652 1994 564 1994 2254 1995 4479 1995 1391 1995 566 1996 3653 1996 565 1996 2255 1997 4480 1997 1392 1997 567 1998 3654 1998 566 1998 2256 1999 4481 1999 1393 1999 568 2000 3655 2000 567 2000 2257 2001 4482 2001 1394 2001 569 2002 3656 2002 568 2002 2258 2003 4483 2003 1395 2003 570 2004 3657 2004 569 2004 2259 2005 4484 2005 1396 2005 571 2006 3658 2006 570 2006 2260 2007 4485 2007 1397 2007 572 2008 3659 2008 571 2008 2261 2009 4486 2009 1398 2009 573 2010 3660 2010 572 2010 2262 2011 4487 2011 1399 2011 574 2012 3661 2012 573 2012 2263 2013 4488 2013 1400 2013 575 2014 3662 2014 574 2014 2264 2015 4489 2015 1401 2015 576 2016 3663 2016 575 2016 2265 2017 4490 2017 1402 2017 577 2018 3664 2018 576 2018 2266 2019 4491 2019 1403 2019 578 2020 3665 2020 577 2020 2267 2021 4492 2021 1404 2021 579 2022 3666 2022 578 2022 2268 2023 4493 2023 1405 2023 580 2024 3667 2024 579 2024 2269 2025 4494 2025 1406 2025 581 2026 3668 2026 580 2026 2270 2027 4495 2027 1407 2027 582 2028 3669 2028 581 2028 2271 2029 4496 2029 1408 2029 583 2030 3670 2030 582 2030 2272 2031 4497 2031 1409 2031 584 2032 3671 2032 583 2032 2273 2033 4498 2033 1410 2033 585 2034 3672 2034 584 2034 2274 2035 4499 2035 1411 2035 586 2036 3673 2036 585 2036 2275 2037 4500 2037 1412 2037 587 2038 3674 2038 586 2038 2276 2039 4501 2039 1413 2039 588 2040 3675 2040 587 2040 2277 2041 4502 2041 1414 2041 589 2042 3676 2042 588 2042 2278 2043 4503 2043 1415 2043 590 2044 3677 2044 589 2044 2279 2045 4504 2045 1416 2045 591 2046 3678 2046 590 2046 2280 2047 4505 2047 1417 2047 592 2048 3679 2048 591 2048 2281 2049 4506 2049 1418 2049 593 2050 3680 2050 592 2050 2282 2051 4507 2051 1419 2051 594 2052 3681 2052 593 2052 2283 2053 4508 2053 1420 2053 595 2054 3682 2054 594 2054 2284 2055 4509 2055 1421 2055 596 2056 3683 2056 595 2056 2285 2057 4510 2057 1422 2057 597 2058 3684 2058 596 2058 2286 2059 4511 2059 1423 2059 598 2060 3685 2060 597 2060 2287 2061 4512 2061 1424 2061 599 2062 3686 2062 598 2062 2288 2063 4513 2063 1425 2063 600 2064 3687 2064 599 2064 2289 2065 4514 2065 1426 2065 601 2066 3688 2066 600 2066 2290 2067 4515 2067 1427 2067 602 2068 3689 2068 601 2068 2291 2069 4516 2069 1428 2069 603 2070 3690 2070 602 2070 2292 2071 4517 2071 1429 2071 604 2072 3691 2072 603 2072 2293 2073 4518 2073 1430 2073 605 2074 3692 2074 604 2074 2294 2075 4519 2075 1431 2075 606 2076 3693 2076 605 2076 2295 2077 4520 2077 1432 2077 607 2078 3694 2078 606 2078 2296 2079 4521 2079 1433 2079 608 2080 3695 2080 607 2080 2297 2081 4522 2081 1434 2081 609 2082 3696 2082 608 2082 2298 2083 4523 2083 1435 2083 610 2084 3697 2084 609 2084 2299 2085 4524 2085 1436 2085 611 2086 3698 2086 610 2086 2300 2087 4525 2087 1437 2087 612 2088 3699 2088 611 2088 2301 2089 4526 2089 1438 2089 613 2090 3700 2090 612 2090 2302 2091 4527 2091 1439 2091 614 2092 3701 2092 613 2092 2303 2093 4528 2093 1440 2093 616 2094 3703 2094 615 2094 2304 2095 4529 2095 1441 2095 617 2096 3704 2096 616 2096 2305 2097 4530 2097 1442 2097 618 2098 3705 2098 617 2098 2306 2099 4531 2099 1443 2099 619 2100 3706 2100 618 2100 2307 2101 4532 2101 1444 2101 620 2102 3707 2102 619 2102 2308 2103 4533 2103 1445 2103 621 2104 3708 2104 620 2104 2309 2105 4534 2105 1446 2105 622 2106 3709 2106 621 2106 2310 2107 4535 2107 1447 2107 624 2108 3711 2108 623 2108 2311 2109 4536 2109 1448 2109 625 2110 3712 2110 624 2110 2312 2111 4537 2111 1449 2111 626 2112 3713 2112 625 2112 2313 2113 4538 2113 1450 2113 627 2114 3714 2114 626 2114 2314 2115 4539 2115 1451 2115 628 2116 3715 2116 627 2116 2315 2117 4540 2117 1452 2117 629 2118 3716 2118 628 2118 2316 2119 4541 2119 1453 2119 630 2120 3717 2120 629 2120 2317 2121 4542 2121 1454 2121 631 2122 3718 2122 630 2122 2318 2123 4543 2123 1455 2123 632 2124 3719 2124 631 2124 2319 2125 4544 2125 1456 2125 633 2126 3720 2126 632 2126 2320 2127 4545 2127 1457 2127 634 2128 3721 2128 633 2128 2321 2129 4546 2129 1458 2129 635 2130 3722 2130 634 2130 2322 2131 4547 2131 1459 2131 636 2132 3723 2132 635 2132 2323 2133 4548 2133 1460 2133 637 2134 3724 2134 636 2134 2324 2135 4549 2135 1461 2135 638 2136 3725 2136 637 2136 2325 2137 4550 2137 1462 2137 639 2138 3726 2138 638 2138 2326 2139 4551 2139 1463 2139 640 2140 3727 2140 639 2140 2327 2141 4552 2141 1464 2141 641 2142 3728 2142 640 2142 2328 2143 4553 2143 1465 2143 642 2144 3729 2144 641 2144 2329 2145 4554 2145 1466 2145 643 2146 3730 2146 642 2146 2330 2147 4555 2147 1467 2147 644 2148 3731 2148 643 2148 2331 2149 4556 2149 1468 2149 645 2150 3732 2150 644 2150 2332 2151 4557 2151 1469 2151 646 2152 3733 2152 645 2152 2333 2153 4558 2153 1470 2153 647 2154 3734 2154 646 2154 2334 2155 4559 2155 1471 2155 648 2156 3735 2156 647 2156 2335 2157 4560 2157 1472 2157 649 2158 3736 2158 648 2158 2336 2159 4561 2159 1473 2159 650 2160 3737 2160 649 2160 2337 2161 4562 2161 1474 2161 651 2162 3738 2162 650 2162 2338 2163 4563 2163 1475 2163 652 2164 3739 2164 651 2164 2339 2165 4564 2165 1476 2165 653 2166 3740 2166 652 2166 2340 2167 4565 2167 1477 2167 654 2168 3741 2168 653 2168 2341 2169 4566 2169 1478 2169 655 2170 3742 2170 654 2170 2342 2171 4567 2171 1479 2171 656 2172 3743 2172 655 2172 2343 2173 4568 2173 1480 2173 657 2174 3744 2174 656 2174 2344 2175 4569 2175 1481 2175 658 2176 3745 2176 657 2176 2345 2177 4570 2177 1482 2177 659 2178 3746 2178 658 2178 2346 2179 4571 2179 1483 2179 660 2180 3747 2180 659 2180 2347 2181 4572 2181 1484 2181 661 2182 3748 2182 660 2182 2348 2183 4573 2183 1485 2183 662 2184 3749 2184 661 2184 2349 2185 4574 2185 1486 2185 663 2186 3750 2186 662 2186 2350 2187 4575 2187 1487 2187 664 2188 3751 2188 663 2188 2351 2189 4576 2189 1488 2189 665 2190 3752 2190 664 2190 2352 2191 4577 2191 1489 2191 666 2192 3753 2192 665 2192 2353 2193 4578 2193 1490 2193 667 2194 3754 2194 666 2194 2354 2195 4579 2195 1491 2195 668 2196 3755 2196 667 2196 2355 2197 4580 2197 1492 2197 669 2198 3756 2198 668 2198 2356 2199 4581 2199 1493 2199 670 2200 3757 2200 669 2200 2357 2201 4582 2201 1494 2201 671 2202 3758 2202 670 2202 2358 2203 4583 2203 1495 2203 672 2204 3759 2204 671 2204 2359 2205 4584 2205 1496 2205 673 2206 3760 2206 672 2206 2360 2207 4585 2207 1497 2207 674 2208 3761 2208 673 2208 2361 2209 4586 2209 1498 2209 675 2210 3762 2210 674 2210 2362 2211 4587 2211 1499 2211 676 2212 3763 2212 675 2212 2363 2213 4588 2213 1500 2213 677 2214 3764 2214 676 2214 2364 2215 4589 2215 1501 2215 678 2216 3765 2216 677 2216 2365 2217 4590 2217 1502 2217 679 2218 3766 2218 678 2218 2366 2219 4591 2219 1503 2219 680 2220 3767 2220 679 2220 2367 2221 4592 2221 1504 2221 681 2222 3768 2222 680 2222 2368 2223 4593 2223 1505 2223 682 2224 3769 2224 681 2224 2369 2225 4594 2225 1506 2225 682 2226 3771 2226 683 2226 2370 2227 4595 2227 1507 2227 684 2228 3771 2228 683 2228 2371 2229 4596 2229 1508 2229 685 2230 3772 2230 684 2230 2372 2231 4597 2231 1509 2231 686 2232 3773 2232 685 2232 2373 2233 4598 2233 1510 2233 687 2234 3774 2234 686 2234 2374 2235 4599 2235 1511 2235 688 2236 3775 2236 687 2236 2375 2237 4600 2237 1512 2237 689 2238 3776 2238 688 2238 2376 2239 4601 2239 1513 2239 690 2240 3777 2240 689 2240 2377 2241 4602 2241 1514 2241 691 2242 3778 2242 690 2242 2378 2243 4603 2243 1515 2243 692 2244 3779 2244 691 2244 2379 2245 4604 2245 1516 2245 693 2246 3780 2246 692 2246 2380 2247 4605 2247 1517 2247 694 2248 3781 2248 693 2248 2381 2249 4606 2249 1518 2249 695 2250 3782 2250 694 2250 2382 2251 4607 2251 1519 2251 696 2252 3783 2252 695 2252 2383 2253 4608 2253 1520 2253 697 2254 3784 2254 696 2254 2384 2255 4609 2255 1521 2255 698 2256 3785 2256 697 2256 2385 2257 4610 2257 1522 2257 699 2258 3786 2258 698 2258 2386 2259 4611 2259 1523 2259 700 2260 3787 2260 699 2260 2387 2261 4612 2261 1524 2261 701 2262 3788 2262 700 2262 2388 2263 4613 2263 1525 2263 702 2264 3789 2264 701 2264 2389 2265 4614 2265 1526 2265 703 2266 3790 2266 702 2266 2390 2267 4615 2267 1527 2267 704 2268 3791 2268 703 2268 2391 2269 4616 2269 1528 2269 705 2270 3792 2270 704 2270 2392 2271 4617 2271 1529 2271 706 2272 3793 2272 705 2272 2393 2273 4618 2273 1530 2273 707 2274 3794 2274 706 2274 2394 2275 4619 2275 1531 2275 708 2276 3795 2276 707 2276 2395 2277 4620 2277 1532 2277 709 2278 3796 2278 708 2278 2396 2279 4621 2279 1533 2279 710 2280 3797 2280 709 2280 2397 2281 4622 2281 1534 2281 711 2282 3798 2282 710 2282 2398 2283 4623 2283 1535 2283 712 2284 3799 2284 711 2284 2399 2285 4624 2285 1536 2285 713 2286 3800 2286 712 2286 2400 2287 4625 2287 1537 2287 714 2288 3801 2288 713 2288 2401 2289 4626 2289 1538 2289 715 2290 3802 2290 714 2290 2402 2291 4627 2291 1539 2291 716 2292 3803 2292 715 2292 2403 2293 4628 2293 1540 2293 717 2294 3804 2294 716 2294 2404 2295 4629 2295 1541 2295 718 2296 3805 2296 717 2296 2405 2297 4630 2297 1542 2297 719 2298 3806 2298 718 2298 2406 2299 4631 2299 1543 2299 720 2300 3807 2300 719 2300 2407 2301 4632 2301 1544 2301 721 2302 3808 2302 720 2302 2408 2303 4633 2303 1545 2303 722 2304 3809 2304 721 2304 2409 2305 4634 2305 1546 2305 723 2306 3810 2306 722 2306 2410 2307 4635 2307 1547 2307 724 2308 3811 2308 723 2308 2411 2309 4636 2309 1548 2309 725 2310 3812 2310 724 2310 2412 2311 4637 2311 1549 2311 726 2312 3813 2312 725 2312 2413 2313 4638 2313 1550 2313 727 2314 3814 2314 726 2314 2414 2315 4639 2315 1551 2315 728 2316 3815 2316 727 2316 2415 2317 4640 2317 1552 2317 729 2318 3816 2318 728 2318 2416 2319 4641 2319 1553 2319 730 2320 3817 2320 729 2320 2417 2321 4642 2321 1554 2321 731 2322 3818 2322 730 2322 2418 2323 4643 2323 1555 2323 732 2324 3819 2324 731 2324 2419 2325 4644 2325 1556 2325 733 2326 3820 2326 732 2326 2420 2327 4645 2327 1557 2327 734 2328 3821 2328 733 2328 2421 2329 4646 2329 1558 2329 735 2330 3822 2330 734 2330 2422 2331 4647 2331 1559 2331 736 2332 3823 2332 735 2332 2423 2333 4648 2333 1560 2333 737 2334 3824 2334 736 2334 2424 2335 4649 2335 1561 2335 738 2336 3825 2336 737 2336 2425 2337 4650 2337 1562 2337 739 2338 3826 2338 738 2338 2426 2339 4651 2339 1563 2339 740 2340 3827 2340 739 2340 2427 2341 4652 2341 1564 2341 741 2342 3828 2342 740 2342 2428 2343 4653 2343 1565 2343 742 2344 3829 2344 741 2344 2429 2345 4654 2345 1566 2345 743 2346 3830 2346 742 2346 2430 2347 4655 2347 1567 2347 744 2348 3831 2348 743 2348 2431 2349 4656 2349 1568 2349 745 2350 3832 2350 744 2350 2432 2351 4657 2351 1569 2351 746 2352 3833 2352 745 2352 2433 2353 4658 2353 1570 2353 747 2354 3834 2354 746 2354 2434 2355 4659 2355 1571 2355 748 2356 3835 2356 747 2356 2435 2357 4660 2357 1572 2357 749 2358 3836 2358 748 2358 2436 2359 4661 2359 1573 2359 750 2360 3837 2360 749 2360 2437 2361 4662 2361 1574 2361 751 2362 3838 2362 750 2362 2438 2363 4663 2363 1575 2363 752 2364 3839 2364 751 2364 2439 2365 4664 2365 1576 2365 753 2366 3840 2366 752 2366 2440 2367 4665 2367 1577 2367 754 2368 3841 2368 753 2368 2441 2369 4666 2369 1578 2369 755 2370 3842 2370 754 2370 2442 2371 4667 2371 1579 2371 756 2372 3843 2372 755 2372 2443 2373 4668 2373 1580 2373 757 2374 3844 2374 756 2374 2444 2375 4669 2375 1581 2375 758 2376 3845 2376 757 2376 2445 2377 4670 2377 1582 2377 759 2378 3846 2378 758 2378 2446 2379 4671 2379 1583 2379 760 2380 3847 2380 759 2380 2447 2381 4672 2381 1584 2381 761 2382 3848 2382 760 2382 2448 2383 4673 2383 1585 2383 762 2384 3849 2384 761 2384 2449 2385 4674 2385 1586 2385 763 2386 3850 2386 762 2386 2450 2387 4675 2387 1587 2387 764 2388 3851 2388 763 2388 2451 2389 4676 2389 1588 2389 765 2390 3852 2390 764 2390 2452 2391 4677 2391 1589 2391 766 2392 3853 2392 765 2392 2453 2393 4678 2393 1590 2393 767 2394 3854 2394 766 2394 2454 2395 4679 2395 1591 2395 768 2396 3855 2396 767 2396 2455 2397 4680 2397 1592 2397 769 2398 3856 2398 768 2398 2456 2399 4681 2399 1593 2399 770 2400 3857 2400 769 2400 2457 2401 4682 2401 1594 2401 771 2402 3858 2402 770 2402 2458 2403 4683 2403 1595 2403 772 2404 3859 2404 771 2404 2459 2405 4684 2405 1596 2405 773 2406 3860 2406 772 2406 2460 2407 4685 2407 1597 2407 774 2408 3861 2408 773 2408 2461 2409 4686 2409 1598 2409 775 2410 3862 2410 774 2410 2462 2411 4687 2411 1599 2411 776 2412 3863 2412 775 2412 2463 2413 4688 2413 1600 2413 777 2414 3864 2414 776 2414 2464 2415 4689 2415 1601 2415 778 2416 3865 2416 777 2416 2465 2417 4690 2417 1602 2417 779 2418 3866 2418 778 2418 2466 2419 4691 2419 1603 2419 780 2420 3867 2420 779 2420 2467 2421 4692 2421 1604 2421 781 2422 3868 2422 780 2422 2468 2423 4693 2423 1605 2423 782 2424 3869 2424 781 2424 2469 2425 4694 2425 1606 2425 783 2426 3870 2426 782 2426 2470 2427 4695 2427 1607 2427 784 2428 3871 2428 783 2428 2471 2429 4696 2429 1608 2429 785 2430 3872 2430 784 2430 2472 2431 4697 2431 1609 2431 786 2432 3873 2432 785 2432 2473 2433 4698 2433 1610 2433 787 2434 3874 2434 786 2434 2474 2435 4699 2435 1611 2435 788 2436 3875 2436 787 2436 2475 2437 4700 2437 1612 2437 789 2438 3876 2438 788 2438 2476 2439 4701 2439 1613 2439 790 2440 3877 2440 789 2440 2477 2441 4702 2441 1614 2441 791 2442 3878 2442 790 2442 2478 2443 4703 2443 1615 2443 792 2444 3879 2444 791 2444 2479 2445 4704 2445 1616 2445 793 2446 3880 2446 792 2446 2480 2447 4705 2447 1617 2447 794 2448 3881 2448 793 2448 2481 2449 4706 2449 1618 2449 795 2450 3882 2450 794 2450 2482 2451 4707 2451 1619 2451 796 2452 3883 2452 795 2452 2483 2453 4708 2453 1620 2453 797 2454 3884 2454 796 2454 2484 2455 4709 2455 1621 2455 798 2456 3885 2456 797 2456 2485 2457 4710 2457 1622 2457 799 2458 3886 2458 798 2458 2486 2459 4711 2459 1623 2459 800 2460 3887 2460 799 2460 2487 2461 4712 2461 1624 2461 801 2462 3888 2462 800 2462 2488 2463 4713 2463 1625 2463 802 2464 3889 2464 801 2464 2489 2465 4714 2465 1626 2465 803 2466 3890 2466 802 2466 2490 2467 4715 2467 1627 2467 804 2468 3891 2468 803 2468 2491 2469 4716 2469 1628 2469 805 2470 3892 2470 804 2470 2492 2471 4717 2471 1629 2471 806 2472 3893 2472 805 2472 2493 2473 4718 2473 1630 2473 807 2474 3894 2474 806 2474 2494 2475 4719 2475 1631 2475 808 2476 3895 2476 807 2476 2495 2477 4720 2477 1632 2477 809 2478 3896 2478 808 2478 2496 2479 4721 2479 1633 2479 810 2480 3897 2480 809 2480 2497 2481 4722 2481 1634 2481 811 2482 3898 2482 810 2482 2498 2483 4723 2483 1635 2483 812 2484 3899 2484 811 2484 2499 2485 4724 2485 1636 2485 813 2486 3900 2486 812 2486 2500 2487 4725 2487 1637 2487 814 2488 3901 2488 813 2488 2501 2489 4726 2489 1638 2489 815 2490 3902 2490 814 2490 2502 2491 4727 2491 1639 2491 816 2492 3903 2492 815 2492 2503 2493 4728 2493 1640 2493 817 2494 3904 2494 816 2494 2504 2495 4729 2495 1641 2495 818 2496 3905 2496 817 2496 2505 2497 4730 2497 1642 2497 819 2498 3906 2498 818 2498 2506 2499 4731 2499 1643 2499 820 2500 3907 2500 819 2500 2507 2501 4732 2501 1644 2501 821 2502 3908 2502 820 2502 2508 2503 4733 2503 1645 2503 822 2504 3909 2504 821 2504 2509 2505 4734 2505 1646 2505 823 2506 3910 2506 822 2506 2510 2507 4735 2507 1647 2507 824 2508 3911 2508 823 2508 2511 2509 4736 2509 1648 2509 825 2510 3912 2510 824 2510 2512 2511 4737 2511 1649 2511 826 2512 3913 2512 825 2512 2513 2513 4738 2513 1650 2513 827 2514 3914 2514 826 2514 2514 2515 4739 2515 1651 2515 828 2516 3915 2516 827 2516 2515 2517 4740 2517 1652 2517 829 2518 3916 2518 828 2518 2516 2519 4741 2519 1653 2519 830 2520 3917 2520 829 2520 2517 2521 4742 2521 1654 2521 831 2522 3918 2522 830 2522 2518 2523 4743 2523 1655 2523 832 2524 3919 2524 831 2524 2519 2525 4744 2525 1656 2525 833 2526 3920 2526 832 2526 2520 2527 4745 2527 1657 2527 834 2528 3921 2528 833 2528 2521 2529 4746 2529 1658 2529 835 2530 3922 2530 834 2530 2522 2531 4747 2531 1659 2531 836 2532 3923 2532 835 2532 2523 2533 4748 2533 1660 2533 837 2534 3924 2534 836 2534 2524 2535 4749 2535 1661 2535 838 2536 3925 2536 837 2536 2525 2537 4750 2537 1662 2537 839 2538 3926 2538 838 2538 2526 2539 4751 2539 1663 2539 840 2540 3927 2540 839 2540 2527 2541 4752 2541 1664 2541 841 2542 3928 2542 840 2542 2528 2543 4753 2543 1665 2543 842 2544 3929 2544 841 2544 2529 2545 4754 2545 1666 2545 843 2546 3930 2546 842 2546 2530 2547 4755 2547 1667 2547 844 2548 3931 2548 843 2548 2531 2549 4756 2549 1668 2549 845 2550 3932 2550 844 2550 2532 2551 4757 2551 1669 2551 846 2552 3933 2552 845 2552 2533 2553 4758 2553 1670 2553 847 2554 3934 2554 846 2554 2534 2555 4759 2555 1671 2555 848 2556 3935 2556 847 2556 2535 2557 4760 2557 1672 2557 849 2558 3936 2558 848 2558 2536 2559 4761 2559 1673 2559 850 2560 3937 2560 849 2560 2537 2561 4762 2561 1674 2561 851 2562 3938 2562 850 2562 2538 2563 4763 2563 1675 2563 852 2564 3939 2564 851 2564 2539 2565 4764 2565 1676 2565 853 2566 3940 2566 852 2566 2540 2567 4765 2567 1677 2567 854 2568 3941 2568 853 2568 2541 2569 4766 2569 1678 2569 855 2570 3942 2570 854 2570 2542 2571 4767 2571 1679 2571 856 2572 3943 2572 855 2572 2543 2573 4768 2573 1680 2573 857 2574 3944 2574 856 2574 2544 2575 4769 2575 1681 2575 858 2576 3945 2576 857 2576 2545 2577 4770 2577 1682 2577 859 2578 3946 2578 858 2578 2546 2579 4771 2579 1683 2579 860 2580 3947 2580 859 2580 2547 2581 4772 2581 1684 2581 861 2582 3948 2582 860 2582 2548 2583 4773 2583 1685 2583 862 2584 3949 2584 861 2584 2549 2585 4774 2585 1686 2585 863 2586 3950 2586 862 2586 2550 2587 4775 2587 1687 2587 864 2588 3951 2588 863 2588 2551 2589 4776 2589 1688 2589 865 2590 3952 2590 864 2590 2552 2591 4777 2591 1689 2591 866 2592 3953 2592 865 2592 2553 2593 4778 2593 1690 2593 867 2594 3954 2594 866 2594 2554 2595 4779 2595 1691 2595 868 2596 3955 2596 867 2596 2555 2597 4780 2597 1692 2597 869 2598 3956 2598 868 2598 2556 2599 4781 2599 1693 2599 870 2600 3957 2600 869 2600 2557 2601 4782 2601 1694 2601 871 2602 3958 2602 870 2602 2558 2603 4783 2603 1695 2603 872 2604 3959 2604 871 2604 2559 2605 4784 2605 1696 2605 873 2606 3960 2606 872 2606 2560 2607 4785 2607 1697 2607 874 2608 3961 2608 873 2608 2561 2609 4786 2609 1698 2609 875 2610 3962 2610 874 2610 2562 2611 4787 2611 1699 2611 876 2612 3963 2612 875 2612 2563 2613 4788 2613 1700 2613 878 2614 3965 2614 877 2614 2564 2615 4789 2615 1701 2615 879 2616 3966 2616 878 2616 2565 2617 4790 2617 1702 2617 880 2618 3967 2618 879 2618 2566 2619 4791 2619 1703 2619 881 2620 3968 2620 880 2620 2567 2621 4792 2621 1704 2621 882 2622 3969 2622 881 2622 2568 2623 4793 2623 1705 2623 883 2624 3970 2624 882 2624 2569 2625 4794 2625 1706 2625 884 2626 3971 2626 883 2626 2570 2627 4795 2627 1707 2627 886 2628 3973 2628 885 2628 2571 2629 4796 2629 1708 2629 887 2630 3974 2630 886 2630 2572 2631 4797 2631 1709 2631 888 2632 3975 2632 887 2632 2573 2633 4798 2633 1710 2633 889 2634 3976 2634 888 2634 2574 2635 4799 2635 1711 2635 890 2636 3977 2636 889 2636 2575 2637 4800 2637 1712 2637 891 2638 3978 2638 890 2638 2576 2639 4801 2639 1713 2639 892 2640 3979 2640 891 2640 2577 2641 4802 2641 1714 2641 893 2642 3980 2642 892 2642 2578 2643 4803 2643 1715 2643 894 2644 3981 2644 893 2644 2579 2645 4804 2645 1716 2645 895 2646 3982 2646 894 2646 2580 2647 4805 2647 1717 2647 896 2648 3983 2648 895 2648 2581 2649 4806 2649 1718 2649 897 2650 3984 2650 896 2650 2582 2651 4807 2651 1719 2651 898 2652 3985 2652 897 2652 2583 2653 4808 2653 1720 2653 899 2654 3986 2654 898 2654 2584 2655 4809 2655 1721 2655 900 2656 3987 2656 899 2656 2585 2657 4810 2657 1722 2657 901 2658 3988 2658 900 2658 2586 2659 4811 2659 1723 2659 902 2660 3989 2660 901 2660 2587 2661 4812 2661 1724 2661 903 2662 3990 2662 902 2662 2588 2663 4813 2663 1725 2663 904 2664 3991 2664 903 2664 2589 2665 4814 2665 1726 2665 905 2666 3992 2666 904 2666 2590 2667 4815 2667 1727 2667 906 2668 3993 2668 905 2668 2591 2669 4816 2669 1728 2669 907 2670 3994 2670 906 2670 2592 2671 4817 2671 1729 2671 908 2672 3995 2672 907 2672 2593 2673 4818 2673 1730 2673 909 2674 3996 2674 908 2674 2594 2675 4819 2675 1731 2675 910 2676 3997 2676 909 2676 2595 2677 4820 2677 1732 2677 911 2678 3998 2678 910 2678 2596 2679 4821 2679 1733 2679 912 2680 3999 2680 911 2680 2597 2681 4822 2681 1734 2681 913 2682 4000 2682 912 2682 2598 2683 4823 2683 1735 2683 914 2684 4001 2684 913 2684 2599 2685 4824 2685 1736 2685 915 2686 4002 2686 914 2686 2600 2687 4825 2687 1737 2687 916 2688 4003 2688 915 2688 2601 2689 4826 2689 1738 2689 917 2690 4004 2690 916 2690 2602 2691 4827 2691 1739 2691 918 2692 4005 2692 917 2692 2603 2693 4828 2693 1740 2693 919 2694 4006 2694 918 2694 2604 2695 4829 2695 1741 2695 920 2696 4007 2696 919 2696 2605 2697 4830 2697 1742 2697 921 2698 4008 2698 920 2698 2606 2699 4831 2699 1743 2699 922 2700 4009 2700 921 2700 2607 2701 4832 2701 1744 2701 923 2702 4010 2702 922 2702 2608 2703 4833 2703 1745 2703 924 2704 4011 2704 923 2704 2609 2705 4834 2705 1746 2705 925 2706 4012 2706 924 2706 2610 2707 4835 2707 1747 2707 926 2708 4013 2708 925 2708 2611 2709 4836 2709 1748 2709 927 2710 4014 2710 926 2710 2612 2711 4837 2711 1749 2711 928 2712 4015 2712 927 2712 2613 2713 4838 2713 1750 2713 929 2714 4016 2714 928 2714 2614 2715 4839 2715 1751 2715 930 2716 4017 2716 929 2716 2615 2717 4840 2717 1752 2717 931 2718 4018 2718 930 2718 2616 2719 4841 2719 1753 2719 932 2720 4019 2720 931 2720 2617 2721 4842 2721 1754 2721 933 2722 4020 2722 932 2722 2618 2723 4843 2723 1755 2723 934 2724 4021 2724 933 2724 2619 2725 4844 2725 1756 2725 935 2726 4022 2726 934 2726 2620 2727 4845 2727 1757 2727 936 2728 4023 2728 935 2728 2621 2729 4846 2729 1758 2729 937 2730 4024 2730 936 2730 2622 2731 4847 2731 1759 2731 938 2732 4025 2732 937 2732 2623 2733 4848 2733 1760 2733 939 2734 4026 2734 938 2734 2624 2735 4849 2735 1761 2735 940 2736 4027 2736 939 2736 2625 2737 4850 2737 1762 2737 941 2738 4028 2738 940 2738 2626 2739 4851 2739 1763 2739 942 2740 4029 2740 941 2740 2627 2741 4852 2741 1764 2741 943 2742 4030 2742 942 2742 2628 2743 4853 2743 1765 2743 944 2744 4031 2744 943 2744 2629 2745 4854 2745 1766 2745 945 2746 4032 2746 944 2746 2630 2747 4855 2747 1767 2747 946 2748 4033 2748 945 2748 2631 2749 4856 2749 1768 2749 947 2750 4034 2750 946 2750 2632 2751 4857 2751 1769 2751 948 2752 4035 2752 947 2752 2633 2753 4858 2753 1770 2753 949 2754 4036 2754 948 2754 2634 2755 4859 2755 1771 2755 950 2756 4037 2756 949 2756 2635 2757 4860 2757 1772 2757 951 2758 4038 2758 950 2758 2636 2759 4861 2759 1773 2759 952 2760 4039 2760 951 2760 2637 2761 4862 2761 1774 2761 953 2762 4040 2762 952 2762 2638 2763 4863 2763 1775 2763 954 2764 4041 2764 953 2764 2639 2765 4864 2765 1776 2765 955 2766 4042 2766 954 2766 2640 2767 4865 2767 1777 2767 956 2768 4043 2768 955 2768 2641 2769 4866 2769 1778 2769 957 2770 4044 2770 956 2770 2642 2771 4867 2771 1779 2771 958 2772 4045 2772 957 2772 2643 2773 4868 2773 1780 2773 959 2774 4046 2774 958 2774 2644 2775 4869 2775 1781 2775 960 2776 4047 2776 959 2776 2645 2777 4870 2777 1782 2777 961 2778 4048 2778 960 2778 2646 2779 4871 2779 1783 2779 962 2780 4049 2780 961 2780 2647 2781 4872 2781 1784 2781 963 2782 4050 2782 962 2782 2648 2783 4873 2783 1785 2783 964 2784 4051 2784 963 2784 2649 2785 4874 2785 1786 2785 965 2786 4052 2786 964 2786 2650 2787 4875 2787 1787 2787 966 2788 4053 2788 965 2788 2651 2789 4876 2789 1788 2789 967 2790 4054 2790 966 2790 2652 2791 4877 2791 1789 2791 968 2792 4055 2792 967 2792 2653 2793 4878 2793 1790 2793 969 2794 4056 2794 968 2794 2654 2795 4879 2795 1791 2795 970 2796 4057 2796 969 2796 2655 2797 4880 2797 1792 2797 971 2798 4058 2798 970 2798 2656 2799 4881 2799 1793 2799 972 2800 4059 2800 971 2800 2657 2801 4882 2801 1794 2801 973 2802 4060 2802 972 2802 2658 2803 4883 2803 1795 2803 974 2804 4061 2804 973 2804 2659 2805 4884 2805 1796 2805 975 2806 4062 2806 974 2806 2660 2807 4885 2807 1797 2807 976 2808 4063 2808 975 2808 2661 2809 4886 2809 1798 2809 977 2810 4064 2810 976 2810 2662 2811 4887 2811 1799 2811 978 2812 4065 2812 977 2812 2663 2813 4888 2813 1800 2813 979 2814 4066 2814 978 2814 2664 2815 4889 2815 1801 2815 980 2816 4067 2816 979 2816 2665 2817 4890 2817 1802 2817 981 2818 4068 2818 980 2818 2666 2819 4891 2819 1803 2819 982 2820 4069 2820 981 2820 2667 2821 4892 2821 1804 2821 983 2822 4070 2822 982 2822 2668 2823 4893 2823 1805 2823 984 2824 4071 2824 983 2824 2669 2825 4894 2825 1806 2825 985 2826 4072 2826 984 2826 2670 2827 4895 2827 1807 2827 986 2828 4073 2828 985 2828 2671 2829 4896 2829 1808 2829 987 2830 4074 2830 986 2830 2672 2831 4897 2831 1809 2831 988 2832 4075 2832 987 2832 2673 2833 4898 2833 1810 2833 989 2834 4076 2834 988 2834 2674 2835 4899 2835 1811 2835 990 2836 4077 2836 989 2836 2675 2837 4900 2837 1812 2837 991 2838 4078 2838 990 2838 2676 2839 4901 2839 1813 2839 992 2840 4079 2840 991 2840 2677 2841 4902 2841 1814 2841 993 2842 4080 2842 992 2842 2678 2843 4903 2843 1815 2843 994 2844 4081 2844 993 2844 2679 2845 4904 2845 1816 2845 995 2846 4082 2846 994 2846 2680 2847 4905 2847 1817 2847 996 2848 4083 2848 995 2848 2681 2849 4906 2849 1818 2849 997 2850 4084 2850 996 2850 2682 2851 4907 2851 1819 2851 998 2852 4085 2852 997 2852 2683 2853 4908 2853 1820 2853 999 2854 4086 2854 998 2854 2684 2855 4909 2855 1821 2855 1000 2856 4087 2856 999 2856 2685 2857 4910 2857 1822 2857 1001 2858 4088 2858 1000 2858 2686 2859 4911 2859 1823 2859 1002 2860 4089 2860 1001 2860 2687 2861 4912 2861 1824 2861 1003 2862 4090 2862 1002 2862 2688 2863 4913 2863 1825 2863 1004 2864 4091 2864 1003 2864 2689 2865 4914 2865 1826 2865 1005 2866 4092 2866 1004 2866 2690 2867 4915 2867 1827 2867 1006 2868 4093 2868 1005 2868 2691 2869 4916 2869 1828 2869 1007 2870 4094 2870 1006 2870 2692 2871 4917 2871 1829 2871 1008 2872 4095 2872 1007 2872 2693 2873 4918 2873 1830 2873 1009 2874 4096 2874 1008 2874 2694 2875 4919 2875 1831 2875 1010 2876 4097 2876 1009 2876 2695 2877 4920 2877 1832 2877 1011 2878 4098 2878 1010 2878 2696 2879 4921 2879 1833 2879 1012 2880 4099 2880 1011 2880 2697 2881 4922 2881 1834 2881 1013 2882 4100 2882 1012 2882 2698 2883 4923 2883 1835 2883 1014 2884 4101 2884 1013 2884 2699 2885 4924 2885 1836 2885 1015 2886 4102 2886 1014 2886 2700 2887 4925 2887 1837 2887 1016 2888 4103 2888 1015 2888 2701 2889 4926 2889 1838 2889 1017 2890 4104 2890 1016 2890 2702 2891 4927 2891 1839 2891 1018 2892 4105 2892 1017 2892 2703 2893 4928 2893 1840 2893 1019 2894 4106 2894 1018 2894 2704 2895 4929 2895 1841 2895 1020 2896 4107 2896 1019 2896 2705 2897 4930 2897 1842 2897 1021 2898 4108 2898 1020 2898 2706 2899 4931 2899 1843 2899 1022 2900 4109 2900 1021 2900 2707 2901 4932 2901 1844 2901 1023 2902 4110 2902 1022 2902 2708 2903 4933 2903 1845 2903 1024 2904 4111 2904 1023 2904 2709 2905 4934 2905 1846 2905 1025 2906 4112 2906 1024 2906 2710 2907 4935 2907 1847 2907 1026 2908 4113 2908 1025 2908 2711 2909 4936 2909 1848 2909 1027 2910 4114 2910 1026 2910 2712 2911 4937 2911 1849 2911 1028 2912 4115 2912 1027 2912 2713 2913 4938 2913 1850 2913 1029 2914 4116 2914 1028 2914 2714 2915 4939 2915 1851 2915 1030 2916 4117 2916 1029 2916 2715 2917 4940 2917 1852 2917 1031 2918 4118 2918 1030 2918 2716 2919 4941 2919 1853 2919 1032 2920 4119 2920 1031 2920 2717 2921 4942 2921 1854 2921 1033 2922 4120 2922 1032 2922 2718 2923 4943 2923 1855 2923 1034 2924 4121 2924 1033 2924 2719 2925 4944 2925 1856 2925 1035 2926 4122 2926 1034 2926 2720 2927 4945 2927 1857 2927 1036 2928 4123 2928 1035 2928 2721 2929 4946 2929 1858 2929 1037 2930 4124 2930 1036 2930 2722 2931 4947 2931 1859 2931 1038 2932 4125 2932 1037 2932 2723 2933 4948 2933 1860 2933 1039 2934 4126 2934 1038 2934 2724 2935 4949 2935 1861 2935 1040 2936 4127 2936 1039 2936 2725 2937 4950 2937 1862 2937 1041 2938 4128 2938 1040 2938 2726 2939 4951 2939 1863 2939 1042 2940 4129 2940 1041 2940 2727 2941 4952 2941 1864 2941 1043 2942 4130 2942 1042 2942 2728 2943 4953 2943 1865 2943 1044 2944 4131 2944 1043 2944 2729 2945 4954 2945 1866 2945 1045 2946 4132 2946 1044 2946 2730 2947 4955 2947 1867 2947 1046 2948 4133 2948 1045 2948 2731 2949 4956 2949 1868 2949 1047 2950 4134 2950 1046 2950 2732 2951 4957 2951 1869 2951 1048 2952 4135 2952 1047 2952 2733 2953 4958 2953 1870 2953 1049 2954 4136 2954 1048 2954 2734 2955 4959 2955 1871 2955 1050 2956 4137 2956 1049 2956 2735 2957 4960 2957 1872 2957 1051 2958 4138 2958 1050 2958 2736 2959 4961 2959 1873 2959 1052 2960 4139 2960 1051 2960 2737 2961 4962 2961 1874 2961 1053 2962 4140 2962 1052 2962 2738 2963 4963 2963 1875 2963 1054 2964 4141 2964 1053 2964 2739 2965 4964 2965 1876 2965 1055 2966 4142 2966 1054 2966 2740 2967 4965 2967 1877 2967 1056 2968 4143 2968 1055 2968 2741 2969 4966 2969 1878 2969 1057 2970 4144 2970 1056 2970 2742 2971 4967 2971 1879 2971 1058 2972 4145 2972 1057 2972 2743 2973 4968 2973 1880 2973 1059 2974 4146 2974 1058 2974 2744 2975 4969 2975 1881 2975 1060 2976 4147 2976 1059 2976 2745 2977 4970 2977 1882 2977 1061 2978 4148 2978 1060 2978 2746 2979 4971 2979 1883 2979 1062 2980 4149 2980 1061 2980 2747 2981 4972 2981 1884 2981 1063 2982 4150 2982 1062 2982 2748 2983 4973 2983 1885 2983 1064 2984 4151 2984 1063 2984 2749 2985 4974 2985 1886 2985 1065 2986 4152 2986 1064 2986 2750 2987 4975 2987 1887 2987 1066 2988 4153 2988 1065 2988 2751 2989 4976 2989 1888 2989 1067 2990 4154 2990 1066 2990 2752 2991 4977 2991 1889 2991 1068 2992 4155 2992 1067 2992 2753 2993 4978 2993 1890 2993 1069 2994 4156 2994 1068 2994 2754 2995 4979 2995 1891 2995 1070 2996 4157 2996 1069 2996 2755 2997 4980 2997 1892 2997 1071 2998 4158 2998 1070 2998 2756 2999 4981 2999 1893 2999 1072 3000 4159 3000 1071 3000 2757 3001 4982 3001 1894 3001 1073 3002 4160 3002 1072 3002 2758 3003 4983 3003 1895 3003 1074 3004 4161 3004 1073 3004 2759 3005 4984 3005 1896 3005 1075 3006 4162 3006 1074 3006 2760 3007 4985 3007 1897 3007 1076 3008 4163 3008 1075 3008 2761 3009 4986 3009 1898 3009 1077 3010 4164 3010 1076 3010 2762 3011 4987 3011 1899 3011 1078 3012 4165 3012 1077 3012 2763 3013 4988 3013 1900 3013 1079 3014 4166 3014 1078 3014 2764 3015 4989 3015 1901 3015 1080 3016 4167 3016 1079 3016 2765 3017 4990 3017 1902 3017 1081 3018 4168 3018 1080 3018 2766 3019 4991 3019 1903 3019 1082 3020 4169 3020 1081 3020 2767 3021 4992 3021 1904 3021 1083 3022 4170 3022 1082 3022 2768 3023 4993 3023 1905 3023 1084 3024 4171 3024 1083 3024 2769 3025 4994 3025 1906 3025 1085 3026 4172 3026 1084 3026 2770 3027 4995 3027 1907 3027 1086 3028 4173 3028 1085 3028 2771 3029 4996 3029 1908 3029 1087 3030 4174 3030 1086 3030 2772 3031 4997 3031 1909 3031 1088 3032 4175 3032 1087 3032 2773 3033 4998 3033 1910 3033 1089 3034 4176 3034 1088 3034 2774 3035 4999 3035 1911 3035 1090 3036 4177 3036 1089 3036 2775 3037 5000 3037 1912 3037 1091 3038 4178 3038 1090 3038 2776 3039 5001 3039 1913 3039 1092 3040 4179 3040 1091 3040 2777 3041 5002 3041 1914 3041 1093 3042 4180 3042 1092 3042 2778 3043 5003 3043 1915 3043 1094 3044 4181 3044 1093 3044 2779 3045 5004 3045 1916 3045 1095 3046 4182 3046 1094 3046 2780 3047 5005 3047 1917 3047 1096 3048 4183 3048 1095 3048 2781 3049 5006 3049 1918 3049 1097 3050 4184 3050 1096 3050 2782 3051 5007 3051 1919 3051 1098 3052 4185 3052 1097 3052 2783 3053 5008 3053 1920 3053 1099 3054 4186 3054 1098 3054 2784 3055 5009 3055 1921 3055 1100 3056 4187 3056 1099 3056 2785 3057 5010 3057 1922 3057 1101 3058 4188 3058 1100 3058 2786 3059 5011 3059 1923 3059 1102 3060 4189 3060 1101 3060 2787 3061 5012 3061 1924 3061 1103 3062 4190 3062 1102 3062 2788 3063 5013 3063 1925 3063 1104 3064 4191 3064 1103 3064 2789 3065 5014 3065 1926 3065 1105 3066 4192 3066 1104 3066 2790 3067 5015 3067 1927 3067 1106 3068 4193 3068 1105 3068 2791 3069 5016 3069 1928 3069 1107 3070 4194 3070 1106 3070 2792 3071 5017 3071 1929 3071 1108 3072 4195 3072 1107 3072 2793 3073 5018 3073 1930 3073 1109 3074 4196 3074 1108 3074 2794 3075 5019 3075 1931 3075 1110 3076 4197 3076 1109 3076 2795 3077 5020 3077 1932 3077 1111 3078 4198 3078 1110 3078 2796 3079 5021 3079 1933 3079 1112 3080 4199 3080 1111 3080 2797 3081 5022 3081 1934 3081 1113 3082 4200 3082 1112 3082 2798 3083 5023 3083 1935 3083 1114 3084 4201 3084 1113 3084 2799 3085 5024 3085 1936 3085 1115 3086 4202 3086 1114 3086 2800 3087 5025 3087 1937 3087 1116 3088 4203 3088 1115 3088 2801 3089 5026 3089 1938 3089 1117 3090 4204 3090 1116 3090 2802 3091 5027 3091 1939 3091 1118 3092 4205 3092 1117 3092 2803 3093 5028 3093 1940 3093 3087 3094 3086 3094 682 3094 3085 3095 3084 3095 138 3095 3770 3096 6174 3096 6175 3096 3226 3097 6172 3097 6173 3097 1119 3098 4207 3098 4206 3098 2804 3099 5892 3099 5029 3099 1120 3100 4208 3100 4207 3100 2805 3101 5893 3101 5030 3101 1121 3102 4209 3102 4208 3102 2806 3103 5894 3103 5031 3103 1122 3104 4210 3104 4209 3104 2807 3105 5895 3105 5032 3105 1123 3106 4211 3106 4210 3106 2808 3107 5896 3107 5033 3107 1124 3108 4212 3108 4211 3108 2809 3109 5897 3109 5034 3109 1125 3110 4213 3110 4212 3110 2810 3111 5898 3111 5035 3111 1126 3112 4214 3112 4213 3112 2811 3113 5899 3113 5036 3113 1127 3114 4215 3114 4214 3114 2812 3115 5900 3115 5037 3115 1128 3116 4216 3116 4215 3116 2813 3117 5901 3117 5038 3117 1129 3118 4217 3118 4216 3118 2814 3119 5902 3119 5039 3119 1130 3120 4218 3120 4217 3120 2815 3121 5903 3121 5040 3121 1131 3122 4219 3122 4218 3122 2816 3123 5904 3123 5041 3123 1132 3124 4220 3124 4219 3124 2817 3125 5905 3125 5042 3125 1133 3126 4221 3126 4220 3126 2818 3127 5906 3127 5043 3127 1134 3128 4222 3128 4221 3128 2819 3129 5907 3129 5044 3129 1135 3130 4223 3130 4222 3130 2820 3131 5908 3131 5045 3131 1136 3132 4224 3132 4223 3132 2821 3133 5909 3133 5046 3133 1137 3134 4225 3134 4224 3134 2822 3135 5910 3135 5047 3135 1138 3136 4226 3136 4225 3136 2823 3137 5911 3137 5048 3137 1139 3138 4227 3138 4226 3138 2824 3139 5912 3139 5049 3139 1140 3140 4228 3140 4227 3140 2825 3141 5913 3141 5050 3141 1141 3142 4229 3142 4228 3142 2826 3143 5914 3143 5051 3143 1142 3144 4230 3144 4229 3144 2827 3145 5915 3145 5052 3145 1143 3146 4231 3146 4230 3146 2828 3147 5916 3147 5053 3147 1144 3148 4232 3148 4231 3148 2829 3149 5917 3149 5054 3149 1145 3150 4233 3150 4232 3150 2830 3151 5918 3151 5055 3151 1146 3152 4234 3152 4233 3152 2831 3153 5919 3153 5056 3153 1147 3154 4235 3154 4234 3154 2832 3155 5920 3155 5057 3155 1148 3156 4236 3156 4235 3156 2833 3157 5921 3157 5058 3157 1149 3158 4237 3158 4236 3158 2834 3159 5922 3159 5059 3159 1150 3160 4238 3160 4237 3160 2835 3161 5923 3161 5060 3161 1151 3162 4239 3162 4238 3162 2836 3163 5924 3163 5061 3163 1152 3164 4240 3164 4239 3164 2837 3165 5925 3165 5062 3165 1153 3166 4241 3166 4240 3166 2838 3167 5926 3167 5063 3167 1154 3168 4242 3168 4241 3168 2839 3169 5927 3169 5064 3169 1155 3170 4243 3170 4242 3170 2840 3171 5928 3171 5065 3171 1156 3172 4244 3172 4243 3172 2841 3173 5929 3173 5066 3173 1157 3174 4245 3174 4244 3174 2842 3175 5930 3175 5067 3175 1158 3176 4246 3176 4245 3176 2843 3177 5931 3177 5068 3177 1159 3178 4247 3178 4246 3178 2844 3179 5932 3179 5069 3179 1161 3180 4249 3180 4248 3180 2845 3181 5933 3181 5070 3181 1162 3182 4250 3182 4249 3182 2846 3183 5934 3183 5071 3183 1163 3184 4251 3184 4250 3184 2847 3185 5935 3185 5072 3185 1164 3186 4252 3186 4251 3186 2848 3187 5936 3187 5073 3187 1165 3188 4253 3188 4252 3188 2849 3189 5937 3189 5074 3189 1166 3190 4254 3190 4253 3190 2850 3191 5938 3191 5075 3191 1167 3192 4255 3192 4254 3192 2851 3193 5939 3193 5076 3193 1168 3194 4256 3194 4255 3194 2852 3195 5940 3195 5077 3195 1169 3196 4257 3196 4256 3196 2853 3197 5941 3197 5078 3197 1170 3198 4258 3198 4257 3198 2854 3199 5942 3199 5079 3199 1171 3200 4259 3200 4258 3200 2855 3201 5943 3201 5080 3201 1172 3202 4260 3202 4259 3202 2856 3203 5944 3203 5081 3203 1173 3204 4261 3204 4260 3204 2857 3205 5945 3205 5082 3205 1174 3206 4262 3206 4261 3206 2858 3207 5946 3207 5083 3207 1175 3208 4263 3208 4262 3208 2859 3209 5947 3209 5084 3209 1176 3210 4264 3210 4263 3210 2860 3211 5948 3211 5085 3211 1177 3212 4265 3212 4264 3212 2861 3213 5949 3213 5086 3213 1178 3214 4266 3214 4265 3214 2862 3215 5950 3215 5087 3215 1179 3216 4267 3216 4266 3216 2863 3217 5951 3217 5088 3217 1180 3218 4268 3218 4267 3218 2864 3219 5952 3219 5089 3219 1181 3220 4269 3220 4268 3220 2865 3221 5953 3221 5090 3221 1182 3222 4270 3222 4269 3222 2866 3223 5954 3223 5091 3223 1183 3224 4271 3224 4270 3224 2867 3225 5955 3225 5092 3225 1184 3226 4272 3226 4271 3226 2868 3227 5956 3227 5093 3227 1185 3228 4273 3228 4272 3228 2869 3229 5957 3229 5094 3229 1186 3230 4274 3230 4273 3230 2870 3231 5958 3231 5095 3231 1187 3232 4275 3232 4274 3232 2871 3233 5959 3233 5096 3233 1188 3234 4276 3234 4275 3234 2872 3235 5960 3235 5097 3235 1189 3236 4277 3236 4276 3236 2873 3237 5961 3237 5098 3237 1190 3238 4278 3238 4277 3238 2874 3239 5962 3239 5099 3239 1191 3240 4279 3240 4278 3240 2875 3241 5963 3241 5100 3241 1192 3242 4280 3242 4279 3242 2876 3243 5964 3243 5101 3243 1193 3244 4281 3244 4280 3244 2877 3245 5965 3245 5102 3245 1194 3246 4282 3246 4281 3246 2878 3247 5966 3247 5103 3247 1195 3248 4283 3248 4282 3248 2879 3249 5967 3249 5104 3249 1196 3250 4284 3250 4283 3250 2880 3251 5968 3251 5105 3251 1197 3252 4285 3252 4284 3252 2881 3253 5969 3253 5106 3253 1198 3254 4286 3254 4285 3254 2882 3255 5970 3255 5107 3255 1199 3256 4287 3256 4286 3256 2883 3257 5971 3257 5108 3257 1200 3258 4288 3258 4287 3258 2884 3259 5972 3259 5109 3259 1201 3260 4289 3260 4288 3260 2885 3261 5973 3261 5110 3261 1202 3262 4290 3262 4289 3262 2886 3263 5974 3263 5111 3263 1203 3264 4291 3264 4290 3264 2887 3265 5975 3265 5112 3265 1204 3266 4292 3266 4291 3266 2888 3267 5976 3267 5113 3267 1205 3268 4293 3268 4292 3268 2889 3269 5977 3269 5114 3269 1206 3270 4294 3270 4293 3270 2890 3271 5978 3271 5115 3271 1207 3272 4295 3272 4294 3272 2891 3273 5979 3273 5116 3273 1208 3274 4296 3274 4295 3274 2892 3275 5980 3275 5117 3275 1209 3276 4297 3276 4296 3276 2893 3277 5981 3277 5118 3277 1210 3278 4298 3278 4297 3278 2894 3279 5982 3279 5119 3279 1211 3280 4299 3280 4298 3280 2895 3281 5983 3281 5120 3281 1212 3282 4300 3282 4299 3282 2896 3283 5984 3283 5121 3283 1213 3284 4301 3284 4300 3284 2897 3285 5985 3285 5122 3285 1214 3286 4302 3286 4301 3286 2898 3287 5986 3287 5123 3287 1215 3288 4303 3288 4302 3288 2899 3289 5987 3289 5124 3289 1216 3290 4304 3290 4303 3290 2900 3291 5988 3291 5125 3291 1217 3292 4305 3292 4304 3292 2901 3293 5989 3293 5126 3293 1218 3294 4306 3294 4305 3294 2902 3295 5990 3295 5127 3295 1219 3296 4307 3296 4306 3296 2903 3297 5991 3297 5128 3297 1220 3298 4308 3298 4307 3298 2904 3299 5992 3299 5129 3299 1221 3300 4309 3300 4308 3300 2905 3301 5993 3301 5130 3301 1222 3302 4310 3302 4309 3302 2906 3303 5994 3303 5131 3303 1223 3304 4311 3304 4310 3304 2907 3305 5995 3305 5132 3305 1224 3306 4312 3306 4311 3306 2908 3307 5996 3307 5133 3307 1225 3308 4313 3308 4312 3308 2909 3309 5997 3309 5134 3309 1226 3310 4314 3310 4313 3310 2910 3311 5998 3311 5135 3311 1227 3312 4315 3312 4314 3312 2911 3313 5999 3313 5136 3313 1228 3314 4316 3314 4315 3314 2912 3315 6000 3315 5137 3315 1229 3316 4317 3316 4316 3316 2913 3317 6001 3317 5138 3317 1230 3318 4318 3318 4317 3318 2914 3319 6002 3319 5139 3319 1231 3320 4319 3320 4318 3320 2915 3321 6003 3321 5140 3321 1232 3322 4320 3322 4319 3322 2916 3323 6004 3323 5141 3323 1233 3324 4321 3324 4320 3324 2917 3325 6005 3325 5142 3325 1234 3326 4322 3326 4321 3326 2918 3327 6006 3327 5143 3327 1235 3328 4323 3328 4322 3328 2919 3329 6007 3329 5144 3329 1236 3330 4324 3330 4323 3330 2920 3331 6008 3331 5145 3331 1237 3332 4325 3332 4324 3332 2921 3333 6009 3333 5146 3333 1238 3334 4326 3334 4325 3334 2922 3335 6010 3335 5147 3335 1239 3336 4327 3336 4326 3336 2923 3337 6011 3337 5148 3337 1240 3338 4328 3338 4327 3338 2924 3339 6012 3339 5149 3339 1241 3340 4329 3340 4328 3340 2925 3341 6013 3341 5150 3341 1242 3342 4330 3342 4329 3342 2926 3343 6014 3343 5151 3343 1243 3344 4331 3344 4330 3344 2927 3345 6015 3345 5152 3345 1244 3346 4332 3346 4331 3346 2928 3347 6016 3347 5153 3347 1245 3348 4333 3348 4332 3348 2929 3349 6017 3349 5154 3349 1246 3350 4334 3350 4333 3350 2930 3351 6018 3351 5155 3351 1247 3352 4335 3352 4334 3352 2931 3353 6019 3353 5156 3353 1248 3354 4336 3354 4335 3354 2932 3355 6020 3355 5157 3355 1249 3356 4337 3356 4336 3356 2933 3357 6021 3357 5158 3357 1250 3358 4338 3358 4337 3358 2934 3359 6022 3359 5159 3359 1251 3360 4339 3360 4338 3360 2935 3361 6023 3361 5160 3361 1252 3362 4340 3362 4339 3362 2936 3363 6024 3363 5161 3363 1253 3364 4341 3364 4340 3364 2937 3365 6025 3365 5162 3365 1254 3366 4342 3366 4341 3366 2938 3367 6026 3367 5163 3367 1255 3368 4343 3368 4342 3368 2939 3369 6027 3369 5164 3369 1256 3370 4344 3370 4343 3370 2940 3371 6028 3371 5165 3371 1257 3372 4345 3372 4344 3372 2941 3373 6029 3373 5166 3373 1258 3374 4346 3374 4345 3374 2942 3375 6030 3375 5167 3375 1259 3376 4347 3376 4346 3376 2943 3377 6031 3377 5168 3377 1260 3378 4348 3378 4347 3378 2944 3379 6032 3379 5169 3379 1261 3380 4349 3380 4348 3380 2945 3381 6033 3381 5170 3381 1262 3382 4350 3382 4349 3382 2946 3383 6034 3383 5171 3383 1263 3384 4351 3384 4350 3384 2947 3385 6035 3385 5172 3385 1264 3386 4352 3386 4351 3386 2948 3387 6036 3387 5173 3387 1265 3388 4353 3388 4352 3388 2949 3389 6037 3389 5174 3389 1266 3390 4354 3390 4353 3390 2950 3391 6038 3391 5175 3391 1267 3392 4355 3392 4354 3392 2951 3393 6039 3393 5176 3393 1268 3394 4356 3394 4355 3394 2952 3395 6040 3395 5177 3395 1269 3396 4357 3396 4356 3396 2953 3397 6041 3397 5178 3397 1270 3398 4358 3398 4357 3398 2954 3399 6042 3399 5179 3399 1271 3400 4359 3400 4358 3400 2955 3401 6043 3401 5180 3401 1272 3402 4360 3402 4359 3402 2956 3403 6044 3403 5181 3403 1273 3404 4361 3404 4360 3404 2957 3405 6045 3405 5182 3405 1274 3406 4362 3406 4361 3406 2958 3407 6046 3407 5183 3407 1275 3408 4363 3408 4362 3408 2959 3409 6047 3409 5184 3409 1276 3410 4364 3410 4363 3410 2960 3411 6048 3411 5185 3411 1277 3412 4365 3412 4364 3412 2961 3413 6049 3413 5186 3413 1278 3414 4366 3414 4365 3414 2962 3415 6050 3415 5187 3415 1279 3416 4367 3416 4366 3416 2963 3417 6051 3417 5188 3417 1280 3418 4368 3418 4367 3418 2964 3419 6052 3419 5189 3419 1281 3420 4369 3420 4368 3420 2965 3421 6053 3421 5190 3421 1282 3422 4370 3422 4369 3422 2966 3423 6054 3423 5191 3423 1283 3424 4371 3424 4370 3424 2967 3425 6055 3425 5192 3425 1284 3426 4372 3426 4371 3426 2968 3427 6056 3427 5193 3427 1285 3428 4373 3428 4372 3428 2969 3429 6057 3429 5194 3429 1286 3430 4374 3430 4373 3430 2970 3431 6058 3431 5195 3431 1287 3432 4375 3432 4374 3432 2971 3433 6059 3433 5196 3433 1288 3434 4376 3434 4375 3434 2972 3435 6060 3435 5197 3435 1289 3436 4377 3436 4376 3436 2973 3437 6061 3437 5198 3437 1290 3438 4378 3438 4377 3438 2974 3439 6062 3439 5199 3439 1291 3440 4379 3440 4378 3440 2975 3441 6063 3441 5200 3441 1292 3442 4380 3442 4379 3442 2976 3443 6064 3443 5201 3443 1293 3444 4381 3444 4380 3444 2977 3445 6065 3445 5202 3445 1294 3446 4382 3446 4381 3446 2978 3447 6066 3447 5203 3447 1295 3448 4383 3448 4382 3448 2979 3449 6067 3449 5204 3449 1296 3450 4384 3450 4383 3450 2980 3451 6068 3451 5205 3451 1297 3452 4385 3452 4384 3452 2981 3453 6069 3453 5206 3453 1298 3454 4386 3454 4385 3454 2982 3455 6070 3455 5207 3455 1299 3456 4387 3456 4386 3456 2983 3457 6071 3457 5208 3457 1300 3458 4388 3458 4387 3458 2984 3459 6072 3459 5209 3459 1301 3460 4389 3460 4388 3460 2985 3461 6073 3461 5210 3461 1302 3462 4390 3462 4389 3462 2986 3463 6074 3463 5211 3463 1303 3464 4391 3464 4390 3464 2987 3465 6075 3465 5212 3465 1304 3466 4392 3466 4391 3466 2988 3467 6076 3467 5213 3467 1305 3468 4393 3468 4392 3468 2989 3469 6077 3469 5214 3469 1306 3470 4394 3470 4393 3470 2990 3471 6078 3471 5215 3471 1307 3472 4395 3472 4394 3472 2991 3473 6079 3473 5216 3473 1308 3474 4396 3474 4395 3474 2992 3475 6080 3475 5217 3475 1309 3476 4397 3476 4396 3476 2993 3477 6081 3477 5218 3477 1310 3478 4398 3478 4397 3478 2994 3479 6082 3479 5219 3479 1311 3480 4399 3480 4398 3480 2995 3481 6083 3481 5220 3481 1312 3482 4400 3482 4399 3482 2996 3483 6084 3483 5221 3483 1313 3484 4401 3484 4400 3484 2997 3485 6085 3485 5222 3485 1314 3486 4402 3486 4401 3486 2998 3487 6086 3487 5223 3487 1315 3488 4403 3488 4402 3488 2999 3489 6087 3489 5224 3489 1316 3490 4404 3490 4403 3490 3000 3491 6088 3491 5225 3491 1317 3492 4405 3492 4404 3492 3001 3493 6089 3493 5226 3493 1318 3494 4406 3494 4405 3494 3002 3495 6090 3495 5227 3495 1319 3496 4407 3496 4406 3496 3003 3497 6091 3497 5228 3497 1320 3498 4408 3498 4407 3498 3004 3499 6092 3499 5229 3499 1321 3500 4409 3500 4408 3500 3005 3501 6093 3501 5230 3501 1322 3502 4410 3502 4409 3502 3006 3503 6094 3503 5231 3503 1323 3504 4411 3504 4410 3504 3007 3505 6095 3505 5232 3505 1324 3506 4412 3506 4411 3506 3008 3507 6096 3507 5233 3507 1325 3508 4413 3508 4412 3508 3009 3509 6097 3509 5234 3509 1326 3510 4414 3510 4413 3510 3010 3511 6098 3511 5235 3511 1327 3512 4415 3512 4414 3512 3011 3513 6099 3513 5236 3513 1328 3514 4416 3514 4415 3514 3012 3515 6100 3515 5237 3515 1329 3516 4417 3516 4416 3516 3013 3517 6101 3517 5238 3517 1330 3518 4418 3518 4417 3518 3014 3519 6102 3519 5239 3519 1331 3520 4419 3520 4418 3520 3015 3521 6103 3521 5240 3521 1332 3522 4420 3522 4419 3522 3016 3523 6104 3523 5241 3523 1333 3524 4421 3524 4420 3524 3017 3525 6105 3525 5242 3525 1334 3526 4422 3526 4421 3526 3018 3527 6106 3527 5243 3527 1335 3528 4423 3528 4422 3528 3019 3529 6107 3529 5244 3529 1336 3530 4424 3530 4423 3530 3020 3531 6108 3531 5245 3531 1337 3532 4425 3532 4424 3532 3021 3533 6109 3533 5246 3533 1338 3534 4426 3534 4425 3534 3022 3535 6110 3535 5247 3535 1339 3536 4427 3536 4426 3536 3023 3537 6111 3537 5248 3537 1340 3538 4428 3538 4427 3538 3024 3539 6112 3539 5249 3539 1341 3540 4429 3540 4428 3540 3025 3541 6113 3541 5250 3541 1342 3542 4430 3542 4429 3542 3026 3543 6114 3543 5251 3543 1343 3544 4431 3544 4430 3544 3027 3545 6115 3545 5252 3545 1344 3546 4432 3546 4431 3546 3028 3547 6116 3547 5253 3547 1345 3548 4433 3548 4432 3548 3029 3549 6117 3549 5254 3549 1346 3550 4434 3550 4433 3550 3030 3551 6118 3551 5255 3551 1347 3552 4435 3552 4434 3552 3031 3553 6119 3553 5256 3553 1348 3554 4436 3554 4435 3554 3032 3555 6120 3555 5257 3555 1349 3556 4437 3556 4436 3556 3033 3557 6121 3557 5258 3557 1350 3558 4438 3558 4437 3558 3034 3559 6122 3559 5259 3559 1351 3560 4439 3560 4438 3560 3035 3561 6123 3561 5260 3561 1352 3562 4440 3562 4439 3562 3036 3563 6124 3563 5261 3563 1353 3564 4441 3564 4440 3564 3037 3565 6125 3565 5262 3565 1354 3566 4442 3566 4441 3566 3038 3567 6126 3567 5263 3567 1355 3568 4443 3568 4442 3568 3039 3569 6127 3569 5264 3569 1356 3570 4444 3570 4443 3570 3040 3571 6128 3571 5265 3571 1357 3572 4445 3572 4444 3572 3041 3573 6129 3573 5266 3573 0 3574 3088 3574 4445 3574 3042 3575 6130 3575 5267 3575 113 3576 3201 3576 3200 3576 3043 3577 6131 3577 5268 3577 386 3578 3474 3578 3473 3578 3044 3579 6132 3579 5269 3579 447 3580 3535 3580 3534 3580 3045 3581 6133 3581 5270 3581 533 3582 3621 3582 3620 3582 3046 3583 6134 3583 5271 3583 541 3584 3629 3584 3628 3584 3047 3585 6135 3585 5272 3585 615 3586 3703 3586 3702 3586 3048 3587 6136 3587 5273 3587 623 3588 3711 3588 3710 3588 3049 3589 6137 3589 5274 3589 877 3590 3965 3590 3964 3590 3050 3591 6138 3591 5275 3591 885 3592 3973 3592 3972 3592 3051 3593 6139 3593 5276 3593 1160 3594 4248 3594 4247 3594 3052 3595 6140 3595 5277 3595 1358 3596 4446 3596 3091 3596 3053 3597 6141 3597 5278 3597 1359 3598 4447 3598 3098 3598 3054 3599 6142 3599 5279 3599 1360 3600 4448 3600 3100 3600 3055 3601 6143 3601 5280 3601 1361 3602 4449 3602 3101 3602 3056 3603 6144 3603 5281 3603 1362 3604 4450 3604 3103 3604 3057 3605 6145 3605 5282 3605 1363 3606 4451 3606 3105 3606 3058 3607 6146 3607 5283 3607 1364 3608 4452 3608 3106 3608 3059 3609 6147 3609 5284 3609 1365 3610 4453 3610 3107 3610 3060 3611 6148 3611 5285 3611 1366 3612 4454 3612 3108 3612 3061 3613 6149 3613 5286 3613 1367 3614 4455 3614 3109 3614 3062 3615 6150 3615 5287 3615 1368 3616 4456 3616 3110 3616 3063 3617 6151 3617 5288 3617 1369 3618 4457 3618 3111 3618 3064 3619 6152 3619 5289 3619 1370 3620 4458 3620 3112 3620 3065 3621 6153 3621 5290 3621 1371 3622 4459 3622 3113 3622 3066 3623 6154 3623 5291 3623 1372 3624 4460 3624 3114 3624 3067 3625 6155 3625 5292 3625 1373 3626 4461 3626 3115 3626 3068 3627 6156 3627 5293 3627 1374 3628 4462 3628 3116 3628 3069 3629 6157 3629 5294 3629 1375 3630 4463 3630 3117 3630 3070 3631 6158 3631 5295 3631 1376 3632 4464 3632 3118 3632 3071 3633 6159 3633 5296 3633 1377 3634 4465 3634 3119 3634 3072 3635 6160 3635 5297 3635 1378 3636 4466 3636 3120 3636 3073 3637 6161 3637 5298 3637 1379 3638 4467 3638 3121 3638 3074 3639 6162 3639 5299 3639 1380 3640 4468 3640 3122 3640 3075 3641 6163 3641 5300 3641 1381 3642 4469 3642 3123 3642 3076 3643 6164 3643 5301 3643 1382 3644 4470 3644 3124 3644 3077 3645 6165 3645 5302 3645 1383 3646 4471 3646 3125 3646 3078 3647 6166 3647 5303 3647 1384 3648 4472 3648 3126 3648 3079 3649 6167 3649 5304 3649 1385 3650 4473 3650 3127 3650 3080 3651 6168 3651 5305 3651 1386 3652 4474 3652 3128 3652 3081 3653 6169 3653 5306 3653 1387 3654 4475 3654 3129 3654 3082 3655 6170 3655 5307 3655 1388 3656 4476 3656 3131 3656 3083 3657 6171 3657 5308 3657 1389 3658 4477 3658 3132 3658 3085 3659 6173 3659 6172 3659 1390 3660 4478 3660 3133 3660 3087 3661 6175 3661 6174 3661 1391 3662 4479 3662 3134 3662 683 3663 3771 3663 6175 3663 1392 3664 4480 3664 3136 3664 3086 3665 6174 3665 3770 3665 1393 3666 4481 3666 3137 3666 139 3667 3227 3667 6173 3667 1394 3668 4482 3668 3139 3668 3084 3669 6172 3669 3226 3669 1395 3670 4483 3670 3141 3670 1396 3671 4484 3671 3142 3671 1397 3672 4485 3672 3143 3672 1398 3673 4486 3673 3144 3673 1399 3674 4487 3674 3145 3674 1400 3675 4488 3675 3146 3675 1401 3676 4489 3676 3147 3676 1402 3677 4490 3677 3148 3677 1403 3678 4491 3678 3149 3678 1404 3679 4492 3679 3150 3679 1405 3680 4493 3680 3151 3680 1406 3681 4494 3681 3152 3681 1407 3682 4495 3682 3153 3682 1408 3683 4496 3683 3156 3683 1409 3684 4497 3684 3166 3684 1410 3685 4498 3685 3167 3685 1411 3686 4499 3686 3168 3686 1412 3687 4500 3687 3169 3687 1413 3688 4501 3688 3170 3688 1414 3689 4502 3689 3171 3689 1415 3690 4503 3690 3172 3690 1416 3691 4504 3691 3173 3691 1417 3692 4505 3692 3174 3692 1418 3693 4506 3693 3175 3693 1419 3694 4507 3694 3176 3694 1420 3695 4508 3695 3177 3695 1421 3696 4509 3696 3178 3696 1422 3697 4510 3697 3179 3697 1423 3698 4511 3698 3180 3698 1424 3699 4512 3699 3181 3699 1425 3700 4513 3700 3182 3700 1426 3701 4514 3701 3183 3701 1427 3702 4515 3702 3184 3702 1428 3703 4516 3703 3185 3703 1429 3704 4517 3704 3186 3704 1430 3705 4518 3705 3187 3705 1431 3706 4519 3706 3188 3706 1432 3707 4520 3707 3189 3707 1433 3708 4521 3708 3192 3708 1434 3709 4522 3709 3193 3709 1435 3710 4523 3710 3195 3710 1436 3711 4524 3711 3198 3711 1437 3712 4525 3712 3200 3712 1438 3713 4526 3713 3201 3713 1439 3714 4527 3714 3202 3714 1440 3715 4528 3715 3203 3715 1441 3716 4529 3716 3205 3716 1442 3717 4530 3717 3206 3717 1443 3718 4531 3718 3207 3718 1444 3719 4532 3719 3208 3719 1445 3720 4533 3720 3210 3720 1446 3721 4534 3721 3211 3721 1447 3722 4535 3722 3212 3722 1448 3723 4536 3723 3213 3723 1449 3724 4537 3724 3214 3724 1450 3725 4538 3725 3215 3725 1451 3726 4539 3726 3216 3726 1452 3727 4540 3727 3217 3727 1453 3728 4541 3728 3218 3728 1454 3729 4542 3729 3219 3729 1455 3730 4543 3730 3220 3730 1456 3731 4544 3731 3221 3731 1457 3732 4545 3732 3222 3732 1458 3733 4546 3733 3223 3733 1459 3734 4547 3734 3224 3734 1460 3735 4548 3735 3225 3735 1461 3736 4549 3736 3231 3736 1462 3737 4550 3737 3232 3737 1463 3738 4551 3738 3233 3738 1464 3739 4552 3739 3234 3739 1465 3740 4553 3740 3235 3740 1466 3741 4554 3741 3238 3741 1467 3742 4555 3742 3244 3742 1468 3743 4556 3743 3247 3743 1469 3744 4557 3744 3250 3744 1470 3745 4558 3745 3251 3745 1471 3746 4559 3746 3252 3746 1472 3747 4560 3747 3253 3747 1473 3748 4561 3748 3254 3748 1474 3749 4562 3749 3255 3749 1475 3750 4563 3750 3257 3750 1476 3751 4564 3751 3258 3751 1477 3752 4565 3752 3259 3752 1478 3753 4566 3753 3260 3753 1479 3754 4567 3754 3266 3754 1480 3755 4568 3755 3268 3755 1481 3756 4569 3756 3270 3756 1482 3757 4570 3757 3271 3757 1483 3758 4571 3758 3272 3758 1484 3759 4572 3759 3276 3759 1485 3760 4573 3760 3280 3760 1486 3761 4574 3761 3283 3761 1487 3762 4575 3762 3290 3762 1488 3763 4576 3763 3293 3763 1489 3764 4577 3764 3296 3764 1490 3765 4578 3765 3297 3765 1491 3766 4579 3766 3298 3766 1492 3767 4580 3767 3299 3767 1493 3768 4581 3768 3300 3768 1494 3769 4582 3769 3301 3769 1495 3770 4583 3770 3302 3770 1496 3771 4584 3771 3303 3771 1497 3772 4585 3772 3304 3772 1498 3773 4586 3773 3305 3773 1499 3774 4587 3774 3306 3774 1500 3775 4588 3775 3307 3775 1501 3776 4589 3776 3314 3776 1502 3777 4590 3777 3315 3777 1503 3778 4591 3778 3320 3778 1504 3779 4592 3779 3321 3779 1505 3780 4593 3780 3322 3780 1506 3781 4594 3781 3323 3781 1507 3782 4595 3782 3324 3782 1508 3783 4596 3783 3325 3783 1509 3784 4597 3784 3326 3784 1510 3785 4598 3785 3327 3785 1511 3786 4599 3786 3328 3786 1512 3787 4600 3787 3329 3787 1513 3788 4601 3788 3330 3788 1514 3789 4602 3789 3331 3789 1515 3790 4603 3790 3332 3790 1516 3791 4604 3791 3333 3791 1517 3792 4605 3792 3334 3792 1518 3793 4606 3793 3335 3793 1519 3794 4607 3794 3336 3794 1520 3795 4608 3795 3337 3795 1521 3796 4609 3796 3338 3796 1522 3797 4610 3797 3339 3797 1523 3798 4611 3798 3340 3798 1524 3799 4612 3799 3341 3799 1525 3800 4613 3800 3342 3800 1526 3801 4614 3801 3343 3801 1527 3802 4615 3802 3346 3802 1528 3803 4616 3803 3352 3803 1529 3804 4617 3804 3353 3804 1530 3805 4618 3805 3356 3805 1531 3806 4619 3806 3357 3806 1532 3807 4620 3807 3358 3807 1533 3808 4621 3808 3360 3808 1534 3809 4622 3809 3361 3809 1535 3810 4623 3810 3363 3810 1536 3811 4624 3811 3364 3811 1537 3812 4625 3812 3366 3812 1538 3813 4626 3813 3367 3813 1539 3814 4627 3814 3368 3814 1540 3815 4628 3815 3370 3815 1541 3816 4629 3816 3371 3816 1542 3817 4630 3817 3372 3817 1543 3818 4631 3818 3373 3818 1544 3819 4632 3819 3374 3819 1545 3820 4633 3820 3375 3820 1546 3821 4634 3821 3376 3821 1547 3822 4635 3822 3377 3822 1548 3823 4636 3823 3378 3823 1549 3824 4637 3824 3379 3824 1550 3825 4638 3825 3380 3825 1551 3826 4639 3826 3381 3826 1552 3827 4640 3827 3382 3827 1553 3828 4641 3828 3383 3828 1554 3829 4642 3829 3384 3829 1555 3830 4643 3830 3385 3830 1556 3831 4644 3831 3386 3831 1557 3832 4645 3832 3387 3832 1558 3833 4646 3833 3388 3833 1559 3834 4647 3834 3389 3834 1560 3835 4648 3835 3390 3835 1561 3836 4649 3836 3391 3836 1562 3837 4650 3837 3392 3837 1563 3838 4651 3838 3399 3838 1564 3839 4652 3839 3403 3839 1565 3840 4653 3840 3404 3840 1566 3841 4654 3841 3405 3841 1567 3842 4655 3842 3406 3842 1568 3843 4656 3843 3407 3843 1569 3844 4657 3844 3410 3844 1570 3845 4658 3845 3416 3845 1571 3846 4659 3846 3417 3846 1572 3847 4660 3847 3418 3847 1573 3848 4661 3848 3420 3848 1574 3849 4662 3849 3421 3849 1575 3850 4663 3850 3422 3850 1576 3851 4664 3851 3423 3851 1577 3852 4665 3852 3424 3852 1578 3853 4666 3853 3425 3853 1579 3854 4667 3854 3426 3854 1580 3855 4668 3855 3428 3855 1581 3856 4669 3856 3429 3856 1582 3857 4670 3857 3430 3857 1583 3858 4671 3858 3431 3858 1584 3859 4672 3859 3432 3859 1585 3860 4673 3860 3433 3860 1638 3861 4726 3861 3495 3861 1586 3862 4674 3862 3434 3862 1639 3863 4727 3863 3496 3863 1587 3864 4675 3864 3435 3864 1640 3865 4728 3865 3497 3865 1588 3866 4676 3866 3436 3866 1641 3867 4729 3867 3498 3867 1589 3868 4677 3868 3437 3868 1642 3869 4730 3869 3499 3869 1590 3870 4678 3870 3438 3870 1643 3871 4731 3871 3500 3871 1591 3872 4679 3872 3439 3872 1644 3873 4732 3873 3501 3873 1592 3874 4680 3874 3440 3874 1645 3875 4733 3875 3502 3875 1593 3876 4681 3876 3441 3876 1646 3877 4734 3877 3503 3877 1594 3878 4682 3878 3443 3878 1647 3879 4735 3879 3504 3879 1595 3880 4683 3880 3444 3880 1648 3881 4736 3881 3505 3881 1596 3882 4684 3882 3445 3882 1649 3883 4737 3883 3506 3883 1597 3884 4685 3884 3446 3884 1650 3885 4738 3885 3507 3885 1598 3886 4686 3886 3447 3886 1651 3887 4739 3887 3508 3887 1599 3888 4687 3888 3448 3888 1652 3889 4740 3889 3509 3889 1600 3890 4688 3890 3449 3890 1653 3891 4741 3891 3510 3891 1601 3892 4689 3892 3451 3892 1654 3893 4742 3893 3511 3893 1602 3894 4690 3894 3452 3894 1655 3895 4743 3895 3512 3895 1603 3896 4691 3896 3454 3896 1656 3897 4744 3897 3513 3897 1604 3898 4692 3898 3455 3898 1657 3899 4745 3899 3514 3899 1605 3900 4693 3900 3456 3900 1658 3901 4746 3901 3515 3901 1606 3902 4694 3902 3457 3902 1659 3903 4747 3903 3516 3903 1607 3904 4695 3904 3458 3904 1660 3905 4748 3905 3517 3905 1608 3906 4696 3906 3459 3906 1661 3907 4749 3907 3518 3907 1609 3908 4697 3908 3460 3908 1662 3909 4750 3909 3519 3909 1610 3910 4698 3910 3461 3910 1663 3911 4751 3911 3520 3911 1611 3912 4699 3912 3462 3912 1664 3913 4752 3913 3521 3913 1612 3914 4700 3914 3463 3914 1665 3915 4753 3915 3522 3915 1613 3916 4701 3916 3464 3916 1666 3917 4754 3917 3523 3917 1614 3918 4702 3918 3465 3918 1667 3919 4755 3919 3529 3919 1615 3920 4703 3920 3467 3920 1668 3921 4756 3921 3535 3921 1616 3922 4704 3922 3471 3922 1669 3923 4757 3923 3536 3923 1617 3924 4705 3924 3473 3924 1670 3925 4758 3925 3537 3925 1618 3926 4706 3926 3474 3926 1671 3927 4759 3927 3538 3927 1619 3928 4707 3928 3476 3928 1672 3929 4760 3929 3539 3929 1620 3930 4708 3930 3477 3930 1673 3931 4761 3931 3540 3931 1621 3932 4709 3932 3478 3932 1674 3933 4762 3933 3541 3933 1622 3934 4710 3934 3479 3934 1675 3935 4763 3935 3542 3935 1623 3936 4711 3936 3480 3936 1676 3937 4764 3937 3543 3937 1624 3938 4712 3938 3481 3938 1677 3939 4765 3939 3545 3939 1625 3940 4713 3940 3482 3940 1678 3941 4766 3941 3546 3941 1626 3942 4714 3942 3483 3942 1679 3943 4767 3943 3547 3943 1627 3944 4715 3944 3484 3944 1680 3945 4768 3945 3548 3945 1628 3946 4716 3946 3485 3946 1681 3947 4769 3947 3549 3947 1629 3948 4717 3948 3486 3948 1682 3949 4770 3949 3550 3949 1630 3950 4718 3950 3487 3950 1683 3951 4771 3951 3551 3951 1631 3952 4719 3952 3488 3952 1684 3953 4772 3953 3552 3953 1632 3954 4720 3954 3489 3954 1685 3955 4773 3955 3553 3955 1633 3956 4721 3956 3490 3956 1686 3957 4774 3957 3554 3957 1634 3958 4722 3958 3491 3958 1687 3959 4775 3959 3555 3959 1635 3960 4723 3960 3492 3960 1688 3961 4776 3961 3556 3961 1636 3962 4724 3962 3493 3962 1689 3963 4777 3963 3557 3963 1637 3964 4725 3964 3494 3964 1690 3965 4778 3965 3558 3965 1691 3966 4779 3966 3559 3966 1692 3967 4780 3967 3560 3967 1693 3968 4781 3968 3561 3968 1694 3969 4782 3969 3562 3969 1 3970 3089 3970 3088 3970 1695 3971 4783 3971 3563 3971 2 3972 3090 3972 3089 3972 1696 3973 4784 3973 3564 3973 3 3974 3091 3974 3090 3974 1697 3975 4785 3975 3565 3975 4 3976 3092 3976 3091 3976 1698 3977 4786 3977 3566 3977 5 3978 3093 3978 3092 3978 1699 3979 4787 3979 3567 3979 6 3980 3094 3980 3093 3980 1700 3981 4788 3981 3568 3981 7 3982 3095 3982 3094 3982 1701 3983 4789 3983 3569 3983 8 3984 3096 3984 3095 3984 1702 3985 4790 3985 3570 3985 9 3986 3097 3986 3096 3986 1703 3987 4791 3987 3575 3987 10 3988 3098 3988 3097 3988 1704 3989 4792 3989 3582 3989 11 3990 3099 3990 3098 3990 1705 3991 4793 3991 3587 3991 12 3992 3100 3992 3099 3992 1706 3993 4794 3993 3590 3993 13 3994 3101 3994 3100 3994 1707 3995 4795 3995 3592 3995 14 3996 3102 3996 3101 3996 1708 3997 4796 3997 3594 3997 15 3998 3103 3998 3102 3998 1709 3999 4797 3999 3595 3999 16 4000 3104 4000 3103 4000 1710 4001 4798 4001 3596 4001 17 4002 3105 4002 3104 4002 1711 4003 4799 4003 3597 4003 18 4004 3106 4004 3105 4004 1712 4005 4800 4005 3598 4005 19 4006 3107 4006 3106 4006 1713 4007 4801 4007 3599 4007 20 4008 3108 4008 3107 4008 1714 4009 4802 4009 3600 4009 21 4010 3109 4010 3108 4010 1715 4011 4803 4011 3601 4011 22 4012 3110 4012 3109 4012 1716 4013 4804 4013 3602 4013 23 4014 3111 4014 3110 4014 1717 4015 4805 4015 3603 4015 24 4016 3112 4016 3111 4016 1718 4017 4806 4017 3604 4017 25 4018 3113 4018 3112 4018 1719 4019 4807 4019 3605 4019 26 4020 3114 4020 3113 4020 1720 4021 4808 4021 3606 4021 27 4022 3115 4022 3114 4022 1721 4023 4809 4023 3607 4023 28 4024 3116 4024 3115 4024 1722 4025 4810 4025 3608 4025 29 4026 3117 4026 3116 4026 1723 4027 4811 4027 3609 4027 30 4028 3118 4028 3117 4028 1724 4029 4812 4029 3610 4029 31 4030 3119 4030 3118 4030 1725 4031 4813 4031 3611 4031 32 4032 3120 4032 3119 4032 1726 4033 4814 4033 3612 4033 33 4034 3121 4034 3120 4034 1727 4035 4815 4035 3613 4035 34 4036 3122 4036 3121 4036 1728 4037 4816 4037 3614 4037 35 4038 3123 4038 3122 4038 1729 4039 4817 4039 3615 4039 36 4040 3124 4040 3123 4040 1730 4041 4818 4041 3616 4041 37 4042 3125 4042 3124 4042 1731 4043 4819 4043 3617 4043 38 4044 3126 4044 3125 4044 1732 4045 4820 4045 3618 4045 39 4046 3127 4046 3126 4046 1733 4047 4821 4047 3622 4047 40 4048 3128 4048 3127 4048 1734 4049 4822 4049 3624 4049 41 4050 3129 4050 3128 4050 1735 4051 4823 4051 3629 4051 42 4052 3130 4052 3129 4052 1736 4053 4824 4053 3630 4053 43 4054 3131 4054 3130 4054 1737 4055 4825 4055 3631 4055 44 4056 3132 4056 3131 4056 1738 4057 4826 4057 3632 4057 45 4058 3133 4058 3132 4058 1739 4059 4827 4059 3633 4059 46 4060 3134 4060 3133 4060 1740 4061 4828 4061 3634 4061 47 4062 3135 4062 3134 4062 1741 4063 4829 4063 3635 4063 48 4064 3136 4064 3135 4064 1742 4065 4830 4065 3636 4065 49 4066 3137 4066 3136 4066 1743 4067 4831 4067 3637 4067 50 4068 3138 4068 3137 4068 1744 4069 4832 4069 3638 4069 51 4070 3139 4070 3138 4070 1745 4071 4833 4071 3639 4071 52 4072 3140 4072 3139 4072 1746 4073 4834 4073 3640 4073 53 4074 3141 4074 3140 4074 1747 4075 4835 4075 3642 4075 54 4076 3142 4076 3141 4076 1748 4077 4836 4077 3644 4077 55 4078 3143 4078 3142 4078 1749 4079 4837 4079 3647 4079 56 4080 3144 4080 3143 4080 1750 4081 4838 4081 3650 4081 57 4082 3145 4082 3144 4082 1751 4083 4839 4083 3653 4083 58 4084 3146 4084 3145 4084 1752 4085 4840 4085 3654 4085 59 4086 3147 4086 3146 4086 1753 4087 4841 4087 3655 4087 60 4088 3148 4088 3147 4088 1754 4089 4842 4089 3656 4089 61 4090 3149 4090 3148 4090 1755 4091 4843 4091 3657 4091 62 4092 3150 4092 3149 4092 1756 4093 4844 4093 3658 4093 63 4094 3151 4094 3150 4094 1757 4095 4845 4095 3659 4095 64 4096 3152 4096 3151 4096 1758 4097 4846 4097 3660 4097 65 4098 3153 4098 3152 4098 1759 4099 4847 4099 3669 4099 66 4100 3154 4100 3153 4100 1760 4101 4848 4101 3670 4101 67 4102 3155 4102 3154 4102 1761 4103 4849 4103 3672 4103 68 4104 3156 4104 3155 4104 1762 4105 4850 4105 3674 4105 69 4106 3157 4106 3156 4106 1763 4107 4851 4107 3676 4107 70 4108 3158 4108 3157 4108 1764 4109 4852 4109 3689 4109 71 4110 3159 4110 3158 4110 1765 4111 4853 4111 3690 4111 72 4112 3160 4112 3159 4112 1766 4113 4854 4113 3691 4113 73 4114 3161 4114 3160 4114 1767 4115 4855 4115 3692 4115 74 4116 3162 4116 3161 4116 1768 4117 4856 4117 3693 4117 75 4118 3163 4118 3162 4118 1769 4119 4857 4119 3694 4119 76 4120 3164 4120 3163 4120 1770 4121 4858 4121 3695 4121 77 4122 3165 4122 3164 4122 1771 4123 4859 4123 3696 4123 78 4124 3166 4124 3165 4124 1772 4125 4860 4125 3697 4125 79 4126 3167 4126 3166 4126 1773 4127 4861 4127 3698 4127 80 4128 3168 4128 3167 4128 1774 4129 4862 4129 3699 4129 81 4130 3169 4130 3168 4130 1775 4131 4863 4131 3700 4131 82 4132 3170 4132 3169 4132 1776 4133 4864 4133 3702 4133 83 4134 3171 4134 3170 4134 1777 4135 4865 4135 3705 4135 84 4136 3172 4136 3171 4136 1778 4137 4866 4137 3706 4137 85 4138 3173 4138 3172 4138 1779 4139 4867 4139 3710 4139 86 4140 3174 4140 3173 4140 1780 4141 4868 4141 3711 4141 87 4142 3175 4142 3174 4142 1781 4143 4869 4143 3712 4143 88 4144 3176 4144 3175 4144 1782 4145 4870 4145 3713 4145 89 4146 3177 4146 3176 4146 1783 4147 4871 4147 3714 4147 90 4148 3178 4148 3177 4148 1784 4149 4872 4149 3715 4149 91 4150 3179 4150 3178 4150 1785 4151 4873 4151 3716 4151 92 4152 3180 4152 3179 4152 1786 4153 4874 4153 3717 4153 93 4154 3181 4154 3180 4154 1787 4155 4875 4155 3718 4155 94 4156 3182 4156 3181 4156 1788 4157 4876 4157 3719 4157 95 4158 3183 4158 3182 4158 1789 4159 4877 4159 3720 4159 96 4160 3184 4160 3183 4160 1790 4161 4878 4161 3721 4161 97 4162 3185 4162 3184 4162 1791 4163 4879 4163 3722 4163 98 4164 3186 4164 3185 4164 1792 4165 4880 4165 3726 4165 99 4166 3187 4166 3186 4166 1793 4167 4881 4167 3731 4167 100 4168 3188 4168 3187 4168 1794 4169 4882 4169 3734 4169 101 4170 3189 4170 3188 4170 1795 4171 4883 4171 3735 4171 102 4172 3190 4172 3189 4172 1796 4173 4884 4173 3736 4173 103 4174 3191 4174 3190 4174 1797 4175 4885 4175 3737 4175 104 4176 3192 4176 3191 4176 1798 4177 4886 4177 3738 4177 105 4178 3193 4178 3192 4178 1799 4179 4887 4179 3739 4179 106 4180 3194 4180 3193 4180 1800 4181 4888 4181 3740 4181 107 4182 3195 4182 3194 4182 1801 4183 4889 4183 3741 4183 108 4184 3196 4184 3195 4184 1802 4185 4890 4185 3742 4185 109 4186 3197 4186 3196 4186 1803 4187 4891 4187 3743 4187 110 4188 3198 4188 3197 4188 1804 4189 4892 4189 3744 4189 111 4190 3199 4190 3198 4190 1805 4191 4893 4191 3745 4191 112 4192 3200 4192 3199 4192 1806 4193 4894 4193 3746 4193 114 4194 3202 4194 3201 4194 1807 4195 4895 4195 3747 4195 115 4196 3203 4196 3202 4196 1808 4197 4896 4197 3748 4197 116 4198 3204 4198 3203 4198 1809 4199 4897 4199 3749 4199 117 4200 3205 4200 3204 4200 1810 4201 4898 4201 3750 4201 118 4202 3206 4202 3205 4202 1811 4203 4899 4203 3751 4203 119 4204 3207 4204 3206 4204 1812 4205 4900 4205 3752 4205 120 4206 3208 4206 3207 4206 1813 4207 4901 4207 3753 4207 121 4208 3209 4208 3208 4208 1814 4209 4902 4209 3754 4209 122 4210 3210 4210 3209 4210 1815 4211 4903 4211 3755 4211 123 4212 3211 4212 3210 4212 1816 4213 4904 4213 3756 4213 124 4214 3212 4214 3211 4214 1817 4215 4905 4215 3757 4215 125 4216 3213 4216 3212 4216 1818 4217 4906 4217 3758 4217 126 4218 3214 4218 3213 4218 1819 4219 4907 4219 3759 4219 127 4220 3215 4220 3214 4220 1820 4221 4908 4221 3760 4221 128 4222 3216 4222 3215 4222 1821 4223 4909 4223 3762 4223 129 4224 3217 4224 3216 4224 1822 4225 4910 4225 3764 4225 130 4226 3218 4226 3217 4226 1823 4227 4911 4227 3767 4227 131 4228 3219 4228 3218 4228 1824 4229 4912 4229 3768 4229 132 4230 3220 4230 3219 4230 1825 4231 4913 4231 3769 4231 133 4232 3221 4232 3220 4232 1826 4233 4914 4233 3773 4233 134 4234 3222 4234 3221 4234 1827 4235 4915 4235 3777 4235 135 4236 3223 4236 3222 4236 1828 4237 4916 4237 3780 4237 136 4238 3224 4238 3223 4238 1829 4239 4917 4239 3781 4239 137 4240 3225 4240 3224 4240 1830 4241 4918 4241 3783 4241 138 4242 3226 4242 3225 4242 1831 4243 4919 4243 3792 4243 138 4244 3226 4244 3227 4244 1832 4245 4920 4245 3795 4245 140 4246 3228 4246 3227 4246 1833 4247 4921 4247 3796 4247 141 4248 3229 4248 3228 4248 1834 4249 4922 4249 3797 4249 142 4250 3230 4250 3229 4250 1835 4251 4923 4251 3801 4251 143 4252 3231 4252 3230 4252 1836 4253 4924 4253 3802 4253 144 4254 3232 4254 3231 4254 1837 4255 4925 4255 3803 4255 145 4256 3233 4256 3232 4256 1838 4257 4926 4257 3804 4257 146 4258 3234 4258 3233 4258 1839 4259 4927 4259 3805 4259 147 4260 3235 4260 3234 4260 1840 4261 4928 4261 3806 4261 148 4262 3236 4262 3235 4262 1841 4263 4929 4263 3808 4263 149 4264 3237 4264 3236 4264 1842 4265 4930 4265 3809 4265 150 4266 3238 4266 3237 4266 1843 4267 4931 4267 3813 4267 151 4268 3239 4268 3238 4268 1844 4269 4932 4269 3817 4269 152 4270 3240 4270 3239 4270 1845 4271 4933 4271 3824 4271 153 4272 3241 4272 3240 4272 1846 4273 4934 4273 3831 4273 154 4274 3242 4274 3241 4274 1847 4275 4935 4275 3832 4275 155 4276 3243 4276 3242 4276 1848 4277 4936 4277 3835 4277 156 4278 3244 4278 3243 4278 1849 4279 4937 4279 3838 4279 157 4280 3245 4280 3244 4280 1850 4281 4938 4281 3841 4281 158 4282 3246 4282 3245 4282 1851 4283 4939 4283 3842 4283 159 4284 3247 4284 3246 4284 1852 4285 4940 4285 3843 4285 160 4286 3248 4286 3247 4286 1853 4287 4941 4287 3844 4287 161 4288 3249 4288 3248 4288 1854 4289 4942 4289 3845 4289 162 4290 3250 4290 3249 4290 1855 4291 4943 4291 3846 4291 163 4292 3251 4292 3250 4292 1856 4293 4944 4293 3847 4293 164 4294 3252 4294 3251 4294 1857 4295 4945 4295 3848 4295 165 4296 3253 4296 3252 4296 1858 4297 4946 4297 3853 4297 166 4298 3254 4298 3253 4298 1859 4299 4947 4299 3854 4299 167 4300 3255 4300 3254 4300 1860 4301 4948 4301 3867 4301 168 4302 3256 4302 3255 4302 1861 4303 4949 4303 3868 4303 169 4304 3257 4304 3256 4304 1862 4305 4950 4305 3869 4305 170 4306 3258 4306 3257 4306 1863 4307 4951 4307 3870 4307 171 4308 3259 4308 3258 4308 1864 4309 4952 4309 3871 4309 172 4310 3260 4310 3259 4310 1865 4311 4953 4311 3872 4311 173 4312 3261 4312 3260 4312 1866 4313 4954 4313 3873 4313 174 4314 3262 4314 3261 4314 1867 4315 4955 4315 3874 4315 175 4316 3263 4316 3262 4316 1868 4317 4956 4317 3875 4317 176 4318 3264 4318 3263 4318 1869 4319 4957 4319 3876 4319 177 4320 3265 4320 3264 4320 1870 4321 4958 4321 3877 4321 178 4322 3266 4322 3265 4322 1871 4323 4959 4323 3882 4323 179 4324 3267 4324 3266 4324 1872 4325 4960 4325 3891 4325 180 4326 3268 4326 3267 4326 1873 4327 4961 4327 3895 4327 181 4328 3269 4328 3268 4328 1874 4329 4962 4329 3899 4329 182 4330 3270 4330 3269 4330 1875 4331 4963 4331 3905 4331 183 4332 3271 4332 3270 4332 1876 4333 4964 4333 3912 4333 184 4334 3272 4334 3271 4334 1877 4335 4965 4335 3916 4335 185 4336 3273 4336 3272 4336 1878 4337 4966 4337 3918 4337 186 4338 3274 4338 3273 4338 1879 4339 4967 4339 3921 4339 187 4340 3275 4340 3274 4340 1880 4341 4968 4341 3924 4341 188 4342 3276 4342 3275 4342 1881 4343 4969 4343 3926 4343 189 4344 3277 4344 3276 4344 1882 4345 4970 4345 3927 4345 190 4346 3278 4346 3277 4346 1883 4347 4971 4347 3928 4347 191 4348 3279 4348 3278 4348 1884 4349 4972 4349 3929 4349 192 4350 3280 4350 3279 4350 1885 4351 4973 4351 3930 4351 193 4352 3281 4352 3280 4352 1886 4353 4974 4353 3931 4353 194 4354 3282 4354 3281 4354 1887 4355 4975 4355 3932 4355 195 4356 3283 4356 3282 4356 1888 4357 4976 4357 3933 4357 196 4358 3284 4358 3283 4358 1889 4359 4977 4359 3934 4359 197 4360 3285 4360 3284 4360 1890 4361 4978 4361 3935 4361 198 4362 3286 4362 3285 4362 1891 4363 4979 4363 3936 4363 199 4364 3287 4364 3286 4364 1892 4365 4980 4365 3941 4365 200 4366 3288 4366 3287 4366 1893 4367 4981 4367 3949 4367 201 4368 3289 4368 3288 4368 1894 4369 4982 4369 3957 4369 202 4370 3290 4370 3289 4370 1895 4371 4983 4371 3960 4371 203 4372 3291 4372 3290 4372 1896 4373 4984 4373 3962 4373 204 4374 3292 4374 3291 4374 1897 4375 4985 4375 3970 4375 205 4376 3293 4376 3292 4376 1898 4377 4986 4377 3977 4377 206 4378 3294 4378 3293 4378 1899 4379 4987 4379 3978 4379 207 4380 3295 4380 3294 4380 1900 4381 4988 4381 3980 4381 208 4382 3296 4382 3295 4382 1901 4383 4989 4383 3981 4383 209 4384 3297 4384 3296 4384 1902 4385 4990 4385 3983 4385 210 4386 3298 4386 3297 4386 1903 4387 4991 4387 3984 4387 211 4388 3299 4388 3298 4388 1904 4389 4992 4389 3987 4389 212 4390 3300 4390 3299 4390 1905 4391 4993 4391 3988 4391 213 4392 3301 4392 3300 4392 1906 4393 4994 4393 3989 4393 214 4394 3302 4394 3301 4394 1907 4395 4995 4395 3991 4395 215 4396 3303 4396 3302 4396 1908 4397 4996 4397 3992 4397 216 4398 3304 4398 3303 4398 1909 4399 4997 4399 3993 4399 217 4400 3305 4400 3304 4400 1910 4401 4998 4401 3995 4401 218 4402 3306 4402 3305 4402 1911 4403 4999 4403 3996 4403 219 4404 3307 4404 3306 4404 1912 4405 5000 4405 3997 4405 220 4406 3308 4406 3307 4406 1913 4407 5001 4407 3998 4407 221 4408 3309 4408 3308 4408 1914 4409 5002 4409 3999 4409 222 4410 3310 4410 3309 4410 1915 4411 5003 4411 4000 4411 223 4412 3311 4412 3310 4412 1916 4413 5004 4413 4001 4413 224 4414 3312 4414 3311 4414 1917 4415 5005 4415 4002 4415 225 4416 3313 4416 3312 4416 1918 4417 5006 4417 4003 4417 226 4418 3314 4418 3313 4418 1919 4419 5007 4419 4004 4419 227 4420 3315 4420 3314 4420 1920 4421 5008 4421 4005 4421 228 4422 3316 4422 3315 4422 1921 4423 5009 4423 4009 4423 229 4424 3317 4424 3316 4424 1922 4425 5010 4425 4013 4425 230 4426 3318 4426 3317 4426 1923 4427 5011 4427 4014 4427 231 4428 3319 4428 3318 4428 1924 4429 5012 4429 4015 4429 232 4430 3320 4430 3319 4430 1925 4431 5013 4431 4016 4431 233 4432 3321 4432 3320 4432 1926 4433 5014 4433 4017 4433 234 4434 3322 4434 3321 4434 1927 4435 5015 4435 4018 4435 235 4436 3323 4436 3322 4436 1928 4437 5016 4437 4019 4437 236 4438 3324 4438 3323 4438 1929 4439 5017 4439 4020 4439 237 4440 3325 4440 3324 4440 1930 4441 5018 4441 4021 4441 238 4442 3326 4442 3325 4442 1931 4443 5019 4443 4022 4443 239 4444 3327 4444 3326 4444 1932 4445 5020 4445 4023 4445 240 4446 3328 4446 3327 4446 1933 4447 5021 4447 4024 4447 241 4448 3329 4448 3328 4448 1934 4449 5022 4449 4025 4449 242 4450 3330 4450 3329 4450 1935 4451 5023 4451 4026 4451 243 4452 3331 4452 3330 4452 1936 4453 5024 4453 4027 4453 244 4454 3332 4454 3331 4454 1937 4455 5025 4455 4028 4455 245 4456 3333 4456 3332 4456 1938 4457 5026 4457 4029 4457 246 4458 3334 4458 3333 4458 1939 4459 5027 4459 4030 4459 247 4460 3335 4460 3334 4460 1940 4461 5028 4461 4031 4461 248 4462 3336 4462 3335 4462 1941 4463 5029 4463 4035 4463 249 4464 3337 4464 3336 4464 1942 4465 5030 4465 4039 4465 250 4466 3338 4466 3337 4466 1943 4467 5031 4467 4042 4467 251 4468 3339 4468 3338 4468 1944 4469 5032 4469 4044 4469 252 4470 3340 4470 3339 4470 1945 4471 5033 4471 4045 4471 253 4472 3341 4472 3340 4472 1946 4473 5034 4473 4046 4473 254 4474 3342 4474 3341 4474 1947 4475 5035 4475 4047 4475 255 4476 3343 4476 3342 4476 1948 4477 5036 4477 4048 4477 256 4478 3344 4478 3343 4478 1949 4479 5037 4479 4049 4479 257 4480 3345 4480 3344 4480 1950 4481 5038 4481 4050 4481 258 4482 3346 4482 3345 4482 1951 4483 5039 4483 4051 4483 259 4484 3347 4484 3346 4484 1952 4485 5040 4485 4052 4485 260 4486 3348 4486 3347 4486 1953 4487 5041 4487 4053 4487 261 4488 3349 4488 3348 4488 1954 4489 5042 4489 4054 4489 262 4490 3350 4490 3349 4490 1955 4491 5043 4491 4055 4491 263 4492 3351 4492 3350 4492 1956 4493 5044 4493 4056 4493 264 4494 3352 4494 3351 4494 1957 4495 5045 4495 4057 4495 265 4496 3353 4496 3352 4496 1958 4497 5046 4497 4058 4497 266 4498 3354 4498 3353 4498 1959 4499 5047 4499 4059 4499 267 4500 3355 4500 3354 4500 1960 4501 5048 4501 4060 4501 268 4502 3356 4502 3355 4502 1961 4503 5049 4503 4061 4503 269 4504 3357 4504 3356 4504 1962 4505 5050 4505 4062 4505 270 4506 3358 4506 3357 4506 1963 4507 5051 4507 4063 4507 271 4508 3359 4508 3358 4508 1964 4509 5052 4509 4064 4509 272 4510 3360 4510 3359 4510 1965 4511 5053 4511 4065 4511 273 4512 3361 4512 3360 4512 1966 4513 5054 4513 4066 4513 274 4514 3362 4514 3361 4514 1967 4515 5055 4515 4067 4515 275 4516 3363 4516 3362 4516 1968 4517 5056 4517 4068 4517 276 4518 3364 4518 3363 4518 1969 4519 5057 4519 4069 4519 277 4520 3365 4520 3364 4520 1970 4521 5058 4521 4073 4521 278 4522 3366 4522 3365 4522 1971 4523 5059 4523 4077 4523 279 4524 3367 4524 3366 4524 1972 4525 5060 4525 4080 4525 280 4526 3368 4526 3367 4526 1973 4527 5061 4527 4081 4527 281 4528 3369 4528 3368 4528 1974 4529 5062 4529 4082 4529 282 4530 3370 4530 3369 4530 1975 4531 5063 4531 4083 4531 283 4532 3371 4532 3370 4532 1976 4533 5064 4533 4084 4533 284 4534 3372 4534 3371 4534 1977 4535 5065 4535 4085 4535 285 4536 3373 4536 3372 4536 1978 4537 5066 4537 4086 4537 286 4538 3374 4538 3373 4538 1979 4539 5067 4539 4087 4539 287 4540 3375 4540 3374 4540 1980 4541 5068 4541 4088 4541 288 4542 3376 4542 3375 4542 1981 4543 5069 4543 4089 4543 289 4544 3377 4544 3376 4544 1982 4545 5070 4545 4090 4545 290 4546 3378 4546 3377 4546 1983 4547 5071 4547 4091 4547 291 4548 3379 4548 3378 4548 1984 4549 5072 4549 4092 4549 292 4550 3380 4550 3379 4550 1985 4551 5073 4551 4093 4551 293 4552 3381 4552 3380 4552 1986 4553 5074 4553 4094 4553 294 4554 3382 4554 3381 4554 1987 4555 5075 4555 4095 4555 295 4556 3383 4556 3382 4556 1988 4557 5076 4557 4096 4557 296 4558 3384 4558 3383 4558 1989 4559 5077 4559 4097 4559 297 4560 3385 4560 3384 4560 1990 4561 5078 4561 4099 4561 298 4562 3386 4562 3385 4562 1991 4563 5079 4563 4101 4563 299 4564 3387 4564 3386 4564 1992 4565 5080 4565 4103 4565 300 4566 3388 4566 3387 4566 1993 4567 5081 4567 4111 4567 301 4568 3389 4568 3388 4568 1994 4569 5082 4569 4117 4569 302 4570 3390 4570 3389 4570 1995 4571 5083 4571 4118 4571 303 4572 3391 4572 3390 4572 1996 4573 5084 4573 4119 4573 304 4574 3392 4574 3391 4574 1997 4575 5085 4575 4120 4575 305 4576 3393 4576 3392 4576 1998 4577 5086 4577 4121 4577 306 4578 3394 4578 3393 4578 1999 4579 5087 4579 4122 4579 307 4580 3395 4580 3394 4580 2000 4581 5088 4581 4123 4581 308 4582 3396 4582 3395 4582 2001 4583 5089 4583 4124 4583 309 4584 3397 4584 3396 4584 2002 4585 5090 4585 4125 4585 310 4586 3398 4586 3397 4586 2003 4587 5091 4587 4126 4587 311 4588 3399 4588 3398 4588 2004 4589 5092 4589 4127 4589 312 4590 3400 4590 3399 4590 2005 4591 5093 4591 4128 4591 313 4592 3401 4592 3400 4592 2006 4593 5094 4593 4129 4593 314 4594 3402 4594 3401 4594 2007 4595 5095 4595 4130 4595 315 4596 3403 4596 3402 4596 2008 4597 5096 4597 4131 4597 316 4598 3404 4598 3403 4598 2009 4599 5097 4599 4132 4599 317 4600 3405 4600 3404 4600 2010 4601 5098 4601 4133 4601 318 4602 3406 4602 3405 4602 2011 4603 5099 4603 4134 4603 319 4604 3407 4604 3406 4604 2012 4605 5100 4605 4135 4605 320 4606 3408 4606 3407 4606 2013 4607 5101 4607 4136 4607 321 4608 3409 4608 3408 4608 2014 4609 5102 4609 4137 4609 322 4610 3410 4610 3409 4610 2015 4611 5103 4611 4138 4611 323 4612 3411 4612 3410 4612 2016 4613 5104 4613 4139 4613 324 4614 3412 4614 3411 4614 2017 4615 5105 4615 4140 4615 325 4616 3413 4616 3412 4616 2018 4617 5106 4617 4141 4617 326 4618 3414 4618 3413 4618 2019 4619 5107 4619 4142 4619 327 4620 3415 4620 3414 4620 2020 4621 5108 4621 4143 4621 328 4622 3416 4622 3415 4622 2021 4623 5109 4623 4144 4623 329 4624 3417 4624 3416 4624 2022 4625 5110 4625 4145 4625 330 4626 3418 4626 3417 4626 2023 4627 5111 4627 4146 4627 331 4628 3419 4628 3418 4628 2024 4629 5112 4629 4147 4629 332 4630 3420 4630 3419 4630 2025 4631 5113 4631 4148 4631 333 4632 3421 4632 3420 4632 2026 4633 5114 4633 4149 4633 334 4634 3422 4634 3421 4634 2027 4635 5115 4635 4150 4635 335 4636 3423 4636 3422 4636 2028 4637 5116 4637 4151 4637 336 4638 3424 4638 3423 4638 2029 4639 5117 4639 4152 4639 337 4640 3425 4640 3424 4640 2030 4641 5118 4641 4155 4641 338 4642 3426 4642 3425 4642 2031 4643 5119 4643 4165 4643 339 4644 3427 4644 3426 4644 2032 4645 5120 4645 4168 4645 340 4646 3428 4646 3427 4646 2033 4647 5121 4647 4170 4647 341 4648 3429 4648 3428 4648 2034 4649 5122 4649 4173 4649 342 4650 3430 4650 3429 4650 2035 4651 5123 4651 4175 4651 343 4652 3431 4652 3430 4652 2036 4653 5124 4653 4176 4653 344 4654 3432 4654 3431 4654 2037 4655 5125 4655 4177 4655 345 4656 3433 4656 3432 4656 2038 4657 5126 4657 4178 4657 346 4658 3434 4658 3433 4658 2039 4659 5127 4659 4179 4659 347 4660 3435 4660 3434 4660 2040 4661 5128 4661 4180 4661 348 4662 3436 4662 3435 4662 2041 4663 5129 4663 4181 4663 349 4664 3437 4664 3436 4664 2042 4665 5130 4665 4182 4665 350 4666 3438 4666 3437 4666 2043 4667 5131 4667 4183 4667 351 4668 3439 4668 3438 4668 2044 4669 5132 4669 4184 4669 352 4670 3440 4670 3439 4670 2045 4671 5133 4671 4185 4671 353 4672 3441 4672 3440 4672 2046 4673 5134 4673 4186 4673 354 4674 3442 4674 3441 4674 2047 4675 5135 4675 4187 4675 355 4676 3443 4676 3442 4676 2048 4677 5136 4677 4188 4677 356 4678 3444 4678 3443 4678 2049 4679 5137 4679 4189 4679 357 4680 3445 4680 3444 4680 2050 4681 5138 4681 4190 4681 358 4682 3446 4682 3445 4682 2051 4683 5139 4683 4191 4683 359 4684 3447 4684 3446 4684 2052 4685 5140 4685 4192 4685 360 4686 3448 4686 3447 4686 2053 4687 5141 4687 4193 4687 361 4688 3449 4688 3448 4688 2054 4689 5142 4689 4194 4689 362 4690 3450 4690 3449 4690 2055 4691 5143 4691 4195 4691 363 4692 3451 4692 3450 4692 2056 4693 5144 4693 4198 4693 364 4694 3452 4694 3451 4694 2057 4695 5145 4695 4199 4695 365 4696 3453 4696 3452 4696 2058 4697 5146 4697 4200 4697 366 4698 3454 4698 3453 4698 2059 4699 5147 4699 4201 4699 367 4700 3455 4700 3454 4700 2060 4701 5148 4701 4202 4701 368 4702 3456 4702 3455 4702 2061 4703 5149 4703 4203 4703 369 4704 3457 4704 3456 4704 2062 4705 5150 4705 4204 4705 370 4706 3458 4706 3457 4706 2063 4707 5151 4707 4205 4707 371 4708 3459 4708 3458 4708 2064 4709 5152 4709 4206 4709 372 4710 3460 4710 3459 4710 2065 4711 5153 4711 4207 4711 373 4712 3461 4712 3460 4712 2066 4713 5154 4713 4208 4713 374 4714 3462 4714 3461 4714 2067 4715 5155 4715 4209 4715 375 4716 3463 4716 3462 4716 2068 4717 5156 4717 4210 4717 376 4718 3464 4718 3463 4718 2069 4719 5157 4719 4211 4719 377 4720 3465 4720 3464 4720 2070 4721 5158 4721 4212 4721 378 4722 3466 4722 3465 4722 2071 4723 5159 4723 4213 4723 379 4724 3467 4724 3466 4724 2072 4725 5160 4725 4214 4725 380 4726 3468 4726 3467 4726 2073 4727 5161 4727 4215 4727 381 4728 3469 4728 3468 4728 2074 4729 5162 4729 4216 4729 382 4730 3470 4730 3469 4730 2075 4731 5163 4731 4217 4731 383 4732 3471 4732 3470 4732 2076 4733 5164 4733 4218 4733 384 4734 3472 4734 3471 4734 2077 4735 5165 4735 4219 4735 385 4736 3473 4736 3472 4736 2078 4737 5166 4737 4220 4737 387 4738 3475 4738 3474 4738 2079 4739 5167 4739 4221 4739 388 4740 3476 4740 3475 4740 2080 4741 5168 4741 4222 4741 389 4742 3477 4742 3476 4742 2081 4743 5169 4743 4223 4743 390 4744 3478 4744 3477 4744 2082 4745 5170 4745 4224 4745 391 4746 3479 4746 3478 4746 2083 4747 5171 4747 4225 4747 392 4748 3480 4748 3479 4748 2084 4749 5172 4749 4226 4749 393 4750 3481 4750 3480 4750 2085 4751 5173 4751 4227 4751 394 4752 3482 4752 3481 4752 2086 4753 5174 4753 4228 4753 395 4754 3483 4754 3482 4754 2087 4755 5175 4755 4229 4755 396 4756 3484 4756 3483 4756 2088 4757 5176 4757 4230 4757 397 4758 3485 4758 3484 4758 2089 4759 5177 4759 4231 4759 398 4760 3486 4760 3485 4760 2090 4761 5178 4761 4232 4761 399 4762 3487 4762 3486 4762 2091 4763 5179 4763 4233 4763 400 4764 3488 4764 3487 4764 2092 4765 5180 4765 4234 4765 401 4766 3489 4766 3488 4766 2093 4767 5181 4767 4235 4767 402 4768 3490 4768 3489 4768 2094 4769 5182 4769 4237 4769 403 4770 3491 4770 3490 4770 2095 4771 5183 4771 4242 4771 404 4772 3492 4772 3491 4772 2096 4773 5184 4773 4245 4773 405 4774 3493 4774 3492 4774 2097 4775 5185 4775 4246 4775 406 4776 3494 4776 3493 4776 2098 4777 5186 4777 4247 4777 407 4778 3495 4778 3494 4778 2099 4779 5187 4779 4248 4779 408 4780 3496 4780 3495 4780 2100 4781 5188 4781 4249 4781 409 4782 3497 4782 3496 4782 2101 4783 5189 4783 4250 4783 410 4784 3498 4784 3497 4784 2102 4785 5190 4785 4251 4785 411 4786 3499 4786 3498 4786 2103 4787 5191 4787 4252 4787 412 4788 3500 4788 3499 4788 2104 4789 5192 4789 4253 4789 413 4790 3501 4790 3500 4790 2105 4791 5193 4791 4254 4791 414 4792 3502 4792 3501 4792 2106 4793 5194 4793 4255 4793 415 4794 3503 4794 3502 4794 2107 4795 5195 4795 4256 4795 416 4796 3504 4796 3503 4796 2108 4797 5196 4797 4257 4797 417 4798 3505 4798 3504 4798 2109 4799 5197 4799 4258 4799 418 4800 3506 4800 3505 4800 2110 4801 5198 4801 4259 4801 419 4802 3507 4802 3506 4802 2111 4803 5199 4803 4260 4803 420 4804 3508 4804 3507 4804 2112 4805 5200 4805 4261 4805 421 4806 3509 4806 3508 4806 2113 4807 5201 4807 4262 4807 422 4808 3510 4808 3509 4808 2114 4809 5202 4809 4263 4809 423 4810 3511 4810 3510 4810 2115 4811 5203 4811 4264 4811 424 4812 3512 4812 3511 4812 2116 4813 5204 4813 4265 4813 425 4814 3513 4814 3512 4814 2117 4815 5205 4815 4266 4815 426 4816 3514 4816 3513 4816 2118 4817 5206 4817 4267 4817 427 4818 3515 4818 3514 4818 2119 4819 5207 4819 4268 4819 428 4820 3516 4820 3515 4820 2120 4821 5208 4821 4269 4821 429 4822 3517 4822 3516 4822 2121 4823 5209 4823 4270 4823 430 4824 3518 4824 3517 4824 2122 4825 5210 4825 4271 4825 431 4826 3519 4826 3518 4826 2123 4827 5211 4827 4272 4827 432 4828 3520 4828 3519 4828 2124 4829 5212 4829 4273 4829 433 4830 3521 4830 3520 4830 2125 4831 5213 4831 4274 4831 434 4832 3522 4832 3521 4832 2126 4833 5214 4833 4275 4833 435 4834 3523 4834 3522 4834 2127 4835 5215 4835 4276 4835 436 4836 3524 4836 3523 4836 2128 4837 5216 4837 4277 4837 437 4838 3525 4838 3524 4838 2129 4839 5217 4839 4278 4839 438 4840 3526 4840 3525 4840 2130 4841 5218 4841 4285 4841 439 4842 3527 4842 3526 4842 2131 4843 5219 4843 4294 4843 440 4844 3528 4844 3527 4844 2132 4845 5220 4845 4295 4845 441 4846 3529 4846 3528 4846 2133 4847 5221 4847 4300 4847 442 4848 3530 4848 3529 4848 2134 4849 5222 4849 4305 4849 443 4850 3531 4850 3530 4850 2135 4851 5223 4851 4307 4851 444 4852 3532 4852 3531 4852 2136 4853 5224 4853 4308 4853 445 4854 3533 4854 3532 4854 2137 4855 5225 4855 4309 4855 446 4856 3534 4856 3533 4856 2138 4857 5226 4857 4310 4857 448 4858 3536 4858 3535 4858 2139 4859 5227 4859 4311 4859 449 4860 3537 4860 3536 4860 2140 4861 5228 4861 4312 4861 450 4862 3538 4862 3537 4862 2141 4863 5229 4863 4313 4863 451 4864 3539 4864 3538 4864 2142 4865 5230 4865 4314 4865 452 4866 3540 4866 3539 4866 2143 4867 5231 4867 4315 4867 453 4868 3541 4868 3540 4868 2144 4869 5232 4869 4316 4869 454 4870 3542 4870 3541 4870 2145 4871 5233 4871 4317 4871 455 4872 3543 4872 3542 4872 2146 4873 5234 4873 4318 4873 456 4874 3544 4874 3543 4874 2147 4875 5235 4875 4319 4875 457 4876 3545 4876 3544 4876 2148 4877 5236 4877 4321 4877 458 4878 3546 4878 3545 4878 2149 4879 5237 4879 4326 4879 459 4880 3547 4880 3546 4880 2150 4881 5238 4881 4333 4881 460 4882 3548 4882 3547 4882 2151 4883 5239 4883 4334 4883 461 4884 3549 4884 3548 4884 2152 4885 5240 4885 4335 4885 462 4886 3550 4886 3549 4886 2153 4887 5241 4887 4336 4887 463 4888 3551 4888 3550 4888 2154 4889 5242 4889 4337 4889 464 4890 3552 4890 3551 4890 2155 4891 5243 4891 4338 4891 465 4892 3553 4892 3552 4892 2156 4893 5244 4893 4339 4893 466 4894 3554 4894 3553 4894 2157 4895 5245 4895 4340 4895 467 4896 3555 4896 3554 4896 2158 4897 5246 4897 4341 4897 468 4898 3556 4898 3555 4898 2159 4899 5247 4899 4342 4899 469 4900 3557 4900 3556 4900 2160 4901 5248 4901 4343 4901 470 4902 3558 4902 3557 4902 2161 4903 5249 4903 4345 4903 471 4904 3559 4904 3558 4904 2162 4905 5250 4905 4346 4905 472 4906 3560 4906 3559 4906 2163 4907 5251 4907 4347 4907 473 4908 3561 4908 3560 4908 2164 4909 5252 4909 4348 4909 474 4910 3562 4910 3561 4910 2165 4911 5253 4911 4350 4911 475 4912 3563 4912 3562 4912 2166 4913 5254 4913 4351 4913 476 4914 3564 4914 3563 4914 2167 4915 5255 4915 4352 4915 477 4916 3565 4916 3564 4916 2168 4917 5256 4917 4353 4917 478 4918 3566 4918 3565 4918 2169 4919 5257 4919 4354 4919 479 4920 3567 4920 3566 4920 2170 4921 5258 4921 4355 4921 480 4922 3568 4922 3567 4922 2171 4923 5259 4923 4359 4923 481 4924 3569 4924 3568 4924 2172 4925 5260 4925 4366 4925 482 4926 3570 4926 3569 4926 2173 4927 5261 4927 4370 4927 483 4928 3571 4928 3570 4928 2174 4929 5262 4929 4373 4929 484 4930 3572 4930 3571 4930 2175 4931 5263 4931 4377 4931 485 4932 3573 4932 3572 4932 2176 4933 5264 4933 4379 4933 486 4934 3574 4934 3573 4934 2177 4935 5265 4935 4380 4935 487 4936 3575 4936 3574 4936 2178 4937 5266 4937 4381 4937 488 4938 3576 4938 3575 4938 2179 4939 5267 4939 4382 4939 489 4940 3577 4940 3576 4940 2180 4941 5268 4941 4383 4941 490 4942 3578 4942 3577 4942 2181 4943 5269 4943 4384 4943 491 4944 3579 4944 3578 4944 2182 4945 5270 4945 4385 4945 492 4946 3580 4946 3579 4946 2183 4947 5271 4947 4386 4947 493 4948 3581 4948 3580 4948 2184 4949 5272 4949 4387 4949 494 4950 3582 4950 3581 4950 2185 4951 5273 4951 4388 4951 495 4952 3583 4952 3582 4952 2186 4953 5274 4953 4389 4953 496 4954 3584 4954 3583 4954 2187 4955 5275 4955 4390 4955 497 4956 3585 4956 3584 4956 2188 4957 5276 4957 4391 4957 498 4958 3586 4958 3585 4958 2189 4959 5277 4959 4392 4959 499 4960 3587 4960 3586 4960 2190 4961 5278 4961 4393 4961 500 4962 3588 4962 3587 4962 2191 4963 5279 4963 4394 4963 501 4964 3589 4964 3588 4964 2192 4965 5280 4965 4395 4965 502 4966 3590 4966 3589 4966 2193 4967 5281 4967 4396 4967 503 4968 3591 4968 3590 4968 2194 4969 5282 4969 4397 4969 504 4970 3592 4970 3591 4970 2195 4971 5283 4971 4398 4971 505 4972 3593 4972 3592 4972 2196 4973 5284 4973 4399 4973 506 4974 3594 4974 3593 4974 2197 4975 5285 4975 4400 4975 507 4976 3595 4976 3594 4976 2198 4977 5286 4977 4401 4977 508 4978 3596 4978 3595 4978 2199 4979 5287 4979 4402 4979 509 4980 3597 4980 3596 4980 2200 4981 5288 4981 4403 4981 510 4982 3598 4982 3597 4982 2201 4983 5289 4983 4404 4983 511 4984 3599 4984 3598 4984 2202 4985 5290 4985 4408 4985 512 4986 3600 4986 3599 4986 2203 4987 5291 4987 4410 4987 513 4988 3601 4988 3600 4988 2204 4989 5292 4989 4412 4989 514 4990 3602 4990 3601 4990 2205 4991 5293 4991 4417 4991 515 4992 3603 4992 3602 4992 2206 4993 5294 4993 4418 4993 516 4994 3604 4994 3603 4994 2207 4995 5295 4995 4419 4995 517 4996 3605 4996 3604 4996 2208 4997 5296 4997 4420 4997 518 4998 3606 4998 3605 4998 2209 4999 5297 4999 4421 4999 519 5000 3607 5000 3606 5000 2210 5001 5298 5001 4422 5001 520 5002 3608 5002 3607 5002 2211 5003 5299 5003 4425 5003 521 5004 3609 5004 3608 5004 2212 5005 5300 5005 4429 5005 522 5006 3610 5006 3609 5006 2213 5007 5301 5007 4430 5007 523 5008 3611 5008 3610 5008 2214 5009 5302 5009 4432 5009 524 5010 3612 5010 3611 5010 2215 5011 5303 5011 4433 5011 525 5012 3613 5012 3612 5012 2216 5013 5304 5013 4434 5013 526 5014 3614 5014 3613 5014 2217 5015 5305 5015 4435 5015 527 5016 3615 5016 3614 5016 2218 5017 5306 5017 4436 5017 528 5018 3616 5018 3615 5018 2219 5019 5307 5019 4437 5019 529 5020 3617 5020 3616 5020 2220 5021 5308 5021 4442 5021 530 5022 3618 5022 3617 5022 2221 5023 5309 5023 4446 5023 531 5024 3619 5024 3618 5024 2222 5025 5310 5025 4447 5025 532 5026 3620 5026 3619 5026 2223 5027 5311 5027 4448 5027 534 5028 3622 5028 3621 5028 2224 5029 5312 5029 4449 5029 535 5030 3623 5030 3622 5030 2225 5031 5313 5031 4450 5031 536 5032 3624 5032 3623 5032 2226 5033 5314 5033 4451 5033 537 5034 3625 5034 3624 5034 2227 5035 5315 5035 4452 5035 538 5036 3626 5036 3625 5036 2228 5037 5316 5037 4453 5037 539 5038 3627 5038 3626 5038 2229 5039 5317 5039 4454 5039 540 5040 3628 5040 3627 5040 2230 5041 5318 5041 4455 5041 542 5042 3630 5042 3629 5042 2231 5043 5319 5043 4456 5043 543 5044 3631 5044 3630 5044 2232 5045 5320 5045 4457 5045 544 5046 3632 5046 3631 5046 2233 5047 5321 5047 4458 5047 545 5048 3633 5048 3632 5048 2234 5049 5322 5049 4459 5049 546 5050 3634 5050 3633 5050 2235 5051 5323 5051 4460 5051 547 5052 3635 5052 3634 5052 2236 5053 5324 5053 4461 5053 548 5054 3636 5054 3635 5054 2237 5055 5325 5055 4462 5055 549 5056 3637 5056 3636 5056 2238 5057 5326 5057 4463 5057 550 5058 3638 5058 3637 5058 2239 5059 5327 5059 4464 5059 551 5060 3639 5060 3638 5060 2240 5061 5328 5061 4465 5061 552 5062 3640 5062 3639 5062 2241 5063 5329 5063 4466 5063 553 5064 3641 5064 3640 5064 2242 5065 5330 5065 4467 5065 554 5066 3642 5066 3641 5066 2243 5067 5331 5067 4468 5067 555 5068 3643 5068 3642 5068 2244 5069 5332 5069 4469 5069 556 5070 3644 5070 3643 5070 2245 5071 5333 5071 4470 5071 557 5072 3645 5072 3644 5072 2246 5073 5334 5073 4471 5073 558 5074 3646 5074 3645 5074 2247 5075 5335 5075 4472 5075 559 5076 3647 5076 3646 5076 2248 5077 5336 5077 4473 5077 560 5078 3648 5078 3647 5078 2249 5079 5337 5079 4474 5079 561 5080 3649 5080 3648 5080 2250 5081 5338 5081 4475 5081 562 5082 3650 5082 3649 5082 2251 5083 5339 5083 4476 5083 563 5084 3651 5084 3650 5084 2252 5085 5340 5085 4477 5085 564 5086 3652 5086 3651 5086 2253 5087 5341 5087 4478 5087 565 5088 3653 5088 3652 5088 2254 5089 5342 5089 4479 5089 566 5090 3654 5090 3653 5090 2255 5091 5343 5091 4480 5091 567 5092 3655 5092 3654 5092 2256 5093 5344 5093 4481 5093 568 5094 3656 5094 3655 5094 2257 5095 5345 5095 4482 5095 569 5096 3657 5096 3656 5096 2258 5097 5346 5097 4483 5097 570 5098 3658 5098 3657 5098 2259 5099 5347 5099 4484 5099 571 5100 3659 5100 3658 5100 2260 5101 5348 5101 4485 5101 572 5102 3660 5102 3659 5102 2261 5103 5349 5103 4486 5103 573 5104 3661 5104 3660 5104 2262 5105 5350 5105 4487 5105 574 5106 3662 5106 3661 5106 2263 5107 5351 5107 4488 5107 575 5108 3663 5108 3662 5108 2264 5109 5352 5109 4489 5109 576 5110 3664 5110 3663 5110 2265 5111 5353 5111 4490 5111 577 5112 3665 5112 3664 5112 2266 5113 5354 5113 4491 5113 578 5114 3666 5114 3665 5114 2267 5115 5355 5115 4492 5115 579 5116 3667 5116 3666 5116 2268 5117 5356 5117 4493 5117 580 5118 3668 5118 3667 5118 2269 5119 5357 5119 4494 5119 581 5120 3669 5120 3668 5120 2270 5121 5358 5121 4495 5121 582 5122 3670 5122 3669 5122 2271 5123 5359 5123 4496 5123 583 5124 3671 5124 3670 5124 2272 5125 5360 5125 4497 5125 584 5126 3672 5126 3671 5126 2273 5127 5361 5127 4498 5127 585 5128 3673 5128 3672 5128 2274 5129 5362 5129 4499 5129 586 5130 3674 5130 3673 5130 2275 5131 5363 5131 4500 5131 587 5132 3675 5132 3674 5132 2276 5133 5364 5133 4501 5133 588 5134 3676 5134 3675 5134 2277 5135 5365 5135 4502 5135 589 5136 3677 5136 3676 5136 2278 5137 5366 5137 4503 5137 590 5138 3678 5138 3677 5138 2279 5139 5367 5139 4504 5139 591 5140 3679 5140 3678 5140 2280 5141 5368 5141 4505 5141 592 5142 3680 5142 3679 5142 2281 5143 5369 5143 4506 5143 593 5144 3681 5144 3680 5144 2282 5145 5370 5145 4507 5145 594 5146 3682 5146 3681 5146 2283 5147 5371 5147 4508 5147 595 5148 3683 5148 3682 5148 2284 5149 5372 5149 4509 5149 596 5150 3684 5150 3683 5150 2285 5151 5373 5151 4510 5151 597 5152 3685 5152 3684 5152 2286 5153 5374 5153 4511 5153 598 5154 3686 5154 3685 5154 2287 5155 5375 5155 4512 5155 599 5156 3687 5156 3686 5156 2288 5157 5376 5157 4513 5157 600 5158 3688 5158 3687 5158 2289 5159 5377 5159 4514 5159 601 5160 3689 5160 3688 5160 2290 5161 5378 5161 4515 5161 602 5162 3690 5162 3689 5162 2291 5163 5379 5163 4516 5163 603 5164 3691 5164 3690 5164 2292 5165 5380 5165 4517 5165 604 5166 3692 5166 3691 5166 2293 5167 5381 5167 4518 5167 605 5168 3693 5168 3692 5168 2294 5169 5382 5169 4519 5169 606 5170 3694 5170 3693 5170 2295 5171 5383 5171 4520 5171 607 5172 3695 5172 3694 5172 2296 5173 5384 5173 4521 5173 608 5174 3696 5174 3695 5174 2297 5175 5385 5175 4522 5175 609 5176 3697 5176 3696 5176 2298 5177 5386 5177 4523 5177 610 5178 3698 5178 3697 5178 2299 5179 5387 5179 4524 5179 611 5180 3699 5180 3698 5180 2300 5181 5388 5181 4525 5181 612 5182 3700 5182 3699 5182 2301 5183 5389 5183 4526 5183 613 5184 3701 5184 3700 5184 2302 5185 5390 5185 4527 5185 614 5186 3702 5186 3701 5186 2303 5187 5391 5187 4528 5187 616 5188 3704 5188 3703 5188 2304 5189 5392 5189 4529 5189 617 5190 3705 5190 3704 5190 2305 5191 5393 5191 4530 5191 618 5192 3706 5192 3705 5192 2306 5193 5394 5193 4531 5193 619 5194 3707 5194 3706 5194 2307 5195 5395 5195 4532 5195 620 5196 3708 5196 3707 5196 2308 5197 5396 5197 4533 5197 621 5198 3709 5198 3708 5198 2309 5199 5397 5199 4534 5199 622 5200 3710 5200 3709 5200 2310 5201 5398 5201 4535 5201 624 5202 3712 5202 3711 5202 2311 5203 5399 5203 4536 5203 625 5204 3713 5204 3712 5204 2312 5205 5400 5205 4537 5205 626 5206 3714 5206 3713 5206 2313 5207 5401 5207 4538 5207 627 5208 3715 5208 3714 5208 2314 5209 5402 5209 4539 5209 628 5210 3716 5210 3715 5210 2315 5211 5403 5211 4540 5211 629 5212 3717 5212 3716 5212 2316 5213 5404 5213 4541 5213 630 5214 3718 5214 3717 5214 2317 5215 5405 5215 4542 5215 631 5216 3719 5216 3718 5216 2318 5217 5406 5217 4543 5217 632 5218 3720 5218 3719 5218 2319 5219 5407 5219 4544 5219 633 5220 3721 5220 3720 5220 2320 5221 5408 5221 4545 5221 634 5222 3722 5222 3721 5222 2321 5223 5409 5223 4546 5223 635 5224 3723 5224 3722 5224 2322 5225 5410 5225 4547 5225 636 5226 3724 5226 3723 5226 2323 5227 5411 5227 4548 5227 637 5228 3725 5228 3724 5228 2324 5229 5412 5229 4549 5229 638 5230 3726 5230 3725 5230 2325 5231 5413 5231 4550 5231 639 5232 3727 5232 3726 5232 2326 5233 5414 5233 4551 5233 640 5234 3728 5234 3727 5234 2327 5235 5415 5235 4552 5235 641 5236 3729 5236 3728 5236 2328 5237 5416 5237 4553 5237 642 5238 3730 5238 3729 5238 2329 5239 5417 5239 4554 5239 643 5240 3731 5240 3730 5240 2330 5241 5418 5241 4555 5241 644 5242 3732 5242 3731 5242 2331 5243 5419 5243 4556 5243 645 5244 3733 5244 3732 5244 2332 5245 5420 5245 4557 5245 646 5246 3734 5246 3733 5246 2333 5247 5421 5247 4558 5247 647 5248 3735 5248 3734 5248 2334 5249 5422 5249 4559 5249 648 5250 3736 5250 3735 5250 2335 5251 5423 5251 4560 5251 649 5252 3737 5252 3736 5252 2336 5253 5424 5253 4561 5253 650 5254 3738 5254 3737 5254 2337 5255 5425 5255 4562 5255 651 5256 3739 5256 3738 5256 2338 5257 5426 5257 4563 5257 652 5258 3740 5258 3739 5258 2339 5259 5427 5259 4564 5259 653 5260 3741 5260 3740 5260 2340 5261 5428 5261 4565 5261 654 5262 3742 5262 3741 5262 2341 5263 5429 5263 4566 5263 655 5264 3743 5264 3742 5264 2342 5265 5430 5265 4567 5265 656 5266 3744 5266 3743 5266 2343 5267 5431 5267 4568 5267 657 5268 3745 5268 3744 5268 2344 5269 5432 5269 4569 5269 658 5270 3746 5270 3745 5270 2345 5271 5433 5271 4570 5271 659 5272 3747 5272 3746 5272 2346 5273 5434 5273 4571 5273 660 5274 3748 5274 3747 5274 2347 5275 5435 5275 4572 5275 661 5276 3749 5276 3748 5276 2348 5277 5436 5277 4573 5277 662 5278 3750 5278 3749 5278 2349 5279 5437 5279 4574 5279 663 5280 3751 5280 3750 5280 2350 5281 5438 5281 4575 5281 664 5282 3752 5282 3751 5282 2351 5283 5439 5283 4576 5283 665 5284 3753 5284 3752 5284 2352 5285 5440 5285 4577 5285 666 5286 3754 5286 3753 5286 2353 5287 5441 5287 4578 5287 667 5288 3755 5288 3754 5288 2354 5289 5442 5289 4579 5289 668 5290 3756 5290 3755 5290 2355 5291 5443 5291 4580 5291 669 5292 3757 5292 3756 5292 2356 5293 5444 5293 4581 5293 670 5294 3758 5294 3757 5294 2357 5295 5445 5295 4582 5295 671 5296 3759 5296 3758 5296 2358 5297 5446 5297 4583 5297 672 5298 3760 5298 3759 5298 2359 5299 5447 5299 4584 5299 673 5300 3761 5300 3760 5300 2360 5301 5448 5301 4585 5301 674 5302 3762 5302 3761 5302 2361 5303 5449 5303 4586 5303 675 5304 3763 5304 3762 5304 2362 5305 5450 5305 4587 5305 676 5306 3764 5306 3763 5306 2363 5307 5451 5307 4588 5307 677 5308 3765 5308 3764 5308 2364 5309 5452 5309 4589 5309 678 5310 3766 5310 3765 5310 2365 5311 5453 5311 4590 5311 679 5312 3767 5312 3766 5312 2366 5313 5454 5313 4591 5313 680 5314 3768 5314 3767 5314 2367 5315 5455 5315 4592 5315 681 5316 3769 5316 3768 5316 2368 5317 5456 5317 4593 5317 682 5318 3770 5318 3769 5318 2369 5319 5457 5319 4594 5319 682 5320 3770 5320 3771 5320 2370 5321 5458 5321 4595 5321 684 5322 3772 5322 3771 5322 2371 5323 5459 5323 4596 5323 685 5324 3773 5324 3772 5324 2372 5325 5460 5325 4597 5325 686 5326 3774 5326 3773 5326 2373 5327 5461 5327 4598 5327 687 5328 3775 5328 3774 5328 2374 5329 5462 5329 4599 5329 688 5330 3776 5330 3775 5330 2375 5331 5463 5331 4600 5331 689 5332 3777 5332 3776 5332 2376 5333 5464 5333 4601 5333 690 5334 3778 5334 3777 5334 2377 5335 5465 5335 4602 5335 691 5336 3779 5336 3778 5336 2378 5337 5466 5337 4603 5337 692 5338 3780 5338 3779 5338 2379 5339 5467 5339 4604 5339 693 5340 3781 5340 3780 5340 2380 5341 5468 5341 4605 5341 694 5342 3782 5342 3781 5342 2381 5343 5469 5343 4606 5343 695 5344 3783 5344 3782 5344 2382 5345 5470 5345 4607 5345 696 5346 3784 5346 3783 5346 2383 5347 5471 5347 4608 5347 697 5348 3785 5348 3784 5348 2384 5349 5472 5349 4609 5349 698 5350 3786 5350 3785 5350 2385 5351 5473 5351 4610 5351 699 5352 3787 5352 3786 5352 2386 5353 5474 5353 4611 5353 700 5354 3788 5354 3787 5354 2387 5355 5475 5355 4612 5355 701 5356 3789 5356 3788 5356 2388 5357 5476 5357 4613 5357 702 5358 3790 5358 3789 5358 2389 5359 5477 5359 4614 5359 703 5360 3791 5360 3790 5360 2390 5361 5478 5361 4615 5361 704 5362 3792 5362 3791 5362 2391 5363 5479 5363 4616 5363 705 5364 3793 5364 3792 5364 2392 5365 5480 5365 4617 5365 706 5366 3794 5366 3793 5366 2393 5367 5481 5367 4618 5367 707 5368 3795 5368 3794 5368 2394 5369 5482 5369 4619 5369 708 5370 3796 5370 3795 5370 2395 5371 5483 5371 4620 5371 709 5372 3797 5372 3796 5372 2396 5373 5484 5373 4621 5373 710 5374 3798 5374 3797 5374 2397 5375 5485 5375 4622 5375 711 5376 3799 5376 3798 5376 2398 5377 5486 5377 4623 5377 712 5378 3800 5378 3799 5378 2399 5379 5487 5379 4624 5379 713 5380 3801 5380 3800 5380 2400 5381 5488 5381 4625 5381 714 5382 3802 5382 3801 5382 2401 5383 5489 5383 4626 5383 715 5384 3803 5384 3802 5384 2402 5385 5490 5385 4627 5385 716 5386 3804 5386 3803 5386 2403 5387 5491 5387 4628 5387 717 5388 3805 5388 3804 5388 2404 5389 5492 5389 4629 5389 718 5390 3806 5390 3805 5390 2405 5391 5493 5391 4630 5391 719 5392 3807 5392 3806 5392 2406 5393 5494 5393 4631 5393 720 5394 3808 5394 3807 5394 2407 5395 5495 5395 4632 5395 721 5396 3809 5396 3808 5396 2408 5397 5496 5397 4633 5397 722 5398 3810 5398 3809 5398 2409 5399 5497 5399 4634 5399 723 5400 3811 5400 3810 5400 2410 5401 5498 5401 4635 5401 724 5402 3812 5402 3811 5402 2411 5403 5499 5403 4636 5403 725 5404 3813 5404 3812 5404 2412 5405 5500 5405 4637 5405 726 5406 3814 5406 3813 5406 2413 5407 5501 5407 4638 5407 727 5408 3815 5408 3814 5408 2414 5409 5502 5409 4639 5409 728 5410 3816 5410 3815 5410 2415 5411 5503 5411 4640 5411 729 5412 3817 5412 3816 5412 2416 5413 5504 5413 4641 5413 730 5414 3818 5414 3817 5414 2417 5415 5505 5415 4642 5415 731 5416 3819 5416 3818 5416 2418 5417 5506 5417 4643 5417 732 5418 3820 5418 3819 5418 2419 5419 5507 5419 4644 5419 733 5420 3821 5420 3820 5420 2420 5421 5508 5421 4645 5421 734 5422 3822 5422 3821 5422 2421 5423 5509 5423 4646 5423 735 5424 3823 5424 3822 5424 2422 5425 5510 5425 4647 5425 736 5426 3824 5426 3823 5426 2423 5427 5511 5427 4648 5427 737 5428 3825 5428 3824 5428 2424 5429 5512 5429 4649 5429 738 5430 3826 5430 3825 5430 2425 5431 5513 5431 4650 5431 739 5432 3827 5432 3826 5432 2426 5433 5514 5433 4651 5433 740 5434 3828 5434 3827 5434 2427 5435 5515 5435 4652 5435 741 5436 3829 5436 3828 5436 2428 5437 5516 5437 4653 5437 742 5438 3830 5438 3829 5438 2429 5439 5517 5439 4654 5439 743 5440 3831 5440 3830 5440 2430 5441 5518 5441 4655 5441 744 5442 3832 5442 3831 5442 2431 5443 5519 5443 4656 5443 745 5444 3833 5444 3832 5444 2432 5445 5520 5445 4657 5445 746 5446 3834 5446 3833 5446 2433 5447 5521 5447 4658 5447 747 5448 3835 5448 3834 5448 2434 5449 5522 5449 4659 5449 748 5450 3836 5450 3835 5450 2435 5451 5523 5451 4660 5451 749 5452 3837 5452 3836 5452 2436 5453 5524 5453 4661 5453 750 5454 3838 5454 3837 5454 2437 5455 5525 5455 4662 5455 751 5456 3839 5456 3838 5456 2438 5457 5526 5457 4663 5457 752 5458 3840 5458 3839 5458 2439 5459 5527 5459 4664 5459 753 5460 3841 5460 3840 5460 2440 5461 5528 5461 4665 5461 754 5462 3842 5462 3841 5462 2441 5463 5529 5463 4666 5463 755 5464 3843 5464 3842 5464 2442 5465 5530 5465 4667 5465 756 5466 3844 5466 3843 5466 2443 5467 5531 5467 4668 5467 757 5468 3845 5468 3844 5468 2444 5469 5532 5469 4669 5469 758 5470 3846 5470 3845 5470 2445 5471 5533 5471 4670 5471 759 5472 3847 5472 3846 5472 2446 5473 5534 5473 4671 5473 760 5474 3848 5474 3847 5474 2447 5475 5535 5475 4672 5475 761 5476 3849 5476 3848 5476 2448 5477 5536 5477 4673 5477 762 5478 3850 5478 3849 5478 2449 5479 5537 5479 4674 5479 763 5480 3851 5480 3850 5480 2450 5481 5538 5481 4675 5481 764 5482 3852 5482 3851 5482 2451 5483 5539 5483 4676 5483 765 5484 3853 5484 3852 5484 2452 5485 5540 5485 4677 5485 766 5486 3854 5486 3853 5486 2453 5487 5541 5487 4678 5487 767 5488 3855 5488 3854 5488 2454 5489 5542 5489 4679 5489 768 5490 3856 5490 3855 5490 2455 5491 5543 5491 4680 5491 769 5492 3857 5492 3856 5492 2456 5493 5544 5493 4681 5493 770 5494 3858 5494 3857 5494 2457 5495 5545 5495 4682 5495 771 5496 3859 5496 3858 5496 2458 5497 5546 5497 4683 5497 772 5498 3860 5498 3859 5498 2459 5499 5547 5499 4684 5499 773 5500 3861 5500 3860 5500 2460 5501 5548 5501 4685 5501 774 5502 3862 5502 3861 5502 2461 5503 5549 5503 4686 5503 775 5504 3863 5504 3862 5504 2462 5505 5550 5505 4687 5505 776 5506 3864 5506 3863 5506 2463 5507 5551 5507 4688 5507 777 5508 3865 5508 3864 5508 2464 5509 5552 5509 4689 5509 778 5510 3866 5510 3865 5510 2465 5511 5553 5511 4690 5511 779 5512 3867 5512 3866 5512 2466 5513 5554 5513 4691 5513 780 5514 3868 5514 3867 5514 2467 5515 5555 5515 4692 5515 781 5516 3869 5516 3868 5516 2468 5517 5556 5517 4693 5517 782 5518 3870 5518 3869 5518 2469 5519 5557 5519 4694 5519 783 5520 3871 5520 3870 5520 2470 5521 5558 5521 4695 5521 784 5522 3872 5522 3871 5522 2471 5523 5559 5523 4696 5523 785 5524 3873 5524 3872 5524 2472 5525 5560 5525 4697 5525 786 5526 3874 5526 3873 5526 2473 5527 5561 5527 4698 5527 787 5528 3875 5528 3874 5528 2474 5529 5562 5529 4699 5529 788 5530 3876 5530 3875 5530 2475 5531 5563 5531 4700 5531 789 5532 3877 5532 3876 5532 2476 5533 5564 5533 4701 5533 790 5534 3878 5534 3877 5534 2477 5535 5565 5535 4702 5535 791 5536 3879 5536 3878 5536 2478 5537 5566 5537 4703 5537 792 5538 3880 5538 3879 5538 2479 5539 5567 5539 4704 5539 793 5540 3881 5540 3880 5540 2480 5541 5568 5541 4705 5541 794 5542 3882 5542 3881 5542 2481 5543 5569 5543 4706 5543 795 5544 3883 5544 3882 5544 2482 5545 5570 5545 4707 5545 796 5546 3884 5546 3883 5546 2483 5547 5571 5547 4708 5547 797 5548 3885 5548 3884 5548 2484 5549 5572 5549 4709 5549 798 5550 3886 5550 3885 5550 2485 5551 5573 5551 4710 5551 799 5552 3887 5552 3886 5552 2486 5553 5574 5553 4711 5553 800 5554 3888 5554 3887 5554 2487 5555 5575 5555 4712 5555 801 5556 3889 5556 3888 5556 2488 5557 5576 5557 4713 5557 802 5558 3890 5558 3889 5558 2489 5559 5577 5559 4714 5559 803 5560 3891 5560 3890 5560 2490 5561 5578 5561 4715 5561 804 5562 3892 5562 3891 5562 2491 5563 5579 5563 4716 5563 805 5564 3893 5564 3892 5564 2492 5565 5580 5565 4717 5565 806 5566 3894 5566 3893 5566 2493 5567 5581 5567 4718 5567 807 5568 3895 5568 3894 5568 2494 5569 5582 5569 4719 5569 808 5570 3896 5570 3895 5570 2495 5571 5583 5571 4720 5571 809 5572 3897 5572 3896 5572 2496 5573 5584 5573 4721 5573 810 5574 3898 5574 3897 5574 2497 5575 5585 5575 4722 5575 811 5576 3899 5576 3898 5576 2498 5577 5586 5577 4723 5577 812 5578 3900 5578 3899 5578 2499 5579 5587 5579 4724 5579 813 5580 3901 5580 3900 5580 2500 5581 5588 5581 4725 5581 814 5582 3902 5582 3901 5582 2501 5583 5589 5583 4726 5583 815 5584 3903 5584 3902 5584 2502 5585 5590 5585 4727 5585 816 5586 3904 5586 3903 5586 2503 5587 5591 5587 4728 5587 817 5588 3905 5588 3904 5588 2504 5589 5592 5589 4729 5589 818 5590 3906 5590 3905 5590 2505 5591 5593 5591 4730 5591 819 5592 3907 5592 3906 5592 2506 5593 5594 5593 4731 5593 820 5594 3908 5594 3907 5594 2507 5595 5595 5595 4732 5595 821 5596 3909 5596 3908 5596 2508 5597 5596 5597 4733 5597 822 5598 3910 5598 3909 5598 2509 5599 5597 5599 4734 5599 823 5600 3911 5600 3910 5600 2510 5601 5598 5601 4735 5601 824 5602 3912 5602 3911 5602 2511 5603 5599 5603 4736 5603 825 5604 3913 5604 3912 5604 2512 5605 5600 5605 4737 5605 826 5606 3914 5606 3913 5606 2513 5607 5601 5607 4738 5607 827 5608 3915 5608 3914 5608 2514 5609 5602 5609 4739 5609 828 5610 3916 5610 3915 5610 2515 5611 5603 5611 4740 5611 829 5612 3917 5612 3916 5612 2516 5613 5604 5613 4741 5613 830 5614 3918 5614 3917 5614 2517 5615 5605 5615 4742 5615 831 5616 3919 5616 3918 5616 2518 5617 5606 5617 4743 5617 832 5618 3920 5618 3919 5618 2519 5619 5607 5619 4744 5619 833 5620 3921 5620 3920 5620 2520 5621 5608 5621 4745 5621 834 5622 3922 5622 3921 5622 2521 5623 5609 5623 4746 5623 835 5624 3923 5624 3922 5624 2522 5625 5610 5625 4747 5625 836 5626 3924 5626 3923 5626 2523 5627 5611 5627 4748 5627 837 5628 3925 5628 3924 5628 2524 5629 5612 5629 4749 5629 838 5630 3926 5630 3925 5630 2525 5631 5613 5631 4750 5631 839 5632 3927 5632 3926 5632 2526 5633 5614 5633 4751 5633 840 5634 3928 5634 3927 5634 2527 5635 5615 5635 4752 5635 841 5636 3929 5636 3928 5636 2528 5637 5616 5637 4753 5637 842 5638 3930 5638 3929 5638 2529 5639 5617 5639 4754 5639 843 5640 3931 5640 3930 5640 2530 5641 5618 5641 4755 5641 844 5642 3932 5642 3931 5642 2531 5643 5619 5643 4756 5643 845 5644 3933 5644 3932 5644 2532 5645 5620 5645 4757 5645 846 5646 3934 5646 3933 5646 2533 5647 5621 5647 4758 5647 847 5648 3935 5648 3934 5648 2534 5649 5622 5649 4759 5649 848 5650 3936 5650 3935 5650 2535 5651 5623 5651 4760 5651 849 5652 3937 5652 3936 5652 2536 5653 5624 5653 4761 5653 850 5654 3938 5654 3937 5654 2537 5655 5625 5655 4762 5655 851 5656 3939 5656 3938 5656 2538 5657 5626 5657 4763 5657 852 5658 3940 5658 3939 5658 2539 5659 5627 5659 4764 5659 853 5660 3941 5660 3940 5660 2540 5661 5628 5661 4765 5661 854 5662 3942 5662 3941 5662 2541 5663 5629 5663 4766 5663 855 5664 3943 5664 3942 5664 2542 5665 5630 5665 4767 5665 856 5666 3944 5666 3943 5666 2543 5667 5631 5667 4768 5667 857 5668 3945 5668 3944 5668 2544 5669 5632 5669 4769 5669 858 5670 3946 5670 3945 5670 2545 5671 5633 5671 4770 5671 859 5672 3947 5672 3946 5672 2546 5673 5634 5673 4771 5673 860 5674 3948 5674 3947 5674 2547 5675 5635 5675 4772 5675 861 5676 3949 5676 3948 5676 2548 5677 5636 5677 4773 5677 862 5678 3950 5678 3949 5678 2549 5679 5637 5679 4774 5679 863 5680 3951 5680 3950 5680 2550 5681 5638 5681 4775 5681 864 5682 3952 5682 3951 5682 2551 5683 5639 5683 4776 5683 865 5684 3953 5684 3952 5684 2552 5685 5640 5685 4777 5685 866 5686 3954 5686 3953 5686 2553 5687 5641 5687 4778 5687 867 5688 3955 5688 3954 5688 2554 5689 5642 5689 4779 5689 868 5690 3956 5690 3955 5690 2555 5691 5643 5691 4780 5691 869 5692 3957 5692 3956 5692 2556 5693 5644 5693 4781 5693 870 5694 3958 5694 3957 5694 2557 5695 5645 5695 4782 5695 871 5696 3959 5696 3958 5696 2558 5697 5646 5697 4783 5697 872 5698 3960 5698 3959 5698 2559 5699 5647 5699 4784 5699 873 5700 3961 5700 3960 5700 2560 5701 5648 5701 4785 5701 874 5702 3962 5702 3961 5702 2561 5703 5649 5703 4786 5703 875 5704 3963 5704 3962 5704 2562 5705 5650 5705 4787 5705 876 5706 3964 5706 3963 5706 2563 5707 5651 5707 4788 5707 878 5708 3966 5708 3965 5708 2564 5709 5652 5709 4789 5709 879 5710 3967 5710 3966 5710 2565 5711 5653 5711 4790 5711 880 5712 3968 5712 3967 5712 2566 5713 5654 5713 4791 5713 881 5714 3969 5714 3968 5714 2567 5715 5655 5715 4792 5715 882 5716 3970 5716 3969 5716 2568 5717 5656 5717 4793 5717 883 5718 3971 5718 3970 5718 2569 5719 5657 5719 4794 5719 884 5720 3972 5720 3971 5720 2570 5721 5658 5721 4795 5721 886 5722 3974 5722 3973 5722 2571 5723 5659 5723 4796 5723 887 5724 3975 5724 3974 5724 2572 5725 5660 5725 4797 5725 888 5726 3976 5726 3975 5726 2573 5727 5661 5727 4798 5727 889 5728 3977 5728 3976 5728 2574 5729 5662 5729 4799 5729 890 5730 3978 5730 3977 5730 2575 5731 5663 5731 4800 5731 891 5732 3979 5732 3978 5732 2576 5733 5664 5733 4801 5733 892 5734 3980 5734 3979 5734 2577 5735 5665 5735 4802 5735 893 5736 3981 5736 3980 5736 2578 5737 5666 5737 4803 5737 894 5738 3982 5738 3981 5738 2579 5739 5667 5739 4804 5739 895 5740 3983 5740 3982 5740 2580 5741 5668 5741 4805 5741 896 5742 3984 5742 3983 5742 2581 5743 5669 5743 4806 5743 897 5744 3985 5744 3984 5744 2582 5745 5670 5745 4807 5745 898 5746 3986 5746 3985 5746 2583 5747 5671 5747 4808 5747 899 5748 3987 5748 3986 5748 2584 5749 5672 5749 4809 5749 900 5750 3988 5750 3987 5750 2585 5751 5673 5751 4810 5751 901 5752 3989 5752 3988 5752 2586 5753 5674 5753 4811 5753 902 5754 3990 5754 3989 5754 2587 5755 5675 5755 4812 5755 903 5756 3991 5756 3990 5756 2588 5757 5676 5757 4813 5757 904 5758 3992 5758 3991 5758 2589 5759 5677 5759 4814 5759 905 5760 3993 5760 3992 5760 2590 5761 5678 5761 4815 5761 906 5762 3994 5762 3993 5762 2591 5763 5679 5763 4816 5763 907 5764 3995 5764 3994 5764 2592 5765 5680 5765 4817 5765 908 5766 3996 5766 3995 5766 2593 5767 5681 5767 4818 5767 909 5768 3997 5768 3996 5768 2594 5769 5682 5769 4819 5769 910 5770 3998 5770 3997 5770 2595 5771 5683 5771 4820 5771 911 5772 3999 5772 3998 5772 2596 5773 5684 5773 4821 5773 912 5774 4000 5774 3999 5774 2597 5775 5685 5775 4822 5775 913 5776 4001 5776 4000 5776 2598 5777 5686 5777 4823 5777 914 5778 4002 5778 4001 5778 2599 5779 5687 5779 4824 5779 915 5780 4003 5780 4002 5780 2600 5781 5688 5781 4825 5781 916 5782 4004 5782 4003 5782 2601 5783 5689 5783 4826 5783 917 5784 4005 5784 4004 5784 2602 5785 5690 5785 4827 5785 918 5786 4006 5786 4005 5786 2603 5787 5691 5787 4828 5787 919 5788 4007 5788 4006 5788 2604 5789 5692 5789 4829 5789 920 5790 4008 5790 4007 5790 2605 5791 5693 5791 4830 5791 921 5792 4009 5792 4008 5792 2606 5793 5694 5793 4831 5793 922 5794 4010 5794 4009 5794 2607 5795 5695 5795 4832 5795 923 5796 4011 5796 4010 5796 2608 5797 5696 5797 4833 5797 924 5798 4012 5798 4011 5798 2609 5799 5697 5799 4834 5799 925 5800 4013 5800 4012 5800 2610 5801 5698 5801 4835 5801 926 5802 4014 5802 4013 5802 2611 5803 5699 5803 4836 5803 927 5804 4015 5804 4014 5804 2612 5805 5700 5805 4837 5805 928 5806 4016 5806 4015 5806 2613 5807 5701 5807 4838 5807 929 5808 4017 5808 4016 5808 2614 5809 5702 5809 4839 5809 930 5810 4018 5810 4017 5810 2615 5811 5703 5811 4840 5811 931 5812 4019 5812 4018 5812 2616 5813 5704 5813 4841 5813 932 5814 4020 5814 4019 5814 2617 5815 5705 5815 4842 5815 933 5816 4021 5816 4020 5816 2618 5817 5706 5817 4843 5817 934 5818 4022 5818 4021 5818 2619 5819 5707 5819 4844 5819 935 5820 4023 5820 4022 5820 2620 5821 5708 5821 4845 5821 936 5822 4024 5822 4023 5822 2621 5823 5709 5823 4846 5823 937 5824 4025 5824 4024 5824 2622 5825 5710 5825 4847 5825 938 5826 4026 5826 4025 5826 2623 5827 5711 5827 4848 5827 939 5828 4027 5828 4026 5828 2624 5829 5712 5829 4849 5829 940 5830 4028 5830 4027 5830 2625 5831 5713 5831 4850 5831 941 5832 4029 5832 4028 5832 2626 5833 5714 5833 4851 5833 942 5834 4030 5834 4029 5834 2627 5835 5715 5835 4852 5835 943 5836 4031 5836 4030 5836 2628 5837 5716 5837 4853 5837 944 5838 4032 5838 4031 5838 2629 5839 5717 5839 4854 5839 945 5840 4033 5840 4032 5840 2630 5841 5718 5841 4855 5841 946 5842 4034 5842 4033 5842 2631 5843 5719 5843 4856 5843 947 5844 4035 5844 4034 5844 2632 5845 5720 5845 4857 5845 948 5846 4036 5846 4035 5846 2633 5847 5721 5847 4858 5847 949 5848 4037 5848 4036 5848 2634 5849 5722 5849 4859 5849 950 5850 4038 5850 4037 5850 2635 5851 5723 5851 4860 5851 951 5852 4039 5852 4038 5852 2636 5853 5724 5853 4861 5853 952 5854 4040 5854 4039 5854 2637 5855 5725 5855 4862 5855 953 5856 4041 5856 4040 5856 2638 5857 5726 5857 4863 5857 954 5858 4042 5858 4041 5858 2639 5859 5727 5859 4864 5859 955 5860 4043 5860 4042 5860 2640 5861 5728 5861 4865 5861 956 5862 4044 5862 4043 5862 2641 5863 5729 5863 4866 5863 957 5864 4045 5864 4044 5864 2642 5865 5730 5865 4867 5865 958 5866 4046 5866 4045 5866 2643 5867 5731 5867 4868 5867 959 5868 4047 5868 4046 5868 2644 5869 5732 5869 4869 5869 960 5870 4048 5870 4047 5870 2645 5871 5733 5871 4870 5871 961 5872 4049 5872 4048 5872 2646 5873 5734 5873 4871 5873 962 5874 4050 5874 4049 5874 2647 5875 5735 5875 4872 5875 963 5876 4051 5876 4050 5876 2648 5877 5736 5877 4873 5877 964 5878 4052 5878 4051 5878 2649 5879 5737 5879 4874 5879 965 5880 4053 5880 4052 5880 2650 5881 5738 5881 4875 5881 966 5882 4054 5882 4053 5882 2651 5883 5739 5883 4876 5883 967 5884 4055 5884 4054 5884 2652 5885 5740 5885 4877 5885 968 5886 4056 5886 4055 5886 2653 5887 5741 5887 4878 5887 969 5888 4057 5888 4056 5888 2654 5889 5742 5889 4879 5889 970 5890 4058 5890 4057 5890 2655 5891 5743 5891 4880 5891 971 5892 4059 5892 4058 5892 2656 5893 5744 5893 4881 5893 972 5894 4060 5894 4059 5894 2657 5895 5745 5895 4882 5895 973 5896 4061 5896 4060 5896 2658 5897 5746 5897 4883 5897 974 5898 4062 5898 4061 5898 2659 5899 5747 5899 4884 5899 975 5900 4063 5900 4062 5900 2660 5901 5748 5901 4885 5901 976 5902 4064 5902 4063 5902 2661 5903 5749 5903 4886 5903 977 5904 4065 5904 4064 5904 2662 5905 5750 5905 4887 5905 978 5906 4066 5906 4065 5906 2663 5907 5751 5907 4888 5907 979 5908 4067 5908 4066 5908 2664 5909 5752 5909 4889 5909 980 5910 4068 5910 4067 5910 2665 5911 5753 5911 4890 5911 981 5912 4069 5912 4068 5912 2666 5913 5754 5913 4891 5913 982 5914 4070 5914 4069 5914 2667 5915 5755 5915 4892 5915 983 5916 4071 5916 4070 5916 2668 5917 5756 5917 4893 5917 984 5918 4072 5918 4071 5918 2669 5919 5757 5919 4894 5919 985 5920 4073 5920 4072 5920 2670 5921 5758 5921 4895 5921 986 5922 4074 5922 4073 5922 2671 5923 5759 5923 4896 5923 987 5924 4075 5924 4074 5924 2672 5925 5760 5925 4897 5925 988 5926 4076 5926 4075 5926 2673 5927 5761 5927 4898 5927 989 5928 4077 5928 4076 5928 2674 5929 5762 5929 4899 5929 990 5930 4078 5930 4077 5930 2675 5931 5763 5931 4900 5931 991 5932 4079 5932 4078 5932 2676 5933 5764 5933 4901 5933 992 5934 4080 5934 4079 5934 2677 5935 5765 5935 4902 5935 993 5936 4081 5936 4080 5936 2678 5937 5766 5937 4903 5937 994 5938 4082 5938 4081 5938 2679 5939 5767 5939 4904 5939 995 5940 4083 5940 4082 5940 2680 5941 5768 5941 4905 5941 996 5942 4084 5942 4083 5942 2681 5943 5769 5943 4906 5943 997 5944 4085 5944 4084 5944 2682 5945 5770 5945 4907 5945 998 5946 4086 5946 4085 5946 2683 5947 5771 5947 4908 5947 999 5948 4087 5948 4086 5948 2684 5949 5772 5949 4909 5949 1000 5950 4088 5950 4087 5950 2685 5951 5773 5951 4910 5951 1001 5952 4089 5952 4088 5952 2686 5953 5774 5953 4911 5953 1002 5954 4090 5954 4089 5954 2687 5955 5775 5955 4912 5955 1003 5956 4091 5956 4090 5956 2688 5957 5776 5957 4913 5957 1004 5958 4092 5958 4091 5958 2689 5959 5777 5959 4914 5959 1005 5960 4093 5960 4092 5960 2690 5961 5778 5961 4915 5961 1006 5962 4094 5962 4093 5962 2691 5963 5779 5963 4916 5963 1007 5964 4095 5964 4094 5964 2692 5965 5780 5965 4917 5965 1008 5966 4096 5966 4095 5966 2693 5967 5781 5967 4918 5967 1009 5968 4097 5968 4096 5968 2694 5969 5782 5969 4919 5969 1010 5970 4098 5970 4097 5970 2695 5971 5783 5971 4920 5971 1011 5972 4099 5972 4098 5972 2696 5973 5784 5973 4921 5973 1012 5974 4100 5974 4099 5974 2697 5975 5785 5975 4922 5975 1013 5976 4101 5976 4100 5976 2698 5977 5786 5977 4923 5977 1014 5978 4102 5978 4101 5978 2699 5979 5787 5979 4924 5979 1015 5980 4103 5980 4102 5980 2700 5981 5788 5981 4925 5981 1016 5982 4104 5982 4103 5982 2701 5983 5789 5983 4926 5983 1017 5984 4105 5984 4104 5984 2702 5985 5790 5985 4927 5985 1018 5986 4106 5986 4105 5986 2703 5987 5791 5987 4928 5987 1019 5988 4107 5988 4106 5988 2704 5989 5792 5989 4929 5989 1020 5990 4108 5990 4107 5990 2705 5991 5793 5991 4930 5991 1021 5992 4109 5992 4108 5992 2706 5993 5794 5993 4931 5993 1022 5994 4110 5994 4109 5994 2707 5995 5795 5995 4932 5995 1023 5996 4111 5996 4110 5996 2708 5997 5796 5997 4933 5997 1024 5998 4112 5998 4111 5998 2709 5999 5797 5999 4934 5999 1025 6000 4113 6000 4112 6000 2710 6001 5798 6001 4935 6001 1026 6002 4114 6002 4113 6002 2711 6003 5799 6003 4936 6003 1027 6004 4115 6004 4114 6004 2712 6005 5800 6005 4937 6005 1028 6006 4116 6006 4115 6006 2713 6007 5801 6007 4938 6007 1029 6008 4117 6008 4116 6008 2714 6009 5802 6009 4939 6009 1030 6010 4118 6010 4117 6010 2715 6011 5803 6011 4940 6011 1031 6012 4119 6012 4118 6012 2716 6013 5804 6013 4941 6013 1032 6014 4120 6014 4119 6014 2717 6015 5805 6015 4942 6015 1033 6016 4121 6016 4120 6016 2718 6017 5806 6017 4943 6017 1034 6018 4122 6018 4121 6018 2719 6019 5807 6019 4944 6019 1035 6020 4123 6020 4122 6020 2720 6021 5808 6021 4945 6021 1036 6022 4124 6022 4123 6022 2721 6023 5809 6023 4946 6023 1037 6024 4125 6024 4124 6024 2722 6025 5810 6025 4947 6025 1038 6026 4126 6026 4125 6026 2723 6027 5811 6027 4948 6027 1039 6028 4127 6028 4126 6028 2724 6029 5812 6029 4949 6029 1040 6030 4128 6030 4127 6030 2725 6031 5813 6031 4950 6031 1041 6032 4129 6032 4128 6032 2726 6033 5814 6033 4951 6033 1042 6034 4130 6034 4129 6034 2727 6035 5815 6035 4952 6035 1043 6036 4131 6036 4130 6036 2728 6037 5816 6037 4953 6037 1044 6038 4132 6038 4131 6038 2729 6039 5817 6039 4954 6039 1045 6040 4133 6040 4132 6040 2730 6041 5818 6041 4955 6041 1046 6042 4134 6042 4133 6042 2731 6043 5819 6043 4956 6043 1047 6044 4135 6044 4134 6044 2732 6045 5820 6045 4957 6045 1048 6046 4136 6046 4135 6046 2733 6047 5821 6047 4958 6047 1049 6048 4137 6048 4136 6048 2734 6049 5822 6049 4959 6049 1050 6050 4138 6050 4137 6050 2735 6051 5823 6051 4960 6051 1051 6052 4139 6052 4138 6052 2736 6053 5824 6053 4961 6053 1052 6054 4140 6054 4139 6054 2737 6055 5825 6055 4962 6055 1053 6056 4141 6056 4140 6056 2738 6057 5826 6057 4963 6057 1054 6058 4142 6058 4141 6058 2739 6059 5827 6059 4964 6059 1055 6060 4143 6060 4142 6060 2740 6061 5828 6061 4965 6061 1056 6062 4144 6062 4143 6062 2741 6063 5829 6063 4966 6063 1057 6064 4145 6064 4144 6064 2742 6065 5830 6065 4967 6065 1058 6066 4146 6066 4145 6066 2743 6067 5831 6067 4968 6067 1059 6068 4147 6068 4146 6068 2744 6069 5832 6069 4969 6069 1060 6070 4148 6070 4147 6070 2745 6071 5833 6071 4970 6071 1061 6072 4149 6072 4148 6072 2746 6073 5834 6073 4971 6073 1062 6074 4150 6074 4149 6074 2747 6075 5835 6075 4972 6075 1063 6076 4151 6076 4150 6076 2748 6077 5836 6077 4973 6077 1064 6078 4152 6078 4151 6078 2749 6079 5837 6079 4974 6079 1065 6080 4153 6080 4152 6080 2750 6081 5838 6081 4975 6081 1066 6082 4154 6082 4153 6082 2751 6083 5839 6083 4976 6083 1067 6084 4155 6084 4154 6084 2752 6085 5840 6085 4977 6085 1068 6086 4156 6086 4155 6086 2753 6087 5841 6087 4978 6087 1069 6088 4157 6088 4156 6088 2754 6089 5842 6089 4979 6089 1070 6090 4158 6090 4157 6090 2755 6091 5843 6091 4980 6091 1071 6092 4159 6092 4158 6092 2756 6093 5844 6093 4981 6093 1072 6094 4160 6094 4159 6094 2757 6095 5845 6095 4982 6095 1073 6096 4161 6096 4160 6096 2758 6097 5846 6097 4983 6097 1074 6098 4162 6098 4161 6098 2759 6099 5847 6099 4984 6099 1075 6100 4163 6100 4162 6100 2760 6101 5848 6101 4985 6101 1076 6102 4164 6102 4163 6102 2761 6103 5849 6103 4986 6103 1077 6104 4165 6104 4164 6104 2762 6105 5850 6105 4987 6105 1078 6106 4166 6106 4165 6106 2763 6107 5851 6107 4988 6107 1079 6108 4167 6108 4166 6108 2764 6109 5852 6109 4989 6109 1080 6110 4168 6110 4167 6110 2765 6111 5853 6111 4990 6111 1081 6112 4169 6112 4168 6112 2766 6113 5854 6113 4991 6113 1082 6114 4170 6114 4169 6114 2767 6115 5855 6115 4992 6115 1083 6116 4171 6116 4170 6116 2768 6117 5856 6117 4993 6117 1084 6118 4172 6118 4171 6118 2769 6119 5857 6119 4994 6119 1085 6120 4173 6120 4172 6120 2770 6121 5858 6121 4995 6121 1086 6122 4174 6122 4173 6122 2771 6123 5859 6123 4996 6123 1087 6124 4175 6124 4174 6124 2772 6125 5860 6125 4997 6125 1088 6126 4176 6126 4175 6126 2773 6127 5861 6127 4998 6127 1089 6128 4177 6128 4176 6128 2774 6129 5862 6129 4999 6129 1090 6130 4178 6130 4177 6130 2775 6131 5863 6131 5000 6131 1091 6132 4179 6132 4178 6132 2776 6133 5864 6133 5001 6133 1092 6134 4180 6134 4179 6134 2777 6135 5865 6135 5002 6135 1093 6136 4181 6136 4180 6136 2778 6137 5866 6137 5003 6137 1094 6138 4182 6138 4181 6138 2779 6139 5867 6139 5004 6139 1095 6140 4183 6140 4182 6140 2780 6141 5868 6141 5005 6141 1096 6142 4184 6142 4183 6142 2781 6143 5869 6143 5006 6143 1097 6144 4185 6144 4184 6144 2782 6145 5870 6145 5007 6145 1098 6146 4186 6146 4185 6146 2783 6147 5871 6147 5008 6147 1099 6148 4187 6148 4186 6148 2784 6149 5872 6149 5009 6149 1100 6150 4188 6150 4187 6150 2785 6151 5873 6151 5010 6151 1101 6152 4189 6152 4188 6152 2786 6153 5874 6153 5011 6153 1102 6154 4190 6154 4189 6154 2787 6155 5875 6155 5012 6155 1103 6156 4191 6156 4190 6156 2788 6157 5876 6157 5013 6157 1104 6158 4192 6158 4191 6158 2789 6159 5877 6159 5014 6159 1105 6160 4193 6160 4192 6160 2790 6161 5878 6161 5015 6161 1106 6162 4194 6162 4193 6162 2791 6163 5879 6163 5016 6163 1107 6164 4195 6164 4194 6164 2792 6165 5880 6165 5017 6165 1108 6166 4196 6166 4195 6166 2793 6167 5881 6167 5018 6167 1109 6168 4197 6168 4196 6168 2794 6169 5882 6169 5019 6169 1110 6170 4198 6170 4197 6170 2795 6171 5883 6171 5020 6171 1111 6172 4199 6172 4198 6172 2796 6173 5884 6173 5021 6173 1112 6174 4200 6174 4199 6174 2797 6175 5885 6175 5022 6175 1113 6176 4201 6176 4200 6176 2798 6177 5886 6177 5023 6177 1114 6178 4202 6178 4201 6178 2799 6179 5887 6179 5024 6179 1115 6180 4203 6180 4202 6180 2800 6181 5888 6181 5025 6181 1116 6182 4204 6182 4203 6182 2801 6183 5889 6183 5026 6183 1117 6184 4205 6184 4204 6184 2802 6185 5890 6185 5027 6185 1118 6186 4206 6186 4205 6186 2803 6187 5891 6187 5028 6187</p>
        </triangles>
      </mesh>
    </geometry>
  </library_geometries>
  <library_visual_scenes>
    <visual_scene id="Scene" name="Scene">
      <node id="Curve_017" name="Curve.017" type="NODE">
        <matrix sid="transform">1 0 0 0 0 1 0 0 0 0 1 0 0 0 0 1</matrix>
        <instance_geometry url="#Curve_017-mesh" name="Curve.017">
          <bind_material>
            <technique_common>
              <instance_material symbol="SVGMat_018-material" target="#SVGMat_018-material"/>
            </technique_common>
          </bind_material>
        </instance_geometry>
      </node>
      <node id="Curve_015" name="Curve.015" type="NODE">
        <matrix sid="transform">1 0 0 0 0 1 0 0 0 0 1 0 0 0 0 1</matrix>
        <instance_geometry url="#Curve_015-mesh" name="Curve.015">
          <bind_material>
            <technique_common>
              <instance_material symbol="SVGMat_016-material" target="#SVGMat_016-material"/>
            </technique_common>
          </bind_material>
        </instance_geometry>
      </node>
      <node id="Curve_014" name="Curve.014" type="NODE">
        <matrix sid="transform">0.9894463 0.1404748 -0.03553684 0 -0.0434825 0.05390346 -0.9975989 0.04094268 -0.138222 0.9886158 0.05944278 0 0 0 0 1</matrix>
        <instance_geometry url="#Mesh_014-mesh" name="Curve.014"/>
      </node>
      <node id="Curve_013" name="Curve.013" type="NODE">
        <matrix sid="transform">0.9894463 0.1404748 -0.03553684 0 -0.0434825 0.05390346 -0.9975989 0.04094268 -0.138222 0.9886158 0.05944278 0 0 0 0 1</matrix>
        <instance_geometry url="#Mesh_013-mesh" name="Curve.013"/>
      </node>
      <node id="Curve_012" name="Curve.012" type="NODE">
        <matrix sid="transform">0.9894463 0.1404748 -0.03553684 0 -0.0434825 0.05390346 -0.9975989 0.04094268 -0.138222 0.9886158 0.05944278 0 0 0 0 1</matrix>
        <instance_geometry url="#Mesh_012-mesh" name="Curve.012"/>
      </node>
      <node id="Curve_011" name="Curve.011" type="NODE">
        <matrix sid="transform">0.9894463 0.1404748 -0.03553684 0 -0.0434825 0.05390346 -0.9975989 0.04094268 -0.138222 0.9886158 0.05944278 0 0 0 0 1</matrix>
        <instance_geometry url="#Mesh_011-mesh" name="Curve.011"/>
      </node>
      <node id="Curve_010" name="Curve.010" type="NODE">
        <matrix sid="transform">0.9894463 0.1404748 -0.03553684 0 -0.0434825 0.05390346 -0.9975989 0.04094268 -0.138222 0.9886158 0.05944278 0 0 0 0 1</matrix>
        <instance_geometry url="#Mesh_010-mesh" name="Curve.010"/>
      </node>
      <node id="Curve_009" name="Curve.009" type="NODE">
        <matrix sid="transform">0.9894463 0.1404748 -0.03553684 0 -0.0434825 0.05390346 -0.9975989 0.04094268 -0.138222 0.9886158 0.05944278 0 0 0 0 1</matrix>
        <instance_geometry url="#Mesh_009-mesh" name="Curve.009"/>
      </node>
      <node id="Curve_008" name="Curve.008" type="NODE">
        <matrix sid="transform">0.9894463 0.1404748 -0.03553684 0 -0.0434825 0.05390346 -0.9975989 0.04094268 -0.138222 0.9886158 0.05944278 0 0 0 0 1</matrix>
        <instance_geometry url="#Mesh_008-mesh" name="Curve.008"/>
      </node>
      <node id="Curve_007" name="Curve.007" type="NODE">
        <matrix sid="transform">0.9894463 0.1404748 -0.03553684 0 -0.0434825 0.05390346 -0.9975989 0.04094268 -0.138222 0.9886158 0.05944278 0 0 0 0 1</matrix>
        <instance_geometry url="#Mesh_007-mesh" name="Curve.007"/>
      </node>
      <node id="Curve_006" name="Curve.006" type="NODE">
        <matrix sid="transform">0.9894463 0.1404748 -0.03553684 0 -0.0434825 0.05390346 -0.9975989 0.04094268 -0.138222 0.9886158 0.05944278 0 0 0 0 1</matrix>
        <instance_geometry url="#Mesh_006-mesh" name="Curve.006"/>
      </node>
      <node id="Curve_005" name="Curve.005" type="NODE">
        <matrix sid="transform">0.9894463 0.1404748 -0.03553684 0 -0.0434825 0.05390346 -0.9975989 0.04094268 -0.138222 0.9886158 0.05944278 0 0 0 0 1</matrix>
        <instance_geometry url="#Mesh_005-mesh" name="Curve.005"/>
      </node>
      <node id="Curve_004" name="Curve.004" type="NODE">
        <matrix sid="transform">0.9894463 0.1404748 -0.03553684 0 -0.0434825 0.05390346 -0.9975989 0.04094268 -0.138222 0.9886158 0.05944278 0 0 0 0 1</matrix>
        <instance_geometry url="#Mesh_004-mesh" name="Curve.004"/>
      </node>
      <node id="Curve_003" name="Curve.003" type="NODE">
        <matrix sid="transform">0.9894463 0.1404748 -0.03553684 0 -0.0434825 0.05390346 -0.9975989 0.04094268 -0.138222 0.9886158 0.05944278 0 0 0 0 1</matrix>
        <instance_geometry url="#Mesh_003-mesh" name="Curve.003"/>
      </node>
      <node id="Curve_002" name="Curve.002" type="NODE">
        <matrix sid="transform">0.9894463 0.1404748 -0.03553684 0 -0.0434825 0.05390346 -0.9975989 0.04094268 -0.138222 0.9886158 0.05944278 0 0 0 0 1</matrix>
        <instance_geometry url="#Mesh_002-mesh" name="Curve.002"/>
      </node>
      <node id="Curve_001" name="Curve.001" type="NODE">
        <matrix sid="transform">0.9894463 0.1404748 -0.03553684 0 -0.0434825 0.05390346 -0.9975989 0.04094268 -0.138222 0.9886158 0.05944278 0 0 0 0 1</matrix>
        <instance_geometry url="#Mesh_001-mesh" name="Curve.001"/>
      </node>
      <node id="Curve" name="Curve" type="NODE">
        <matrix sid="transform">0.9894463 0.1404748 -0.03553684 0 -0.0434825 0.05390346 -0.9975989 0.04094268 -0.138222 0.9886158 0.05944278 0 0 0 0 1</matrix>
        <instance_geometry url="#Mesh-mesh" name="Curve"/>
      </node>
      <node id="Camera" name="Camera" type="NODE">
        <matrix sid="transform">0.6859207 -0.3240135 0.6515582 7.358891 0.7276763 0.3054208 -0.6141704 -6.925791 0 0.8953956 0.4452714 4.958309 0 0 0 1</matrix>
        <instance_camera url="#Camera-camera"/>
      </node>
    </visual_scene>
  </library_visual_scenes>
  <scene>
    <instance_visual_scene url="#Scene"/>
  </scene>
</COLLADA>