<?xml version="1.0" encoding="utf-8"?>
<COLLADA xmlns="http://www.collada.org/2005/11/COLLADASchema" version="1.4.1" xmlns:xsi="http://www.w3.org/2001/XMLSchema-instance">
  <asset>
    <contributor>
      <author>Blender User</author>
      <authoring_tool>Blender 3.6.2 commit date:2023-08-16, commit time:16:43, hash:e53e55951e7a</authoring_tool>
    </contributor>
    <created>2023-09-11T10:41:58</created>
    <modified>2023-09-11T10:41:58</modified>
    <unit name="meter" meter="1"/>
    <up_axis>Z_UP</up_axis>
  </asset>
  <library_cameras>
    <camera id="Camera-camera" name="Camera">
      <optics>
        <technique_common>
          <perspective>
            <xfov sid="xfov">39.59775</xfov>
            <aspect_ratio>1.777778</aspect_ratio>
            <znear sid="znear">0.1</znear>
            <zfar sid="zfar">100</zfar>
          </perspective>
        </technique_common>
      </optics>
      <extra>
        <technique profile="blender">
          <shiftx sid="shiftx" type="float">0</shiftx>
          <shifty sid="shifty" type="float">0</shifty>
          <dof_distance sid="dof_distance" type="float">10</dof_distance>
        </technique>
      </extra>
    </camera>
  </library_cameras>
  <library_lights>
    <light id="Light-light" name="Light">
      <technique_common>
        <point>
          <color sid="color">1000 1000 1000</color>
          <constant_attenuation>1</constant_attenuation>
          <linear_attenuation>0</linear_attenuation>
          <quadratic_attenuation>0.00111109</quadratic_attenuation>
        </point>
      </technique_common>
      <extra>
        <technique profile="blender">
          <type sid="type" type="int">0</type>
          <flag sid="flag" type="int">0</flag>
          <mode sid="mode" type="int">1</mode>
          <gamma sid="blender_gamma" type="float">1</gamma>
          <red sid="red" type="float">1</red>
          <green sid="green" type="float">1</green>
          <blue sid="blue" type="float">1</blue>
          <shadow_r sid="blender_shadow_r" type="float">0</shadow_r>
          <shadow_g sid="blender_shadow_g" type="float">0</shadow_g>
          <shadow_b sid="blender_shadow_b" type="float">0</shadow_b>
          <energy sid="blender_energy" type="float">1000</energy>
          <dist sid="blender_dist" type="float">29.99998</dist>
          <spotsize sid="spotsize" type="float">75</spotsize>
          <spotblend sid="spotblend" type="float">0.15</spotblend>
          <att1 sid="att1" type="float">0</att1>
          <att2 sid="att2" type="float">1</att2>
          <falloff_type sid="falloff_type" type="int">2</falloff_type>
          <clipsta sid="clipsta" type="float">0.04999995</clipsta>
          <clipend sid="clipend" type="float">30.002</clipend>
          <bias sid="bias" type="float">1</bias>
          <bufsize sid="bufsize" type="int">2880</bufsize>
          <samp sid="samp" type="int">3</samp>
          <buffers sid="buffers" type="int">1</buffers>
          <radius sid="radius" type="float">0.1</radius>
          <area_shape sid="area_shape" type="int">1</area_shape>
          <area_size sid="area_size" type="float">0.1</area_size>
          <area_sizey sid="area_sizey" type="float">0.1</area_sizey>
          <area_sizez sid="area_sizez" type="float">1</area_sizez>
        </technique>
      </extra>
    </light>
  </library_lights>
  <library_effects>
    <effect id="Material_001-effect">
      <profile_COMMON>
        <technique sid="common">
          <lambert>
            <emission>
              <color sid="emission">0 0 0 1</color>
            </emission>
            <diffuse>
              <color sid="diffuse">0.8000001 0.1772499 0 1</color>
            </diffuse>
            <index_of_refraction>
              <float sid="ior">1.45</float>
            </index_of_refraction>
          </lambert>
        </technique>
      </profile_COMMON>
    </effect>
  </library_effects>
  <library_images/>
  <library_materials>
    <material id="Material_001-material" name="Material.001">
      <instance_effect url="#Material_001-effect"/>
    </material>
  </library_materials>
  <library_geometries>
    <geometry id="BezierCurve-mesh" name="BezierCurve">
      <mesh>
        <source id="BezierCurve-mesh-positions">
          <float_array id="BezierCurve-mesh-positions-array" count="7194">0.4767418 3.94366 -0.005763053 0.4702664 3.943407 -0.0055027 0.4644256 3.943178 -0.004747092 0.4597898 3.942997 -0.003570139 0.4568138 3.942881 -0.002087175 0.4557881 3.94284 -4.43314e-4 0.4557881 3.94284 4.43314e-4 0.4568138 3.942881 0.002087175 0.4597898 3.942997 0.003570139 0.4644256 3.943178 0.004747092 0.4702664 3.943407 0.0055027 0.4767418 3.94366 0.005763053 0.4832168 3.943913 0.0055027 0.4890576 3.944142 0.004747092 0.4936934 3.944323 0.003570139 0.4966693 3.94444 0.002087175 0.4976945 3.94448 4.43315e-4 0.4976945 3.94448 -4.43314e-4 0.4966693 3.94444 -0.002087175 0.4936934 3.944323 -0.003570139 0.4890576 3.944142 -0.004747092 0.4832168 3.943913 -0.0055027 0.3822551 4.25771 -0.005763053 0.3758464 4.257246 -0.0055027 0.3700647 4.256828 -0.004747092 0.3654757 4.256495 -0.003570139 0.3625298 4.256282 -0.002087175 0.3615151 4.256208 -4.43314e-4 0.3615151 4.256208 4.43314e-4 0.3625298 4.256282 0.002087175 0.3654757 4.256495 0.003570139 0.3700647 4.256828 0.004747092 0.3758464 4.257246 0.0055027 0.3822551 4.25771 0.005763053 0.3886652 4.258174 0.0055027 0.3944464 4.258593 0.004747092 0.3990355 4.258925 0.003570139 0.4019814 4.259138 0.002087175 0.4029961 4.259212 4.43315e-4 0.4029961 4.259212 -4.43313e-4 0.4019814 4.259138 -0.002087175 0.3990355 4.258925 -0.003570139 0.3944464 4.258593 -0.004747092 0.3886652 4.258174 -0.0055027 0.2559366 4.504808 -0.005763053 0.2496719 4.504072 -0.0055027 0.2440204 4.503407 -0.004747092 0.2395355 4.502879 -0.003570139 0.2366564 4.502541 -0.002087175 0.2356638 4.502424 -4.43315e-4 0.2356638 4.502424 4.43314e-4 0.2366564 4.502541 0.002087175 0.2395355 4.502879 0.003570139 0.2440204 4.503407 0.004747092 0.2496719 4.504072 0.0055027 0.2559366 4.504808 0.005763053 0.2622008 4.505545 0.0055027 0.2678523 4.50621 0.004747092 0.272337 4.506738 0.003570139 0.2752166 4.507076 0.002087175 0.2762084 4.507193 4.43315e-4 0.2762084 4.507193 -4.43313e-4 0.2752166 4.507076 -0.002087175 0.272337 4.506738 -0.003570139 0.2678523 4.50621 -0.004747092 0.2622008 4.505545 -0.0055027 0.1035258 4.692851 -0.005763053 0.09756255 4.691755 -0.0055027 0.09218263 4.690767 -0.004747092 0.08791327 4.689981 -0.003570139 0.08517193 4.689479 -0.002087175 0.08422756 4.689305 -4.43315e-4 0.08422756 4.689305 4.43314e-4 0.08517193 4.689479 0.002087175 0.08791327 4.689981 0.003570139 0.09218263 4.690767 0.004747092 0.09756255 4.691755 0.0055027 0.1035258 4.692851 0.005763053 0.1094896 4.693947 0.0055027 0.1148688 4.694935 0.004747092 0.1191389 4.69572 0.003570139 0.1218795 4.696223 0.002087175 0.1228246 4.696397 4.43315e-4 0.1228246 4.696397 -4.43313e-4 0.1218795 4.696223 -0.002087175 0.1191389 4.69572 -0.003570139 0.1148688 4.694935 -0.004747092 0.1094896 4.693947 -0.0055027 -0.06923294 4.829734 -0.005763053 -0.07461404 4.828191 -0.0055027 -0.07946801 4.826798 -0.004747092 -0.08332061 4.825694 -0.003570139 -0.08579397 4.824985 -0.002087175 -0.08664631 4.82474 -4.43314e-4 -0.08664631 4.82474 4.43314e-4 -0.08579397 4.824985 0.002087175 -0.08332061 4.825694 0.003570139 -0.07946801 4.826798 0.004747092 -0.07461404 4.828191 0.0055027 -0.06923294 4.829734 0.005763053 -0.06385135 4.831277 0.0055027 -0.05899715 4.832669 0.004747092 -0.05514478 4.833774 0.003570139 -0.05267143 4.834483 0.002087175 -0.05181908 4.834727 4.43315e-4 -0.05181908 4.834727 -4.43313e-4 -0.05267143 4.834483 -0.002087175 -0.05514478 4.833774 -0.003570139 -0.05899715 4.832669 -0.004747092 -0.06385135 4.831277 -0.0055027 -0.2565975 4.923353 -0.005763053 -0.2609842 4.921324 -0.0055027 -0.2649417 4.919494 -0.004747092 -0.2680826 4.918041 -0.003570139 -0.2700992 4.917109 -0.002087175 -0.2707939 4.916787 -4.43315e-4 -0.2707939 4.916787 4.43314e-4 -0.2700992 4.917109 0.002087175 -0.2680826 4.918041 0.003570139 -0.2649417 4.919494 0.004747092 -0.2609842 4.921324 0.0055027 -0.2565975 4.923353 0.005763053 -0.2522109 4.925382 0.0055027 -0.2482533 4.927212 0.004747092 -0.2451124 4.928664 0.003570139 -0.2430953 4.929597 0.002087175 -0.2424011 4.929918 4.43315e-4 -0.2424011 4.929918 -4.43313e-4 -0.2430953 4.929597 -0.002087175 -0.2451124 4.928664 -0.003570139 -0.2482533 4.927212 -0.004747092 -0.2522109 4.925382 -0.0055027 -0.4528263 4.981605 -0.005763053 -0.4558363 4.979168 -0.0055027 -0.4585519 4.976971 -0.004747092 -0.4607065 4.975226 -0.003570139 -0.4620905 4.974107 -0.002087175 -0.4625666 4.973721 -4.43314e-4 -0.4625666 4.973721 4.43314e-4 -0.4620905 4.974107 0.002087175 -0.4607065 4.975226 0.003570139 -0.4585519 4.976971 0.004747092 -0.4558363 4.979168 0.0055027 -0.4528263 4.981605 0.005763053 -0.4498162 4.984041 0.0055027 -0.4471006 4.986238 0.004747092 -0.4449458 4.987983 0.003570139 -0.4435618 4.989103 0.002087175 -0.4430852 4.989489 4.43315e-4 -0.4430852 4.989489 -4.43313e-4 -0.4435618 4.989103 -0.002087175 -0.4449458 4.987983 -0.003570139 -0.4471006 4.986238 -0.004747092 -0.4498162 4.984041 -0.0055027 -0.6521762 5.012385 -0.005763053 -0.6537349 5.009717 -0.0055027 -0.6551418 5.00731 -0.004747092 -0.6562576 5.0054 -0.003570139 -0.6569736 5.004173 -0.002087175 -0.6572206 5.00375 -4.43315e-4 -0.6572206 5.00375 4.43313e-4 -0.6569736 5.004173 0.002087175 -0.6562576 5.0054 0.003570139 -0.6551418 5.00731 0.004747092 -0.6537349 5.009717 0.0055027 -0.6521762 5.012385 0.005763053 -0.6506167 5.015054 0.0055027 -0.6492105 5.017461 0.004747092 -0.6480947 5.019371 0.003570139 -0.6473782 5.020597 0.002087175 -0.6471312 5.02102 4.43315e-4 -0.6471312 5.02102 -4.43313e-4 -0.6473782 5.020597 -0.002087175 -0.6480947 5.019371 -0.003570139 -0.6492105 5.017461 -0.004747092 -0.6506167 5.015054 -0.0055027 -0.8489051 5.023591 -0.005763053 -0.8493207 5.020848 -0.0055027 -0.8496962 5.018374 -0.004747092 -0.849994 5.01641 -0.003570139 -0.8501854 5.01515 -0.002087175 -0.8502507 5.014715 -4.43315e-4 -0.8502507 5.014715 4.43313e-4 -0.8501854 5.01515 0.002087175 -0.849994 5.01641 0.003570139 -0.8496962 5.018374 0.004747092 -0.8493207 5.020848 0.0055027 -0.8489051 5.023591 0.005763053 -0.8484895 5.026334 0.0055027 -0.848114 5.028808 0.004747092 -0.8478162 5.030772 0.003570139 -0.8476255 5.032032 0.002087175 -0.8475595 5.032467 4.43315e-4 -0.8475595 5.032467 -4.43313e-4 -0.8476255 5.032032 -0.002087175 -0.8478162 5.030772 -0.003570139 -0.848114 5.028808 -0.004747092 -0.8484895 5.026334 -0.0055027 -1.037271 5.023118 -0.005763053 -1.037065 5.02037 -0.0055027 -1.036878 5.017892 -0.004747092 -1.036729 5.015926 -0.003570139 -1.036634 5.014663 -0.002087175 -1.036601 5.014228 -4.43315e-4 -1.036601 5.014228 4.43314e-4 -1.036634 5.014663 0.002087175 -1.036729 5.015926 0.003570139 -1.036878 5.017892 0.004747092 -1.037065 5.02037 0.0055027 -1.037271 5.023118 0.005763053 -1.037478 5.025865 0.0055027 -1.037665 5.028343 0.004747092 -1.037813 5.03031 0.003570139 -1.037908 5.031572 0.002087175 -1.037941 5.032008 4.43315e-4 -1.037941 5.032008 -4.43313e-4 -1.037908 5.031572 -0.002087175 -1.037813 5.03031 -0.003570139 -1.037665 5.028343 -0.004747092 -1.037478 5.025865 -0.0055027 -1.211532 5.018862 -0.005763053 -1.211337 5.016115 -0.0055027 -1.211161 5.013636 -0.004747092 -1.211022 5.011669 -0.003570139 -1.210932 5.010406 -0.002087175 -1.210901 5.009971 -4.43315e-4 -1.210901 5.009971 4.43314e-4 -1.210932 5.010406 0.002087175 -1.211022 5.011669 0.003570139 -1.211161 5.013636 0.004747092 -1.211337 5.016115 0.0055027 -1.211532 5.018862 0.005763053 -1.211726 5.021608 0.0055027 -1.211902 5.024087 0.004747092 -1.212042 5.026054 0.003570139 -1.212131 5.027317 0.002087175 -1.212162 5.027752 4.43315e-4 -1.212162 5.027752 -4.43313e-4 -1.212131 5.027317 -0.002087175 -1.212042 5.026054 -0.003570139 -1.211902 5.024087 -0.004747092 -1.211726 5.021608 -0.0055027 -1.365944 5.018719 -0.005763053 -1.366634 5.015986 -0.0055027 -1.367255 5.01352 -0.004747092 -1.367749 5.011564 -0.003570139 -1.368066 5.010307 -0.002087175 -1.368175 5.009875 -4.43314e-4 -1.368175 5.009875 4.43314e-4 -1.368066 5.010307 0.002087175 -1.367749 5.011564 0.003570139 -1.367255 5.01352 0.004747092 -1.366634 5.015986 0.0055027 -1.365944 5.018719 0.005763053 -1.365255 5.021452 0.0055027 -1.364633 5.023918 0.004747092 -1.36414 5.025874 0.003570139 -1.363823 5.027131 0.002087175 -1.363713 5.027564 4.43314e-4 -1.363713 5.027564 -4.43314e-4 -1.363823 5.027131 -0.002087175 -1.36414 5.025874 -0.003570139 -1.364633 5.023918 -0.004747092 -1.365255 5.021452 -0.0055027 -1.494766 5.030586 -0.005763053 -1.496649 5.027956 -0.0055027 -1.498346 5.025582 -0.004747092 -1.499694 5.023699 -0.003570139 -1.500559 5.02249 -0.002087175 -1.500857 5.022073 -4.43314e-4 -1.500857 5.022073 4.43314e-4 -1.500559 5.02249 0.002087175 -1.499694 5.023699 0.003570139 -1.498346 5.025582 0.004747092 -1.496649 5.027956 0.0055027 -1.494766 5.030586 0.005763053 -1.492884 5.033217 0.0055027 -1.491187 5.035591 0.004747092 -1.489839 5.037474 0.003570139 -1.488974 5.038683 0.002087175 -1.488676 5.039101 4.43315e-4 -1.488676 5.039101 -4.43314e-4 -1.488974 5.038683 -0.002087175 -1.489839 5.037474 -0.003570139 -1.491187 5.035591 -0.004747092 -1.492884 5.033217 -0.0055027 -2.192056 5.145803 -0.005763053 -2.194197 5.143207 -0.0055027 -2.196128 5.140866 -0.004747092 -2.19766 5.139008 -0.003570139 -2.198644 5.137815 -0.002087175 -2.198983 5.137404 -4.43314e-4 -2.198983 5.137404 4.43314e-4 -2.198644 5.137815 0.002087175 -2.19766 5.139008 0.003570139 -2.196128 5.140866 0.004747092 -2.194197 5.143207 0.0055027 -2.192056 5.145803 0.005763053 -2.189915 5.148398 0.0055027 -2.187984 5.150739 0.004747092 -2.186452 5.152597 0.003570139 -2.185468 5.15379 0.002087175 -2.185129 5.154201 4.43315e-4 -2.185129 5.154201 -4.43314e-4 -2.185468 5.15379 -0.002087175 -2.186452 5.152597 -0.003570139 -2.187984 5.150739 -0.004747092 -2.189915 5.148398 -0.0055027 -2.760902 5.219717 -0.005763053 -2.762489 5.217052 -0.0055027 -2.76392 5.214647 -0.004747092 -2.765055 5.212739 -0.003570139 -2.765784 5.211513 -0.002087175 -2.766036 5.211091 -4.43314e-4 -2.766036 5.211091 4.43314e-4 -2.765784 5.211513 0.002087175 -2.765055 5.212739 0.003570139 -2.76392 5.214647 0.004747092 -2.762489 5.217052 0.0055027 -2.760902 5.219717 0.005763053 -2.759316 5.222383 0.0055027 -2.757885 5.224787 0.004747092 -2.756749 5.226696 0.003570139 -2.75602 5.227921 0.002087175 -2.755769 5.228343 4.43314e-4 -2.755769 5.228343 -4.43314e-4 -2.75602 5.227921 -0.002087175 -2.756749 5.226696 -0.003570139 -2.757885 5.224787 -0.004747092 -2.759316 5.222383 -0.0055027 -3.213753 5.257448 -0.005763053 -3.21453 5.25472 -0.0055027 -3.215232 5.252258 -0.004747092 -3.215788 5.250304 -0.003570139 -3.216146 5.24905 -0.002087175 -3.216269 5.248618 -4.43314e-4 -3.216269 5.248618 4.43314e-4 -3.216146 5.24905 0.002087175 -3.215788 5.250304 0.003570139 -3.215232 5.252258 0.004747092 -3.21453 5.25472 0.0055027 -3.213753 5.257448 0.005763053 -3.212975 5.260177 0.0055027 -3.212274 5.262639 0.004747092 -3.211717 5.264592 0.003570139 -3.211359 5.265846 0.002087175 -3.211236 5.266279 4.43314e-4 -3.211236 5.266279 -4.43313e-4 -3.211359 5.265846 -0.002087175 -3.211717 5.264592 -0.003570139 -3.212274 5.262639 -0.004747092 -3.212975 5.260177 -0.0055027 -3.563055 5.264113 -0.005763053 -3.562633 5.261371 -0.0055027 -3.562253 5.258897 -0.004747092 -3.561951 5.256933 -0.003570139 -3.561758 5.255672 -0.002087175 -3.561691 5.255238 -4.43314e-4 -3.561691 5.255238 4.43314e-4 -3.561758 5.255672 0.002087175 -3.561951 5.256933 0.003570139 -3.562253 5.258897 0.004747092 -3.562633 5.261371 0.0055027 -3.563055 5.264113 0.005763053 -3.563477 5.266856 0.0055027 -3.563857 5.26933 0.004747092 -3.564159 5.271294 0.003570139 -3.564353 5.272555 0.002087175 -3.56442 5.272989 4.43315e-4 -3.56442 5.272989 -4.43314e-4 -3.564353 5.272555 -0.002087175 -3.564159 5.271294 -0.003570139 -3.563857 5.26933 -0.004747092 -3.563477 5.266856 -0.0055027 -3.821257 5.244831 -0.005763053 -3.819147 5.24223 -0.0055027 -3.817242 5.239885 -0.004747092 -3.815732 5.238024 -0.003570139 -3.814761 5.236829 -0.002087175 -3.814427 5.236418 -4.43314e-4 -3.814427 5.236418 4.43314e-4 -3.814761 5.236829 0.002087175 -3.815732 5.238024 0.003570139 -3.817242 5.239885 0.004747092 -3.819147 5.24223 0.0055027 -3.821257 5.244831 0.005763053 -3.823368 5.247431 0.0055027 -3.825272 5.249775 0.004747092 -3.826783 5.251636 0.003570139 -3.827753 5.252831 0.002087175 -3.828087 5.253243 4.43314e-4 -3.828087 5.253243 -4.43314e-4 -3.827753 5.252831 -0.002087175 -3.826783 5.251636 -0.003570139 -3.825272 5.249775 -0.004747092 -3.823368 5.247431 -0.0055027 -4.000806 5.204718 -0.005763053 -3.996748 5.202569 -0.0055027 -3.993088 5.200632 -0.004747092 -3.990182 5.199094 -0.003570139 -3.988317 5.198108 -0.002087175 -3.987674 5.197768 -4.43314e-4 -3.987674 5.197768 4.43314e-4 -3.988317 5.198108 0.002087175 -3.990182 5.199094 0.003570139 -3.993088 5.200632 0.004747092 -3.996748 5.202569 0.0055027 -4.000806 5.204718 0.005763053 -4.004864 5.206865 0.0055027 -4.008524 5.208802 0.004747092 -4.01143 5.21034 0.003570139 -4.013295 5.211327 0.002087175 -4.013937 5.211667 4.43315e-4 -4.013937 5.211667 -4.43314e-4 -4.013295 5.211327 -0.002087175 -4.01143 5.21034 -0.003570139 -4.008524 5.208802 -0.004747092 -4.004864 5.206865 -0.0055027 -4.114149 5.148891 -0.005763053 -4.108558 5.147488 -0.0055027 -4.103514 5.146222 -0.004747092 -4.099511 5.145218 -0.003570139 -4.096941 5.144573 -0.002087175 -4.096055 5.144351 -4.43314e-4 -4.096055 5.144351 4.43314e-4 -4.096941 5.144573 0.002087175 -4.099511 5.145218 0.003570139 -4.103514 5.146222 0.004747092 -4.108558 5.147488 0.0055027 -4.114149 5.148891 0.005763053 -4.11974 5.150294 0.0055027 -4.124784 5.151561 0.004747092 -4.128787 5.152565 0.003570139 -4.131357 5.15321 0.002087175 -4.132243 5.153432 4.43315e-4 -4.132243 5.153432 -4.43314e-4 -4.131357 5.15321 -0.002087175 -4.128787 5.152565 -0.003570139 -4.124784 5.151561 -0.004747092 -4.11974 5.150294 -0.0055027 -4.173734 5.082471 -0.005763053 -4.16741 5.081832 -0.0055027 -4.161705 5.081255 -0.004747092 -4.157177 5.080798 -0.003570139 -4.15427 5.080504 -0.002087175 -4.153269 5.080402 -4.43314e-4 -4.153269 5.080402 4.43314e-4 -4.15427 5.080504 0.002087175 -4.157177 5.080798 0.003570139 -4.161705 5.081255 0.004747092 -4.16741 5.081832 0.0055027 -4.173734 5.082471 0.005763053 -4.180058 5.08311 0.0055027 -4.185763 5.083687 0.004747092 -4.190291 5.084145 0.003570139 -4.193198 5.084438 0.002087175 -4.1942 5.084539 4.43315e-4 -4.1942 5.084539 -4.43314e-4 -4.193198 5.084438 -0.002087175 -4.190291 5.084145 -0.003570139 -4.185763 5.083687 -0.004747092 -4.180058 5.08311 -0.0055027 -4.192009 5.010574 -0.005763053 -4.185508 5.010512 -0.0055027 -4.179643 5.010457 -0.004747092 -4.174989 5.010412 -0.003570139 -4.172001 5.010383 -0.002087175 -4.170971 5.010373 -4.43314e-4 -4.170971 5.010373 4.43314e-4 -4.172001 5.010383 0.002087175 -4.174989 5.010412 0.003570139 -4.179643 5.010457 0.004747092 -4.185508 5.010512 0.0055027 -4.192009 5.010574 0.005763053 -4.19851 5.010636 0.0055027 -4.204374 5.010693 0.004747092 -4.209028 5.010737 0.003570139 -4.212017 5.010766 0.002087175 -4.213047 5.010775 4.43315e-4 -4.213047 5.010775 -4.43314e-4 -4.212017 5.010766 -0.002087175 -4.209028 5.010737 -0.003570139 -4.204374 5.010693 -0.004747092 -4.19851 5.010636 -0.0055027 -4.18142 4.938318 -0.005763053 -4.17496 4.938633 -0.0055027 -4.169133 4.938917 -0.004747092 -4.164508 4.939142 -0.003570139 -4.161539 4.939286 -0.002087175 -4.160516 4.939337 -4.43314e-4 -4.160516 4.939337 4.43314e-4 -4.161539 4.939286 0.002087175 -4.164508 4.939142 0.003570139 -4.169133 4.938917 0.004747092 -4.17496 4.938633 0.0055027 -4.18142 4.938318 0.005763053 -4.18788 4.938004 0.0055027 -4.193707 4.93772 0.004747092 -4.198332 4.937495 0.003570139 -4.201302 4.93735 0.002087175 -4.202324 4.9373 4.43315e-4 -4.202324 4.9373 -4.43314e-4 -4.201302 4.93735 -0.002087175 -4.198332 4.937495 -0.003570139 -4.193707 4.93772 -0.004747092 -4.18788 4.938004 -0.0055027 -4.154416 4.870821 -0.005763053 -4.148038 4.871355 -0.0055027 -4.142283 4.871837 -0.004747092 -4.137716 4.872219 -0.003570139 -4.134784 4.872464 -0.002087175 -4.133774 4.872549 -4.43314e-4 -4.133774 4.872549 4.43314e-4 -4.134784 4.872464 0.002087175 -4.137716 4.872219 0.003570139 -4.142283 4.871837 0.004747092 -4.148038 4.871355 0.0055027 -4.154416 4.870821 0.005763053 -4.160795 4.870288 0.0055027 -4.166549 4.869806 0.004747092 -4.171116 4.869424 0.003570139 -4.174048 4.869178 0.002087175 -4.175058 4.869093 4.43315e-4 -4.175058 4.869093 -4.43314e-4 -4.174048 4.869178 -0.002087175 -4.171116 4.869424 -0.003570139 -4.166549 4.869806 -0.004747092 -4.160795 4.870288 -0.0055027 -4.123444 4.813201 -0.005763053 -4.116968 4.81345 -0.0055027 -4.111126 4.813675 -0.004747092 -4.10649 4.813853 -0.003570139 -4.103514 4.813968 -0.002087175 -4.102488 4.814007 -4.43314e-4 -4.102488 4.814007 4.43314e-4 -4.103514 4.813968 0.002087175 -4.10649 4.813853 0.003570139 -4.111126 4.813675 0.004747092 -4.116968 4.81345 0.0055027 -4.123444 4.813201 0.005763053 -4.12992 4.812952 0.0055027 -4.135762 4.812727 0.004747092 -4.140398 4.812549 0.003570139 -4.143375 4.812434 0.002087175 -4.144401 4.812395 4.43315e-4 -4.144401 4.812395 -4.43314e-4 -4.143375 4.812434 -0.002087175 -4.140398 4.812549 -0.003570139 -4.135762 4.812727 -0.004747092 -4.12992 4.812952 -0.0055027 -4.128705 4.760122 -0.005763053 -4.122401 4.759449 -0.0055027 -4.116714 4.758842 -0.004747092 -4.1122 4.75836 -0.003570139 -4.109302 4.758051 -0.002087175 -4.108303 4.757944 -4.43314e-4 -4.108303 4.757944 4.43314e-4 -4.109302 4.758051 0.002087175 -4.1122 4.75836 0.003570139 -4.116714 4.758842 0.004747092 -4.122401 4.759449 0.0055027 -4.128705 4.760122 0.005763053 -4.13501 4.760796 0.0055027 -4.140697 4.761402 0.004747092 -4.145211 4.761884 0.003570139 -4.148109 4.762194 0.002087175 -4.149107 4.7623 4.43315e-4 -4.149107 4.7623 -4.43314e-4 -4.148109 4.762194 -0.002087175 -4.145211 4.761884 -0.003570139 -4.140697 4.761402 -0.004747092 -4.13501 4.760796 -0.0055027 -4.194087 4.703333 -0.005763053 -4.188593 4.701862 -0.0055027 -4.183638 4.700536 -0.004747092 -4.179705 4.699482 -0.003570139 -4.17718 4.698806 -0.002087175 -4.17631 4.698574 -4.43314e-4 -4.17631 4.698574 4.43314e-4 -4.17718 4.698806 0.002087175 -4.179705 4.699482 0.003570139 -4.183638 4.700536 0.004747092 -4.188593 4.701862 0.0055027 -4.194087 4.703333 0.005763053 -4.19958 4.704803 0.0055027 -4.204536 4.70613 0.004747092 -4.208468 4.707183 0.003570139 -4.210993 4.707859 0.002087175 -4.211863 4.708092 4.43315e-4 -4.211863 4.708092 -4.43314e-4 -4.210993 4.707859 -0.002087175 -4.208468 4.707183 -0.003570139 -4.204536 4.70613 -0.004747092 -4.19958 4.704803 -0.0055027 -4.307564 4.643575 -0.005763053 -4.302743 4.64173 -0.0055027 -4.298394 4.640066 -0.004747092 -4.294943 4.638746 -0.003570139 -4.292728 4.637898 -0.002087175 -4.291964 4.637606 -4.43314e-4 -4.291964 4.637606 4.43314e-4 -4.292728 4.637898 0.002087175 -4.294943 4.638746 0.003570139 -4.298394 4.640066 0.004747092 -4.302743 4.64173 0.0055027 -4.307564 4.643575 0.005763053 -4.312384 4.64542 0.0055027 -4.316732 4.647084 0.004747092 -4.320184 4.648404 0.003570139 -4.3224 4.649252 0.002087175 -4.323163 4.649545 4.43314e-4 -4.323163 4.649545 -4.43314e-4 -4.3224 4.649252 -0.002087175 -4.320184 4.648404 -0.003570139 -4.316732 4.647084 -0.004747092 -4.312384 4.64542 -0.0055027 -4.457112 4.581591 -0.005763053 -4.452707 4.57957 -0.0055027 -4.448732 4.577745 -0.004747092 -4.445579 4.576298 -0.003570139 -4.443553 4.575369 -0.002087175 -4.442856 4.575049 -4.43314e-4 -4.442856 4.575049 4.43314e-4 -4.443553 4.575369 0.002087175 -4.445579 4.576298 0.003570139 -4.448732 4.577745 0.004747092 -4.452707 4.57957 0.0055027 -4.457112 4.581591 0.005763053 -4.461518 4.583612 0.0055027 -4.465492 4.585436 0.004747092 -4.468646 4.586883 0.003570139 -4.470671 4.587812 0.002087175 -4.471369 4.588133 4.43314e-4 -4.471369 4.588133 -4.43314e-4 -4.470671 4.587812 -0.002087175 -4.468646 4.586883 -0.003570139 -4.465492 4.585436 -0.004747092 -4.461518 4.583612 -0.0055027 -4.630709 4.518122 -0.005763053 -4.626523 4.516019 -0.0055027 -4.622745 4.514122 -0.004747092 -4.619748 4.512616 -0.003570139 -4.617824 4.51165 -0.002087175 -4.617161 4.511316 -4.43314e-4 -4.617161 4.511316 4.43314e-4 -4.617824 4.51165 0.002087175 -4.619748 4.512616 0.003570139 -4.622745 4.514122 0.004747092 -4.626523 4.516019 0.0055027 -4.630709 4.518122 0.005763053 -4.634895 4.520226 0.0055027 -4.638672 4.522122 0.004747092 -4.64167 4.523628 0.003570139 -4.643594 4.524595 0.002087175 -4.644257 4.524928 4.43314e-4 -4.644257 4.524928 -4.43314e-4 -4.643594 4.524595 -0.002087175 -4.64167 4.523628 -0.003570139 -4.638672 4.522122 -0.004747092 -4.634895 4.520226 -0.0055027 -4.816329 4.453912 -0.005763053 -4.812212 4.451784 -0.0055027 -4.808496 4.449866 -0.004747092 -4.805548 4.448343 -0.003570139 -4.803655 4.447365 -0.002087175 -4.803002 4.447029 -4.43314e-4 -4.803002 4.447029 4.43314e-4 -4.803655 4.447365 0.002087175 -4.805548 4.448343 0.003570139 -4.808496 4.449866 0.004747092 -4.812212 4.451784 0.0055027 -4.816329 4.453912 0.005763053 -4.820448 4.456038 0.0055027 -4.824163 4.457957 0.004747092 -4.827112 4.45948 0.003570139 -4.829005 4.460458 0.002087175 -4.829657 4.460794 4.43315e-4 -4.829657 4.460794 -4.43314e-4 -4.829005 4.460458 -0.002087175 -4.827112 4.45948 -0.003570139 -4.824163 4.457957 -0.004747092 -4.820448 4.456038 -0.0055027 -5.00195 4.389701 -0.005763053 -4.997764 4.387598 -0.0055027 -4.993987 4.385701 -0.004747092 -4.99099 4.384195 -0.003570139 -4.989066 4.383228 -0.002087175 -4.988402 4.382895 -4.43314e-4 -4.988402 4.382895 4.43314e-4 -4.989066 4.383228 0.002087175 -4.99099 4.384195 0.003570139 -4.993987 4.385701 0.004747092 -4.997764 4.387598 0.0055027 -5.00195 4.389701 0.005763053 -5.006137 4.391804 0.0055027 -5.009913 4.393701 0.004747092 -5.012911 4.395206 0.003570139 -5.014835 4.396173 0.002087175 -5.015499 4.396506 4.43315e-4 -5.015499 4.396506 -4.43314e-4 -5.014835 4.396173 -0.002087175 -5.012911 4.395206 -0.003570139 -5.009913 4.393701 -0.004747092 -5.006137 4.391804 -0.0055027 -5.175547 4.326232 -0.005763053 -5.171142 4.324211 -0.0055027 -5.167167 4.322387 -0.004747092 -5.164014 4.32094 -0.003570139 -5.161988 4.32001 -0.002087175 -5.16129 4.31969 -4.43314e-4 -5.16129 4.31969 4.43314e-4 -5.161988 4.32001 0.002087175 -5.164014 4.32094 0.003570139 -5.167167 4.322387 0.004747092 -5.171142 4.324211 0.0055027 -5.175547 4.326232 0.005763053 -5.179953 4.328254 0.0055027 -5.183927 4.330078 0.004747092 -5.18708 4.331525 0.003570139 -5.189106 4.332454 0.002087175 -5.189804 4.332774 4.43314e-4 -5.189804 4.332774 -4.43314e-4 -5.189106 4.332454 -0.002087175 -5.18708 4.331525 -0.003570139 -5.183927 4.330078 -0.004747092 -5.179953 4.328254 -0.0055027 -5.325096 4.264248 -0.005763053 -5.320275 4.262403 -0.0055027 -5.315927 4.260739 -0.004747092 -5.312476 4.259418 -0.003570139 -5.31026 4.258571 -0.002087175 -5.309497 4.258279 -4.43314e-4 -5.309497 4.258279 4.43314e-4 -5.31026 4.258571 0.002087175 -5.312476 4.259418 0.003570139 -5.315927 4.260739 0.004747092 -5.320275 4.262403 0.0055027 -5.325096 4.264248 0.005763053 -5.329916 4.266093 0.0055027 -5.334265 4.267757 0.004747092 -5.337716 4.269077 0.003570139 -5.339932 4.269925 0.002087175 -5.340695 4.270217 4.43314e-4 -5.340695 4.270217 -4.43314e-4 -5.339932 4.269925 -0.002087175 -5.337716 4.269077 -0.003570139 -5.334265 4.267757 -0.004747092 -5.329916 4.266093 -0.0055027 -5.438572 4.20449 -0.005763053 -5.433079 4.20302 -0.0055027 -5.428123 4.201693 -0.004747092 -5.42419 4.20064 -0.003570139 -5.421666 4.199964 -0.002087175 -5.420795 4.199731 -4.43314e-4 -5.420795 4.199731 4.43314e-4 -5.421666 4.199964 0.002087175 -5.42419 4.20064 0.003570139 -5.428123 4.201693 0.004747092 -5.433079 4.20302 0.0055027 -5.438572 4.20449 0.005763053 -5.444066 4.205961 0.0055027 -5.449021 4.207288 0.004747092 -5.452954 4.208341 0.003570139 -5.455479 4.209017 0.002087175 -5.456349 4.209249 4.43315e-4 -5.456349 4.209249 -4.43314e-4 -5.455479 4.209017 -0.002087175 -5.452954 4.208341 -0.003570139 -5.449021 4.207288 -0.004747092 -5.444066 4.205961 -0.0055027 -5.503953 4.147701 -0.005763053 -5.497649 4.147028 -0.0055027 -5.491962 4.14642 -0.004747092 -5.487448 4.145939 -0.003570139 -5.484549 4.145629 -0.002087175 -5.483551 4.145523 -4.43314e-4 -5.483551 4.145523 4.43314e-4 -5.484549 4.145629 0.002087175 -5.487448 4.145939 0.003570139 -5.491962 4.14642 0.004747092 -5.497649 4.147028 0.0055027 -5.503953 4.147701 0.005763053 -5.510258 4.148374 0.0055027 -5.515945 4.148981 0.004747092 -5.520459 4.149463 0.003570139 -5.523357 4.149772 0.002087175 -5.524355 4.149879 4.43314e-4 -5.524355 4.149879 -4.43314e-4 -5.523357 4.149772 -0.002087175 -5.520459 4.149463 -0.003570139 -5.515945 4.148981 -0.004747092 -5.510258 4.148374 -0.0055027 -5.509214 4.094622 -0.005763053 -5.502712 4.094636 -0.0055027 -5.496846 4.09465 -0.004747092 -5.492191 4.09466 -0.003570139 -5.489202 4.094666 -0.002087175 -5.488172 4.094669 -4.43314e-4 -5.488172 4.094669 4.43314e-4 -5.489202 4.094666 0.002087175 -5.492191 4.09466 0.003570139 -5.496846 4.09465 0.004747092 -5.502712 4.094636 0.0055027 -5.509214 4.094622 0.005763053 -5.515717 4.094607 0.0055027 -5.521583 4.094594 0.004747092 -5.526238 4.094584 0.003570139 -5.529227 4.094578 0.002087175 -5.530257 4.094575 4.43314e-4 -5.530257 4.094575 -4.43314e-4 -5.529227 4.094578 -0.002087175 -5.526238 4.094584 -0.003570139 -5.521583 4.094594 -0.004747092 -5.515717 4.094607 -0.0055027 -5.502799 4.042962 -0.005763053 -5.496331 4.042679 -0.0055027 -5.490496 4.042424 -0.004747092 -5.485865 4.042221 -0.003570139 -5.482892 4.042091 -0.002087175 -5.481868 4.042047 -4.43314e-4 -5.481868 4.042047 4.43314e-4 -5.482892 4.042091 0.002087175 -5.485865 4.042221 0.003570139 -5.490496 4.042424 0.004747092 -5.496331 4.042679 0.0055027 -5.502799 4.042962 0.005763053 -5.509266 4.043245 0.0055027 -5.515102 4.0435 0.004747092 -5.519732 4.043703 0.003570139 -5.522705 4.043833 0.002087175 -5.52373 4.043878 4.43315e-4 -5.52373 4.043878 -4.43314e-4 -5.522705 4.043833 -0.002087175 -5.519732 4.043703 -0.003570139 -5.515102 4.0435 -0.004747092 -5.509266 4.043245 -0.0055027 -5.535896 3.990095 -0.005763053 -5.529821 3.989115 -0.0055027 -5.524339 3.988231 -0.004747092 -5.51999 3.98753 -0.003570139 -5.517197 3.98708 -0.002087175 -5.516235 3.986925 -4.43314e-4 -5.516235 3.986925 4.43314e-4 -5.517197 3.98708 0.002087175 -5.51999 3.98753 0.003570139 -5.524339 3.988231 0.004747092 -5.529821 3.989115 0.0055027 -5.535896 3.990095 0.005763053 -5.541972 3.991074 0.0055027 -5.547452 3.991957 0.004747092 -5.551803 3.992659 0.003570139 -5.554595 3.993109 0.002087175 -5.555557 3.993264 4.43314e-4 -5.555557 3.993264 -4.43314e-4 -5.554595 3.993109 -0.002087175 -5.551803 3.992659 -0.003570139 -5.547452 3.991957 -0.004747092 -5.541972 3.991074 -0.0055027 -5.600605 3.936261 -0.005763053 -5.595011 3.934859 -0.0055027 -5.589966 3.933595 -0.004747092 -5.585962 3.932591 -0.003570139 -5.583392 3.931946 -0.002087175 -5.582505 3.931724 -4.43314e-4 -5.582505 3.931724 4.43314e-4 -5.583392 3.931946 0.002087175 -5.585962 3.932591 0.003570139 -5.589966 3.933595 0.004747092 -5.595011 3.934859 0.0055027 -5.600605 3.936261 0.005763053 -5.606197 3.937664 0.0055027 -5.611242 3.938928 0.004747092 -5.615246 3.939932 0.003570139 -5.617817 3.940576 0.002087175 -5.618704 3.940798 4.43314e-4 -5.618704 3.940798 -4.43314e-4 -5.617817 3.940576 -0.002087175 -5.615246 3.939932 -0.003570139 -5.611242 3.938928 -0.004747092 -5.606197 3.937664 -0.0055027 -5.689021 3.881704 -0.005763053 -5.683796 3.880067 -0.0055027 -5.679083 3.878591 -0.004747092 -5.675343 3.877419 -0.003570139 -5.672942 3.876667 -0.002087175 -5.672114 3.876408 -4.43314e-4 -5.672114 3.876408 4.43314e-4 -5.672942 3.876667 0.002087175 -5.675343 3.877419 0.003570139 -5.679083 3.878591 0.004747092 -5.683796 3.880067 0.0055027 -5.689021 3.881704 0.005763053 -5.694245 3.88334 0.0055027 -5.698958 3.884817 0.004747092 -5.702698 3.885988 0.003570139 -5.705099 3.88674 0.002087175 -5.705927 3.887 4.43314e-4 -5.705927 3.887 -4.43314e-4 -5.705099 3.88674 -0.002087175 -5.702698 3.885988 -0.003570139 -5.698958 3.884817 -0.004747092 -5.694245 3.88334 -0.0055027 -5.793242 3.826663 -0.005763053 -5.788235 3.82491 -0.0055027 -5.783717 3.823328 -0.004747092 -5.780132 3.822073 -0.003570139 -5.777831 3.821267 -0.002087175 -5.777038 3.820989 -4.43314e-4 -5.777038 3.820989 4.43314e-4 -5.777831 3.821267 0.002087175 -5.780132 3.822073 0.003570139 -5.783717 3.823328 0.004747092 -5.788235 3.82491 0.0055027 -5.793242 3.826663 0.005763053 -5.79825 3.828417 0.0055027 -5.802767 3.829998 0.004747092 -5.806352 3.831254 0.003570139 -5.808654 3.83206 0.002087175 -5.809447 3.832338 4.43315e-4 -5.809447 3.832338 -4.43314e-4 -5.808654 3.83206 -0.002087175 -5.806352 3.831254 -0.003570139 -5.802767 3.829998 -0.004747092 -5.79825 3.828417 -0.0055027 -5.905367 3.771382 -0.005763053 -5.90043 3.769593 -0.0055027 -5.895976 3.767979 -0.004747092 -5.892442 3.766698 -0.003570139 -5.890173 3.765876 -0.002087175 -5.889391 3.765593 -4.43314e-4 -5.889391 3.765593 4.43314e-4 -5.890173 3.765876 0.002087175 -5.892442 3.766698 0.003570139 -5.895976 3.767979 0.004747092 -5.90043 3.769593 0.0055027 -5.905367 3.771382 0.005763053 -5.910304 3.77317 0.0055027 -5.914757 3.774785 0.004747092 -5.918292 3.776065 0.003570139 -5.920561 3.776887 0.002087175 -5.921342 3.77717 4.43314e-4 -5.921342 3.77717 -4.43314e-4 -5.920561 3.776887 -0.002087175 -5.918292 3.776065 -0.003570139 -5.914757 3.774785 -0.004747092 -5.910304 3.77317 -0.0055027 -6.017491 3.7161 -0.005763053 -6.012483 3.714346 -0.0055027 -6.007966 3.712764 -0.004747092 -6.004382 3.711509 -0.003570139 -6.002079 3.710703 -0.002087175 -6.001286 3.710426 -4.43314e-4 -6.001286 3.710426 4.43314e-4 -6.002079 3.710703 0.002087175 -6.004382 3.711509 0.003570139 -6.007966 3.712764 0.004747092 -6.012483 3.714346 0.0055027 -6.017491 3.7161 0.005763053 -6.022498 3.717853 0.0055027 -6.027016 3.719435 0.004747092 -6.030601 3.72069 0.003570139 -6.032903 3.721496 0.002087175 -6.033696 3.721774 4.43315e-4 -6.033696 3.721774 -4.43314e-4 -6.032903 3.721496 -0.002087175 -6.030601 3.72069 -0.003570139 -6.027016 3.719435 -0.004747092 -6.022498 3.717853 -0.0055027 -6.121713 3.661059 -0.005763053 -6.116488 3.659423 -0.0055027 -6.111775 3.657947 -0.004747092 -6.108035 3.656775 -0.003570139 -6.105634 3.656023 -0.002087175 -6.104806 3.655764 -4.43314e-4 -6.104806 3.655764 4.43314e-4 -6.105634 3.656023 0.002087175 -6.108035 3.656775 0.003570139 -6.111775 3.657947 0.004747092 -6.116488 3.659423 0.0055027 -6.121713 3.661059 0.005763053 -6.126937 3.662696 0.0055027 -6.13165 3.664172 0.004747092 -6.13539 3.665344 0.003570139 -6.137792 3.666096 0.002087175 -6.138619 3.666355 4.43314e-4 -6.138619 3.666355 -4.43314e-4 -6.137792 3.666096 -0.002087175 -6.13539 3.665344 -0.003570139 -6.13165 3.664172 -0.004747092 -6.126937 3.662696 -0.0055027 -6.210129 3.606502 -0.005763053 -6.204536 3.6051 -0.0055027 -6.199491 3.603835 -0.004747092 -6.195487 3.602831 -0.003570139 -6.192916 3.602187 -0.002087175 -6.19203 3.601965 -4.43314e-4 -6.19203 3.601965 4.43314e-4 -6.192916 3.602187 0.002087175 -6.195487 3.602831 0.003570139 -6.199491 3.603835 0.004747092 -6.204536 3.6051 0.0055027 -6.210129 3.606502 0.005763053 -6.215722 3.607904 0.0055027 -6.220768 3.609169 0.004747092 -6.224771 3.610173 0.003570139 -6.227343 3.610817 0.002087175 -6.228229 3.611039 4.43315e-4 -6.228229 3.611039 -4.43314e-4 -6.227343 3.610817 -0.002087175 -6.224771 3.610173 -0.003570139 -6.220768 3.609169 -0.004747092 -6.215722 3.607904 -0.0055027 -6.274837 3.552669 -0.005763053 -6.268762 3.551689 -0.0055027 -6.263281 3.550806 -0.004747092 -6.258932 3.550104 -0.003570139 -6.256138 3.549654 -0.002087175 -6.255176 3.549499 -4.43314e-4 -6.255176 3.549499 4.43314e-4 -6.256138 3.549654 0.002087175 -6.258932 3.550104 0.003570139 -6.263281 3.550806 0.004747092 -6.268762 3.551689 0.0055027 -6.274837 3.552669 0.005763053 -6.280913 3.553648 0.0055027 -6.286394 3.554532 0.004747092 -6.290744 3.555233 0.003570139 -6.293536 3.555683 0.002087175 -6.294498 3.555839 4.43314e-4 -6.294498 3.555839 -4.43314e-4 -6.293536 3.555683 -0.002087175 -6.290744 3.555233 -0.003570139 -6.286394 3.554532 -0.004747092 -6.280913 3.553648 -0.0055027 -6.307936 3.499801 -0.005763053 -6.301467 3.499519 -0.0055027 -6.295632 3.499263 -0.004747092 -6.291001 3.499061 -0.003570139 -6.288029 3.498931 -0.002087175 -6.287004 3.498886 -4.43314e-4 -6.287004 3.498886 4.43314e-4 -6.288029 3.498931 0.002087175 -6.291001 3.499061 0.003570139 -6.295632 3.499263 0.004747092 -6.301467 3.499519 0.0055027 -6.307936 3.499801 0.005763053 -6.314403 3.500084 0.0055027 -6.320238 3.50034 0.004747092 -6.324869 3.500542 0.003570139 -6.327842 3.500672 0.002087175 -6.328866 3.500717 4.43314e-4 -6.328866 3.500717 -4.43314e-4 -6.327842 3.500672 -0.002087175 -6.324869 3.500542 -0.003570139 -6.320238 3.50034 -0.004747092 -6.314403 3.500084 -0.0055027 -6.301519 3.448142 -0.005763053 -6.295048 3.44841 -0.0055027 -6.28921 3.448652 -0.004747092 -6.284576 3.448843 -0.003570139 -6.281602 3.448967 -0.002087175 -6.280577 3.449009 -4.43314e-4 -6.280577 3.449009 4.43314e-4 -6.281602 3.448967 0.002087175 -6.284576 3.448843 0.003570139 -6.28921 3.448652 0.004747092 -6.295048 3.44841 0.0055027 -6.301519 3.448142 0.005763053 -6.307991 3.447873 0.0055027 -6.313829 3.447631 0.004747092 -6.318462 3.447439 0.003570139 -6.321437 3.447316 0.002087175 -6.322461 3.447274 4.43314e-4 -6.322461 3.447274 -4.43314e-4 -6.321437 3.447316 -0.002087175 -6.318462 3.447439 -0.003570139 -6.313829 3.447631 -0.004747092 -6.307991 3.447873 -0.0055027 -6.279379 3.383131 -0.005763053 -6.272906 3.383394 -0.0055027 -6.267067 3.383631 -0.004747092 -6.262433 3.38382 -0.003570139 -6.259458 3.383941 -0.002087175 -6.258432 3.383982 -4.43314e-4 -6.258432 3.383982 4.43314e-4 -6.259458 3.383941 0.002087175 -6.262433 3.38382 0.003570139 -6.267067 3.383631 0.004747092 -6.272906 3.383394 0.0055027 -6.279379 3.383131 0.005763053 -6.285851 3.382868 0.0055027 -6.291691 3.38263 0.004747092 -6.296324 3.382442 0.003570139 -6.2993 3.382321 0.002087175 -6.300325 3.382279 4.43314e-4 -6.300325 3.382279 -4.43314e-4 -6.2993 3.382321 -0.002087175 -6.296324 3.382442 -0.003570139 -6.291691 3.38263 -0.004747092 -6.285851 3.382868 -0.0055027 -6.269002 3.293354 -0.005763053 -6.262501 3.293426 -0.0055027 -6.256638 3.293491 -0.004747092 -6.251984 3.293543 -0.003570139 -6.248995 3.293576 -0.002087175 -6.247966 3.293587 -4.43314e-4 -6.247966 3.293587 4.43314e-4 -6.248995 3.293576 0.002087175 -6.251984 3.293543 0.003570139 -6.256638 3.293491 0.004747092 -6.262501 3.293426 0.0055027 -6.269002 3.293354 0.005763053 -6.275502 3.293282 0.0055027 -6.281366 3.293216 0.004747092 -6.286019 3.293164 0.003570139 -6.289008 3.293131 0.002087175 -6.290037 3.29312 4.43315e-4 -6.290037 3.29312 -4.43314e-4 -6.289008 3.293131 -0.002087175 -6.286019 3.293164 -0.003570139 -6.281366 3.293216 -0.004747092 -6.275502 3.293282 -0.0055027 -6.268035 3.183763 -0.005763053 -6.261533 3.18374 -0.0055027 -6.255667 3.183719 -0.004747092 -6.251012 3.183702 -0.003570139 -6.248023 3.183691 -0.002087175 -6.246993 3.183687 -4.43314e-4 -6.246993 3.183687 4.43314e-4 -6.248023 3.183691 0.002087175 -6.251012 3.183702 0.003570139 -6.255667 3.183719 0.004747092 -6.261533 3.18374 0.0055027 -6.268035 3.183763 0.005763053 -6.274538 3.183786 0.0055027 -6.280404 3.183807 0.004747092 -6.285059 3.183824 0.003570139 -6.288048 3.183835 0.002087175 -6.289078 3.183838 4.43314e-4 -6.289078 3.183838 -4.43314e-4 -6.288048 3.183835 -0.002087175 -6.285059 3.183824 -0.003570139 -6.280404 3.183807 -0.004747092 -6.274538 3.183786 -0.0055027 -6.274127 3.059312 -0.005763053 -6.267627 3.059237 -0.0055027 -6.261764 3.05917 -0.004747092 -6.25711 3.059116 -0.003570139 -6.254122 3.059081 -0.002087175 -6.253092 3.059069 -4.43314e-4 -6.253092 3.059069 4.43314e-4 -6.254122 3.059081 0.002087175 -6.25711 3.059116 0.003570139 -6.261764 3.05917 0.004747092 -6.267627 3.059237 0.0055027 -6.274127 3.059312 0.005763053 -6.280627 3.059387 0.0055027 -6.286491 3.059455 0.004747092 -6.291145 3.059509 0.003570139 -6.294133 3.059543 0.002087175 -6.295163 3.059555 4.43314e-4 -6.295163 3.059555 -4.43314e-4 -6.294133 3.059543 -0.002087175 -6.291145 3.059509 -0.003570139 -6.286491 3.059455 -0.004747092 -6.280627 3.059387 -0.0055027 -6.284925 2.924955 -0.005763053 -6.278427 2.924853 -0.0055027 -6.272564 2.924762 -0.004747092 -6.267912 2.924689 -0.003570139 -6.264925 2.924643 -0.002087175 -6.263896 2.924627 -4.43314e-4 -6.263896 2.924627 4.43314e-4 -6.264925 2.924643 0.002087175 -6.267912 2.924689 0.003570139 -6.272564 2.924762 0.004747092 -6.278427 2.924853 0.0055027 -6.284925 2.924955 0.005763053 -6.291423 2.925056 0.0055027 -6.297285 2.925148 0.004747092 -6.301937 2.92522 0.003570139 -6.304924 2.925267 0.002087175 -6.305953 2.925283 4.43314e-4 -6.305953 2.925283 -4.43314e-4 -6.304924 2.925267 -0.002087175 -6.301937 2.92522 -0.003570139 -6.297285 2.925148 -0.004747092 -6.291423 2.925056 -0.0055027 -6.298075 2.785644 -0.005763053 -6.291577 2.785535 -0.0055027 -6.285716 2.785436 -0.004747092 -6.281064 2.785357 -0.003570139 -6.278077 2.785307 -0.002087175 -6.277048 2.78529 -4.43314e-4 -6.277048 2.78529 4.43314e-4 -6.278077 2.785307 0.002087175 -6.281064 2.785357 0.003570139 -6.285716 2.785436 0.004747092 -6.291577 2.785535 0.0055027 -6.298075 2.785644 0.005763053 -6.304572 2.785754 0.0055027 -6.310433 2.785853 0.004747092 -6.315084 2.785931 0.003570139 -6.318071 2.785981 0.002087175 -6.3191 2.785999 4.43315e-4 -6.3191 2.785999 -4.43314e-4 -6.318071 2.785981 -0.002087175 -6.315084 2.785931 -0.003570139 -6.310433 2.785853 -0.004747092 -6.304572 2.785754 -0.0055027 -6.311224 2.646334 -0.005763053 -6.304727 2.646232 -0.0055027 -6.298864 2.646141 -0.004747092 -6.294212 2.646068 -0.003570139 -6.291225 2.646021 -0.002087175 -6.290195 2.646005 -4.43314e-4 -6.290195 2.646005 4.43314e-4 -6.291225 2.646021 0.002087175 -6.294212 2.646068 0.003570139 -6.298864 2.646141 0.004747092 -6.304727 2.646232 0.0055027 -6.311224 2.646334 0.005763053 -6.317722 2.646435 0.0055027 -6.323585 2.646527 0.004747092 -6.328237 2.646599 0.003570139 -6.331224 2.646646 0.002087175 -6.332253 2.646662 4.43314e-4 -6.332253 2.646662 -4.43314e-4 -6.331224 2.646646 -0.002087175 -6.328237 2.646599 -0.003570139 -6.323585 2.646527 -0.004747092 -6.317722 2.646435 -0.0055027 -6.322021 2.511976 -0.005763053 -6.315522 2.511901 -0.0055027 -6.309658 2.511834 -0.004747092 -6.305004 2.51178 -0.003570139 -6.302016 2.511745 -0.002087175 -6.300987 2.511733 -4.43314e-4 -6.300987 2.511733 4.43314e-4 -6.302016 2.511745 0.002087175 -6.305004 2.51178 0.003570139 -6.309658 2.511834 0.004747092 -6.315522 2.511901 0.0055027 -6.322021 2.511976 0.005763053 -6.328522 2.512051 0.0055027 -6.334386 2.512119 0.004747092 -6.33904 2.512173 0.003570139 -6.342028 2.512207 0.002087175 -6.343057 2.512219 4.43314e-4 -6.343057 2.512219 -4.43314e-4 -6.342028 2.512207 -0.002087175 -6.33904 2.512173 -0.003570139 -6.334386 2.512119 -0.004747092 -6.328522 2.512051 -0.0055027 -6.328114 2.387526 -0.005763053 -6.321611 2.387502 -0.0055027 -6.315745 2.387481 -0.004747092 -6.31109 2.387465 -0.003570139 -6.308102 2.387454 -0.002087175 -6.307072 2.38745 -4.43314e-4 -6.307072 2.38745 4.43314e-4 -6.308102 2.387454 0.002087175 -6.31109 2.387465 0.003570139 -6.315745 2.387481 0.004747092 -6.321611 2.387502 0.0055027 -6.328114 2.387526 0.005763053 -6.334616 2.387549 0.0055027 -6.340482 2.38757 0.004747092 -6.345137 2.387587 0.003570139 -6.348126 2.387598 0.002087175 -6.349155 2.387601 4.43314e-4 -6.349155 2.387601 -4.43314e-4 -6.348126 2.387598 -0.002087175 -6.345137 2.387587 -0.003570139 -6.340482 2.38757 -0.004747092 -6.334616 2.387549 -0.0055027 -6.327147 2.277935 -0.005763053 -6.320647 2.278007 -0.0055027 -6.314783 2.278073 -0.004747092 -6.310129 2.278124 -0.003570139 -6.307141 2.278157 -0.002087175 -6.306111 2.278169 -4.43314e-4 -6.306111 2.278169 4.43314e-4 -6.307141 2.278157 0.002087175 -6.310129 2.278124 0.003570139 -6.314783 2.278073 0.004747092 -6.320647 2.278007 0.0055027 -6.327147 2.277935 0.005763053 -6.333648 2.277863 0.0055027 -6.339512 2.277798 0.004747092 -6.344165 2.277746 0.003570139 -6.347154 2.277713 0.002087175 -6.348183 2.277702 4.43314e-4 -6.348183 2.277702 -4.43314e-4 -6.347154 2.277713 -0.002087175 -6.344165 2.277746 -0.003570139 -6.339512 2.277798 -0.004747092 -6.333648 2.277863 -0.0055027 -6.316771 2.188158 -0.005763053 -6.310298 2.188421 -0.0055027 -6.304459 2.188658 -0.004747092 -6.299824 2.188847 -0.003570139 -6.296849 2.188968 -0.002087175 -6.295824 2.18901 -4.43314e-4 -6.295824 2.18901 4.43314e-4 -6.296849 2.188968 0.002087175 -6.299824 2.188847 0.003570139 -6.304459 2.188658 0.004747092 -6.310298 2.188421 0.0055027 -6.316771 2.188158 0.005763053 -6.323243 2.187895 0.0055027 -6.329082 2.187657 0.004747092 -6.333716 2.187469 0.003570139 -6.336691 2.187348 0.002087175 -6.337716 2.187306 4.43314e-4 -6.337716 2.187306 -4.43314e-4 -6.336691 2.187348 -0.002087175 -6.333716 2.187469 -0.003570139 -6.329082 2.187657 -0.004747092 -6.323243 2.187895 -0.0055027 -6.29463 2.123147 -0.005763053 -6.28839 2.12392 -0.0055027 -6.28276 2.124617 -0.004747092 -6.278293 2.12517 -0.003570139 -6.275424 2.125525 -0.002087175 -6.274436 2.125648 -4.43314e-4 -6.274436 2.125648 4.43314e-4 -6.275424 2.125525 0.002087175 -6.278293 2.12517 0.003570139 -6.28276 2.124617 0.004747092 -6.28839 2.12392 0.0055027 -6.29463 2.123147 0.005763053 -6.30087 2.122375 0.0055027 -6.306499 2.121677 0.004747092 -6.310967 2.121124 0.003570139 -6.313836 2.120769 0.002087175 -6.314824 2.120647 4.43315e-4 -6.314824 2.120647 -4.43314e-4 -6.313836 2.120769 -0.002087175 -6.310967 2.121124 -0.003570139 -6.306499 2.121677 -0.004747092 -6.30087 2.122375 -0.0055027 -6.245578 2.077576 -0.005763053 -6.240256 2.079156 -0.0055027 -6.235456 2.080581 -0.004747092 -6.231647 2.081712 -0.003570139 -6.229201 2.082438 -0.002087175 -6.228358 2.082688 -4.43314e-4 -6.228358 2.082688 4.43314e-4 -6.229201 2.082438 0.002087175 -6.231647 2.081712 0.003570139 -6.235456 2.080581 0.004747092 -6.240256 2.079156 0.0055027 -6.245578 2.077576 0.005763053 -6.250899 2.075996 0.0055027 -6.2557 2.074571 0.004747092 -6.259509 2.073441 0.003570139 -6.261955 2.072714 0.002087175 -6.262797 2.072464 4.43314e-4 -6.262797 2.072464 -4.43314e-4 -6.261955 2.072714 -0.002087175 -6.259509 2.073441 -0.003570139 -6.2557 2.074571 -0.004747092 -6.250899 2.075996 -0.0055027 -6.160008 2.042284 -0.005763053 -6.156185 2.044508 -0.0055027 -6.152736 2.046513 -0.004747092 -6.149998 2.048105 -0.003570139 -6.148241 2.049127 -0.002087175 -6.147635 2.049479 -4.43314e-4 -6.147635 2.049479 4.43314e-4 -6.148241 2.049127 0.002087175 -6.149998 2.048105 0.003570139 -6.152736 2.046513 0.004747092 -6.156185 2.044508 0.0055027 -6.160008 2.042284 0.005763053 -6.163832 2.040061 0.0055027 -6.167281 2.038056 0.004747092 -6.170019 2.036464 0.003570139 -6.171776 2.035442 0.002087175 -6.172382 2.03509 4.43314e-4 -6.172382 2.03509 -4.43314e-4 -6.171776 2.035442 -0.002087175 -6.170019 2.036464 -0.003570139 -6.167281 2.038056 -0.004747092 -6.163832 2.040061 -0.0055027 -6.043879 2.016476 -0.005763053 -6.041454 2.019026 -0.0055027 -6.039267 2.021326 -0.004747092 -6.03753 2.023152 -0.003570139 -6.036416 2.024324 -0.002087175 -6.036032 2.024728 -4.43314e-4 -6.036032 2.024728 4.43314e-4 -6.036416 2.024324 0.002087175 -6.03753 2.023152 0.003570139 -6.039267 2.021326 0.004747092 -6.041454 2.019026 0.0055027 -6.043879 2.016476 0.005763053 -6.046305 2.013926 0.0055027 -6.048492 2.011625 0.004747092 -6.050229 2.009799 0.003570139 -6.051343 2.008627 0.002087175 -6.051727 2.008223 4.43315e-4 -6.051727 2.008223 -4.43314e-4 -6.051343 2.008627 -0.002087175 -6.050229 2.009799 -0.003570139 -6.048492 2.011625 -0.004747092 -6.046305 2.013926 -0.0055027 -5.90315 1.999352 -0.005763053 -5.901805 2.002042 -0.0055027 -5.900592 2.004467 -0.004747092 -5.89963 2.006392 -0.003570139 -5.899012 2.007628 -0.002087175 -5.898798 2.008054 -4.43314e-4 -5.898798 2.008054 4.43314e-4 -5.899012 2.007628 0.002087175 -5.89963 2.006392 0.003570139 -5.900592 2.004467 0.004747092 -5.901805 2.002042 0.0055027 -5.90315 1.999352 0.005763053 -5.904494 1.996663 0.0055027 -5.905706 1.994238 0.004747092 -5.906669 1.992312 0.003570139 -5.907287 1.991076 0.002087175 -5.9075 1.99065 4.43314e-4 -5.9075 1.99065 -4.43314e-4 -5.907287 1.991076 -0.002087175 -5.906669 1.992312 -0.003570139 -5.905706 1.994238 -0.004747092 -5.904494 1.996663 -0.0055027 -5.743776 1.990119 -0.005763053 -5.743238 1.992857 -0.0055027 -5.742753 1.995329 -0.004747092 -5.742368 1.99729 -0.003570139 -5.742121 1.998548 -0.002087175 -5.742035 1.998983 -4.43314e-4 -5.742035 1.998983 4.43314e-4 -5.742121 1.998548 0.002087175 -5.742368 1.99729 0.003570139 -5.742753 1.995329 0.004747092 -5.743238 1.992857 0.0055027 -5.743776 1.990119 0.005763053 -5.744314 1.987379 0.0055027 -5.7448 1.984908 0.004747092 -5.745185 1.982947 0.003570139 -5.745432 1.981689 0.002087175 -5.745517 1.981255 4.43315e-4 -5.745517 1.981255 -4.43314e-4 -5.745432 1.981689 -0.002087175 -5.745185 1.982947 -0.003570139 -5.7448 1.984908 -0.004747092 -5.744314 1.987379 -0.0055027 -5.571719 1.987978 -0.005763053 -5.571802 1.990726 -0.0055027 -5.571877 1.993205 -0.004747092 -5.571936 1.995172 -0.003570139 -5.571974 1.996436 -0.002087175 -5.571987 1.996871 -4.43314e-4 -5.571987 1.996871 4.43314e-4 -5.571974 1.996436 0.002087175 -5.571936 1.995172 0.003570139 -5.571877 1.993205 0.004747092 -5.571802 1.990726 0.0055027 -5.571719 1.987978 0.005763053 -5.571637 1.985229 0.0055027 -5.571562 1.98275 0.004747092 -5.571502 1.980783 0.003570139 -5.571464 1.979519 0.002087175 -5.571451 1.979084 4.43314e-4 -5.571451 1.979084 -4.43314e-4 -5.571464 1.979519 -0.002087175 -5.571502 1.980783 -0.003570139 -5.571562 1.98275 -0.004747092 -5.571637 1.985229 -0.0055027 -5.392936 1.992133 -0.005763053 -5.393526 1.99487 -0.0055027 -5.394057 1.997339 -0.004747092 -5.394479 1.999299 -0.003570139 -5.394749 2.000557 -0.002087175 -5.394843 2.00099 -4.43314e-4 -5.394843 2.00099 4.43314e-4 -5.394749 2.000557 0.002087175 -5.394479 1.999299 0.003570139 -5.394057 1.997339 0.004747092 -5.393526 1.99487 0.0055027 -5.392936 1.992133 0.005763053 -5.392347 1.989395 0.0055027 -5.391816 1.986926 0.004747092 -5.391394 1.984966 0.003570139 -5.391123 1.983708 0.002087175 -5.39103 1.983275 4.43314e-4 -5.39103 1.983275 -4.43314e-4 -5.391123 1.983708 -0.002087175 -5.391394 1.984966 -0.003570139 -5.391816 1.986926 -0.004747092 -5.392347 1.989395 -0.0055027 -5.213386 2.001787 -0.005763053 -5.214418 2.004501 -0.0055027 -5.21535 2.006948 -0.004747092 -5.216089 2.008891 -0.003570139 -5.216563 2.010138 -0.002087175 -5.216727 2.010569 -4.43314e-4 -5.216727 2.010569 4.43314e-4 -5.216563 2.010138 0.002087175 -5.216089 2.008891 0.003570139 -5.21535 2.006948 0.004747092 -5.214418 2.004501 0.0055027 -5.213386 2.001787 0.005763053 -5.212353 1.999073 0.0055027 -5.211422 1.996625 0.004747092 -5.210683 1.994683 0.003570139 -5.210208 1.993435 0.002087175 -5.210045 1.993005 4.43314e-4 -5.210045 1.993005 -4.43314e-4 -5.210208 1.993435 -0.002087175 -5.210683 1.994683 -0.003570139 -5.211422 1.996625 -0.004747092 -5.212353 1.999073 -0.0055027 -5.039026 2.016144 -0.005763053 -5.040481 2.018823 -0.0055027 -5.041793 2.02124 -0.004747092 -5.042834 2.023157 -0.003570139 -5.043503 2.024389 -0.002087175 -5.043734 2.024813 -4.43314e-4 -5.043734 2.024813 4.43314e-4 -5.043503 2.024389 0.002087175 -5.042834 2.023157 0.003570139 -5.041793 2.02124 0.004747092 -5.040481 2.018823 0.0055027 -5.039026 2.016144 0.005763053 -5.037572 2.013465 0.0055027 -5.03626 2.011049 0.004747092 -5.035218 2.009131 0.003570139 -5.03455 2.0079 0.002087175 -5.034319 2.007475 4.43314e-4 -5.034319 2.007475 -4.43314e-4 -5.03455 2.0079 -0.002087175 -5.035218 2.009131 -0.003570139 -5.03626 2.011049 -0.004747092 -5.037572 2.013465 -0.0055027 -4.875816 2.034408 -0.005763053 -4.877713 2.037036 -0.0055027 -4.879424 2.039408 -0.004747092 -4.880782 2.04129 -0.003570139 -4.881654 2.042499 -0.002087175 -4.881954 2.042915 -4.43314e-4 -4.881954 2.042915 4.43314e-4 -4.881654 2.042499 0.002087175 -4.880782 2.04129 0.003570139 -4.879424 2.039408 0.004747092 -4.877713 2.037036 0.0055027 -4.875816 2.034408 0.005763053 -4.873919 2.031778 0.0055027 -4.872208 2.029407 0.004747092 -4.870851 2.027525 0.003570139 -4.869978 2.026316 0.002087175 -4.869678 2.0259 4.43314e-4 -4.869678 2.0259 -4.43314e-4 -4.869978 2.026316 -0.002087175 -4.870851 2.027525 -0.003570139 -4.872208 2.029407 -0.004747092 -4.873919 2.031778 -0.0055027 -4.729713 2.05578 -0.005763053 -4.732127 2.058332 -0.0055027 -4.734304 2.060635 -0.004747092 -4.736032 2.062462 -0.003570139 -4.737142 2.063635 -0.002087175 -4.737524 2.064039 -4.43314e-4 -4.737524 2.064039 4.43314e-4 -4.737142 2.063635 0.002087175 -4.736032 2.062462 0.003570139 -4.734304 2.060635 0.004747092 -4.732127 2.058332 0.0055027 -4.729713 2.05578 0.005763053 -4.7273 2.053228 0.0055027 -4.725121 2.050926 0.004747092 -4.723394 2.049099 0.003570139 -4.722285 2.047926 0.002087175 -4.721902 2.047521 4.43314e-4 -4.721902 2.047521 -4.43314e-4 -4.722285 2.047926 -0.002087175 -4.723394 2.049099 -0.003570139 -4.725121 2.050926 -0.004747092 -4.7273 2.053228 -0.0055027 -4.606676 2.079466 -0.005763053 -4.608957 2.08204 -0.0055027 -4.611015 2.084362 -0.004747092 -4.612648 2.086205 -0.003570139 -4.613697 2.087388 -0.002087175 -4.614058 2.087795 -4.43314e-4 -4.614058 2.087795 4.43314e-4 -4.613697 2.087388 0.002087175 -4.612648 2.086205 0.003570139 -4.611015 2.084362 0.004747092 -4.608957 2.08204 0.0055027 -4.606676 2.079466 0.005763053 -4.604395 2.076892 0.0055027 -4.602337 2.07457 0.004747092 -4.600704 2.072728 0.003570139 -4.599656 2.071545 0.002087175 -4.599294 2.071137 4.43314e-4 -4.599294 2.071137 -4.43314e-4 -4.599656 2.071545 -0.002087175 -4.600704 2.072728 -0.003570139 -4.602337 2.07457 -0.004747092 -4.604395 2.076892 -0.0055027 -4.488042 2.094401 -0.005763053 -4.488862 2.097127 -0.0055027 -4.489603 2.099587 -0.004747092 -4.49019 2.101539 -0.003570139 -4.490567 2.102792 -0.002087175 -4.490697 2.103224 -4.43314e-4 -4.490697 2.103224 4.43314e-4 -4.490567 2.102792 0.002087175 -4.49019 2.101539 0.003570139 -4.489603 2.099587 0.004747092 -4.488862 2.097127 0.0055027 -4.488042 2.094401 0.005763053 -4.487222 2.091675 0.0055027 -4.486482 2.089215 0.004747092 -4.485895 2.087263 0.003570139 -4.485518 2.086009 0.002087175 -4.485388 2.085578 4.43314e-4 -4.485388 2.085578 -4.43314e-4 -4.485518 2.086009 -0.002087175 -4.485895 2.087263 -0.003570139 -4.486482 2.089215 -0.004747092 -4.487222 2.091675 -0.0055027 -4.353322 2.092321 -0.005763053 -4.352405 2.095042 -0.0055027 -4.351578 2.097496 -0.004747092 -4.350922 2.099445 -0.003570139 -4.3505 2.100695 -0.002087175 -4.350355 2.101126 -4.43314e-4 -4.350355 2.101126 4.43314e-4 -4.3505 2.100695 0.002087175 -4.350922 2.099445 0.003570139 -4.351578 2.097496 0.004747092 -4.352405 2.095042 0.0055027 -4.353322 2.092321 0.005763053 -4.354238 2.0896 0.0055027 -4.355066 2.087145 0.004747092 -4.355722 2.085197 0.003570139 -4.356144 2.083947 0.002087175 -4.356289 2.083516 4.43314e-4 -4.356289 2.083516 -4.43314e-4 -4.356144 2.083947 -0.002087175 -4.355722 2.085197 -0.003570139 -4.355066 2.087145 -0.004747092 -4.354238 2.0896 -0.0055027 -4.205731 2.076629 -0.005763053 -4.203754 2.079247 -0.0055027 -4.20197 2.081609 -0.004747092 -4.200554 2.083484 -0.003570139 -4.199645 2.084687 -0.002087175 -4.199332 2.085102 -4.43314e-4 -4.199332 2.085102 4.43314e-4 -4.199645 2.084687 0.002087175 -4.200554 2.083484 0.003570139 -4.20197 2.081609 0.004747092 -4.203754 2.079247 0.0055027 -4.205731 2.076629 0.005763053 -4.207709 2.074011 0.0055027 -4.209493 2.071649 0.004747092 -4.210908 2.069774 0.003570139 -4.211818 2.068571 0.002087175 -4.212131 2.068156 4.43314e-4 -4.212131 2.068156 -4.43314e-4 -4.211818 2.068571 -0.002087175 -4.210908 2.069774 -0.003570139 -4.209493 2.071649 -0.004747092 -4.207709 2.074011 -0.0055027 -4.048489 2.050728 -0.005763053 -4.045917 2.053253 -0.0055027 -4.043597 2.05553 -0.004747092 -4.041756 2.057337 -0.003570139 -4.040574 2.058498 -0.002087175 -4.040166 2.058897 -4.43314e-4 -4.040166 2.058897 4.43314e-4 -4.040574 2.058498 0.002087175 -4.041756 2.057337 0.003570139 -4.043597 2.05553 0.004747092 -4.045917 2.053253 0.0055027 -4.048489 2.050728 0.005763053 -4.051061 2.048204 0.0055027 -4.053381 2.045927 0.004747092 -4.055222 2.044119 0.003570139 -4.056404 2.042959 0.002087175 -4.056811 2.042559 4.43314e-4 -4.056811 2.042559 -4.43314e-4 -4.056404 2.042959 -0.002087175 -4.055222 2.044119 -0.003570139 -4.053381 2.045927 -0.004747092 -4.051061 2.048204 -0.0055027 -3.884812 2.018021 -0.005763053 -3.88194 2.020487 -0.0055027 -3.87935 2.022712 -0.004747092 -3.877294 2.024477 -0.003570139 -3.875974 2.025611 -0.002087175 -3.875519 2.026001 -4.43314e-4 -3.875519 2.026001 4.43314e-4 -3.875974 2.025611 0.002087175 -3.877294 2.024477 0.003570139 -3.87935 2.022712 0.004747092 -3.88194 2.020487 0.0055027 -3.884812 2.018021 0.005763053 -3.887683 2.015555 0.0055027 -3.890274 2.013331 0.004747092 -3.892329 2.011565 0.003570139 -3.893649 2.010432 0.002087175 -3.894104 2.010041 4.43315e-4 -3.894104 2.010041 -4.43314e-4 -3.893649 2.010432 -0.002087175 -3.892329 2.011565 -0.003570139 -3.890274 2.013331 -0.004747092 -3.887683 2.015555 -0.0055027 -3.717917 1.981912 -0.005763053 -3.714954 1.984358 -0.0055027 -3.712281 1.986565 -0.004747092 -3.71016 1.988317 -0.003570139 -3.708798 1.989441 -0.002087175 -3.708329 1.989829 -4.43314e-4 -3.708329 1.989829 4.43314e-4 -3.708798 1.989441 0.002087175 -3.71016 1.988317 0.003570139 -3.712281 1.986565 0.004747092 -3.714954 1.984358 0.0055027 -3.717917 1.981912 0.005763053 -3.72088 1.979465 0.0055027 -3.723553 1.977258 0.004747092 -3.725674 1.975506 0.003570139 -3.727036 1.974382 0.002087175 -3.727505 1.973994 4.43314e-4 -3.727505 1.973994 -4.43314e-4 -3.727036 1.974382 -0.002087175 -3.725674 1.975506 -0.003570139 -3.723553 1.977258 -0.004747092 -3.72088 1.979465 -0.0055027 -3.551022 1.945802 -0.005763053 -3.548151 1.948268 -0.0055027 -3.54556 1.950492 -0.004747092 -3.543504 1.952258 -0.003570139 -3.542185 1.953391 -0.002087175 -3.54173 1.953782 -4.43314e-4 -3.54173 1.953782 4.43314e-4 -3.542185 1.953391 0.002087175 -3.543504 1.952258 0.003570139 -3.54556 1.950492 0.004747092 -3.548151 1.948268 0.0055027 -3.551022 1.945802 0.005763053 -3.553894 1.943336 0.0055027 -3.556484 1.941111 0.004747092 -3.55854 1.939346 0.003570139 -3.559859 1.938212 0.002087175 -3.560314 1.937822 4.43314e-4 -3.560314 1.937822 -4.43314e-4 -3.559859 1.938212 -0.002087175 -3.55854 1.939346 -0.003570139 -3.556484 1.941111 -0.004747092 -3.553894 1.943336 -0.0055027 -3.387345 1.913095 -0.005763053 -3.384773 1.915619 -0.0055027 -3.382453 1.917897 -0.004747092 -3.380612 1.919704 -0.003570139 -3.37943 1.920864 -0.002087175 -3.379022 1.921264 -4.43314e-4 -3.379022 1.921264 4.43314e-4 -3.37943 1.920864 0.002087175 -3.380612 1.919704 0.003570139 -3.382453 1.917897 0.004747092 -3.384773 1.915619 0.0055027 -3.387345 1.913095 0.005763053 -3.389916 1.910571 0.0055027 -3.392237 1.908293 0.004747092 -3.394078 1.906486 0.003570139 -3.39526 1.905326 0.002087175 -3.395667 1.904926 4.43314e-4 -3.395667 1.904926 -4.43314e-4 -3.39526 1.905326 -0.002087175 -3.394078 1.906486 -0.003570139 -3.392237 1.908293 -0.004747092 -3.389916 1.910571 -0.0055027 -3.230102 1.887194 -0.005763053 -3.228125 1.889812 -0.0055027 -3.226341 1.892174 -0.004747092 -3.224925 1.894049 -0.003570139 -3.224016 1.895252 -0.002087175 -3.223703 1.895667 -4.43314e-4 -3.223703 1.895667 4.43314e-4 -3.224016 1.895252 0.002087175 -3.224925 1.894049 0.003570139 -3.226341 1.892174 0.004747092 -3.228125 1.889812 0.0055027 -3.230102 1.887194 0.005763053 -3.23208 1.884576 0.0055027 -3.233864 1.882214 0.004747092 -3.23528 1.880339 0.003570139 -3.236189 1.879136 0.002087175 -3.236502 1.878721 4.43314e-4 -3.236502 1.878721 -4.43314e-4 -3.236189 1.879136 -0.002087175 -3.23528 1.880339 -0.003570139 -3.233864 1.882214 -0.004747092 -3.23208 1.884576 -0.0055027 -3.082512 1.871502 -0.005763053 -3.081595 1.874223 -0.0055027 -3.080768 1.876678 -0.004747092 -3.080111 1.878626 -0.003570139 -3.07969 1.879877 -0.002087175 -3.079545 1.880308 -4.43314e-4 -3.079545 1.880308 4.43314e-4 -3.07969 1.879877 0.002087175 -3.080111 1.878626 0.003570139 -3.080768 1.876678 0.004747092 -3.081595 1.874223 0.0055027 -3.082512 1.871502 0.005763053 -3.083429 1.868781 0.0055027 -3.084256 1.866327 0.004747092 -3.084912 1.864379 0.003570139 -3.085334 1.863128 0.002087175 -3.085479 1.862697 4.43314e-4 -3.085479 1.862697 -4.43314e-4 -3.085334 1.863128 -0.002087175 -3.084912 1.864379 -0.003570139 -3.084256 1.866327 -0.004747092 -3.083429 1.868781 -0.0055027 -2.947791 1.869422 -0.005763053 -2.948611 1.872149 -0.0055027 -2.949352 1.874608 -0.004747092 -2.949939 1.87656 -0.003570139 -2.950316 1.877814 -0.002087175 -2.950446 1.878245 -4.43314e-4 -2.950446 1.878245 4.43314e-4 -2.950316 1.877814 0.002087175 -2.949939 1.87656 0.003570139 -2.949352 1.874608 0.004747092 -2.948611 1.872149 0.0055027 -2.947791 1.869422 0.005763053 -2.946971 1.866696 0.0055027 -2.946231 1.864236 0.004747092 -2.945644 1.862284 0.003570139 -2.945266 1.861031 0.002087175 -2.945137 1.860599 4.43314e-4 -2.945137 1.860599 -4.43314e-4 -2.945266 1.861031 -0.002087175 -2.945644 1.862284 -0.003570139 -2.946231 1.864236 -0.004747092 -2.946971 1.866696 -0.0055027 -2.829157 1.884357 -0.005763053 -2.831739 1.88688 -0.0055027 -2.834068 1.889155 -0.004747092 -2.835917 1.890961 -0.003570139 -2.837104 1.892121 -0.002087175 -2.837512 1.89252 -4.43314e-4 -2.837512 1.89252 4.43314e-4 -2.837104 1.892121 0.002087175 -2.835917 1.890961 0.003570139 -2.834068 1.889155 0.004747092 -2.831739 1.88688 0.0055027 -2.829157 1.884357 0.005763053 -2.826575 1.881835 0.0055027 -2.824246 1.879559 0.004747092 -2.822397 1.877753 0.003570139 -2.821211 1.876593 0.002087175 -2.820802 1.876194 4.43314e-4 -2.820802 1.876194 -4.43314e-4 -2.821211 1.876593 -0.002087175 -2.822397 1.877753 -0.003570139 -2.824246 1.879559 -0.004747092 -2.826575 1.881835 -0.0055027 -2.723982 1.910235 -0.005763053 -2.727463 1.912556 -0.0055027 -2.730604 1.914651 -0.004747092 -2.733096 1.916313 -0.003570139 -2.734696 1.91738 -0.002087175 -2.735247 1.917747 -4.43314e-4 -2.735247 1.917747 4.43314e-4 -2.734696 1.91738 0.002087175 -2.733096 1.916313 0.003570139 -2.730604 1.914651 0.004747092 -2.727463 1.912556 0.0055027 -2.723982 1.910235 0.005763053 -2.720501 1.907913 0.0055027 -2.717361 1.905819 0.004747092 -2.714869 1.904157 0.003570139 -2.713268 1.90309 0.002087175 -2.712717 1.902722 4.43314e-4 -2.712717 1.902722 -4.43314e-4 -2.713268 1.90309 -0.002087175 -2.714869 1.904157 -0.003570139 -2.717361 1.905819 -0.004747092 -2.720501 1.907913 -0.0055027 -2.626684 1.938531 -0.005763053 -2.630553 1.94074 -0.0055027 -2.634041 1.942734 -0.004747092 -2.636811 1.944315 -0.003570139 -2.638588 1.945331 -0.002087175 -2.639201 1.945681 -4.43314e-4 -2.639201 1.945681 4.43314e-4 -2.638588 1.945331 0.002087175 -2.636811 1.944315 0.003570139 -2.634041 1.942734 0.004747092 -2.630553 1.94074 0.0055027 -2.626684 1.938531 0.005763053 -2.622816 1.936322 0.0055027 -2.619327 1.934329 0.004747092 -2.616558 1.932747 0.003570139 -2.61478 1.931731 0.002087175 -2.614168 1.931382 4.43314e-4 -2.614168 1.931382 -4.43314e-4 -2.61478 1.931731 -0.002087175 -2.616558 1.932747 -0.003570139 -2.619327 1.934329 -0.004747092 -2.622816 1.936322 -0.0055027 -2.536053 1.96897 -0.005763053 -2.540249 1.97107 -0.0055027 -2.544034 1.972964 -0.004747092 -2.547038 1.974467 -0.003570139 -2.548966 1.975432 -0.002087175 -2.549631 1.975765 -4.43314e-4 -2.549631 1.975765 4.43314e-4 -2.548966 1.975432 0.002087175 -2.547038 1.974467 0.003570139 -2.544034 1.972964 0.004747092 -2.540249 1.97107 0.0055027 -2.536053 1.96897 0.005763053 -2.531857 1.966871 0.0055027 -2.528071 1.964976 0.004747092 -2.525067 1.963473 0.003570139 -2.523138 1.962508 0.002087175 -2.522474 1.962175 4.43314e-4 -2.522474 1.962175 -4.43314e-4 -2.523138 1.962508 -0.002087175 -2.525067 1.963473 -0.003570139 -2.528071 1.964976 -0.004747092 -2.531857 1.966871 -0.0055027 -2.450875 2.001276 -0.005763053 -2.455337 2.003276 -0.0055027 -2.459361 2.00508 -0.004747092 -2.462555 2.006512 -0.003570139 -2.464606 2.007431 -0.002087175 -2.465312 2.007747 -4.43314e-4 -2.465312 2.007747 4.43314e-4 -2.464606 2.007431 0.002087175 -2.462555 2.006512 0.003570139 -2.459361 2.00508 0.004747092 -2.455337 2.003276 0.0055027 -2.450875 2.001276 0.005763053 -2.446414 1.999277 0.0055027 -2.442389 1.997473 0.004747092 -2.439195 1.996042 0.003570139 -2.437145 1.995122 0.002087175 -2.436438 1.994806 4.43314e-4 -2.436438 1.994806 -4.43314e-4 -2.437145 1.995122 -0.002087175 -2.439195 1.996042 -0.003570139 -2.442389 1.997473 -0.004747092 -2.446414 1.999277 -0.0055027 -2.369941 2.035174 -0.005763053 -2.374605 2.037089 -0.0055027 -2.378812 2.038817 -0.004747092 -2.382152 2.040188 -0.003570139 -2.384295 2.041069 -0.002087175 -2.385034 2.041372 -4.43314e-4 -2.385034 2.041372 4.43314e-4 -2.384295 2.041069 0.002087175 -2.382152 2.040188 0.003570139 -2.378812 2.038817 0.004747092 -2.374605 2.037089 0.0055027 -2.369941 2.035174 0.005763053 -2.365276 2.033259 0.0055027 -2.361069 2.031532 0.004747092 -2.35773 2.03016 0.003570139 -2.355586 2.02928 0.002087175 -2.354847 2.028976 4.43314e-4 -2.354847 2.028976 -4.43314e-4 -2.355586 2.02928 -0.002087175 -2.35773 2.03016 -0.003570139 -2.361069 2.031532 -0.004747092 -2.365276 2.033259 -0.0055027 -2.292037 2.070388 -0.005763053 -2.296845 2.072238 -0.0055027 -2.301182 2.073908 -0.004747092 -2.304624 2.075233 -0.003570139 -2.306834 2.076084 -0.002087175 -2.307595 2.076377 -4.43314e-4 -2.307595 2.076377 4.43314e-4 -2.306834 2.076084 0.002087175 -2.304624 2.075233 0.003570139 -2.301182 2.073908 0.004747092 -2.296845 2.072238 0.0055027 -2.292037 2.070388 0.005763053 -2.28723 2.068537 0.0055027 -2.282893 2.066868 0.004747092 -2.279451 2.065543 0.003570139 -2.277242 2.064692 0.002087175 -2.27648 2.064399 4.43314e-4 -2.27648 2.064399 -4.43314e-4 -2.277242 2.064692 -0.002087175 -2.279451 2.065543 -0.003570139 -2.282893 2.066868 -0.004747092 -2.28723 2.068537 -0.0055027 -2.215954 2.106642 -0.005763053 -2.22085 2.108451 -0.0055027 -2.225266 2.110083 -0.004747092 -2.22877 2.111378 -0.003570139 -2.231021 2.11221 -0.002087175 -2.231796 2.112496 -4.43314e-4 -2.231796 2.112496 4.43314e-4 -2.231021 2.11221 0.002087175 -2.22877 2.111378 0.003570139 -2.225266 2.110083 0.004747092 -2.22085 2.108451 0.0055027 -2.215954 2.106642 0.005763053 -2.211059 2.104833 0.0055027 -2.206643 2.103201 0.004747092 -2.203138 2.101906 0.003570139 -2.200888 2.101074 0.002087175 -2.200113 2.100788 4.43314e-4 -2.200113 2.100788 -4.43314e-4 -2.200888 2.101074 -0.002087175 -2.203138 2.101906 -0.003570139 -2.206643 2.103201 -0.004747092 -2.211059 2.104833 -0.0055027 -2.14048 2.143661 -0.005763053 -2.145411 2.145452 -0.0055027 -2.149859 2.147068 -0.004747092 -2.15339 2.148351 -0.003570139 -2.155657 2.149174 -0.002087175 -2.156438 2.149458 -4.43314e-4 -2.156438 2.149458 4.43314e-4 -2.155657 2.149174 0.002087175 -2.15339 2.148351 0.003570139 -2.149859 2.147068 0.004747092 -2.145411 2.145452 0.0055027 -2.14048 2.143661 0.005763053 -2.135548 2.141869 0.0055027 -2.1311 2.140253 0.004747092 -2.127569 2.13897 0.003570139 -2.125303 2.138147 0.002087175 -2.124522 2.137863 4.43314e-4 -2.124522 2.137863 -4.43314e-4 -2.125303 2.138147 -0.002087175 -2.127569 2.13897 -0.003570139 -2.1311 2.140253 -0.004747092 -2.135548 2.141869 -0.0055027 -2.064402 2.181168 -0.005763053 -2.06932 2.182966 -0.0055027 -2.073756 2.184588 -0.004747092 -2.077277 2.185875 -0.003570139 -2.079538 2.186702 -0.002087175 -2.080316 2.186987 -4.43314e-4 -2.080316 2.186987 4.43314e-4 -2.079538 2.186702 0.002087175 -2.077277 2.185875 0.003570139 -2.073756 2.184588 0.004747092 -2.06932 2.182966 0.0055027 -2.064402 2.181168 0.005763053 -2.059484 2.17937 0.0055027 -2.055047 2.177748 0.004747092 -2.051527 2.17646 0.003570139 -2.049266 2.175634 0.002087175 -2.048487 2.175349 4.43314e-4 -2.048487 2.175349 -4.43314e-4 -2.049266 2.175634 -0.002087175 -2.051527 2.17646 -0.003570139 -2.055047 2.177748 -0.004747092 -2.059484 2.17937 -0.0055027 -1.98651 2.218889 -0.005763053 -1.991366 2.220716 -0.0055027 -1.995747 2.222365 -0.004747092 -1.999224 2.223674 -0.003570139 -2.001457 2.224514 -0.002087175 -2.002226 2.224803 -4.43314e-4 -2.002226 2.224803 4.43314e-4 -2.001457 2.224514 0.002087175 -1.999224 2.223674 0.003570139 -1.995747 2.222365 0.004747092 -1.991366 2.220716 0.0055027 -1.98651 2.218889 0.005763053 -1.981653 2.217061 0.0055027 -1.977272 2.215412 0.004747092 -1.973795 2.214104 0.003570139 -1.971563 2.213263 0.002087175 -1.970794 2.212974 4.43314e-4 -1.970794 2.212974 -4.43314e-4 -1.971563 2.213263 -0.002087175 -1.973795 2.214104 -0.003570139 -1.977272 2.215412 -0.004747092 -1.981653 2.217061 -0.0055027 -1.905591 2.256547 -0.005763053 -1.910339 2.258425 -0.0055027 -1.914622 2.26012 -0.004747092 -1.918021 2.261464 -0.003570139 -1.920203 2.262327 -0.002087175 -1.920955 2.262625 -4.43314e-4 -1.920955 2.262625 4.43314e-4 -1.920203 2.262327 0.002087175 -1.918021 2.261464 0.003570139 -1.914622 2.26012 0.004747092 -1.910339 2.258425 0.0055027 -1.905591 2.256547 0.005763053 -1.900844 2.254669 0.0055027 -1.896561 2.252975 0.004747092 -1.893162 2.25163 0.003570139 -1.89098 2.250767 0.002087175 -1.890228 2.250469 4.43314e-4 -1.890228 2.250469 -4.43314e-4 -1.89098 2.250767 -0.002087175 -1.893162 2.25163 -0.003570139 -1.896561 2.252975 -0.004747092 -1.900844 2.254669 -0.0055027 -1.820436 2.293868 -0.005763053 -1.824871 2.295877 -0.0055027 -1.828872 2.297691 -0.004747092 -1.832047 2.29913 -0.003570139 -1.834086 2.300054 -0.002087175 -1.834788 2.300372 -4.43314e-4 -1.834788 2.300372 4.43314e-4 -1.834086 2.300054 0.002087175 -1.832047 2.29913 0.003570139 -1.828872 2.297691 0.004747092 -1.824871 2.295877 0.0055027 -1.820436 2.293868 0.005763053 -1.816001 2.291858 0.0055027 -1.811999 2.290045 0.004747092 -1.808824 2.288605 0.003570139 -1.806785 2.287682 0.002087175 -1.806083 2.287363 4.43314e-4 -1.806083 2.287363 -4.43314e-4 -1.806785 2.287682 -0.002087175 -1.808824 2.288605 -0.003570139 -1.811999 2.290045 -0.004747092 -1.816001 2.291858 -0.0055027 -1.732554 2.325008 -0.005763053 -1.736207 2.327282 -0.0055027 -1.739501 2.329334 -0.004747092 -1.742115 2.330962 -0.003570139 -1.743794 2.332007 -0.002087175 -1.744373 2.332367 -4.43314e-4 -1.744373 2.332367 4.43314e-4 -1.743794 2.332007 0.002087175 -1.742115 2.330962 0.003570139 -1.739501 2.329334 0.004747092 -1.736207 2.327282 0.0055027 -1.732554 2.325008 0.005763053 -1.728902 2.322734 0.0055027 -1.725608 2.320683 0.004747092 -1.722993 2.319054 0.003570139 -1.721314 2.318009 0.002087175 -1.720736 2.317649 4.43314e-4 -1.720736 2.317649 -4.43314e-4 -1.721314 2.318009 -0.002087175 -1.722993 2.319054 -0.003570139 -1.725608 2.320683 -0.004747092 -1.728902 2.322734 -0.0055027 -1.643455 2.345339 -0.005763053 -1.645908 2.347885 -0.0055027 -1.648121 2.350181 -0.004747092 -1.649877 2.352003 -0.003570139 -1.651005 2.353173 -0.002087175 -1.651393 2.353576 -4.43314e-4 -1.651393 2.353576 4.43314e-4 -1.651005 2.353173 0.002087175 -1.649877 2.352003 0.003570139 -1.648121 2.350181 0.004747092 -1.645908 2.347885 0.0055027 -1.643455 2.345339 0.005763053 -1.641002 2.342794 0.0055027 -1.63879 2.340497 0.004747092 -1.637033 2.338675 0.003570139 -1.635906 2.337505 0.002087175 -1.635517 2.337102 4.43314e-4 -1.635517 2.337102 -4.43314e-4 -1.635906 2.337505 -0.002087175 -1.637033 2.338675 -0.003570139 -1.63879 2.340497 -0.004747092 -1.641002 2.342794 -0.0055027 -1.551921 2.356406 -0.005763053 -1.55309 2.359109 -0.0055027 -1.554145 2.361548 -0.004747092 -1.554982 2.363484 -0.003570139 -1.555519 2.364727 -0.002087175 -1.555704 2.365155 -4.43314e-4 -1.555704 2.365155 4.43314e-4 -1.555519 2.364727 0.002087175 -1.554982 2.363484 0.003570139 -1.554145 2.361548 0.004747092 -1.55309 2.359109 0.0055027 -1.551921 2.356406 0.005763053 -1.550752 2.353702 0.0055027 -1.549697 2.351263 0.004747092 -1.54886 2.349327 0.003570139 -1.548322 2.348084 0.002087175 -1.548137 2.347656 4.43314e-4 -1.548137 2.347656 -4.43314e-4 -1.548322 2.348084 -0.002087175 -1.54886 2.349327 -0.003570139 -1.549697 2.351263 -0.004747092 -1.550752 2.353702 -0.0055027 -1.456733 2.359751 -0.005763053 -1.456785 2.3625 -0.0055027 -1.456833 2.364979 -0.004747092 -1.45687 2.366947 -0.003570139 -1.456894 2.36821 -0.002087175 -1.456902 2.368645 -4.43314e-4 -1.456902 2.368645 4.43314e-4 -1.456894 2.36821 0.002087175 -1.45687 2.366947 0.003570139 -1.456833 2.364979 0.004747092 -1.456785 2.3625 0.0055027 -1.456733 2.359751 0.005763053 -1.456681 2.357003 0.0055027 -1.456633 2.354523 0.004747092 -1.456596 2.352556 0.003570139 -1.456572 2.351293 0.002087175 -1.456563 2.350857 4.43314e-4 -1.456563 2.350857 -4.43314e-4 -1.456572 2.351293 -0.002087175 -1.456596 2.352556 -0.003570139 -1.456633 2.354523 -0.004747092 -1.456681 2.357003 -0.0055027 -1.356674 2.35692 -0.005763053 -1.355923 2.35965 -0.0055027 -1.355245 2.362113 -0.004747092 -1.354707 2.364068 -0.003570139 -1.354361 2.365323 -0.002087175 -1.354242 2.365755 -4.43314e-4 -1.354242 2.365755 4.43314e-4 -1.354361 2.365323 0.002087175 -1.354707 2.364068 0.003570139 -1.355245 2.362113 0.004747092 -1.355923 2.35965 0.0055027 -1.356674 2.35692 0.005763053 -1.357426 2.35419 0.0055027 -1.358104 2.351727 0.004747092 -1.358642 2.349773 0.003570139 -1.358987 2.348518 0.002087175 -1.359106 2.348086 4.43314e-4 -1.359106 2.348086 -4.43314e-4 -1.358987 2.348518 -0.002087175 -1.358642 2.349773 -0.003570139 -1.358104 2.351727 -0.004747092 -1.357426 2.35419 -0.0055027 -1.250527 2.349457 -0.005763053 -1.249294 2.352156 -0.0055027 -1.248182 2.35459 -0.004747092 -1.2473 2.356522 -0.003570139 -1.246733 2.357763 -0.002087175 -1.246538 2.35819 -4.43314e-4 -1.246538 2.35819 4.43314e-4 -1.246733 2.357763 0.002087175 -1.2473 2.356522 0.003570139 -1.248182 2.35459 0.004747092 -1.249294 2.352156 0.0055027 -1.250527 2.349457 0.005763053 -1.251759 2.346758 0.0055027 -1.252871 2.344324 0.004747092 -1.253754 2.342392 0.003570139 -1.25432 2.341151 0.002087175 -1.254515 2.340724 4.43314e-4 -1.254515 2.340724 -4.43314e-4 -1.25432 2.341151 -0.002087175 -1.253754 2.342392 -0.003570139 -1.252871 2.344324 -0.004747092 -1.251759 2.346758 -0.0055027 -1.137072 2.338905 -0.005763053 -1.135631 2.341585 -0.0055027 -1.134331 2.344003 -0.004747092 -1.133299 2.345922 -0.003570139 -1.132636 2.347154 -0.002087175 -1.132408 2.347578 -4.43314e-4 -1.132408 2.347578 4.43314e-4 -1.132636 2.347154 0.002087175 -1.133299 2.345922 0.003570139 -1.134331 2.344003 0.004747092 -1.135631 2.341585 0.0055027 -1.137072 2.338905 0.005763053 -1.138514 2.336225 0.0055027 -1.139814 2.333807 0.004747092 -1.140846 2.331889 0.003570139 -1.141508 2.330657 0.002087175 -1.141737 2.330232 4.43314e-4 -1.141737 2.330232 -4.43314e-4 -1.141508 2.330657 -0.002087175 -1.140846 2.331889 -0.003570139 -1.139814 2.333807 -0.004747092 -1.138514 2.336225 -0.0055027 -1.015095 2.326809 -0.005763053 -1.013661 2.32949 -0.0055027 -1.012369 2.331909 -0.004747092 -1.011343 2.333828 -0.003570139 -1.010684 2.335061 -0.002087175 -1.010457 2.335485 -4.43314e-4 -1.010457 2.335485 4.43314e-4 -1.010684 2.335061 0.002087175 -1.011343 2.333828 0.003570139 -1.012369 2.331909 0.004747092 -1.013661 2.32949 0.0055027 -1.015095 2.326809 0.005763053 -1.016527 2.324129 0.0055027 -1.01782 2.32171 0.004747092 -1.018846 2.319791 0.003570139 -1.019504 2.318558 0.002087175 -1.019731 2.318134 4.43314e-4 -1.019731 2.318134 -4.43314e-4 -1.019504 2.318558 -0.002087175 -1.018846 2.319791 -0.003570139 -1.01782 2.32171 -0.004747092 -1.016527 2.324129 -0.0055027 -0.883374 2.314713 -0.005763053 -0.8821235 2.317411 -0.0055027 -0.8809946 2.319844 -0.004747092 -0.8800991 2.321775 -0.003570139 -0.879524 2.323014 -0.002087175 -0.8793259 2.323442 -4.43314e-4 -0.8793259 2.323442 4.43314e-4 -0.879524 2.323014 0.002087175 -0.8800991 2.321775 0.003570139 -0.8809946 2.319844 0.004747092 -0.8821235 2.317411 0.0055027 -0.883374 2.314713 0.005763053 -0.8846247 2.312016 0.0055027 -0.8857529 2.309583 0.004747092 -0.8866484 2.307652 0.003570139 -0.8872235 2.306413 0.002087175 -0.8874216 2.305985 4.43314e-4 -0.8874216 2.305985 -4.43314e-4 -0.8872235 2.306413 -0.002087175 -0.8866484 2.307652 -0.003570139 -0.8857529 2.309583 -0.004747092 -0.8846247 2.312016 -0.0055027 -0.7406938 2.304162 -0.005763053 -0.7397645 2.306882 -0.0055027 -0.7389264 2.309336 -0.004747092 -0.7382612 2.311284 -0.003570139 -0.737834 2.312534 -0.002087175 -0.7376869 2.312965 -4.43314e-4 -0.7376869 2.312965 4.43314e-4 -0.737834 2.312534 0.002087175 -0.7382612 2.311284 0.003570139 -0.7389264 2.309336 0.004747092 -0.7397645 2.306882 0.0055027 -0.7406938 2.304162 0.005763053 -0.7416227 2.301442 0.0055027 -0.7424607 2.298988 0.004747092 -0.7431259 2.29704 0.003570139 -0.7435527 2.29579 0.002087175 -0.7437003 2.295359 4.43314e-4 -0.7437003 2.295359 -4.43314e-4 -0.7435527 2.29579 -0.002087175 -0.7431259 2.29704 -0.003570139 -0.7424607 2.298988 -0.004747092 -0.7416227 2.301442 -0.0055027 -0.5858357 2.296699 -0.005763053 -0.5853379 2.299439 -0.0055027 -0.5848889 2.301911 -0.004747092 -0.584532 2.303873 -0.003570139 -0.5843034 2.305133 -0.002087175 -0.5842245 2.305567 -4.43314e-4 -0.5842245 2.305567 4.43314e-4 -0.5843034 2.305133 0.002087175 -0.584532 2.303873 0.003570139 -0.5848889 2.301911 0.004747092 -0.5853379 2.299439 0.0055027 -0.5858357 2.296699 0.005763053 -0.586334 2.293958 0.0055027 -0.5867832 2.291486 0.004747092 -0.5871401 2.289524 0.003570139 -0.5873685 2.288264 0.002087175 -0.5874477 2.28783 4.43314e-4 -0.5874477 2.28783 -4.43314e-4 -0.5873685 2.288264 -0.002087175 -0.5871401 2.289524 -0.003570139 -0.5867832 2.291486 -0.004747092 -0.586334 2.293958 -0.0055027 -0.4175828 2.293868 -0.005763053 -0.4175828 2.296616 -0.0055027 -0.4175828 2.299096 -0.004747092 -0.4175828 2.301063 -0.003570139 -0.4175828 2.302327 -0.002087175 -0.4175828 2.302762 -4.43314e-4 -0.4175828 2.302762 4.43314e-4 -0.4175828 2.302327 0.002087175 -0.4175828 2.301063 0.003570139 -0.4175828 2.299096 0.004747092 -0.4175828 2.296616 0.0055027 -0.4175828 2.293868 0.005763053 -0.4175828 2.291119 0.0055027 -0.4175828 2.28864 0.004747092 -0.4175828 2.286672 0.003570139 -0.4175828 2.285409 0.002087175 -0.4175828 2.284973 4.43314e-4 -0.4175828 2.284973 -4.43314e-4 -0.4175828 2.285409 -0.002087175 -0.4175828 2.286672 -0.003570139 -0.4175828 2.28864 -0.004747092 -0.4175828 2.291119 -0.0055027</float_array>
          <technique_common>
            <accessor source="#BezierCurve-mesh-positions-array" count="2398" stride="3">
              <param name="X" type="float"/>
              <param name="Y" type="float"/>
              <param name="Z" type="float"/>
            </accessor>
          </technique_common>
        </source>
        <source id="BezierCurve-mesh-normals">
          <float_array id="BezierCurve-mesh-normals-array" count="7194">0.031915 -0.6968547 -0.716502 0.08510106 0.03537213 -0.9957444 0.09306788 -0.6856713 -0.7219372 -0.02720081 -0.7060232 -0.7076662 0.002200424 0.00171101 -0.9999961 -0.09748935 -0.714591 -0.692716 -0.080302 -0.03165239 -0.9962679 -0.2045353 -0.7230694 -0.6597999 -0.1804271 -0.07196581 -0.9809522 -0.4268127 -0.7282066 -0.5362334 -0.3337751 -0.1335042 -0.9331511 -0.6175705 -0.7620904 -0.1944866 -0.6327624 -0.255041 -0.7311401 -0.8926177 -0.3637012 0.2663742 -0.6175754 -0.7620899 0.1944732 -0.6327608 -0.2550412 0.7311415 -0.4268201 -0.72821 0.5362227 -0.3337678 -0.1335013 0.9331541 -0.2045367 -0.7230696 0.6597994 -0.1804248 -0.07196474 0.9809526 -0.09749037 -0.7145913 0.6927157 -0.08030182 -0.03165221 0.996268 -0.02720117 -0.7060232 0.7076662 0.002200424 0.00171101 0.9999961 0.03191483 -0.6968547 0.716502 0.0851019 0.03537249 0.9957442 0.093068 -0.6856712 0.7219372 0.1866919 0.07676118 0.9794151 0.1712975 -0.6691807 0.7230868 0.3435395 0.1406489 0.9285465 0.3010129 -0.6379601 0.7088006 0.6471785 0.2614802 0.7160923 0.5871251 -0.5602334 0.5843138 0.8972952 0.3567399 0.2599964 0.8226151 -0.524428 0.2197265 0.897291 0.3567386 -0.2600128 0.8226088 -0.5244325 -0.2197395 0.5871134 -0.5602337 -0.5843254 0.3010106 -0.6379605 -0.7088012 0.6471643 0.2614737 -0.7161074 0.1712962 -0.6691809 -0.7230868 0.343534 0.1406458 -0.9285489 0.1866892 0.07675975 -0.9794157 0.08331036 0.05666822 -0.9949112 0.002372324 0.003250956 -0.9999919 -0.07817411 -0.04963874 -0.9957032 -0.1754149 -0.1131255 -0.9779736 -0.3218434 -0.208343 -0.9235854 -0.8926157 -0.3636994 -0.2663831 -0.5911863 -0.3864905 -0.7079011 -0.8077121 -0.534339 0.2491648 -0.5912042 -0.3865017 0.7078799 -0.3218464 -0.2083455 0.9235839 -0.1754177 -0.113127 0.9779729 -0.07817143 -0.04963701 0.9957035 0.00237292 0.003251254 0.9999919 0.08331203 0.05666935 0.9949109 0.1819625 0.1220172 0.9757056 0.3314832 0.220894 0.9172375 0.6044924 0.3953425 0.6915875 0.8162987 0.5234023 0.244349 0.8163045 0.5234068 -0.2443203 0.6045174 0.395359 -0.6915563 0.3314924 0.2209005 -0.9172328 0.1819604 0.1220158 -0.9757063 0.07891267 0.08458185 -0.9932869 0.002060592 0.005330026 -0.9999837 -0.07449132 -0.07313632 -0.9945362 -0.1660649 -0.1663573 -0.9719814 -0.2998178 -0.3018958 -0.9049686 -0.8077038 -0.534334 -0.2492027 -0.521963 -0.5325191 -0.6663169 -0.6785487 -0.7001928 0.2220401 -0.521949 -0.5325056 0.6663386 -0.2998216 -0.3018998 0.9049661 -0.1660685 -0.1663609 0.9719802 -0.07449197 -0.07313674 0.9945361 0.00206077 0.005330085 0.9999837 0.07891142 0.08458054 0.993287 0.1714187 0.1803029 0.968559 0.3067357 0.3195669 0.8965435 0.5318218 0.5398765 0.6524562 0.6920351 0.687259 0.2208224 0.692041 0.6872643 -0.2207874 0.5318456 0.5399007 -0.6524167 0.3067409 0.319573 -0.8965396 0.1714153 0.1802991 -0.9685603 0.07005667 0.1183468 -0.990498 0.001064062 0.007326126 -0.9999727 -0.06784892 -0.102872 -0.9923779 -0.1490129 -0.2316886 -0.9613093 -0.2615167 -0.4096813 -0.8739396 -0.6785544 -0.7001985 -0.2220047 -0.4221653 -0.6729167 -0.6074206 -0.5184063 -0.8338426 0.1896349 -0.4221498 -0.6728952 0.607455 -0.2615293 -0.4097012 0.8739264 -0.1490156 -0.2316921 0.961308 -0.06784725 -0.1028693 0.9923783 0.001063764 0.00732547 0.9999727 0.07005494 0.1183438 0.9904984 0.1513789 0.249463 0.9564793 0.2638096 0.4285213 0.8641609 0.4297351 0.6750351 0.5997128 0.5347619 0.8230356 0.1914216 0.5347645 0.8230389 -0.1913999 0.4297425 0.675047 -0.5996941 0.2638132 0.4285265 -0.8641572 0.1513837 0.2494711 -0.9564765 0.05551105 0.1526954 -0.9867131 -3.48329e-4 0.007863998 -0.999969 -0.05631273 -0.136505 -0.9890376 -0.1206945 -0.3015568 -0.9457783 -0.2035887 -0.5144018 -0.8330322 -0.5184134 -0.8338543 -0.1895645 -0.3027012 -0.7819298 -0.5449383 -0.3548558 -0.9209786 0.16086 -0.3027063 -0.7819452 0.5449134 -0.2036047 -0.5144425 0.8330032 -0.120699 -0.301564 0.9457753 -0.05631572 -0.1365108 0.9890366 -3.49843e-4 0.007860183 0.9999691 0.0555135 0.1527031 0.9867118 0.1195756 0.318596 0.9403183 0.2024739 0.5287575 0.8242694 0.3106512 0.7810007 0.5417876 0.3692928 0.9150235 0.1623419 0.3692943 0.9150279 -0.1623138 0.310661 0.7810244 -0.5417479 0.2024846 0.528785 -0.824249 0.1195786 0.3186063 -0.9403143 0.03693091 0.1787889 -0.9831941 -0.001194417 0.00603944 -0.9999811 -0.03938543 -0.1666057 -0.9852367 -0.082098 -0.3592814 -0.9296112 -0.1330691 -0.5915438 -0.7952161 -0.354856 -0.92098 -0.1608514 -0.185925 -0.8471156 -0.4978224 -0.2122716 -0.9668985 0.1415921 -0.1859157 -0.8470727 0.497899 -0.1330646 -0.5915255 0.7952304 -0.08209735 -0.3592779 0.9296125 -0.03938376 -0.166598 0.9852381 -0.001193284 0.00604552 0.9999811 0.0369336 0.1788083 0.9831905 0.07963794 0.3712689 0.9251039 0.1318749 0.600261 0.7888573 0.192959 0.847031 0.495283 0.2212504 0.9647934 0.1422042 0.2212479 0.9647845 -0.142269 0.1929523 0.8470003 -0.4953383 0.1318754 0.6002636 -0.7888552 0.07963675 0.3712611 -0.9251072 0.01886469 0.1919988 -0.9812139 -8.39511e-4 0.00346446 -0.9999937 -0.02050989 -0.1849845 -0.9825274 -0.04203891 -0.3918023 -0.9190885 -0.06652218 -0.6307551 -0.7731254 -0.2122734 -0.9669072 -0.1415294 -0.09037393 -0.8757639 -0.4742049 -0.1020141 -0.9858953 0.1326782 -0.09038013 -0.8758249 0.4740909 -0.06652683 -0.6307963 0.7730915 -0.04203855 -0.3917987 0.9190901 -0.02050977 -0.1849833 0.9825277 -8.39577e-4 0.003463923 0.9999937 0.01886326 0.1919833 0.9812169 0.04064691 0.3988474 0.9161161 0.06635326 0.6366153 0.7683217 0.09412211 0.877937 0.4694336 0.1057931 0.9856398 0.1316134 0.1057925 0.9856349 -0.1316513 0.09411895 0.877908 -0.4694882 0.06634831 0.6365805 -0.768351 0.04064649 0.3988536 -0.9161134 0.005086123 0.195361 -0.9807183 -1.68458e-4 0.001810073 -0.9999985 -0.005401253 -0.1916905 -0.9814406 -0.01107656 -0.4027732 -0.9152329 -0.01745641 -0.643297 -0.7654178 -0.1020133 -0.9858858 -0.1327503 -0.02363401 -0.8845506 -0.4658453 -0.02654296 -0.9912253 0.1294912 -0.02363443 -0.8845626 0.4658225 -0.01745545 -0.6432622 0.765447 -0.01107603 -0.4027518 0.9152422 -0.005400776 -0.1916746 0.9814437 -1.68424e-4 0.001811385 0.9999984 0.005085885 0.1953508 0.9807204 0.0108627 0.4066329 0.9135271 0.01755368 0.6467544 0.7624964 0.02447801 0.8861855 0.4626836 0.0273742 0.9912626 0.1290316 0.02737426 0.9912686 -0.1289858 0.02447783 0.8861807 -0.4626928 0.01755279 0.6467186 -0.7625268 0.01086324 0.4066534 -0.913518 -0.002575874 0.1945182 -0.9808955 3.24999e-5 6.59455e-4 -0.9999998 0.002644181 -0.1931299 -0.9811697 0.005496382 -0.4046091 -0.9144733 0.008724272 -0.6450733 -0.764071 -0.02654266 -0.9912169 -0.1295551 0.01191073 -0.8853638 -0.4647463 0.01334822 -0.9914829 0.1295515 0.01191103 -0.8853639 0.4647461 0.008724808 -0.6450754 0.7640691 0.005496501 -0.4046099 0.9144729 0.002644181 -0.1931297 0.9811697 3.25515e-5 6.59112e-4 0.9999998 -0.002575755 0.1945181 0.9808956 -0.005419015 0.4059364 0.9138853 -0.008665442 0.6462395 0.7630856 -0.01194864 0.8861272 0.4632881 -0.01335972 0.9915516 0.129023 -0.01335954 0.9915511 -0.1290274 -0.01194798 0.8861243 -0.4632937 -0.008665084 0.6462392 -0.7630859 -0.005419135 0.4059374 -0.9138848 -3.42993e-5 -7.04257e-4 -0.9999998 0.002414941 -0.1945168 -0.9808962 0.005075216 -0.4060565 -0.913834 0.008100986 -0.6463725 -0.762979 0.01115959 -0.8861958 -0.4631766 0.01246887 -0.9915791 -0.1289014 0.01334834 -0.9914829 -0.1295515 0.01246911 -0.9915788 0.1289038 0.0111593 -0.8861949 0.4631783 0.008100271 -0.6463766 0.7629755 0.005074799 -0.4060596 0.9138326 0.002414882 -0.1945175 0.9808961 -3.42952e-5 -7.04411e-4 0.9999998 -0.002501606 0.1931463 0.9811668 -0.005205273 0.4045476 0.9145021 -0.008274018 0.6449998 0.7641381 -0.01130604 0.8855602 0.4643871 -0.01267111 0.9915506 -0.1291008 -0.01130586 0.8855614 -0.4643849 -0.008274137 0.6449983 -0.7641392 -0.005205333 0.4045483 -0.9145019 -0.002501487 0.193147 -0.9811667 0.009118318 0.1898449 -0.9817717 4.2719e-4 -0.00291866 -0.9999957 -0.008289277 -0.195773 -0.9806143 -0.01789367 -0.4064959 -0.9134774 -0.02912986 -0.6462196 -0.7625954 -0.04102581 -0.8855396 -0.462749 -0.04588204 -0.9905848 0.1289837 -0.04102891 -0.8856028 0.4626277 -0.02913022 -0.6462294 0.7625871 -0.01789289 -0.4064811 0.913484 -0.0082888 -0.1957624 0.9806163 4.27557e-4 -0.00291115 0.9999957 0.009117603 0.1898328 0.9817742 0.01856374 0.4003093 0.9161921 0.02914923 0.6405963 0.7673245 0.03929126 0.8828729 0.4679654 0.04424273 0.9905137 0.1300972 -0.01267123 0.9915501 0.129104 0.04424256 0.9905105 -0.1301213 0.03929084 0.8828621 -0.467986 0.02914923 0.6405944 -0.7673259 0.01856434 0.4003221 -0.9161865 0.0244559 0.1831418 -0.9827823 6.87986e-4 -0.002744436 -0.9999961 -0.02307575 -0.1887218 -0.9817594 -0.04930877 -0.3932775 -0.9180967 -0.08019685 -0.6299777 -0.7724615 -0.04588133 -0.99057 -0.1290976 -0.1133905 -0.873056 -0.4742531 -0.1277571 -0.9827885 0.1334353 -0.1133922 -0.8730802 0.4742081 -0.08019798 -0.6299884 0.7724525 -0.04930895 -0.3932818 0.9180948 -0.02307659 -0.1887346 0.9817569 6.87651e-4 -0.00274688 0.999996 0.02445602 0.1831431 0.982782 0.05061137 0.3878455 0.9203339 0.0806427 0.6256094 0.7759573 0.1105569 0.8716915 0.4774213 0.1248458 0.9830861 0.1339973 0.1248471 0.9830977 -0.1339116 0.1105628 0.8717486 -0.4773157 0.08064287 0.6256251 -0.7759445 0.05060929 0.3878369 -0.9203376 0.02670705 0.184934 -0.982388 -3.39254e-4 0.001386284 -0.9999991 -0.02739357 -0.1821801 -0.9828836 -0.05721807 -0.3847162 -0.9212598 -0.09186166 -0.6213524 -0.7781278 -0.127757 -0.9827826 -0.133479 -0.1272899 -0.868094 -0.4798021 -0.1437634 -0.9803549 0.1350427 -0.1272887 -0.8680876 0.479814 -0.09187066 -0.6214143 0.7780773 -0.05722379 -0.3847548 0.9212434 -0.02739608 -0.1821972 0.9828804 -3.4017e-4 0.001379966 0.999999 0.02670872 0.1849461 0.9823857 0.05657899 0.3873785 0.920183 0.09167897 0.6235573 0.7763835 0.128891 0.8687035 0.4782691 0.1454818 0.980139 0.1347688 0.1454817 0.9801398 -0.1347635 0.1288875 0.8686806 -0.4783117 0.09167355 0.6235185 -0.7764153 0.05657792 0.3873723 -0.9201857 0.01962703 0.1900815 -0.9815722 -4.08975e-4 0.00165683 -0.9999986 -0.02042692 -0.1866083 -0.982222 -0.04238009 -0.393346 -0.9184132 -0.06750947 -0.6320485 -0.7719826 -0.1437649 -0.9803639 -0.1349753 -0.0925551 -0.8762714 -0.4728447 -0.1042016 -0.9857091 0.1323623 -0.09254771 -0.8762004 0.4729778 -0.06750649 -0.6320198 0.7720065 -0.0423761 -0.3933072 0.9184301 -0.02042436 -0.1865848 0.9822266 -4.087e-4 0.001659452 0.9999986 0.01962578 0.1900687 0.9815746 0.04166036 0.3967504 0.9169807 0.06731319 0.6347054 0.769817 0.09419798 0.8770011 0.4711645 0.1058641 0.9855394 0.1323065 0.1058623 0.9855237 -0.1324254 0.09419107 0.8769353 -0.4712883 0.06730812 0.6346581 -0.7698563 0.04165756 0.3967208 -0.9169937 0.009476542 0.1946138 -0.9808343 -3.30012e-4 0.002046823 -0.9999979 -0.01013404 -0.1905309 -0.981629 -0.02081084 -0.4007539 -0.9159494 -0.03286087 -0.6409015 -0.7669196 -0.1042034 -0.985727 -0.1322276 -0.04457312 -0.8828967 -0.4674472 -0.05010843 -0.9902377 0.130072 -0.04457277 -0.8828964 0.4674477 -0.03285938 -0.6408811 0.7669366 -0.02081251 -0.4007669 0.9159438 -0.01013344 -0.1905165 0.9816317 -3.30048e-4 0.002050161 0.9999979 0.009476184 0.1946049 0.9808359 0.0202353 0.4049123 0.9141317 0.0327214 0.6447458 0.7636964 0.04573547 0.8845623 0.4641743 0.0511763 0.9902278 0.1297302 0.05117565 0.9902272 -0.1297352 0.04573571 0.8845809 -0.4641389 0.03272473 0.6447971 -0.763653 0.02023762 0.4049423 -0.9141182 -0.005058765 0.1964233 -0.9805061 2.69589e-4 0.002861559 -0.999996 0.00556755 -0.1905598 -0.9816599 0.01130831 -0.4015825 -0.9157531 0.01773184 -0.6421599 -0.7663656 -0.05010753 -0.9902327 -0.1301097 0.0238766 -0.8839172 -0.4670335 0.02687102 -0.9911697 0.1298484 0.0238763 -0.883911 0.4670454 0.01773333 -0.6421654 0.7663611 0.01130807 -0.4015823 0.9157532 0.005566835 -0.1905577 0.9816602 2.691e-4 0.002862989 0.9999959 -0.00505948 0.1964247 0.9805058 -0.01094907 0.4078346 0.9129902 -0.01784163 0.647791 0.7616092 -0.02512967 0.8867 0.4616617 -0.02810168 0.991286 0.1286951 -0.02810114 0.9912847 -0.1287046 -0.0251308 0.8867015 -0.4616591 -0.01784199 0.6477895 -0.7616106 -0.01094692 0.4078305 -0.912992 0.001416563 0.005725502 -0.9999827 0.02810376 -0.1780672 -0.983617 0.05753117 -0.3808904 -0.9228287 0.09142279 -0.6182655 -0.7806342 0.124623 -0.8672571 -0.4820107 0.1414632 -0.9806289 -0.1354819 0.02687215 -0.9911715 -0.1298345 0.1414633 -0.9806386 0.1354115 0.1246285 -0.8673025 0.4819278 0.09142613 -0.6182686 0.7806313 0.05752998 -0.3808674 0.9228383 0.02810496 -0.1780722 0.983616 0.001416325 0.00572896 0.9999826 -0.02529704 0.1896651 0.981523 -0.05503708 0.3921313 0.9182614 -0.09090751 0.6269914 0.7737038 -0.1315646 0.8692303 0.476581 -0.1489455 0.9796199 -0.1347599 -0.1315655 0.8692606 -0.4765258 -0.09090811 0.6270116 -0.7736874 -0.0550366 0.392135 -0.9182599 -0.02529686 0.1896694 -0.9815222 9.33336e-4 0.01087707 -0.9999404 0.05268639 -0.1416398 -0.9885152 0.1119716 -0.3146924 -0.9425662 0.187152 -0.5340362 -0.8244875 0.2730655 -0.8012632 -0.5323653 0.3182033 -0.9352228 -0.1552585 0.3182079 -0.9352343 0.1551799 0.2730727 -0.8012764 0.5323417 0.1871387 -0.5340061 0.8245099 0.1119707 -0.314686 0.9425685 0.05268192 -0.1416299 0.9885169 9.33368e-4 0.01087766 0.9999404 -0.05066591 0.1638534 0.9851828 -0.1095733 0.3373968 0.9349638 -0.185428 0.5522375 0.8128039 -0.1489449 0.979613 0.1348115 -0.2846401 0.7994461 0.5290237 -0.3372163 0.928141 -0.1576053 -0.28466 0.7994951 -0.528939 -0.1854358 0.5522661 -0.8127827 -0.1095647 0.3373706 -0.9349742 -0.05066257 0.1638426 -0.9851848 -0.002635598 0.0120148 -0.9999244 0.0689724 -0.08785915 -0.9937422 0.1537901 -0.2042549 -0.9667619 0.2741568 -0.3669008 -0.8889443 0.4578525 -0.6232278 -0.6340017 0.5767402 -0.7915693 -0.2019627 0.5767451 -0.7915759 0.2019221 0.457862 -0.6232382 0.6339847 0.2741549 -0.3669059 0.8889428 0.1537847 -0.2042474 0.9667643 0.06897181 -0.08785849 0.9937423 -0.002635717 0.01201444 0.9999244 -0.07449698 0.1133305 0.9907605 -0.160063 0.2340881 0.9589488 -0.2813136 0.4005403 0.8720265 -0.3372129 0.9281345 0.157651 -0.4727206 0.6308497 0.6152755 -0.6035723 0.7711153 -0.2026865 -0.4727228 0.6308659 -0.6152571 -0.281335 0.4005827 -0.872 -0.1600738 0.2341088 -0.9589419 -0.07449889 0.1133337 -0.99076 -0.005678832 0.006323158 -0.9999639 0.07537734 -0.03922909 -0.9963832 0.1727827 -0.09310549 -0.9805496 0.319659 -0.1729967 -0.9316064 0.5993713 -0.3272063 -0.7305409 0.844511 -0.467109 -0.2619356 0.8445147 -0.4671134 0.2619161 0.5993677 -0.3272035 0.7305452 0.3196576 -0.172997 0.9316068 0.1727879 -0.09311026 0.9805482 0.07537853 -0.03922998 0.996383 -0.005678534 0.00632286 0.9999639 -0.08769834 0.0529856 0.9947369 -0.1885912 0.110754 0.9757905 -0.3435831 0.1984626 0.9179126 -0.6035785 0.7711154 0.2026678 -0.6333683 0.3470748 0.691653 -0.859728 0.4465076 -0.2479897 -0.6333599 0.347065 -0.6916655 -0.3435724 0.1984531 -0.9179186 -0.1885938 0.110757 -0.9757896 -0.08770096 0.05298799 -0.9947366 -0.005023181 4.9103e-4 -0.9999873 0.07845443 -0.003941714 -0.9969099 0.1794756 -0.009200692 -0.9837195 0.3348048 -0.01715141 -0.9421314 0.6512184 -0.03354239 -0.7581488 0.9570858 -0.04999971 -0.2854591 0.9570857 -0.04999941 0.2854594 0.6512212 -0.03354316 0.7581464 0.3348064 -0.01715171 0.9421309 0.179475 -0.00920099 0.9837195 0.07845485 -0.003942012 0.99691 -0.005023062 4.91026e-4 0.9999873 -0.08942836 0.005059421 0.9959805 -0.1939279 0.01079106 0.9809564 -0.3582162 0.01979643 0.9334288 -0.8597277 0.4465107 0.2479856 -0.6884276 0.03690254 0.7243657 -0.9623388 0.04956531 -0.2672967 -0.6884278 0.03690296 -0.7243656 -0.3582167 0.01979643 -0.9334286 -0.1939284 0.01079124 -0.9809564 -0.08942806 0.005059182 -0.9959805 -0.08659976 -0.02432924 -0.9959461 -0.002939939 -0.001486063 -0.9999946 0.08018207 0.02111911 -0.9965565 0.1810833 0.04843026 -0.9822746 0.3363091 0.09027069 -0.9374153 0.6459884 0.1748979 -0.7430409 0.9271957 0.2542961 0.2750301 0.6459754 0.1748918 0.7430536 0.336308 0.09026944 0.9374158 0.1810863 0.04843145 0.982274 0.08018261 0.02111953 0.9965565 -0.002939403 -0.001485943 0.9999946 -0.0865997 -0.02432924 0.9959461 -0.189506 -0.05251324 0.9804743 -0.3497148 -0.09635519 0.931888 -0.6667374 -0.1805347 0.7230964 -0.9320055 -0.2469565 0.265289 -0.9623389 0.04956495 0.2672961 -0.9320062 -0.2469569 -0.2652862 -0.6667379 -0.1805343 -0.7230961 -0.3497092 -0.0963521 -0.9318904 -0.1895033 -0.05251175 -0.9804749 -0.08378082 -0.03997617 -0.9956821 -0.001360952 -0.001255035 -0.9999983 0.08082348 0.03718709 -0.9960346 0.1806687 0.08369189 -0.9799769 0.333261 0.1545799 -0.9300764 0.9271998 0.2542986 -0.2750142 0.6263679 0.2919936 -0.7227746 0.8738021 0.410215 0.2611393 0.6263691 0.2919949 0.7227731 0.333261 0.1545796 0.9300765 0.1806677 0.08369112 0.979977 0.0808236 0.03718721 0.9960345 -0.001360714 -0.001254916 0.9999983 -0.08378118 -0.03997635 0.995682 -0.1844843 -0.08745324 0.978937 -0.3390601 -0.1603754 0.9269942 -0.6344461 -0.2977249 0.7133288 -0.8763123 -0.4071982 0.2574226 -0.876321 -0.4072014 -0.2573882 -0.6344621 -0.2977319 -0.7133118 -0.3390452 -0.1603686 -0.9270007 -0.1844815 -0.08745265 -0.9789375 -0.07546287 -0.01490247 -0.9970373 0.007465958 0.002858042 -0.9999681 0.09176599 0.02091771 -0.995561 0.1965661 0.04331594 -0.9795334 0.3615338 0.07804095 -0.9290871 0.8738022 0.4102151 -0.2611384 0.6880879 0.1397667 -0.7120395 0.9484091 0.1803249 0.2607741 0.6880749 0.1397616 0.7120532 0.3615375 0.0780431 0.9290856 0.1965641 0.04331499 0.9795339 0.09176582 0.02091729 0.995561 0.0074656 0.002857923 0.9999681 -0.07546359 -0.01490288 0.9970372 -0.1751421 -0.03614032 0.9838796 -0.3270559 -0.06810188 0.9425479 -0.6338171 -0.1331585 0.7619349 -0.9371815 -0.1996513 0.2860599 -0.9371837 -0.1996525 -0.2860519 -0.633826 -0.133163 -0.7619268 -0.3270585 -0.06810277 -0.942547 -0.1751404 -0.03613907 -0.9838801 0.008859932 -0.01007908 -0.99991 0.09083527 -0.05920279 -0.9941047 0.1923117 -0.1200906 -0.9739581 0.3488383 -0.2107086 -0.9131888 0.6422624 -0.3503518 -0.6817278 0.8680931 -0.4317855 -0.244899 0.9484132 0.1803282 -0.2607572 0.8680931 -0.431785 0.2449004 0.6422628 -0.3503515 0.6817275 0.3488395 -0.2107098 0.9131882 0.1923051 -0.1200842 0.9739603 0.09083753 -0.05920493 0.9941043 0.008859992 -0.01007902 0.99991 -0.0716024 0.03745424 0.9967299 -0.1675506 0.09279823 0.9814863 -0.3112324 0.1728245 0.9344871 -0.5869846 0.3244956 0.7417222 -0.8442377 0.4645492 -0.2673143 -0.5869821 0.3244982 -0.741723 -0.3112439 0.1728374 -0.9344809 -0.167553 0.09280121 -0.9814856 -0.07160162 0.03745347 -0.9967299 0.001381993 -0.007713139 -0.9999694 0.07192486 -0.1136518 -0.9909139 0.1554499 -0.2391424 -0.9584604 0.2721993 -0.4121205 -0.8695196 0.4486736 -0.6546762 -0.6083512 0.563335 -0.8025252 -0.1964868 0.563337 -0.8025326 0.1964505 0.4487002 -0.6547214 0.6082829 0.2722095 -0.4121392 0.8695074 0.1554549 -0.2391541 0.9584566 0.07192313 -0.1136491 0.9909142 0.00138241 -0.007713675 0.9999694 -0.06898003 0.09744322 0.9928478 -0.1520482 0.2207581 0.963404 -0.2682663 0.3926287 0.8797023 -0.8442447 0.464558 0.2672765 -0.4383954 0.6530637 0.617509 -0.5429577 0.8169063 -0.1945793 -0.4383943 0.6530646 -0.6175088 -0.2682605 0.3926213 -0.8797073 -0.1520497 0.2207586 -0.9634037 -0.06898075 0.09744447 -0.9928476 8.622e-5 -0.003879368 -0.9999925 0.06162399 -0.1358404 -0.9888124 0.1329557 -0.2889013 -0.9480817 0.2271896 -0.4897499 -0.8417423 0.352262 -0.747098 -0.5636987 0.422669 -0.8898404 -0.1718576 0.4226767 -0.889855 0.1717637 0.3522891 -0.7471534 0.5636082 0.2271967 -0.4897657 0.8417313 0.1329578 -0.2889056 0.9480801 0.06162327 -0.135839 0.9888127 8.63096e-5 -0.003879249 0.9999925 -0.06147754 0.1278201 0.9898902 -0.132906 0.280263 0.950678 -0.2271769 0.4819108 0.8462581 -0.5429615 0.8169181 0.1945189 -0.3481911 0.7476893 0.5654413 -0.4143682 0.8939758 -0.1706056 -0.3481786 0.747663 -0.5654838 -0.227185 0.4819262 -0.8462471 -0.1329116 0.2802754 -0.9506735 -0.06148427 0.127834 -0.989888 -8.39427e-5 -0.001915752 -0.9999982 0.05602788 -0.1461153 -0.9876797 0.1203783 -0.311548 -0.9425746 0.2030258 -0.52329 -0.8276159 0.3059782 -0.7824026 -0.5424236 0.3602988 -0.9187778 -0.1613453 0.3602946 -0.9187678 0.1614113 0.3059681 -0.782377 0.5424664 0.2030361 -0.5233158 0.8275972 0.1203836 -0.3115621 0.9425694 0.05602633 -0.1461114 0.9876804 -8.50335e-5 -0.001912951 0.9999982 -0.05623239 0.1422094 0.988238 -0.1206663 0.3074752 0.9438743 -0.203302 0.5198966 0.8296843 -0.4143728 0.8939865 0.1705384 -0.3039529 0.7827032 0.5431284 -0.3566122 0.9202877 -0.1609297 -0.3039727 0.7827523 -0.5430465 -0.2033129 0.5199239 -0.8296645 -0.1206681 0.3074797 -0.9438726 -0.05623126 0.1422064 -0.9882386 -5.36404e-5 -8.21139e-4 -0.9999997 0.05322235 -0.1506534 -0.9871529 0.1139934 -0.3215912 -0.9399919 0.1910288 -0.5379617 -0.8210391 0.2839339 -0.7969421 -0.5331652 0.3317294 -0.930178 -0.1572409 0.3317276 -0.9301725 0.1572774 0.2839215 -0.7969059 0.5332257 0.1910238 -0.5379463 0.8210504 0.1139981 -0.3216044 0.9399868 0.05322217 -0.150653 0.9871531 -5.32659e-5 -8.22123e-4 0.9999997 -0.05335599 0.1490132 0.9873946 -0.1141603 0.3198978 0.9405493 -0.1911584 0.5365628 0.8219239 -0.3566077 0.9202776 0.1609973 -0.2831249 0.7971995 0.5332105 -0.3302685 0.9307599 -0.1568718 -0.2831112 0.7971608 -0.5332757 -0.191171 0.5365973 -0.8218985 -0.1141712 0.3199281 -0.9405376 -0.0533598 0.1490241 -0.9873928 -2.62124e-6 7.30659e-6 -1 0.05240464 -0.1514925 -0.9870683 0.1121076 -0.3240814 -0.9393632 0.1874142 -0.54178 -0.8193597 0.2771973 -0.8013227 -0.5301355 0.3229402 -0.9335546 -0.1555166 0.322941 -0.9335579 0.1554952 0.2771978 -0.8013258 0.5301305 0.1874131 -0.5417773 0.8193618 0.1121057 -0.3240761 0.9393653 0.05240577 -0.1514958 0.9870677 -3.10312e-6 8.79749e-6 1 -0.05240291 0.1514869 0.9870693 -0.1121022 0.324067 0.9393687 -0.1874486 0.5418784 0.8192868 -0.3302717 0.9307685 0.1568139 -0.2771835 0.8012825 0.5302034 -0.322931 0.9335255 -0.1557105 -0.2771671 0.8012349 -0.5302842 -0.1874406 0.5418552 -0.819304 -0.1120986 0.3240568 -0.9393728 -0.05239993 0.1514784 -0.9870707 6.28599e-5 7.96207e-4 -0.9999998 0.05335897 -0.1490216 -0.9873933 0.1141782 -0.3199479 -0.9405301 0.191194 -0.5366545 -0.8218557 0.2831001 -0.797124 -0.5333365 0.3302624 -0.9307464 -0.1569647 0.3302606 -0.9307404 0.157004 0.2830971 -0.797115 0.5333513 0.1912035 -0.5366817 0.8218358 0.1141836 -0.319963 0.9405242 0.05335962 -0.1490232 0.987393 6.30125e-5 7.95838e-4 0.9999998 -0.05321609 0.1506365 0.9871559 -0.1139649 0.3215107 0.9400229 -0.1910014 0.5378829 0.8210972 -0.3229344 0.9335355 0.1556441 -0.2839976 0.7971283 0.5328527 -0.331754 0.9302415 -0.1568122 -0.284011 0.7971652 -0.5327903 -0.1909986 0.5378755 -0.8211026 -0.1139609 0.3214996 -0.9400271 -0.05322003 0.1506477 -0.987154 8.12131e-5 0.001923263 -0.9999982 0.05623441 -0.1422154 -0.9882371 0.1206655 -0.3074665 -0.9438772 0.2032479 -0.5197556 -0.8297858 0.3039177 -0.7826102 -0.5432822 0.3566069 -0.920286 -0.1609514 0.3566081 -0.920288 0.1609368 0.3039218 -0.7826195 0.5432663 0.2032535 -0.5197698 0.8297756 0.1206669 -0.307469 0.9438763 0.05622959 -0.1422039 0.988239 8.01334e-5 0.001926004 0.9999982 -0.05604076 0.1461519 0.9876736 -0.1203932 0.3115848 0.9425606 -0.2030091 0.5232381 0.8276529 -0.3317505 0.9302327 0.1568727 -0.3059207 0.782274 0.5426416 -0.3602913 0.918757 -0.1614803 -0.3059284 0.7822973 -0.5426039 -0.2030037 0.5232229 -0.8276638 -0.1204006 0.3116041 -0.9425534 -0.05604243 0.1461564 -0.9876728 -8.20367e-5 0.003869652 -0.9999926 0.06148147 -0.1278271 -0.9898891 0.1328728 -0.280198 -0.9507019 0.22718 -0.4819117 -0.8462567 0.3482269 -0.7477569 -0.5653297 0.4143693 -0.8939937 -0.1705089 0.4143666 -0.8939912 0.1705284 0.3482236 -0.7477567 0.5653321 0.2271723 -0.4818969 0.8462673 0.1328743 -0.2802007 0.9507008 0.06148284 -0.1278287 0.9898888 -8.12736e-5 0.003868103 0.9999926 -0.06162756 0.1358487 0.988811 -0.1329289 0.28884 0.9481041 -0.2272137 0.4898128 0.8416992 -0.3602874 0.9187445 0.1615607 -0.3523535 0.7472838 0.563395 -0.4226833 0.8898864 -0.1715841 -0.3523544 0.7472853 -0.5633926 -0.2272099 0.4898027 -0.841706 -0.1329278 0.2888357 -0.9481056 -0.06162983 0.1358535 -0.9888102 -0.001390874 0.00772655 -0.9999692 0.0689767 -0.09743589 -0.9928487 0.1520584 -0.2207599 -0.963402 0.2682487 -0.3926224 -0.8797104 0.4384678 -0.6531572 -0.6173586 0.5429641 -0.8169229 -0.1944916 0.5429611 -0.8169155 0.1945316 0.4384629 -0.6531479 0.6173719 0.2682594 -0.3926333 0.8797022 0.1520648 -0.2207666 0.9633995 0.06897896 -0.09743922 0.9928483 -0.001390635 0.007726311 0.9999693 -0.07192325 0.113652 0.9909139 -0.1554345 0.2391237 0.9584675 -0.2721763 0.4120866 0.8695429 -0.4226813 0.8898835 0.1716037 -0.4486473 0.6546302 0.6084201 -0.5633341 0.8025326 -0.1964592 -0.4486572 0.6546451 -0.6083968 -0.2721711 0.4120772 -0.869549 -0.1554362 0.2391266 -0.9584666 -0.07192134 0.1136487 -0.9909144 -0.00886923 0.01009243 -0.9999098 0.07157278 -0.03738164 -0.9967347 0.1675227 -0.09257644 -0.981512 0.311203 -0.1723682 -0.9345812 0.5871456 -0.3235658 -0.7420009 0.8449191 -0.4632342 -0.2674433 0.8449195 -0.4632377 0.2674361 0.5871357 -0.3235545 0.7420136 0.3111942 -0.1723597 0.9345856 0.1675239 -0.09257823 0.9815116 0.07157415 -0.03738272 0.9967345 -0.008868336 0.01009142 0.9999098 -0.0908184 0.05923575 0.9941042 -0.1922418 0.1202288 0.9739549 -0.3486974 0.211072 0.9131587 -0.5633285 0.8025256 0.1965038 -0.6419093 0.3511904 0.6816288 -0.8674916 0.4330367 -0.2448216 -0.6418901 0.351173 -0.681656 -0.3486994 0.2110751 -0.9131572 -0.1922473 0.1202356 -0.973953 -0.09081625 0.05923402 -0.9941045 -0.002855539 -5.36018e-5 -0.999996 0.08093982 0.001013338 -0.9967185 0.1828902 0.00240755 -0.9831304 0.3404858 0.004651725 -0.9402382 0.660923 0.0093441 -0.7503955 0.9595413 0.01389485 -0.281225 0.9595413 0.01389271 0.2812251 0.6609232 0.009344518 0.7503954 0.3404859 0.004654705 0.9402381 0.1828902 0.002408027 0.9831304 0.08093976 0.001013338 0.9967185 -0.002855479 -5.36124e-5 0.999996 -0.08717018 -0.001046717 0.996193 -0.1910529 -0.002203285 0.9815773 -0.3537453 -0.003982186 0.9353334 -0.8674948 0.4330438 0.2447979 -0.6819879 -0.0074656 0.7313255 -0.9625254 -0.01033085 -0.2709946 -0.681988 -0.007467806 -0.7313253 -0.3537452 -0.003982424 -0.9353334 -0.1910529 -0.002203822 -0.9815773 -0.0871703 -0.001046717 -0.9961929 -0.07407444 0.0163061 -0.9971195 0.008565545 -0.003757774 -0.9999563 0.0927748 -0.02451819 -0.9953852 0.1976748 -0.05054587 -0.9789637 0.3629162 -0.09083431 -0.927384 0.6883637 -0.1600582 -0.7074863 0.9444079 -0.2030965 0.2585452 0.6883478 -0.1600471 0.7075043 0.3629175 -0.09083497 0.9273834 0.1976773 -0.05054748 0.978963 0.09277564 -0.0245186 0.9953852 0.008565187 -0.003757536 0.9999563 -0.07407379 0.01630574 0.9971196 -0.1731457 0.03985667 0.9840894 -0.3236592 0.07470387 0.9432201 -0.6270864 0.1447581 0.7653807 -0.9328442 0.2166637 0.2878518 -0.9625254 -0.01032847 0.2709948 -0.932846 0.2166666 -0.2878441 -0.6270882 0.1447585 -0.7653793 -0.3236595 0.07470327 -0.9432201 -0.1731478 0.03985792 -0.984089 0.003234088 -0.006721258 -0.9999722 0.08169001 -0.07770973 -0.9936237 0.1768143 -0.1640262 -0.9704805 0.3179263 -0.2908322 -0.9024077 0.5617029 -0.4944682 -0.6633182 0.7414152 -0.6308827 -0.2286716 0.9444117 -0.2031038 -0.2585258 0.7414054 -0.6308771 0.2287186 0.5616803 -0.494452 0.6633495 0.3179343 -0.2908384 0.9024029 0.1768136 -0.164025 0.9704807 0.08168733 -0.07770603 0.9936242 0.003232896 -0.006719827 0.9999723 -0.07473468 0.06336647 0.9951882 -0.1681035 0.146573 0.9748116 -0.3058623 0.2683482 0.9134755 -0.5444286 0.4842821 0.6848856 -0.7224351 0.651293 -0.2321747 -0.5444138 0.4842727 -0.684904 -0.3058619 0.268349 -0.9134754 -0.1681019 0.1465724 -0.9748119 -0.07473403 0.06336581 -0.9951882 9.42494e-4 -0.00452584 -0.9999894 0.07275736 -0.1054658 -0.9917577 0.1579559 -0.2254301 -0.9613695 0.2778763 -0.3934072 -0.8763649 0.4597802 -0.6384311 -0.6172584 0.5776106 -0.7915177 -0.1996644 0.5776015 -0.7915043 0.1997434 0.4597457 -0.6383881 0.6173286 0.2778744 -0.3934039 0.8763671 0.1579556 -0.2254287 0.9613698 0.07275706 -0.1054654 0.9917578 9.42428e-4 -0.004525661 0.9999894 -0.07076388 0.09589505 0.992873 -0.1556888 0.2143583 0.9642673 -0.2752667 0.3810166 0.8826408 -0.722441 0.6512953 0.2321501 -0.4540336 0.6363524 0.6236258 -0.5661549 0.799969 -0.1987924 -0.4540562 0.6363835 -0.6235777 -0.275276 0.3810303 -0.882632 -0.1556852 0.2143529 -0.9642691 -0.07076579 0.09589707 -0.9928727 2.60209e-4 -0.002538084 -0.9999968 0.06713181 -0.119893 -0.9905146 0.1455105 -0.2575798 -0.9552379 0.2522045 -0.4444635 -0.859561 0.4017548 -0.701031 -0.5891933 0.4907588 -0.8516531 -0.1839641 0.4907568 -0.8516465 0.1840008 0.4017363 -0.7009949 0.5892488 0.2521944 -0.4444441 0.859574 0.1455112 -0.2575811 0.9552375 0.06712907 -0.119888 0.9905153 2.60391e-4 -0.002538263 0.9999969 -0.06659978 0.1145727 0.9911799 -0.144955 0.251586 0.9569183 -0.2517238 0.4384644 0.862777 -0.5661516 0.7999631 0.1988257 -0.3991331 0.7008747 0.5911577 -0.4849579 0.8551421 -0.183161 -0.3991511 0.7009017 -0.5911135 -0.2517224 0.4384663 -0.8627765 -0.1449649 0.251603 -0.9569123 -0.06660366 0.1145796 -0.9911789 6.11523e-5 -0.001124322 -0.9999994 0.06406623 -0.1266217 -0.98988 0.1386175 -0.272866 -0.9520133 0.238339 -0.4682434 -0.8508483 0.3724067 -0.7285363 -0.5749332 0.4487527 -0.8760963 -0.1762853 0.4487496 -0.8760903 0.1763224 0.3723983 -0.7285192 0.5749602 0.2383407 -0.4682463 0.8508461 0.138619 -0.2728695 0.9520121 0.06406712 -0.1266236 0.9898797 6.00878e-5 -0.001122176 0.9999994 -0.06395298 0.1242905 0.9901828 -0.1385278 0.2703045 0.9527569 -0.2382757 0.4657784 0.8522179 -0.484952 0.8551364 0.1832028 -0.3712592 0.7285484 0.5756595 -0.4463083 0.8774013 -0.1760002 -0.3712553 0.7285474 -0.5756634 -0.2382792 0.4657851 -0.8522132 -0.1385251 0.270298 -0.9527592 -0.06395059 0.1242856 -0.9901836 -5.19472e-7 9.66458e-7 -1 0.06308108 -0.1279441 -0.9897733 0.1363923 -0.2766397 -0.9512454 0.2339919 -0.474594 -0.8485332 0.363067 -0.7363847 -0.5708939 0.4354555 -0.8832042 -0.1741527 0.4354526 -0.8832027 0.1741668 0.36306 -0.7363753 0.5709106 0.2339925 -0.4745942 0.8485327 0.1363979 -0.2766509 0.9512413 0.06308346 -0.127949 0.9897726 -4.36716e-7 7.43689e-7 1 -0.0630753 0.1279328 0.9897751 -0.1363958 0.2766458 0.9512431 -0.2339922 0.4745934 0.8485334 -0.4463114 0.8774031 0.175983 -0.3630887 0.7364314 0.57082 -0.4354633 0.8832185 -0.1740604 -0.363085 0.7364212 -0.5708354 -0.2340087 0.4746256 -0.8485108 -0.1364004 0.2766557 -0.9512395 -0.06307423 0.1279313 -0.9897754 -6.4271e-5 0.001129686 -0.9999995 0.06394994 -0.1242834 -0.9901839 0.1385179 -0.2702817 -0.9527648 0.2382881 -0.4657989 -0.8522031 0.3712442 -0.7285221 -0.5757026 0.446307 -0.8773963 -0.1760279 0.4463049 -0.8773894 0.1760672 0.3712259 -0.7284852 0.5757609 0.238277 -0.4657787 0.8522173 0.1385205 -0.2702869 0.9527629 0.06395047 -0.1242844 0.9901838 -6.47372e-5 0.00113064 0.9999994 -0.06406635 0.1266211 0.9898802 -0.1386024 0.2728356 0.9520243 -0.238326 0.4682134 0.8508684 -0.4354663 0.8832262 0.1740139 -0.3724129 0.7285497 0.5749123 -0.4487481 0.8760929 -0.1763132 -0.372411 0.7285455 -0.5749188 -0.2383151 0.4681922 -0.8508832 -0.1386011 0.2728329 -0.9520252 -0.06406342 0.1266152 -0.989881 -2.59059e-4 0.002536237 -0.9999967 0.06660699 -0.1145856 -0.9911779 0.1449486 -0.2515791 -0.9569211 0.2516986 -0.438425 -0.8628044 0.3991377 -0.7008859 -0.5911413 0.4849641 -0.8551601 -0.1830605 0.48496 -0.8551502 0.1831176 0.3991215 -0.700855 0.591189 0.2517048 -0.4384358 0.8627971 0.144956 -0.2515915 0.9569167 0.06660664 -0.1145846 0.9911781 -2.59956e-4 0.002537846 0.9999969 -0.06714135 0.1199088 0.990512 -0.145506 0.2575726 0.9552405 -0.252192 0.4444451 0.8595743 -0.4487462 0.8760891 0.1763373 -0.4017789 0.701058 0.5891447 -0.4907617 0.8516594 -0.1839274 -0.4017619 0.7010256 -0.5891948 -0.2521942 0.4444479 -0.8595722 -0.1455076 0.257576 -0.9552394 -0.06714266 0.1199117 -0.9905115 -9.4259e-4 0.004525125 -0.9999894 0.07075929 -0.09588879 -0.9928739 0.1556943 -0.2143628 -0.9642655 0.2752755 -0.3810364 -0.8826295 0.4541168 -0.6364753 -0.6234397 0.5661763 -0.8000027 -0.1985954 0.566172 -0.7999948 0.1986395 0.4541078 -0.6364637 0.6234583 0.2752799 -0.381046 0.8826239 0.1556921 -0.2143587 0.9642668 0.07075881 -0.09588783 0.992874 -9.42895e-4 0.004525601 0.9999894 -0.07274746 0.1054514 0.99176 -0.1579669 0.2254475 0.9613636 -0.2778665 0.3933881 0.8763768 -0.4907666 0.8516695 0.1838681 -0.4597651 0.6384032 0.6172984 -0.5775993 0.7915162 -0.199703 -0.4597691 0.6384151 -0.6172832 -0.2778713 0.3933979 -0.8763708 -0.1579689 0.2254513 -0.9613624 -0.07274949 0.1054545 -0.9917595 -0.0032323 0.006720364 -0.9999723 0.07472568 -0.06336063 -0.9951893 0.1681209 -0.1465852 -0.9748068 0.3058754 -0.268356 -0.9134689 0.5443664 -0.4842267 -0.6849743 0.7224126 -0.6512764 -0.2322914 0.7224159 -0.6512811 0.2322678 0.5443763 -0.4842386 0.6849581 0.3058829 -0.268366 0.9134634 0.1681231 -0.1465879 0.974806 0.07472687 -0.06336134 0.9951891 -0.0032323 0.006720542 0.9999722 -0.08169251 0.07771033 0.9936234 -0.1767959 0.1640033 0.9704877 -0.3179758 0.2908766 0.9023759 -0.5776008 0.7915144 0.1997053 -0.561596 0.4944142 0.663449 -0.7413755 0.6308388 -0.2289211 -0.5616065 0.4944151 -0.6634395 -0.317969 0.290868 -0.902381 -0.1767925 0.1639993 -0.970489 -0.08169263 0.07771086 -0.9936234 -0.008568942 0.00375837 -0.9999563 0.07407659 -0.01630693 -0.9971193 0.1731432 -0.03985297 -0.98409 0.3236622 -0.07469063 -0.9432201 0.6272008 -0.1447677 -0.7652853 0.932902 -0.2166417 -0.2876806 0.932902 -0.2166421 0.2876805 0.6272042 -0.1447708 0.7652819 0.3236655 -0.07469236 0.9432188 0.1731438 -0.03985291 0.98409 0.07407647 -0.01630687 0.9971193 -0.00856918 0.00375849 0.9999563 -0.09277647 0.02451699 0.9953851 -0.1976668 0.05054688 0.9789652 -0.362945 0.09083503 0.9273726 -0.7413693 0.63084 0.2289378 -0.6884282 0.1600511 0.7074251 -0.9444229 0.2030947 -0.2584918 -0.6884168 0.1600479 -0.707437 -0.3629434 0.09083437 -0.9273734 -0.1976656 0.05054682 -0.9789655 -0.09277594 0.02451664 -0.9953852 -0.08638256 -0.02053207 -0.9960505 -0.002565383 -0.001088321 -0.9999961 0.08077508 0.0182771 -0.9965649 0.1820774 0.0418182 -0.9823946 0.3382162 0.07804393 -0.9378268 0.6511767 0.1515338 -0.7436441 0.9356023 0.2203258 0.2758712 0.6511744 0.1515335 0.7436461 0.3382127 0.07804423 0.937828 0.1820769 0.0418182 0.9823947 0.0807752 0.0182774 0.9965648 -0.002565145 -0.001088142 0.9999961 -0.08638209 -0.02053189 0.9960505 -0.1894561 -0.04440754 0.9808846 -0.3500951 -0.08151566 0.9331606 -0.6699602 -0.153515 0.7263515 -0.9401812 -0.2112993 0.2672305 -0.9444258 0.2030967 0.2584799 -0.9401786 -0.2112987 -0.2672402 -0.6699534 -0.1535158 -0.7263576 -0.3500978 -0.08151954 -0.9331592 -0.1894565 -0.0444082 -0.9808844 -0.08062678 -0.01778239 -0.9965858 0.002681314 0.001126766 -0.9999958 0.08648461 0.02023947 -0.9960477 0.1895601 0.04383778 -0.98089 0.3502356 0.08062982 -0.9331848 0.9356021 0.2203274 -0.2758705 0.6702164 0.152042 -0.726425 0.9405851 0.2093139 0.2673712 0.6702147 0.1520409 0.7264267 0.3502401 0.08063095 0.9331831 0.1895607 0.04383838 0.9808899 0.08648478 0.02023965 0.9960476 0.002681314 0.001126885 0.9999958 -0.08062654 -0.01778262 0.9965858 -0.1818971 -0.04065048 0.982477 -0.3379458 -0.07574403 0.9381128 -0.6510551 -0.1470543 0.7446491 -0.9368326 -0.2141938 0.2765248 -0.9368354 -0.2141954 -0.2765136 -0.6510605 -0.1470567 -0.7446439 -0.3379436 -0.07574439 -0.9381136 -0.1818973 -0.04065018 -0.982477 -0.08245605 -0.00504893 -0.996582 0.00135076 1.5384e-4 -0.9999991 0.08541524 0.005390465 -0.9963309 0.1886303 0.01183795 -0.9819768 0.3496619 0.02190732 -0.9366198 0.9405865 0.2093147 -0.267366 0.675381 0.04205441 -0.7362689 0.9600709 0.05926871 0.2734067 0.6753823 0.04205465 0.7362678 0.3496619 0.02190649 0.9366198 0.1886302 0.01183789 0.9819769 0.08541512 0.005390346 0.9963309 0.0013507 1.53892e-4 0.9999991 -0.08246093 -0.005048692 0.9965816 -0.1847465 -0.01137673 0.9827204 -0.3433673 -0.02117139 0.9389626 -0.6653238 -0.04119771 0.7454174 -0.9586206 -0.05976545 0.278343 -0.9586206 -0.05976283 -0.2783433 -0.6653234 -0.04119372 -0.745418 -0.3433792 -0.02117055 -0.9389582 -0.1847531 -0.01137763 -0.9827191 -0.08315974 0.001655757 -0.9965349 7.35122e-4 -2.68455e-5 -0.9999998 0.0847662 -0.001712977 -0.9963994 0.1878207 -0.003782153 -0.9821962 0.3484138 -0.007007896 -0.9373146 0.9600704 0.0592674 -0.2734084 0.6738189 -0.01351112 -0.738773 0.9612964 -0.0191887 0.2748473 0.6738183 -0.01351046 0.7387737 0.3484137 -0.007007062 0.9373148 0.1878206 -0.003782391 0.9821961 0.08476626 -0.001712977 0.9963994 7.35086e-4 -2.68092e-5 0.9999998 -0.08315974 0.001655638 0.9965349 -0.1856909 0.003710389 0.9826012 -0.3449977 0.006902933 0.9385782 -0.6683544 0.0134145 0.7437221 -0.9605188 0.01935464 0.2775412 -0.9605186 0.01935315 -0.2775419 -0.6683538 0.01341259 -0.7437227 -0.3449978 0.006902635 -0.9385782 -0.1856906 0.003710567 -0.9826014 3.99473e-4 -4.70193e-5 -1 0.08436888 -0.005477547 -0.9964196 0.1872427 -0.01213502 -0.9822387 0.3474447 -0.02250409 -0.9374305 0.6718258 -0.04344028 -0.7394343 0.9594197 -0.0618872 -0.2751071 0.9612966 -0.01918822 -0.274847 0.9594187 -0.06188845 0.27511 0.6718234 -0.04344111 0.7394365 0.3474442 -0.02250343 0.9374306 0.1872422 -0.01213473 0.9822389 0.08436882 -0.005477607 0.9964196 3.99464e-4 -4.70623e-5 1 -0.08349281 0.005375266 0.9964939 -0.1860921 0.01200294 0.982459 -0.3455884 0.02230209 0.9381212 -0.668865 0.04322767 0.7421261 -0.958988 0.06211882 -0.2765562 -0.6688659 0.04322832 -0.7421252 -0.345587 0.02230232 -0.9381216 -0.1860917 0.01200288 -0.9824591 -0.08349287 0.005375325 -0.9964939 1.7697e-4 -2.81674e-5 -1 0.084086 -0.007361233 -0.9964314 0.1868669 -0.01634526 -0.9822493 0.3467523 -0.03032398 -0.9374665 0.6703868 -0.05858165 -0.7396958 0.9577839 -0.08360832 -0.2750632 0.9577838 -0.08360856 0.2750636 0.6703856 -0.05858075 0.7396969 0.3467511 -0.03032296 0.9374669 0.1868671 -0.01634538 0.9822493 0.08408582 -0.007361233 0.9964314 1.76858e-4 -2.80881e-5 1 -0.08371466 0.007300853 0.9964631 -0.1863487 0.01626449 0.982349 -0.3459332 0.03019946 0.9377731 -0.9589878 0.06211864 0.276557 -0.6690172 0.05844604 0.7409453 -0.9575584 0.08373785 -0.2758081 -0.6690137 0.05844587 -0.7409486 -0.3459312 0.03019988 -0.9377738 -0.1863483 0.01626467 -0.9823491 -0.08371442 0.007300794 -0.9964631 -1.51515e-6 0 -1 0.08389538 -0.007918953 -0.9964431 0.186586 -0.01761233 -0.9822807 0.3462393 -0.032682 -0.9375768 0.6693466 -0.06318134 -0.7402589 0.9570741 -0.09033817 -0.2754055 0.9570749 -0.09033703 0.275403 0.6693489 -0.06318116 0.7402569 0.3462396 -0.03268265 0.9375767 0.1865864 -0.01761239 0.9822807 0.08389556 -0.007919013 0.9964432 -1.48209e-6 0 1 -0.08389163 0.007918775 0.9964435 -0.1865924 0.01761287 0.9822796 -0.3462782 0.03268587 0.9375624 -0.9575591 0.08373802 0.2758054 -0.6693755 0.06318587 0.7402325 -0.957075 0.09034276 -0.2754012 -0.6693723 0.06318539 -0.7402353 -0.3462783 0.03268611 -0.9375622 -0.1865925 0.01761287 -0.9822796 -0.08389186 0.007918775 -0.9964435 -1.74167e-4 2.8138e-5 -1 0.08371073 -0.007300615 -0.9964634 0.1863548 -0.01626533 -0.9823479 0.3459129 -0.03019821 -0.9377806 0.668911 -0.05844032 -0.7410418 0.9575281 -0.08374357 -0.2759116 0.9575282 -0.08374112 0.2759115 0.6689111 -0.05843818 0.7410418 0.3459122 -0.03019881 0.9377808 0.1863549 -0.01626551 0.9823479 0.0837109 -0.007300555 0.9964634 -1.74194e-4 2.81217e-5 1 -0.08409482 0.007361769 0.9964306 -0.1868643 0.0163452 0.9822498 -0.3467087 0.03032183 0.9374826 -0.9570761 0.09034353 0.2753968 -0.6702781 0.05857568 0.7397948 -0.9577526 0.08360856 -0.2751719 -0.6702775 0.05857527 -0.7397953 -0.3467091 0.03032046 -0.9374825 -0.1868647 0.01634532 -0.9822497 -0.08409476 0.007361769 -0.9964306 -3.96399e-4 4.67296e-5 -1 0.08349943 -0.005375564 -0.9964933 0.1860851 -0.01200234 -0.9824604 0.3455772 -0.02230262 -0.9381253 0.6689423 -0.04323542 -0.7420559 0.9590162 -0.06212252 -0.2764577 0.9590168 -0.06212365 0.2764553 0.668943 -0.04323619 0.7420552 0.3455775 -0.02230179 0.9381251 0.1860849 -0.01200193 0.9824604 0.08349937 -0.005375683 0.9964933 -3.96479e-4 4.67449e-5 1 -0.08436238 0.005477547 0.9964201 -0.1872385 0.0121352 0.9822396 -0.3474448 0.02250307 0.9374305 -0.9577529 0.08360755 0.2751713 -0.6718323 0.04343998 0.7394285 -0.9594224 0.06188803 -0.2750976 -0.6718318 0.04343938 -0.7394289 -0.3474449 0.02250325 -0.9374304 -0.1872383 0.01213502 -0.9822396 -0.08436238 0.005477428 -0.9964202 -7.33778e-4 2.66812e-5 -0.9999998 0.08315622 -0.001655459 -0.9965353 0.1856862 -0.00371021 -0.9826021 0.3450267 -0.006901919 -0.9385675 0.6683769 -0.01341062 -0.7437019 0.9605187 -0.01935058 -0.2775419 0.9605184 -0.01935058 0.2775432 0.6683772 -0.01341062 0.7437017 0.3450269 -0.006902277 0.9385675 0.185686 -0.003710567 0.9826022 0.08315616 -0.001655459 0.9965353 -7.33816e-4 2.66824e-5 0.9999998 -0.08476626 0.00171262 0.9963995 -0.1878089 0.003781139 0.9821983 -0.3484026 0.007007479 0.9373189 -0.9594225 0.06188875 0.275097 -0.6739712 0.01351326 0.7386341 -0.9613527 0.01918482 -0.2746507 -0.6739714 0.01351308 -0.7386339 -0.3484029 0.007007241 -0.9373188 -0.187809 0.003780722 -0.9821983 -0.0847662 0.001712381 -0.9963995 -0.08541083 -0.00538975 -0.9963313 -0.001352488 -1.53902e-4 -0.9999992 0.08245557 0.005048155 -0.996582 0.184731 0.0113765 -0.9827233 0.3433842 0.02117228 -0.9389564 0.6652808 0.041193 -0.745456 0.9585948 0.0597676 0.2784311 0.6652809 0.04119348 0.745456 0.3433843 0.02117246 0.9389564 0.1847313 0.01137644 0.9827233 0.08245569 0.005048334 0.996582 -0.001352548 -1.53924e-4 0.9999991 -0.08541077 -0.005389809 0.9963313 -0.1886492 -0.01183813 0.9819732 -0.3496562 -0.02190774 0.9366219 -0.6753541 -0.04206174 0.7362932 -0.9600686 -0.0592693 0.2734145 -0.9613525 0.01918476 0.2746515 -0.9600685 -0.05926936 -0.273415 -0.675354 -0.04206049 -0.7362933 -0.3496563 -0.02190691 -0.9366219 -0.1886495 -0.01183849 -0.9819732 -0.08650386 -0.02031642 -0.9960443 -0.002688109 -0.001139104 -0.9999958 0.08064478 0.01776415 -0.9965847 0.181912 0.0405364 -0.9824789 0.3380749 0.07543104 -0.9380914 0.9585947 0.05976772 -0.2784318 0.6513593 0.1462786 -0.7445359 0.9371375 0.2128882 0.2764996 0.6513612 0.1462787 0.7445341 0.3380748 0.07542937 0.9380916 0.1819112 0.04053491 0.9824792 0.08064466 0.01776385 0.9965846 -0.002688169 -0.001138925 0.9999958 -0.08650416 -0.02031713 0.9960443 -0.1895971 -0.04406285 0.9808729 -0.3503467 -0.08112293 0.9331004 -0.6702318 -0.1529557 0.726219 -0.9403464 -0.2104939 0.2672845 -0.9403479 -0.2104938 -0.2672795 -0.6702357 -0.1529566 -0.7262151 -0.3503454 -0.08112299 -0.9331009 -0.1895961 -0.04406237 -0.980873 -0.08642423 -0.06431806 -0.9941802 -0.005572021 -0.007940828 -0.999953 0.07437825 0.04704964 -0.9961196 0.1702488 0.1118158 -0.9790366 0.3137161 0.2069112 -0.9266985 0.937137 0.2128879 -0.2765016 0.5795224 0.3855441 -0.7179899 0.8027355 0.5402634 0.2524507 0.5795325 0.3855471 0.7179802 0.3137166 0.2069131 0.9266979 0.1702468 0.1118158 0.9790369 0.07437813 0.04704982 0.9961196 -0.00557208 -0.007940888 0.999953 -0.0864247 -0.06431812 0.9941801 -0.1855102 -0.1338489 0.9734837 -0.3360189 -0.2378591 0.9113256 -0.6102569 -0.4072497 0.6795103 -0.8208478 -0.5178377 0.2409424 -0.8208468 -0.5178356 -0.2409497 -0.6102508 -0.4072456 -0.6795182 -0.336021 -0.2378636 -0.9113236 -0.1855091 -0.1338484 -0.973484 -0.06999248 -0.126398 -0.9895073 -0.001760661 -0.01274818 -0.9999173 0.06636005 0.09960341 -0.9928119 0.1465898 0.2299054 -0.9621096 0.2580614 0.4084395 -0.8755465 0.8027311 0.5402644 -0.2524625 0.4175757 0.67404 -0.6093444 0.5145621 0.8362663 0.1894325 0.4175733 0.6740418 0.6093441 0.2580661 0.4084446 0.8755428 0.1465905 0.2299067 0.9621093 0.06635928 0.09960275 0.992812 -0.001761019 -0.01274871 0.9999173 -0.06999188 -0.1263967 0.9895076 -0.1504969 -0.2603225 0.9537206 -0.2621217 -0.4400889 0.8588446 -0.431451 -0.6776138 0.5955583 -0.5420597 -0.8181837 0.1916948 -0.5420605 -0.8181868 -0.1916794 -0.4314592 -0.6776281 -0.5955361 -0.2621224 -0.4400869 -0.8588453 -0.1504932 -0.260315 -0.9537232 -0.04765486 -0.1661406 -0.98495 9.23556e-4 -0.007968008 -0.9999679 0.0495795 0.1499713 -0.9874464 0.1048691 0.3286515 -0.938611 0.173631 0.5520973 -0.8155005 0.5145657 0.8362663 -0.1894223 0.2501149 0.8155857 -0.5217878 0.2891839 0.9452685 0.1511306 0.2501117 0.8155707 0.521813 0.1736302 0.5520971 0.8155008 0.104871 0.3286546 0.9386098 0.0495789 0.1499692 0.9874468 9.23123e-4 -0.007969141 0.9999679 -0.04765605 -0.1661445 0.9849492 -0.1028048 -0.3448336 0.9330172 -0.1725244 -0.5643772 0.8072879 -0.2596372 -0.814033 0.5195564 -0.3038063 -0.9404346 0.1525931 -0.3038079 -0.9404384 -0.1525666 -0.2596395 -0.8140415 -0.5195419 -0.1725224 -0.5643721 -0.8072921 -0.1028043 -0.3448334 -0.9330173 -0.02971839 -0.1845482 -0.9823741 9.58674e-4 -0.004055321 -0.9999914 0.03163236 0.1764237 -0.983806 0.06555438 0.376238 -0.9242011 0.1051037 0.6120708 -0.7837874 0.2891837 0.9452716 -0.1511107 0.1450393 0.8621597 -0.4854319 0.1644615 0.9768428 0.1368601 0.1450406 0.8621687 0.4854158 0.1051048 0.6120854 0.7837758 0.06555449 0.3762411 0.9241999 0.03163176 0.1764206 0.9838065 9.58529e-4 -0.004056394 0.9999914 -0.02971911 -0.1845526 0.9823732 -0.06382691 -0.3841407 0.9210658 -0.104698 -0.6179331 0.7792285 -0.1502128 -0.8629181 0.4825025 -0.1703923 -0.9758446 0.1367256 -0.1703927 -0.9758435 -0.1367326 -0.1502119 -0.8629115 -0.4825145 -0.1047002 -0.6179497 -0.779215 -0.06382757 -0.3841448 -0.9210641 -0.01647549 -0.1921241 -0.9812324 5.02416e-4 -0.002195835 -0.9999975 0.01745474 0.1876838 -0.9820744 0.035977 0.3957398 -0.9176577 0.05701929 0.6350123 -0.770395 0.164461 0.9768437 -0.1368545 0.0776965 0.8786084 -0.47118 0.08745694 0.9874427 0.1315609 0.07769495 0.8785899 0.4712146 0.05701637 0.6349788 0.7704226 0.03597497 0.3957179 0.9176672 0.01745355 0.1876712 0.9820769 5.02207e-4 -0.002197802 0.9999975 -0.01647555 -0.1921254 0.9812321 -0.03516632 -0.4001702 0.9157658 -0.05697458 -0.6388209 0.7672431 -0.07992762 -0.8800678 0.4680729 -0.08968198 -0.9873045 0.1310989 -0.08968168 -0.9872995 -0.1311371 -0.07992541 -0.8800415 -0.4681228 -0.05697274 -0.6387995 -0.7672609 -0.0351653 -0.4001584 -0.9157711 -0.006621599 -0.194685 -0.9808436 1.66729e-4 -0.001388013 -0.9999991 0.006941497 0.1918265 -0.9814044 0.01431477 0.4027391 -0.9152029 0.02262884 0.643101 -0.765447 0.08745718 0.9874441 -0.1315511 0.03075605 0.8842349 -0.4660289 0.03451436 0.9909383 0.1298083 0.03075546 0.884221 0.4660553 0.02262902 0.6431054 0.7654433 0.01431453 0.402732 0.9152061 0.006941556 0.1918281 0.981404 1.66635e-4 -0.001390278 0.9999991 -0.00662142 -0.1946786 0.9808448 -0.01406461 -0.4056988 0.9138987 -0.0226444 -0.6457886 0.7631806 -0.03145855 -0.8855748 0.4634304 -0.03518861 -0.9909919 0.1292168 -0.03518867 -0.990991 -0.1292231 -0.03145909 -0.8855862 -0.4634088 -0.02264547 -0.6458191 -0.7631547 -0.01406508 -0.405713 -0.9138923 0.001023471 -0.1949747 -0.9808077 -2.08739e-5 -0.001074135 -0.9999995 -0.001066684 0.1927923 -0.981239 -0.002208411 0.4042317 -0.9146541 -0.003494501 0.6447052 -0.7644234 0.0345146 0.9909445 -0.1297602 -0.004760026 0.8853846 -0.4648349 -0.005334734 0.9915948 0.1292724 -0.004760503 0.8853839 0.4648364 -0.003494501 0.6447059 0.7644227 -0.002208232 0.4042321 0.9146538 -0.001066684 0.1927922 0.981239 -2.08678e-5 -0.001074254 0.9999995 0.00102353 -0.1949754 0.9808076 0.002164423 -0.4065394 0.9136308 0.00347048 -0.6468486 0.7626107 0.004804253 -0.8864962 0.4627112 0.005366146 -0.9916557 0.1288032 0.005366086 -0.9916557 -0.1288033 0.004804491 -0.8864961 -0.4627113 0.00347042 -0.6468486 -0.7626106 0.002164065 -0.4065396 -0.9136306 -1.22732e-4 -9.33441e-4 -0.9999996 -0.007546842 0.1921633 -0.981334 -0.01564002 0.4029703 -0.9150794 -0.02479743 0.6432118 -0.7652868 -0.03383177 0.8843324 -0.4656303 -0.03793925 0.9908495 -0.1295302 -0.005334556 0.9915949 -0.1292719 -0.03793907 0.9908443 0.1295704 -0.03383064 0.8843035 0.4656854 -0.0247966 0.6431885 0.7653062 -0.01564002 0.4029706 0.9150793 -0.00754708 0.1921685 0.981333 -1.22701e-4 -9.34124e-4 0.9999996 0.007307767 -0.1941083 0.9809529 0.01543641 -0.4049971 0.9141877 0.02476495 -0.6450147 0.7637689 0.03427278 -0.8851497 0.4640426 0.03834652 -0.9908676 -0.1292713 0.03427356 -0.8851683 -0.4640069 0.02476477 -0.6450101 -0.7637729 0.01543641 -0.4049966 -0.9141879 0.007307827 -0.1941095 -0.9809527 -1.86331e-4 -9.42806e-4 -0.9999996 -0.01320666 0.1906062 -0.9815778 -0.0274226 0.4000416 -0.9160867 -0.04359412 0.6397966 -0.767307 -0.0596503 0.8817577 -0.4679156 -0.06695806 0.9891775 -0.1305544 -0.06695806 0.9891777 0.1305532 -0.05964964 0.8817487 0.4679327 -0.04359382 0.6397944 0.7673088 -0.02742379 0.4000595 0.9160789 -0.01320683 0.1906087 0.9815773 -1.8632e-4 -9.43113e-4 0.9999996 0.0128389 -0.1925073 0.9812116 0.02711296 -0.4020414 0.91522 0.04353767 -0.6414353 0.7659409 0.03834623 -0.9908616 0.129317 0.06036955 -0.8824298 0.4665545 0.06764847 -0.9891656 -0.1302888 0.06036996 -0.8824351 -0.4665445 0.04353922 -0.6414571 -0.7659225 0.02711325 -0.4020455 -0.9152182 0.0128386 -0.1925033 -0.9812124 -2.45493e-4 -0.001041114 -0.9999995 -0.0185998 0.1881653 -0.9819613 -0.03870594 0.3956871 -0.9175695 -0.0617029 0.6344601 -0.7704889 -0.08474278 0.8778145 -0.4714451 -0.09529948 0.9866852 -0.1317968 -0.09529924 0.9866837 0.1318079 -0.08474314 0.8778198 0.471435 -0.06170368 0.6344679 0.7704825 -0.03870415 0.3956694 0.9175772 -0.01859903 0.1881578 0.9819627 -2.45619e-4 -0.001039564 0.9999995 0.01811218 -0.190253 0.981568 0.03827196 -0.3976919 0.9167206 0.06162643 -0.6363053 0.7689719 0.06764853 -0.9891667 0.1302799 0.08576482 -0.8785366 0.4699128 0.09630429 -0.9866175 -0.1315734 0.08576631 -0.8785517 -0.4698842 0.06162512 -0.6362918 -0.7689833 0.03827065 -0.397678 -0.9167267 0.01811194 -0.19025 -0.9815686 -3.24639e-4 -0.00128746 -0.9999991 -0.0242753 0.1845123 -0.9825304 -0.05061316 0.3890498 -0.9198253 -0.08102512 0.6266643 -0.7750658 -0.1118373 0.8721429 -0.4762975 -0.1260848 0.9829776 -0.1336327 -0.1260838 0.9829706 0.133685 -0.111834 0.8721181 0.4763438 -0.08102506 0.6266641 0.775066 -0.05061346 0.3890517 0.9198245 -0.02427583 0.184517 0.9825295 -3.25161e-4 -0.001283407 0.9999992 0.02363413 -0.1871507 0.9820469 0.05003583 -0.3916196 0.9187659 0.0808621 -0.6286006 0.7735132 0.09630376 -0.9866122 0.1316133 0.1132767 -0.8726243 0.4750739 0.1275987 -0.9827941 -0.1335455 0.1132763 -0.8726201 -0.4750816 0.08086252 -0.6286038 -0.7735106 0.05003505 -0.3916127 -0.9187688 0.02363502 -0.1871574 -0.9820456 -4.44252e-4 -0.001866519 -0.9999982 -0.03096699 0.1787467 -0.9834077 -0.0647332 0.3786992 -0.9232533 -0.1042121 0.6141126 -0.7823079 -0.144909 0.8627738 -0.4843787 -0.1640728 0.9769259 -0.1367334 -0.1640725 0.9769235 0.1367505 -0.1449053 0.8627495 0.4844231 -0.1042085 0.6140922 0.7823244 -0.06473553 0.3787139 0.9232471 -0.03096836 0.1787541 0.9834063 -4.44912e-4 -0.001862764 0.9999982 0.03007447 -0.1825064 0.9827447 0.06389927 -0.3823529 0.9218043 0.103944 -0.616838 0.7801966 0.1275991 -0.9827976 0.133519 0.1471648 -0.8631446 0.4830362 0.1666473 -0.9764973 -0.1366811 0.1471678 -0.8631619 -0.4830044 0.1039482 -0.6168631 -0.7801761 0.06390213 -0.3823708 -0.9217968 0.03007572 -0.1825141 -0.9827432 6.51349e-4 0.002660274 -0.9999963 -0.02814298 0.184808 -0.9823716 -0.05999225 0.3859643 -0.920561 -0.09772187 0.6210534 -0.7776525 -0.1386955 0.8661343 -0.4801824 -0.1568511 0.9782661 -0.1356216 -0.1568502 0.9782606 0.1356622 -0.1386909 0.8661051 0.4802362 -0.09771865 0.6210317 0.7776701 -0.05999243 0.3859636 0.9205613 -0.02814388 0.1848124 0.9823708 6.51416e-4 0.002659559 0.9999963 0.02950936 -0.1794422 0.9833259 0.06142491 -0.3806523 0.922676 0.09859889 -0.6168837 0.7808539 0.1666471 -0.9764947 0.1367006 0.1363812 -0.8651182 0.4826705 0.154371 -0.9786031 -0.136036 0.1363832 -0.8651283 -0.4826517 0.09859806 -0.616877 -0.7808592 0.0614233 -0.3806437 -0.9226796 0.02950859 -0.179439 -0.9833266 7.60601e-4 0.004490971 -0.9999896 -0.009610831 0.196963 -0.9803639 -0.02109062 0.4072798 -0.9130598 -0.03473788 0.6466528 -0.7619931 -0.04965364 0.8853344 -0.4622962 -0.0555675 0.990043 -0.129334 -0.05556672 0.9900425 0.1293379 -0.04965293 0.885334 0.4622969 -0.03473681 0.6466511 0.7619947 -0.02108979 0.4072855 0.9130574 -0.009610891 0.1969715 0.9803621 7.60641e-4 0.004491448 0.9999896 0.011114 -0.1877871 0.9821469 0.02240222 -0.3978221 0.9171891 0.03504127 -0.6381469 0.7691169 0.1543704 -0.9786016 0.1360468 0.04699349 -0.8814718 0.4698927 0.05317103 -0.9900047 -0.1306279 0.04699313 -0.8814563 -0.4699217 0.03504139 -0.6381366 -0.7691255 0.02240169 -0.3978109 -0.917194 0.01111382 -0.1877844 -0.9821474 -0.01211559 -0.1890572 -0.9818913 -5.43894e-4 0.002927243 -0.9999957 0.01100778 0.1950435 -0.9807328 0.02369672 0.4050179 -0.9140017 0.03852438 0.6444488 -0.7636764 0.05428683 0.8841335 -0.46407 0.06074965 0.9896916 0.1296918 0.05428737 0.8841432 0.4640514 0.03852456 0.6444517 0.763674 0.0236963 0.4050124 0.9140042 0.01100707 0.1950309 0.9807353 -5.43933e-4 0.002925813 0.9999957 -0.01211518 -0.1890507 0.9818927 -0.02476227 -0.3988589 0.9166779 -0.03903758 -0.6390051 0.7682113 -0.05280196 -0.8816656 0.4689114 -0.05950808 -0.9896484 0.1305944 0.05317097 -0.9900093 0.1305934 -0.05950832 -0.9896528 -0.1305616 -0.05280327 -0.8816879 -0.4688693 -0.0390374 -0.6389985 -0.7682169 -0.02476125 -0.3988441 -0.9166844 -0.02554845 -0.1828802 -0.9828032 -5.58259e-4 0.002226591 -0.9999974 0.02441585 0.1873831 -0.9819834 0.05197829 0.3912445 -0.9188177 0.08435761 0.6276705 -0.7738951 0.0607497 0.9896892 -0.1297105 0.1189717 0.8715184 -0.4757115 0.1341273 0.9818842 0.1338408 0.1189707 0.8715099 0.4757273 0.0843591 0.6276831 0.7738847 0.0519765 0.3912314 0.9188234 0.02441519 0.1873782 0.9819844 -5.58685e-4 0.002223372 0.9999974 -0.0255478 -0.1828755 0.9828042 -0.05305582 -0.3867524 0.9206562 -0.08481204 -0.6242046 0.7766437 -0.1167432 -0.8705894 0.4779595 -0.1317979 -0.9821499 0.1342045 -0.1317973 -0.9821461 -0.1342337 -0.1167393 -0.8705607 -0.4780127 -0.08480858 -0.6241801 -0.7766638 -0.05305629 -0.3867565 -0.9206544 -0.03287607 -0.1772913 -0.9836091 -3.3214e-4 0.001451909 -0.999999 0.03219133 0.1801983 -0.9831035 0.06828337 0.378401 -0.9231198 0.1111141 0.6121563 -0.7828911 0.1341283 0.9818899 -0.1337977 0.1573694 0.8596195 -0.4860959 0.1784816 0.9742358 0.1378735 0.1573681 0.8596128 0.4861084 0.1111106 0.6121367 0.7829068 0.06828272 0.3783965 0.9231217 0.03219205 0.1802027 0.9831026 -3.31991e-4 0.001452744 0.9999989 -0.03287476 -0.1772842 0.9836105 -0.06896412 -0.3755514 0.9242322 -0.1114204 -0.6099399 0.7845756 -0.1557688 -0.8593274 0.4871268 -0.1766186 -0.9745704 0.1379078 -0.1766194 -0.9745739 -0.1378819 -0.1557691 -0.8593278 -0.4871259 -0.111415 -0.60991 -0.7845996 -0.06896269 -0.3755441 -0.9242354 -0.03651064 -0.1740701 -0.9840562 -1.48826e-4 6.9311e-4 -0.9999998 0.03620529 0.1754761 -0.9838178 0.07669323 0.3700937 -0.9258234 0.1250625 0.6020205 -0.788626 0.1784816 0.9742355 -0.1378757 0.1776706 0.8520482 -0.4923892 0.2021958 0.9692758 0.1400759 0.1776725 0.8520572 0.4923729 0.1250625 0.6020206 0.7886257 0.07669389 0.3700972 0.9258219 0.03620356 0.1754677 0.9838194 -1.48551e-4 6.94398e-4 0.9999998 -0.03650891 -0.1740618 0.9840578 -0.0770049 -0.3687124 0.9263485 -0.125231 -0.6010321 0.7893527 -0.1768806 -0.8519622 0.4928221 -0.2012178 -0.9694728 0.1401216 -0.2012184 -0.9694761 -0.1400973 -0.1768837 -0.8519775 -0.4927947 -0.1252301 -0.6010276 -0.7893564 -0.07700365 -0.3687075 -0.9263505 -0.0375235 -0.1734316 -0.9841309 7.26321e-7 3.26115e-6 -1 0.03752744 0.1734486 -0.9841277 0.0793724 0.3668513 -0.9268874 0.129451 0.5983073 -0.7907408 0.2021949 0.969272 -0.1401046 0.1837759 0.8493877 -0.4947395 0.2093572 0.9676192 0.1410064 0.1837795 0.8494045 0.4947093 0.1294525 0.5983147 0.7907348 0.07937031 0.3668419 0.9268913 0.03752666 0.173445 0.9841284 6.11169e-7 2.73508e-6 1 -0.03752261 -0.1734272 0.9841316 -0.07937467 -0.3668627 0.9268826 -0.1294532 -0.5983194 0.7907312 -0.183788 -0.8494433 0.4946395 -0.2093583 -0.9676257 0.1409593 -0.2093575 -0.9676207 -0.1409956 -0.1837831 -0.8494203 -0.4946807 -0.1294524 -0.5983154 -0.7907344 -0.07937663 -0.3668723 -0.9268787 -0.03620541 -0.1754773 -0.9838176 1.48416e-4 -6.95442e-4 -0.9999998 0.03650587 0.1740469 -0.9840605 0.07699918 0.3686843 -0.9263601 0.1252254 0.601004 -0.789375 0.2093566 0.9676167 -0.141024 0.1768937 0.8520257 -0.4927078 0.2012203 0.9694805 0.1400648 0.1768941 0.8520274 0.4927046 0.1252264 0.6010108 0.7893697 0.07700222 0.3686993 0.9263539 0.0365073 0.1740536 0.9840593 1.48995e-4 -6.92653e-4 0.9999998 -0.03620505 -0.1754754 0.9838179 -0.07668948 -0.3700773 0.9258302 -0.1250658 -0.6020375 0.7886124 -0.1776623 -0.8520115 0.4924557 -0.2021905 -0.9692551 0.1402269 -0.2021901 -0.9692538 -0.1402372 -0.1776618 -0.8520113 -0.4924562 -0.1250658 -0.6020379 -0.7886121 -0.07668805 -0.3700699 -0.9258332 -0.03219324 -0.1802085 -0.9831016 3.32228e-4 -0.001452505 -0.9999989 0.03287184 0.1772691 -0.9836133 0.06895303 0.3754913 -0.9242575 0.1114223 0.6099522 -0.7845659 0.2012201 0.9694793 -0.1400729 0.1557753 0.8593596 -0.4870679 0.1766188 0.9745822 0.137824 0.1557763 0.8593651 0.4870582 0.1114217 0.6099499 0.7845677 0.06895387 0.3754954 0.9242558 0.03287142 0.177267 0.9836137 3.32415e-4 -0.001451492 0.9999989 -0.03219383 -0.180212 0.9831009 -0.06828916 -0.3784268 0.9231088 -0.1111104 -0.6121376 0.7829062 -0.15737 -0.8596094 0.4861136 -0.17848 -0.9742397 0.1378483 -0.178481 -0.974245 -0.1378087 -0.1573759 -0.8596398 -0.4860581 -0.1111118 -0.6121465 -0.782899 -0.06828629 -0.3784106 -0.9231156 -0.02441072 -0.187337 -0.9819924 5.57834e-4 -0.002230167 -0.9999974 0.02554726 0.1828691 -0.9828054 0.05306172 0.3867914 -0.9206394 0.08480304 0.6241582 -0.7766821 0.1766183 0.9745792 -0.1378456 0.1167367 0.8705598 -0.478015 0.131803 0.9821549 0.1341633 0.1167392 0.8705798 0.4779778 0.0848053 0.6241741 0.776669 0.05305951 0.3867748 0.9206465 0.02554613 0.1828613 0.9828069 5.58121e-4 -0.002227962 0.9999974 -0.02441161 -0.1873442 0.9819911 -0.05196863 -0.3911675 0.918851 -0.08436709 -0.6277294 0.7738463 -0.1189773 -0.871524 0.4757001 -0.1341258 -0.9818705 0.1339426 -0.1341263 -0.9818743 -0.1339149 -0.1189768 -0.8715215 -0.4757044 -0.08436435 -0.6277065 -0.7738652 -0.05196833 -0.3911657 -0.918852 -0.01100969 -0.1950704 -0.9807274 5.43481e-4 -0.002930521 -0.9999957 0.01211553 0.1890637 -0.9818901 0.02476578 0.3989028 -0.9166588 0.03903287 0.6389444 -0.7682622 0.1318026 0.9821535 -0.1341735 0.05280572 0.8816592 -0.468923 0.0595057 0.9896638 0.1304789 0.05280601 0.8816619 0.4689179 0.03903168 0.6389316 0.7682728 0.02476531 0.3988993 0.9166604 0.01211607 0.1890677 0.9818894 5.43198e-4 -0.002935707 0.9999956 -0.01100939 -0.1950638 0.9807288 -0.02369832 -0.4050527 0.9139862 -0.03853106 -0.6444096 0.7637091 -0.05428302 -0.8841011 0.4641321 -0.06074917 -0.9896889 0.1297129 -0.06074965 -0.989692 -0.129689 -0.05428344 -0.8841096 -0.4641162 -0.03853178 -0.6444204 -0.7637001 -0.02369987 -0.4050807 -0.9139738 0.009618222 -0.1969605 -0.9803643 -7.58048e-4 -0.004488587 -0.9999896 -0.0110976 0.1878097 -0.9821428 -0.02235215 0.3978988 -0.917157 -0.03494608 0.6382108 -0.7690682 0.05950558 0.9896613 -0.1304973 -0.04683637 0.8815195 -0.4698189 -0.0529884 0.9900299 0.1305106 -0.04683506 0.881519 0.46982 -0.03494518 0.6382088 0.7690699 -0.02235168 0.3978993 0.9171568 -0.01109713 0.1878087 0.9821429 -7.58043e-4 -0.004488527 0.9999897 0.009617805 -0.1969613 0.9803641 0.02112436 -0.4072817 0.9130584 0.03481364 -0.6466585 0.7619849 0.04979264 -0.885398 0.4621592 0.05574262 -0.9900544 0.1291706 0.0557422 -0.9900504 -0.1292018 0.0497924 -0.8853837 -0.4621868 0.03481453 -0.6466669 -0.7619777 0.02112519 -0.4072955 -0.9130521 -0.001133322 -0.004955947 -0.9999871 -0.03385841 0.1735855 -0.9842367 -0.07024192 0.3716285 -0.9257205 -0.1129323 0.6065827 -0.7869585 -0.1562291 0.8582926 -0.4888009 -0.1775822 0.9743741 -0.1380566 -0.052989 0.9900299 -0.13051 -0.1775822 0.9743742 0.1380564 -0.1562274 0.858282 0.4888202 -0.1129282 0.6065624 0.7869749 -0.07024168 0.3716284 0.9257206 -0.03385931 0.1735903 0.9842358 -0.001133382 -0.004955649 0.9999871 0.03150385 -0.1835934 0.9824973 0.06780815 -0.3815274 0.9218672 0.1115798 -0.6141749 0.7812421 0.1611616 -0.8594031 0.4852352 0.1832743 -0.9733494 -0.1378461 0.161163 -0.8594121 -0.485219 0.1115784 -0.6141684 -0.7812475 0.06780767 -0.381523 -0.921869 0.03150463 -0.1835985 -0.9824964 -3.05462e-4 -0.00194019 -0.9999981 -0.04449522 0.1629114 -0.985637 -0.09424555 0.348309 -0.9326301 -0.1549635 0.5753614 -0.8030851 -0.2222333 0.8317396 -0.5087452 -0.2550965 0.9557642 -0.1464264 -0.2550963 0.955762 0.1464413 -0.2222298 0.8317252 0.5087702 -0.1549615 0.5753544 0.8030904 -0.09424722 0.3483151 0.9326276 -0.04449594 0.1629137 0.9856365 -3.0529e-4 -0.001940906 0.9999982 0.04383343 -0.1668856 0.9850015 0.09345817 -0.3523696 0.9311828 0.1542847 -0.5784895 0.8009659 0.1832737 -0.973347 0.1378642 0.2239297 -0.8317221 0.5080295 0.2576172 -0.9550446 -0.1467081 0.2239303 -0.8317238 -0.5080265 0.1542917 -0.5785158 -0.8009454 0.09346199 -0.352384 -0.931177 0.04383438 -0.1668894 -0.9850007 -2.18253e-4 -0.001907646 -0.9999982 -0.04939442 0.1552248 -0.9866436 -0.1051492 0.3332701 -0.9369497 -0.1744973 0.5554233 -0.8130533 -0.2540174 0.8147109 -0.521269 -0.2937847 0.9437561 -0.1517077 -0.2937834 0.9437538 0.151724 -0.2540171 0.8147125 0.5212665 -0.174504 0.5554438 0.8130379 -0.1051511 0.333277 0.936947 -0.04939395 0.1552232 0.9866439 -2.17698e-4 -0.001909375 0.9999982 0.0489251 -0.1591124 0.9860475 0.1046059 -0.3372416 0.9355885 0.1740875 -0.558528 0.8110117 0.2576178 -0.9550476 0.1466882 0.2560681 -0.8145282 0.5205507 0.2970175 -0.942716 -0.1518798 0.2560659 -0.8145216 -0.5205622 0.1740903 -0.5585386 -0.8110038 0.1046031 -0.3372321 -0.9355922 0.04892414 -0.1591091 -0.9860481 -1.27863e-4 -0.001776933 -0.9999985 -0.05355459 0.1477764 -0.9875698 -0.1145501 0.3183975 -0.9410108 -0.1918255 0.5350714 -0.8227404 -0.283674 0.7965676 -0.5338627 -0.3307909 0.9305519 -0.1570053 -0.3307889 0.9305451 0.1570495 -0.2836672 0.796548 0.5338955 -0.1918302 0.535084 0.8227311 -0.1145523 0.3184033 0.9410086 -0.05355256 0.1477711 0.9875707 -1.28163e-4 -0.001776039 0.9999985 0.0532667 -0.1514117 0.9870346 0.1141791 -0.3221647 0.939773 0.1914926 -0.5381594 0.8208015 0.2970188 -0.9427208 0.151847 0.2854884 -0.796333 0.5332449 0.3339474 -0.9293606 -0.1573789 0.2854802 -0.7963088 -0.5332854 0.1914835 -0.5381341 -0.8208203 0.1141768 -0.3221579 -0.9397755 0.05326724 -0.1514132 -0.9870344 -5.73624e-5 -0.001528382 -0.9999989 -0.05693137 0.1410782 -0.9883602 -0.1222562 0.3047611 -0.9445497 -0.2063937 0.5159454 -0.8313857 -0.3097816 0.7787215 -0.545553 -0.3641719 0.9171095 -0.1621387 -0.3641735 0.9171125 0.1621187 -0.3097825 0.7787226 0.5455512 -0.206386 0.515926 0.8313996 -0.1222519 0.3047502 0.9445538 -0.05693006 0.1410752 0.9883607 -5.78149e-5 -0.001527309 0.9999989 0.0567919 -0.1442233 0.9879142 0.1220516 -0.308098 0.943493 0.2061592 -0.518777 0.82968 0.333948 -0.9293641 0.1573565 0.3112711 -0.7784588 0.5450801 0.3670315 -0.9158968 -0.1625456 0.3112739 -0.7784672 -0.5450664 0.2061584 -0.5187748 -0.8296815 0.1220514 -0.3080972 -0.9434934 0.05679225 -0.1442242 -0.987914 -7.21047e-6 -0.001216471 -0.9999993 -0.05952548 0.1355125 -0.9889859 -0.1282129 0.2932139 -0.9474107 -0.2178866 0.499346 -0.8385578 -0.3312972 0.7625586 -0.5556498 -0.3923599 0.9045822 -0.166688 -0.3923587 0.9045793 0.1667069 -0.3312898 0.7625415 0.5556777 -0.2178785 0.4993276 0.8385708 -0.1282087 0.2932043 0.9474143 -0.05952543 0.1355124 0.9889859 -7.33114e-6 -0.001216053 0.9999994 0.05949604 -0.1380324 0.9886392 0.1281446 -0.2959449 0.9465704 0.2177703 -0.5017657 0.8371424 0.3670307 -0.9158943 0.1625617 0.33243 -0.7623391 0.5552742 0.3947108 -0.9034688 -0.1671752 0.3324251 -0.7623295 -0.5552904 0.2177687 -0.5017617 -0.8371452 0.1281441 -0.2959442 -0.9465708 0.05949503 -0.1380302 -0.9886395 1.535e-5 -8.55813e-4 -0.9999997 -0.06136846 0.1313701 -0.9894321 -0.1324962 0.2845153 -0.9494714 -0.2262372 0.4865186 -0.8438699 -0.3474769 0.7495073 -0.5634702 -0.4140312 0.8941804 -0.1703515 -0.4140293 0.8941771 0.1703736 -0.3474657 0.7494836 0.5635087 -0.2262269 0.4864963 0.8438856 -0.1324929 0.2845078 0.949474 -0.06136673 0.1313663 0.9894328 1.56207e-5 -8.56308e-4 0.9999997 0.06139218 -0.1331508 0.9891926 0.1324867 -0.286448 0.9488914 0.2262027 -0.4883111 0.8428432 0.3947122 -0.9034709 0.1671601 0.3483205 -0.7495026 0.5629553 0.4157456 -0.8933499 -0.1705336 0.3483118 -0.7494833 -0.5629864 0.2262029 -0.4883124 -0.8428424 0.1324855 -0.2864447 -0.9488926 0.06139338 -0.1331534 -0.9891921 1.90123e-5 -4.78465e-4 -1 -0.06252074 0.1288639 -0.9896895 -0.1351465 0.2790283 -0.9507254 -0.2314621 0.4782622 -0.8471662 -0.3578622 0.7406861 -0.5686113 -0.4282264 0.8869785 -0.1728911 -0.4282278 0.8869825 0.1728678 -0.3578726 0.7407106 0.5685729 -0.2314674 0.4782735 0.8471584 -0.1351419 0.2790187 0.9507289 -0.06251931 0.1288608 0.98969 1.90643e-5 -4.78644e-4 1 0.0625531 -0.1298557 0.9895579 0.135151 -0.2800868 0.9504134 0.2314563 -0.4792798 0.8465926 0.4157488 -0.8933565 0.1704911 0.3583304 -0.7407082 0.5682876 0.4291902 -0.8864909 -0.173002 0.3583201 -0.7406854 -0.5683237 0.2314521 -0.4792707 -0.8465988 0.1351512 -0.2800869 -0.9504134 0.06255424 -0.129858 -0.9895575 3.3994e-6 -8.44406e-5 -1 -0.06300705 0.1280489 -0.9897645 -0.1362437 0.2769703 -0.9511704 -0.2336388 0.4750314 -0.8483856 -0.3623887 0.7370254 -0.5704979 -0.4344722 0.883754 -0.1738187 -0.4344713 0.8837513 0.1738345 -0.3623851 0.7370187 0.5705091 -0.2336347 0.4750246 0.8483906 -0.1362394 0.2769622 0.9511734 -0.06300777 0.1280505 0.9897642 3.68258e-6 -8.49689e-5 1 0.06301069 -0.1282196 0.9897422 0.1362364 -0.2771438 0.9511209 0.2336539 -0.4752443 0.8482623 0.4291923 -0.8864966 0.1729676 0.3624313 -0.7369496 0.5705689 0.4346299 -0.8836354 -0.1740276 0.362428 -0.7369434 -0.5705791 0.233658 -0.4752517 -0.848257 0.1362318 -0.2771339 -0.9511245 0.06300991 -0.1282179 -0.9897424 -1.25993e-5 2.95523e-4 -1 -0.06284493 0.128901 -0.9896641 -0.1358347 0.2783191 -0.9508351 -0.2328064 0.4767727 -0.8476372 -0.3609486 0.7384061 -0.5696249 -0.432667 0.8846915 -0.1735525 -0.4326686 0.8846951 0.1735299 -0.3609511 0.7384105 0.5696178 -0.2328012 0.4767615 0.8476451 -0.1358364 0.2783221 0.950834 -0.06284701 0.1289054 0.9896634 -1.21646e-5 2.94634e-4 1 0.06282716 -0.128296 0.9897439 0.1358271 -0.2776561 0.95103 0.2328363 -0.4761984 0.8479518 0.4346324 -0.8836401 0.1739963 0.3606463 -0.7383693 0.569864 0.4320605 -0.8849915 -0.1735336 0.3606466 -0.7383698 -0.5698633 0.2328296 -0.4761852 -0.8479611 0.1358225 -0.2776474 -0.9510332 0.06282627 -0.1282941 -0.9897442 -1.73986e-5 6.48213e-4 -0.9999998 -0.06204402 0.1313384 -0.9893942 -0.1339752 0.2829399 -0.9497345 -0.2291285 0.4833357 -0.8449181 -0.3538414 0.7446123 -0.5659936 -0.4231734 0.8895774 -0.1719776 -0.4231709 0.8895722 0.1720108 -0.3538377 0.7446042 0.5660066 -0.2291356 0.4833505 0.8449078 -0.1339741 0.2829378 0.9497354 -0.06204193 0.131334 0.9893949 -1.74506e-5 6.48335e-4 0.9999999 0.06200993 -0.1299797 0.9895758 0.133963 -0.2814593 0.9501762 0.2291519 -0.4819784 0.8456869 0.4320599 -0.8849902 0.1735416 0.3532406 -0.744688 0.5662693 0.4218726 -0.8902488 -0.1716991 0.353235 -0.7446762 -0.5662883 0.2291536 -0.4819819 -0.8456844 0.1339619 -0.281457 -0.9501769 0.06201183 -0.1299837 -0.9895752 -6.69404e-6 9.69458e-4 -0.9999995 -0.06059956 0.1352025 -0.9889631 -0.1306588 0.2904826 -0.9479178 -0.2226391 0.4941022 -0.8404136 -0.3415031 0.7550867 -0.5596606 -0.4066697 0.8977947 -0.1690699 -0.406672 0.8978 0.1690359 -0.3415085 0.7550994 0.5596401 -0.222638 0.4940996 0.8404154 -0.1306615 0.2904886 0.9479156 -0.06059926 0.135202 0.9889632 -6.11837e-6 9.6822e-4 0.9999995 0.06059598 -0.1331747 0.9892385 0.1307094 -0.2882747 0.9485847 0.2227318 -0.4920187 0.8416105 0.421875 -0.8902541 0.1716664 0.3406496 -0.7550569 0.5602205 0.404884 -0.8986374 -0.1688785 0.3406482 -0.7550554 -0.5602233 0.222726 -0.4920061 -0.8416193 0.1307089 -0.2882736 -0.948585 0.06059354 -0.1331692 -0.9892393 1.32808e-4 0.003269433 -0.9999947 -0.05635207 0.146739 -0.9875688 -0.1211338 0.3114276 -0.9425177 -0.2046085 0.5223377 -0.8278277 -0.3098121 0.7799926 -0.5437169 -0.3658452 0.9164046 -0.1623576 -0.365844 0.9164016 0.1623767 -0.3098091 0.7799846 0.5437301 -0.2046121 0.522347 0.8278209 -0.1211359 0.311433 0.9425156 -0.05635172 0.1467379 0.987569 1.32294e-4 0.003270685 0.9999947 0.05668359 -0.1399821 0.9885303 0.1216663 -0.3042251 0.9447987 0.2052747 -0.51609 0.8315729 0.4048833 -0.8986344 0.1688963 0.3069505 -0.7802478 0.5449723 0.36026 -0.9187492 -0.1615936 0.3069501 -0.7802449 -0.5449768 0.2052769 -0.5160972 -0.8315679 0.1216691 -0.3042319 -0.9447961 0.05668342 -0.1399817 -0.9885303 7.42174e-4 0.005396127 -0.9999852 -0.04559797 0.1670724 -0.9848897 -0.09791153 0.3493206 -0.9318737 -0.1630483 0.5723409 -0.8036425 -0.2411949 0.8236493 -0.5132514 -0.2796726 0.9484015 -0.1493912 -0.2796732 0.9484037 0.1493772 -0.2411993 0.8236648 0.5132245 -0.1630492 0.572347 0.803638 -0.09790897 0.3493117 0.9318773 -0.0455982 0.1670735 0.9848895 7.42532e-4 0.005394935 0.9999852 0.04718267 -0.1560794 0.986617 0.09972327 -0.3382085 0.9357727 0.1643707 -0.5637127 0.8094507 0.36026 -0.91875 0.1615895 0.2356182 -0.8240272 0.5152313 0.2713048 -0.9509329 -0.1487293 0.2356196 -0.8240334 -0.5152208 0.1643759 -0.5637293 -0.8094381 0.09972304 -0.3382073 -0.9357731 0.04718238 -0.1560785 -0.9866172 0.001022994 0.004347741 -0.9999901 -0.03000712 0.1845457 -0.9823658 -0.06449896 0.3838427 -0.9211431 -0.1058844 0.6174419 -0.7794575 -0.1521868 0.8623597 -0.4828819 -0.1727 0.9754151 -0.1368949 -0.1727 0.9754149 0.1368964 -0.1521856 0.8623526 0.4828953 -0.1058814 0.617423 0.779473 -0.06449866 0.3838391 0.9211447 -0.03000819 0.1845523 0.9823645 0.001022934 0.004347801 0.9999901 0.03207397 -0.1757732 0.9839081 0.06647378 -0.3753154 0.9245105 0.1066079 -0.6109903 0.784427 0.2713053 -0.9509348 0.1487162 0.1470992 -0.8613458 0.4862565 0.1669072 -0.9763744 -0.1372408 0.1470995 -0.8613489 -0.4862508 0.1066091 -0.6109959 -0.7844224 0.06647229 -0.3753076 -0.9245138 0.03207415 -0.1757743 -0.9839078 6.12572e-4 0.002863764 -0.9999957 -0.01415967 0.1937815 -0.9809426 -0.03044909 0.4027003 -0.9148254 -0.04953575 0.6415902 -0.7654465 -0.06981843 0.8819589 -0.4661268 -0.07826799 0.9883608 -0.1304498 -0.07826805 0.9883614 0.1304447 -0.06981796 0.8819542 0.4661357 -0.04953545 0.6415855 0.7654505 -0.0304504 0.4027167 0.9148181 -0.01416015 0.1937879 0.9809412 6.12726e-4 0.002861618 0.9999957 0.01534998 -0.1879648 0.9820558 0.03141534 -0.3968024 0.9173664 0.04956221 -0.636528 0.7696596 0.1669074 -0.9763759 0.1372296 0.06715047 -0.8799279 0.470338 0.07564419 -0.9884806 -0.1310881 0.06715041 -0.8799265 -0.4703406 0.04956144 -0.6365196 -0.7696665 0.03141593 -0.3968096 -0.9173632 0.0153501 -0.1879664 -0.9820556 2.11621e-5 0.001901805 -0.9999983 -6.46482e-4 0.195831 -0.9806376 -0.001396834 0.4074228 -0.9132387 -0.002279758 0.6476537 -0.7619314 -0.003201544 0.8869144 -0.4619227 -0.003587722 0.9916841 -0.1286455 -0.003587484 0.9916841 0.1286464 -0.003201186 0.8869143 0.461923 -0.002279579 0.6476542 0.761931 -0.001396477 0.4074227 0.9132387 -6.46287e-4 0.1958308 0.9806376 2.1114e-5 0.001901865 0.9999983 6.67152e-4 -0.1919533 0.9814039 0.001352667 -0.4033954 0.9150248 0.002109289 -0.6439397 0.7650734 0.07564413 -0.9884787 0.1311033 0.002839386 -0.8850104 0.4655628 0.003185987 -0.9915926 -0.1293601 0.00283873 -0.8850097 -0.4655641 0.002108693 -0.6439392 -0.7650738 0.001352488 -0.4033952 -0.9150249 6.6726e-4 -0.1919533 -0.9814039 -0.009688079 -0.191298 -0.9814842 -2.10834e-4 0.001341462 -0.9999991 0.009263038 0.194032 -0.9809516 0.01963376 0.4045317 -0.9143133 0.03157311 0.6443135 -0.7641095 0.04385298 0.8845386 -0.4644013 0.04907304 0.9903657 0.1294903 0.04385334 0.8845382 0.4644019 0.03157407 0.6443252 0.7640997 0.01963335 0.4045263 0.9143157 0.009262859 0.194031 0.9809517 -2.10959e-4 0.001339137 0.9999991 -0.00968784 -0.191293 0.9814852 -0.02002733 -0.4016447 0.9155766 -0.03173094 -0.6417606 0.7662485 -0.04322814 -0.8832671 0.4668732 -0.04853564 -0.9903093 0.1301227 0.003186404 -0.9915928 0.1293588 -0.04853564 -0.9903076 -0.1301354 -0.04322731 -0.8832499 -0.4669057 -0.03173041 -0.64175 -0.7662572 -0.02002805 -0.401659 -0.9155703 -0.01571768 -0.1897507 -0.9817065 -1.70486e-4 7.66847e-4 -0.9999998 0.01537525 0.1912994 -0.9814114 0.03241807 0.3999552 -0.9159612 0.05205041 0.6390393 -0.7674109 0.04907321 0.9903689 -0.1294655 0.07217001 0.8806813 -0.4681795 0.08095407 0.9880805 0.1309336 0.07216912 0.880669 0.4682026 0.05205208 0.6390607 0.7673931 0.03241699 0.3999427 0.9159667 0.01537567 0.1913056 0.9814101 -1.70579e-4 7.66091e-4 0.9999997 -0.0157181 -0.1897551 0.9817057 -0.03272759 -0.3983473 0.9166507 -0.05216169 -0.637764 0.7684637 -0.07158148 -0.8801889 0.4691948 -0.08039659 -0.9881078 0.1310704 -0.08039677 -0.9881097 -0.1310562 -0.07158255 -0.8802019 -0.46917 -0.052163 -0.6377803 -0.7684501 -0.03272777 -0.3983499 -0.9166495 -0.01823884 -0.1890851 -0.9817913 -5.09918e-5 2.17701e-4 -1 0.01813822 0.1895428 -0.981705 0.03808003 0.3970581 -0.9170031 0.06104922 0.6357508 -0.7694764 0.08095479 0.9880895 -0.1308646 0.08449029 0.8784379 -0.470328 0.09490293 0.9867557 0.131555 0.08449149 0.8784504 0.4703044 0.06104761 0.6357344 0.7694901 0.03807991 0.3970572 0.9170036 0.01813811 0.1895413 0.9817053 -5.07171e-5 2.20639e-4 1 -0.0182383 -0.1890793 0.9817925 -0.03817838 -0.3966622 0.9171704 -0.06107664 -0.6353518 0.7698038 -0.0842967 -0.8782567 0.470701 -0.09471923 -0.9867578 0.1316711 -0.09471952 -0.986761 -0.131647 -0.08429712 -0.878261 -0.4706928 -0.06107646 -0.6353496 -0.7698057 -0.03817957 -0.3966748 -0.9171649 -0.01801979 -0.1896016 -0.9816958 6.0391e-5 -2.59059e-4 -1 0.01814061 0.1890848 -0.9817932 0.03795158 0.3966123 -0.9172015 0.06070894 0.6353828 -0.7698072 0.09490233 0.9867492 -0.1316035 0.08376973 0.8783801 -0.4705646 0.09412217 0.9868333 0.1315333 0.08377289 0.8784138 0.4705012 0.06071305 0.635426 0.7697713 0.03795355 0.396633 0.9171923 0.01814091 0.1890879 0.9817926 6.01149e-5 -2.61902e-4 1 -0.01801997 -0.1896032 0.9816955 -0.0378462 -0.397165 0.9169667 -0.06068009 -0.6358212 0.7694475 -0.0840007 -0.8784971 0.470305 -0.09435236 -0.9868128 0.1315231 -0.09435176 -0.986806 -0.1315734 -0.08399814 -0.8784706 -0.470355 -0.06067943 -0.635815 -0.7694528 -0.0378459 -0.3971617 -0.9169681 -0.01564556 -0.1910611 -0.9814535 1.34908e-4 -6.10112e-4 -0.9999999 0.01591426 0.1898307 -0.9816879 0.03317469 0.3983188 -0.916647 0.05290478 0.6375365 -0.7686015 0.09412175 0.9868291 -0.1315655 0.07269757 0.880054 -0.4692761 0.08164113 0.988011 0.131031 0.07269865 0.8800673 0.469251 0.05290609 0.6375527 0.7685881 0.0331766 0.3983414 0.9166371 0.01591509 0.1898403 0.9816861 1.35107e-4 -6.07694e-4 0.9999998 -0.0156461 -0.1910672 0.9814524 -0.03294461 -0.3996349 0.9160823 -0.05285251 -0.6386529 0.7676779 -0.0732128 -0.8804689 0.4684171 -0.08213788 -0.9879882 0.1308921 -0.08213734 -0.987982 -0.130939 -0.07321149 -0.8804502 -0.4684524 -0.05285358 -0.6386622 -0.7676699 -0.03294521 -0.3996422 -0.9160791 -0.01156198 -0.1928212 -0.9811658 1.55214e-4 -8.22769e-4 -0.9999997 0.01186978 0.1911728 -0.9814847 0.0246604 0.4010549 -0.9157221 0.03919076 0.6408491 -0.766666 0.08164089 0.988008 -0.1310531 0.05361491 0.8825039 -0.467239 0.06016343 0.9896642 0.130174 0.05361688 0.8825356 0.4671791 0.03919231 0.6408734 0.7666455 0.02466005 0.4010494 0.9157245 0.01186954 0.1911695 0.9814853 1.54933e-4 -8.27238e-4 0.9999997 -0.01156204 -0.1928222 0.9811657 -0.0243923 -0.4027336 0.9149922 -0.03913974 -0.6424273 0.7653465 -0.05418843 -0.8832041 0.4658478 -0.06070047 -0.9896484 0.1300443 -0.06070017 -0.9896438 -0.13008 -0.05418664 -0.8831753 -0.4659026 -0.03913784 -0.6423963 -0.7653727 -0.02439159 -0.402721 -0.9149978 -0.006173253 -0.1943501 -0.9809129 1.07027e-4 -9.66174e-4 -0.9999995 0.006383061 0.192376 -0.9813005 0.01322054 0.4033391 -0.9149551 0.02095353 0.6437048 -0.7649869 0.06016319 0.9896602 -0.1302047 0.02856677 0.8845981 -0.4654783 0.03203421 0.9910479 0.1296069 0.02856731 0.8846145 0.4654473 0.02095282 0.643683 0.7650054 0.01321971 0.4033157 0.9149655 0.006382822 0.192369 0.9813019 1.07003e-4 -9.66684e-4 0.9999995 -0.006173312 -0.1943526 0.9809123 -0.01304167 -0.4053998 0.9140465 -0.02092289 -0.645526 0.7634516 -0.02895069 -0.8855473 0.4636462 -0.03238826 -0.9910942 0.1291634 -0.03238826 -0.9910951 -0.1291576 -0.02895087 -0.8855526 -0.4636361 -0.02092313 -0.6455334 -0.7634456 -0.01304173 -0.4054017 -0.9140456 0.6839734 -0.1422046 -0.7155126 0.6864771 -7.29966e-4 -0.727151 0.6863456 0.1402677 -0.7136209 0.6832714 0.2951919 -0.6678339 0.6763103 0.4749544 -0.5630478 0.03203403 0.991042 -0.129652 0.6659746 0.6605294 -0.346668 0.6852483 0.7222013 0.09412878 0.6659747 0.6605296 0.3466678 0.6763016 0.4749752 0.5630407 0.6832665 0.2952135 0.6678292 0.6863467 0.1402562 0.713622 0.6864773 -7.29985e-4 0.727151 0.6839753 -0.142185 0.7155147 0.6782986 -0.2987031 0.6713326 0.6683145 -0.4812334 0.5672479 0.6549209 -0.6698542 0.3498198 0.6730725 -0.7333885 0.09547168 0.6730747 -0.7333865 -0.09547197 0.6549209 -0.6698543 -0.3498198 0.6683191 -0.4812222 -0.5672521 0.6782999 -0.2986975 -0.6713339 0.685259 0.7221909 -0.09413027</float_array>
          <technique_common>
            <accessor source="#BezierCurve-mesh-normals-array" count="2398" stride="3">
              <param name="X" type="float"/>
              <param name="Y" type="float"/>
              <param name="Z" type="float"/>
            </accessor>
          </technique_common>
        </source>
        <source id="BezierCurve-mesh-map-0">
          <float_array id="BezierCurve-mesh-map-0-array" count="28752">0 1 0.009259223 0.9545454 0 0.9545454 0 0.0454545 0.009259223 0 0 0 0 0.09090906 0.009259223 0.0454545 0 0.0454545 0 0.1363636 0.009259223 0.09090906 0 0.09090906 0 0.1818181 0.009259223 0.1363636 0 0.1363636 0 0.2272727 0.009259223 0.1818181 0 0.1818181 0.009259223 0.2727273 0 0.2272727 0 0.2727273 0.009259223 0.3181818 0 0.2727273 0 0.3181818 0.009259223 0.3636364 0 0.3181818 0 0.3636364 0.009259223 0.4090909 0 0.3636364 0 0.4090909 0.009259223 0.4545454 0 0.4090909 0 0.4545454 0.009259223 0.5 0 0.4545454 0 0.5 0.009259223 0.5454546 0 0.5 0 0.5454546 0.009259223 0.5909091 0 0.5454546 0 0.5909091 0.009259223 0.6363636 0 0.5909091 0 0.6363636 0.009259223 0.6818182 0 0.6363636 0 0.6818182 0.009259223 0.7272728 0 0.6818182 0 0.7272728 0.009259223 0.7727273 0 0.7272728 0 0.7727273 0 0.8181818 0.009259223 0.7727273 0 0.7727273 0 0.8636364 0.009259223 0.8181818 0 0.8181818 0 0.9090909 0.009259223 0.8636364 0 0.8636364 0 0.9545454 0.009259223 0.9090909 0 0.9090909 0.009259223 1 0.0185185 0.9545454 0.009259223 0.9545454 0.009259223 0.0454545 0.0185185 0 0.009259223 0 0.009259223 0.09090906 0.0185185 0.0454545 0.009259223 0.0454545 0.009259223 0.1363636 0.0185185 0.09090906 0.009259223 0.09090906 0.009259223 0.1818181 0.0185185 0.1363636 0.009259223 0.1363636 0.009259223 0.2272727 0.0185185 0.1818181 0.009259223 0.1818181 0.0185185 0.2727273 0.009259223 0.2272727 0.009259223 0.2727273 0.0185185 0.3181818 0.009259223 0.2727273 0.009259223 0.3181818 0.0185185 0.3636364 0.009259223 0.3181818 0.009259223 0.3636364 0.0185185 0.4090909 0.009259223 0.3636364 0.009259223 0.4090909 0.0185185 0.4545454 0.009259223 0.4090909 0.009259223 0.4545454 0.0185185 0.5 0.009259223 0.4545454 0.009259223 0.5 0.0185185 0.5454546 0.009259223 0.5 0.009259223 0.5454546 0.0185185 0.5909091 0.009259223 0.5454546 0.009259223 0.5909091 0.0185185 0.6363636 0.009259223 0.5909091 0.009259223 0.6363636 0.0185185 0.6818182 0.009259223 0.6363636 0.009259223 0.6818182 0.0185185 0.7272728 0.009259223 0.6818182 0.009259223 0.7272728 0.0185185 0.7727273 0.009259223 0.7272728 0.009259223 0.7727273 0.009259223 0.8181818 0.0185185 0.7727273 0.009259223 0.7727273 0.009259223 0.8636364 0.0185185 0.8181818 0.009259223 0.8181818 0.009259223 0.9090909 0.0185185 0.8636364 0.009259223 0.8636364 0.009259223 0.9545454 0.0185185 0.9090909 0.009259223 0.9090909 0.0185185 1 0.02777773 0.9545454 0.0185185 0.9545454 0.0185185 0.0454545 0.02777773 0 0.0185185 0 0.0185185 0.09090906 0.02777773 0.0454545 0.0185185 0.0454545 0.0185185 0.1363636 0.02777773 0.09090906 0.0185185 0.09090906 0.0185185 0.1818181 0.02777773 0.1363636 0.0185185 0.1363636 0.0185185 0.2272727 0.02777773 0.1818181 0.0185185 0.1818181 0.02777773 0.2727273 0.0185185 0.2272727 0.0185185 0.2727273 0.02777773 0.3181818 0.0185185 0.2727273 0.0185185 0.3181818 0.02777773 0.3636364 0.0185185 0.3181818 0.0185185 0.3636364 0.02777773 0.4090909 0.0185185 0.3636364 0.0185185 0.4090909 0.02777773 0.4545454 0.0185185 0.4090909 0.0185185 0.4545454 0.02777773 0.5 0.0185185 0.4545454 0.0185185 0.5 0.02777773 0.5454546 0.0185185 0.5 0.0185185 0.5454546 0.02777773 0.5909091 0.0185185 0.5454546 0.0185185 0.5909091 0.02777773 0.6363636 0.0185185 0.5909091 0.0185185 0.6363636 0.02777773 0.6818182 0.0185185 0.6363636 0.0185185 0.6818182 0.02777773 0.7272728 0.0185185 0.6818182 0.0185185 0.7272728 0.02777773 0.7727273 0.0185185 0.7272728 0.0185185 0.7727273 0.0185185 0.8181818 0.02777773 0.7727273 0.0185185 0.7727273 0.0185185 0.8636364 0.02777773 0.8181818 0.0185185 0.8181818 0.0185185 0.9090909 0.02777773 0.8636364 0.0185185 0.8636364 0.0185185 0.9545454 0.02777773 0.9090909 0.0185185 0.9090909 0.02777773 1 0.03703701 0.9545454 0.02777773 0.9545454 0.02777773 0.0454545 0.03703701 0 0.02777773 0 0.02777773 0.09090906 0.03703701 0.0454545 0.02777773 0.0454545 0.02777773 0.1363636 0.03703701 0.09090906 0.02777773 0.09090906 0.02777773 0.1818181 0.03703701 0.1363636 0.02777773 0.1363636 0.02777773 0.2272727 0.03703701 0.1818181 0.02777773 0.1818181 0.03703701 0.2727273 0.02777773 0.2272727 0.02777773 0.2727273 0.03703701 0.3181818 0.02777773 0.2727273 0.02777773 0.3181818 0.03703701 0.3636364 0.02777773 0.3181818 0.02777773 0.3636364 0.03703701 0.4090909 0.02777773 0.3636364 0.02777773 0.4090909 0.03703701 0.4545454 0.02777773 0.4090909 0.02777773 0.4545454 0.03703701 0.5 0.02777773 0.4545454 0.02777773 0.5 0.03703701 0.5454546 0.02777773 0.5 0.02777773 0.5454546 0.03703701 0.5909091 0.02777773 0.5454546 0.02777773 0.5909091 0.03703701 0.6363636 0.02777773 0.5909091 0.02777773 0.6363636 0.03703701 0.6818182 0.02777773 0.6363636 0.02777773 0.6818182 0.03703701 0.7272728 0.02777773 0.6818182 0.02777773 0.7272728 0.03703701 0.7727273 0.02777773 0.7272728 0.02777773 0.7727273 0.02777773 0.8181818 0.03703701 0.7727273 0.02777773 0.7727273 0.02777773 0.8636364 0.03703701 0.8181818 0.02777773 0.8181818 0.02777773 0.9090909 0.03703701 0.8636364 0.02777773 0.8636364 0.02777773 0.9545454 0.03703701 0.9090909 0.02777773 0.9090909 0.03703701 1 0.04629629 0.9545454 0.03703701 0.9545454 0.03703701 0.0454545 0.04629629 0 0.03703701 0 0.03703701 0.09090906 0.04629629 0.0454545 0.03703701 0.0454545 0.03703701 0.1363636 0.04629629 0.09090906 0.03703701 0.09090906 0.03703701 0.1818181 0.04629629 0.1363636 0.03703701 0.1363636 0.03703701 0.2272727 0.04629629 0.1818181 0.03703701 0.1818181 0.04629629 0.2727273 0.03703701 0.2272727 0.03703701 0.2727273 0.04629629 0.3181818 0.03703701 0.2727273 0.03703701 0.3181818 0.04629629 0.3636364 0.03703701 0.3181818 0.03703701 0.3636364 0.04629629 0.4090909 0.03703701 0.3636364 0.03703701 0.4090909 0.04629629 0.4545454 0.03703701 0.4090909 0.03703701 0.4545454 0.04629629 0.5 0.03703701 0.4545454 0.03703701 0.5 0.04629629 0.5454546 0.03703701 0.5 0.03703701 0.5454546 0.04629629 0.5909091 0.03703701 0.5454546 0.03703701 0.5909091 0.04629629 0.6363636 0.03703701 0.5909091 0.03703701 0.6363636 0.04629629 0.6818182 0.03703701 0.6363636 0.03703701 0.6818182 0.04629629 0.7272728 0.03703701 0.6818182 0.03703701 0.7272728 0.04629629 0.7727273 0.03703701 0.7272728 0.03703701 0.7727273 0.03703701 0.8181818 0.04629629 0.7727273 0.03703701 0.7727273 0.03703701 0.8636364 0.04629629 0.8181818 0.03703701 0.8181818 0.03703701 0.9090909 0.04629629 0.8636364 0.03703701 0.8636364 0.03703701 0.9545454 0.04629629 0.9090909 0.03703701 0.9090909 0.04629629 1 0.05555552 0.9545454 0.04629629 0.9545454 0.04629629 0.0454545 0.05555552 0 0.04629629 0 0.04629629 0.09090906 0.05555552 0.0454545 0.04629629 0.0454545 0.04629629 0.1363636 0.05555552 0.09090906 0.04629629 0.09090906 0.04629629 0.1818181 0.05555552 0.1363636 0.04629629 0.1363636 0.04629629 0.2272727 0.05555552 0.1818181 0.04629629 0.1818181 0.05555552 0.2727273 0.04629629 0.2272727 0.04629629 0.2727273 0.05555552 0.3181818 0.04629629 0.2727273 0.04629629 0.3181818 0.05555552 0.3636364 0.04629629 0.3181818 0.04629629 0.3636364 0.05555552 0.4090909 0.04629629 0.3636364 0.04629629 0.4090909 0.05555552 0.4545454 0.04629629 0.4090909 0.04629629 0.4545454 0.05555552 0.5 0.04629629 0.4545454 0.04629629 0.5 0.05555552 0.5454546 0.04629629 0.5 0.04629629 0.5454546 0.05555552 0.5909091 0.04629629 0.5454546 0.04629629 0.5909091 0.05555552 0.6363636 0.04629629 0.5909091 0.04629629 0.6363636 0.05555552 0.6818182 0.04629629 0.6363636 0.04629629 0.6818182 0.05555552 0.7272728 0.04629629 0.6818182 0.04629629 0.7272728 0.05555552 0.7727273 0.04629629 0.7272728 0.04629629 0.7727273 0.04629629 0.8181818 0.05555552 0.7727273 0.04629629 0.7727273 0.04629629 0.8636364 0.05555552 0.8181818 0.04629629 0.8181818 0.04629629 0.9090909 0.05555552 0.8636364 0.04629629 0.8636364 0.04629629 0.9545454 0.05555552 0.9090909 0.04629629 0.9090909 0.05555552 1 0.0648148 0.9545454 0.05555552 0.9545454 0.05555552 0.0454545 0.0648148 0 0.05555552 0 0.05555552 0.09090906 0.0648148 0.0454545 0.05555552 0.0454545 0.05555552 0.1363636 0.0648148 0.09090906 0.05555552 0.09090906 0.05555552 0.1818181 0.0648148 0.1363636 0.05555552 0.1363636 0.05555552 0.2272727 0.0648148 0.1818181 0.05555552 0.1818181 0.0648148 0.2727273 0.05555552 0.2272727 0.05555552 0.2727273 0.0648148 0.3181818 0.05555552 0.2727273 0.05555552 0.3181818 0.0648148 0.3636364 0.05555552 0.3181818 0.05555552 0.3636364 0.0648148 0.4090909 0.05555552 0.3636364 0.05555552 0.4090909 0.0648148 0.4545454 0.05555552 0.4090909 0.05555552 0.4545454 0.0648148 0.5 0.05555552 0.4545454 0.05555552 0.5 0.0648148 0.5454546 0.05555552 0.5 0.05555552 0.5454546 0.0648148 0.5909091 0.05555552 0.5454546 0.05555552 0.5909091 0.0648148 0.6363636 0.05555552 0.5909091 0.05555552 0.6363636 0.0648148 0.6818182 0.05555552 0.6363636 0.05555552 0.6818182 0.0648148 0.7272728 0.05555552 0.6818182 0.05555552 0.7272728 0.0648148 0.7727273 0.05555552 0.7272728 0.05555552 0.7727273 0.05555552 0.8181818 0.0648148 0.7727273 0.05555552 0.7727273 0.05555552 0.8636364 0.0648148 0.8181818 0.05555552 0.8181818 0.05555552 0.9090909 0.0648148 0.8636364 0.05555552 0.8636364 0.05555552 0.9545454 0.0648148 0.9090909 0.05555552 0.9090909 0.0648148 1 0.07407402 0.9545454 0.0648148 0.9545454 0.0648148 0.0454545 0.07407402 0 0.0648148 0 0.0648148 0.09090906 0.07407402 0.0454545 0.0648148 0.0454545 0.0648148 0.1363636 0.07407402 0.09090906 0.0648148 0.09090906 0.0648148 0.1818181 0.07407402 0.1363636 0.0648148 0.1363636 0.0648148 0.2272727 0.07407402 0.1818181 0.0648148 0.1818181 0.07407402 0.2727273 0.0648148 0.2272727 0.0648148 0.2727273 0.07407402 0.3181818 0.0648148 0.2727273 0.0648148 0.3181818 0.07407402 0.3636364 0.0648148 0.3181818 0.0648148 0.3636364 0.07407402 0.4090909 0.0648148 0.3636364 0.0648148 0.4090909 0.07407402 0.4545454 0.0648148 0.4090909 0.0648148 0.4545454 0.07407402 0.5 0.0648148 0.4545454 0.0648148 0.5 0.07407402 0.5454546 0.0648148 0.5 0.0648148 0.5454546 0.07407402 0.5909091 0.0648148 0.5454546 0.0648148 0.5909091 0.07407402 0.6363636 0.0648148 0.5909091 0.0648148 0.6363636 0.07407402 0.6818182 0.0648148 0.6363636 0.0648148 0.6818182 0.07407402 0.7272728 0.0648148 0.6818182 0.0648148 0.7272728 0.07407402 0.7727273 0.0648148 0.7272728 0.0648148 0.7727273 0.0648148 0.8181818 0.07407402 0.7727273 0.0648148 0.7727273 0.0648148 0.8636364 0.07407402 0.8181818 0.0648148 0.8181818 0.0648148 0.9090909 0.07407402 0.8636364 0.0648148 0.8636364 0.0648148 0.9545454 0.07407402 0.9090909 0.0648148 0.9090909 0.07407402 1 0.08333331 0.9545454 0.07407402 0.9545454 0.07407402 0.0454545 0.08333331 0 0.07407402 0 0.07407402 0.09090906 0.08333331 0.0454545 0.07407402 0.0454545 0.07407402 0.1363636 0.08333331 0.09090906 0.07407402 0.09090906 0.07407402 0.1818181 0.08333331 0.1363636 0.07407402 0.1363636 0.07407402 0.2272727 0.08333331 0.1818181 0.07407402 0.1818181 0.08333331 0.2727273 0.07407402 0.2272727 0.07407402 0.2727273 0.08333331 0.3181818 0.07407402 0.2727273 0.07407402 0.3181818 0.08333331 0.3636364 0.07407402 0.3181818 0.07407402 0.3636364 0.08333331 0.4090909 0.07407402 0.3636364 0.07407402 0.4090909 0.08333331 0.4545454 0.07407402 0.4090909 0.07407402 0.4545454 0.08333331 0.5 0.07407402 0.4545454 0.07407402 0.5 0.08333331 0.5454546 0.07407402 0.5 0.07407402 0.5454546 0.08333331 0.5909091 0.07407402 0.5454546 0.07407402 0.5909091 0.08333331 0.6363636 0.07407402 0.5909091 0.07407402 0.6363636 0.08333331 0.6818182 0.07407402 0.6363636 0.07407402 0.6818182 0.08333331 0.7272728 0.07407402 0.6818182 0.07407402 0.7272728 0.08333331 0.7727273 0.07407402 0.7272728 0.07407402 0.7727273 0.07407402 0.8181818 0.08333331 0.7727273 0.07407402 0.7727273 0.07407402 0.8636364 0.08333331 0.8181818 0.07407402 0.8181818 0.07407402 0.9090909 0.08333331 0.8636364 0.07407402 0.8636364 0.07407402 0.9545454 0.08333331 0.9090909 0.07407402 0.9090909 0.09259259 1 0.08333331 0.9545454 0.08333331 1 0.09259259 0.0454545 0.08333331 0 0.08333331 0.0454545 0.09259259 0.09090906 0.08333331 0.0454545 0.08333331 0.09090906 0.09259259 0.1363636 0.08333331 0.09090906 0.08333331 0.1363636 0.09259259 0.1818181 0.08333331 0.1363636 0.08333331 0.1818181 0.09259259 0.2272727 0.08333331 0.1818181 0.08333331 0.2272727 0.09259259 0.2727273 0.08333331 0.2272727 0.08333331 0.2727273 0.08333331 0.3181818 0.09259259 0.2727273 0.08333331 0.2727273 0.08333331 0.3636364 0.09259259 0.3181818 0.08333331 0.3181818 0.08333331 0.4090909 0.09259259 0.3636364 0.08333331 0.3636364 0.08333331 0.4545454 0.09259259 0.4090909 0.08333331 0.4090909 0.08333331 0.5 0.09259259 0.4545454 0.08333331 0.4545454 0.08333331 0.5454546 0.09259259 0.5 0.08333331 0.5 0.08333331 0.5909091 0.09259259 0.5454546 0.08333331 0.5454546 0.08333331 0.6363636 0.09259259 0.5909091 0.08333331 0.5909091 0.08333331 0.6818182 0.09259259 0.6363636 0.08333331 0.6363636 0.08333331 0.7272728 0.09259259 0.6818182 0.08333331 0.6818182 0.09259259 0.7727273 0.08333331 0.7272728 0.08333331 0.7727273 0.09259259 0.8181818 0.08333331 0.7727273 0.08333331 0.8181818 0.09259259 0.8636364 0.08333331 0.8181818 0.08333331 0.8636364 0.09259259 0.9090909 0.08333331 0.8636364 0.08333331 0.9090909 0.09259259 0.9545454 0.08333331 0.9090909 0.08333331 0.9545454 0.09259259 1 0.1018518 0.9545454 0.09259259 0.9545454 0.09259259 0.0454545 0.1018518 0 0.09259259 0 0.09259259 0.09090906 0.1018518 0.0454545 0.09259259 0.0454545 0.09259259 0.1363636 0.1018518 0.09090906 0.09259259 0.09090906 0.09259259 0.1818181 0.1018518 0.1363636 0.09259259 0.1363636 0.09259259 0.2272727 0.1018518 0.1818181 0.09259259 0.1818181 0.1018518 0.2727273 0.09259259 0.2272727 0.09259259 0.2727273 0.1018518 0.3181818 0.09259259 0.2727273 0.09259259 0.3181818 0.1018518 0.3636364 0.09259259 0.3181818 0.09259259 0.3636364 0.1018518 0.4090909 0.09259259 0.3636364 0.09259259 0.4090909 0.1018518 0.4545454 0.09259259 0.4090909 0.09259259 0.4545454 0.1018518 0.5 0.09259259 0.4545454 0.09259259 0.5 0.1018518 0.5454546 0.09259259 0.5 0.09259259 0.5454546 0.1018518 0.5909091 0.09259259 0.5454546 0.09259259 0.5909091 0.1018518 0.6363636 0.09259259 0.5909091 0.09259259 0.6363636 0.1018518 0.6818182 0.09259259 0.6363636 0.09259259 0.6818182 0.1018518 0.7272728 0.09259259 0.6818182 0.09259259 0.7272728 0.1018518 0.7727273 0.09259259 0.7272728 0.09259259 0.7727273 0.09259259 0.8181818 0.1018518 0.7727273 0.09259259 0.7727273 0.09259259 0.8636364 0.1018518 0.8181818 0.09259259 0.8181818 0.09259259 0.9090909 0.1018518 0.8636364 0.09259259 0.8636364 0.09259259 0.9545454 0.1018518 0.9090909 0.09259259 0.9090909 0.1018518 1 0.1111111 0.9545454 0.1018518 0.9545454 0.1018518 0.0454545 0.1111111 0 0.1018518 0 0.1018518 0.09090906 0.1111111 0.0454545 0.1018518 0.0454545 0.1018518 0.1363636 0.1111111 0.09090906 0.1018518 0.09090906 0.1018518 0.1818181 0.1111111 0.1363636 0.1018518 0.1363636 0.1018518 0.2272727 0.1111111 0.1818181 0.1018518 0.1818181 0.1111111 0.2727273 0.1018518 0.2272727 0.1018518 0.2727273 0.1111111 0.3181818 0.1018518 0.2727273 0.1018518 0.3181818 0.1111111 0.3636364 0.1018518 0.3181818 0.1018518 0.3636364 0.1111111 0.4090909 0.1018518 0.3636364 0.1018518 0.4090909 0.1111111 0.4545454 0.1018518 0.4090909 0.1018518 0.4545454 0.1111111 0.5 0.1018518 0.4545454 0.1018518 0.5 0.1111111 0.5454546 0.1018518 0.5 0.1018518 0.5454546 0.1111111 0.5909091 0.1018518 0.5454546 0.1018518 0.5909091 0.1111111 0.6363636 0.1018518 0.5909091 0.1018518 0.6363636 0.1111111 0.6818182 0.1018518 0.6363636 0.1018518 0.6818182 0.1111111 0.7272728 0.1018518 0.6818182 0.1018518 0.7272728 0.1111111 0.7727273 0.1018518 0.7272728 0.1018518 0.7727273 0.1018518 0.8181818 0.1111111 0.7727273 0.1018518 0.7727273 0.1018518 0.8636364 0.1111111 0.8181818 0.1018518 0.8181818 0.1018518 0.9090909 0.1111111 0.8636364 0.1018518 0.8636364 0.1018518 0.9545454 0.1111111 0.9090909 0.1018518 0.9090909 0.1111111 1 0.1203703 0.9545454 0.1111111 0.9545454 0.1111111 0.0454545 0.1203703 0 0.1111111 0 0.1111111 0.09090906 0.1203703 0.0454545 0.1111111 0.0454545 0.1111111 0.1363636 0.1203703 0.09090906 0.1111111 0.09090906 0.1111111 0.1818181 0.1203703 0.1363636 0.1111111 0.1363636 0.1111111 0.2272727 0.1203703 0.1818181 0.1111111 0.1818181 0.1203703 0.2727273 0.1111111 0.2272727 0.1111111 0.2727273 0.1203703 0.3181818 0.1111111 0.2727273 0.1111111 0.3181818 0.1203703 0.3636364 0.1111111 0.3181818 0.1111111 0.3636364 0.1203703 0.4090909 0.1111111 0.3636364 0.1111111 0.4090909 0.1203703 0.4545454 0.1111111 0.4090909 0.1111111 0.4545454 0.1203703 0.5 0.1111111 0.4545454 0.1111111 0.5 0.1203703 0.5454546 0.1111111 0.5 0.1111111 0.5454546 0.1203703 0.5909091 0.1111111 0.5454546 0.1111111 0.5909091 0.1203703 0.6363636 0.1111111 0.5909091 0.1111111 0.6363636 0.1203703 0.6818182 0.1111111 0.6363636 0.1111111 0.6818182 0.1203703 0.7272728 0.1111111 0.6818182 0.1111111 0.7272728 0.1203703 0.7727273 0.1111111 0.7272728 0.1111111 0.7727273 0.1111111 0.8181818 0.1203703 0.7727273 0.1111111 0.7727273 0.1111111 0.8636364 0.1203703 0.8181818 0.1111111 0.8181818 0.1111111 0.9090909 0.1203703 0.8636364 0.1111111 0.8636364 0.1111111 0.9545454 0.1203703 0.9090909 0.1111111 0.9090909 0.1203703 1 0.1296296 0.9545454 0.1203703 0.9545454 0.1203703 0.0454545 0.1296296 0 0.1203703 0 0.1203703 0.09090906 0.1296296 0.0454545 0.1203703 0.0454545 0.1203703 0.1363636 0.1296296 0.09090906 0.1203703 0.09090906 0.1203703 0.1818181 0.1296296 0.1363636 0.1203703 0.1363636 0.1203703 0.2272727 0.1296296 0.1818181 0.1203703 0.1818181 0.1296296 0.2727273 0.1203703 0.2272727 0.1203703 0.2727273 0.1296296 0.3181818 0.1203703 0.2727273 0.1203703 0.3181818 0.1296296 0.3636364 0.1203703 0.3181818 0.1203703 0.3636364 0.1296296 0.4090909 0.1203703 0.3636364 0.1203703 0.4090909 0.1296296 0.4545454 0.1203703 0.4090909 0.1203703 0.4545454 0.1296296 0.5 0.1203703 0.4545454 0.1203703 0.5 0.1296296 0.5454546 0.1203703 0.5 0.1203703 0.5454546 0.1296296 0.5909091 0.1203703 0.5454546 0.1203703 0.5909091 0.1296296 0.6363636 0.1203703 0.5909091 0.1203703 0.6363636 0.1296296 0.6818182 0.1203703 0.6363636 0.1203703 0.6818182 0.1296296 0.7272728 0.1203703 0.6818182 0.1203703 0.7272728 0.1296296 0.7727273 0.1203703 0.7272728 0.1203703 0.7727273 0.1203703 0.8181818 0.1296296 0.7727273 0.1203703 0.7727273 0.1203703 0.8636364 0.1296296 0.8181818 0.1203703 0.8181818 0.1203703 0.9090909 0.1296296 0.8636364 0.1203703 0.8636364 0.1203703 0.9545454 0.1296296 0.9090909 0.1203703 0.9090909 0.1296296 1 0.1388888 0.9545454 0.1296296 0.9545454 0.1296296 0.0454545 0.1388888 0 0.1296296 0 0.1296296 0.09090906 0.1388888 0.0454545 0.1296296 0.0454545 0.1296296 0.1363636 0.1388888 0.09090906 0.1296296 0.09090906 0.1296296 0.1818181 0.1388888 0.1363636 0.1296296 0.1363636 0.1296296 0.2272727 0.1388888 0.1818181 0.1296296 0.1818181 0.1388888 0.2727273 0.1296296 0.2272727 0.1296296 0.2727273 0.1388888 0.3181818 0.1296296 0.2727273 0.1296296 0.3181818 0.1388888 0.3636364 0.1296296 0.3181818 0.1296296 0.3636364 0.1388888 0.4090909 0.1296296 0.3636364 0.1296296 0.4090909 0.1388888 0.4545454 0.1296296 0.4090909 0.1296296 0.4545454 0.1388888 0.5 0.1296296 0.4545454 0.1296296 0.5 0.1388888 0.5454546 0.1296296 0.5 0.1296296 0.5454546 0.1388888 0.5909091 0.1296296 0.5454546 0.1296296 0.5909091 0.1388888 0.6363636 0.1296296 0.5909091 0.1296296 0.6363636 0.1388888 0.6818182 0.1296296 0.6363636 0.1296296 0.6818182 0.1388888 0.7272728 0.1296296 0.6818182 0.1296296 0.7272728 0.1388888 0.7727273 0.1296296 0.7272728 0.1296296 0.7727273 0.1296296 0.8181818 0.1388888 0.7727273 0.1296296 0.7727273 0.1296296 0.8636364 0.1388888 0.8181818 0.1296296 0.8181818 0.1296296 0.9090909 0.1388888 0.8636364 0.1296296 0.8636364 0.1296296 0.9545454 0.1388888 0.9090909 0.1296296 0.9090909 0.1388888 1 0.1481481 0.9545454 0.1388888 0.9545454 0.1388888 0.0454545 0.1481481 0 0.1388888 0 0.1388888 0.09090906 0.1481481 0.0454545 0.1388888 0.0454545 0.1388888 0.1363636 0.1481481 0.09090906 0.1388888 0.09090906 0.1388888 0.1818181 0.1481481 0.1363636 0.1388888 0.1363636 0.1388888 0.2272727 0.1481481 0.1818181 0.1388888 0.1818181 0.1481481 0.2727273 0.1388888 0.2272727 0.1388888 0.2727273 0.1481481 0.3181818 0.1388888 0.2727273 0.1388888 0.3181818 0.1481481 0.3636364 0.1388888 0.3181818 0.1388888 0.3636364 0.1481481 0.4090909 0.1388888 0.3636364 0.1388888 0.4090909 0.1481481 0.4545454 0.1388888 0.4090909 0.1388888 0.4545454 0.1481481 0.5 0.1388888 0.4545454 0.1388888 0.5 0.1481481 0.5454546 0.1388888 0.5 0.1388888 0.5454546 0.1481481 0.5909091 0.1388888 0.5454546 0.1388888 0.5909091 0.1481481 0.6363636 0.1388888 0.5909091 0.1388888 0.6363636 0.1481481 0.6818182 0.1388888 0.6363636 0.1388888 0.6818182 0.1481481 0.7272728 0.1388888 0.6818182 0.1388888 0.7272728 0.1481481 0.7727273 0.1388888 0.7272728 0.1388888 0.7727273 0.1388888 0.8181818 0.1481481 0.7727273 0.1388888 0.7727273 0.1388888 0.8636364 0.1481481 0.8181818 0.1388888 0.8181818 0.1388888 0.9090909 0.1481481 0.8636364 0.1388888 0.8636364 0.1388888 0.9545454 0.1481481 0.9090909 0.1388888 0.9090909 0.1574074 1 0.1481481 0.9545454 0.1481481 1 0.1574074 0.0454545 0.1481481 0 0.1481481 0.0454545 0.1574074 0.09090906 0.1481481 0.0454545 0.1481481 0.09090906 0.1574074 0.1363636 0.1481481 0.09090906 0.1481481 0.1363636 0.1574074 0.1818181 0.1481481 0.1363636 0.1481481 0.1818181 0.1574074 0.2272727 0.1481481 0.1818181 0.1481481 0.2272727 0.1574074 0.2727273 0.1481481 0.2272727 0.1481481 0.2727273 0.1481481 0.3181818 0.1574074 0.2727273 0.1481481 0.2727273 0.1481481 0.3636364 0.1574074 0.3181818 0.1481481 0.3181818 0.1481481 0.4090909 0.1574074 0.3636364 0.1481481 0.3636364 0.1481481 0.4545454 0.1574074 0.4090909 0.1481481 0.4090909 0.1481481 0.5 0.1574074 0.4545454 0.1481481 0.4545454 0.1481481 0.5454546 0.1574074 0.5 0.1481481 0.5 0.1481481 0.5909091 0.1574074 0.5454546 0.1481481 0.5454546 0.1481481 0.6363636 0.1574074 0.5909091 0.1481481 0.5909091 0.1481481 0.6818182 0.1574074 0.6363636 0.1481481 0.6363636 0.1481481 0.7272728 0.1574074 0.6818182 0.1481481 0.6818182 0.1574074 0.7727273 0.1481481 0.7272728 0.1481481 0.7727273 0.1574074 0.8181818 0.1481481 0.7727273 0.1481481 0.8181818 0.1574074 0.8636364 0.1481481 0.8181818 0.1481481 0.8636364 0.1574074 0.9090909 0.1481481 0.8636364 0.1481481 0.9090909 0.1574074 0.9545454 0.1481481 0.9090909 0.1481481 0.9545454 0.1666666 1 0.1574074 0.9545454 0.1574074 1 0.1666666 0.0454545 0.1574074 0 0.1574074 0.0454545 0.1666666 0.09090906 0.1574074 0.0454545 0.1574074 0.09090906 0.1666666 0.1363636 0.1574074 0.09090906 0.1574074 0.1363636 0.1666666 0.1818181 0.1574074 0.1363636 0.1574074 0.1818181 0.1666666 0.2272727 0.1574074 0.1818181 0.1574074 0.2272727 0.1666666 0.2727273 0.1574074 0.2272727 0.1574074 0.2727273 0.1574074 0.3181818 0.1666666 0.2727273 0.1574074 0.2727273 0.1574074 0.3636364 0.1666666 0.3181818 0.1574074 0.3181818 0.1574074 0.4090909 0.1666666 0.3636364 0.1574074 0.3636364 0.1574074 0.4545454 0.1666666 0.4090909 0.1574074 0.4090909 0.1574074 0.5 0.1666666 0.4545454 0.1574074 0.4545454 0.1574074 0.5454546 0.1666666 0.5 0.1574074 0.5 0.1574074 0.5909091 0.1666666 0.5454546 0.1574074 0.5454546 0.1574074 0.6363636 0.1666666 0.5909091 0.1574074 0.5909091 0.1574074 0.6818182 0.1666666 0.6363636 0.1574074 0.6363636 0.1574074 0.7272728 0.1666666 0.6818182 0.1574074 0.6818182 0.1666666 0.7727273 0.1574074 0.7272728 0.1574074 0.7727273 0.1666666 0.8181818 0.1574074 0.7727273 0.1574074 0.8181818 0.1666666 0.8636364 0.1574074 0.8181818 0.1574074 0.8636364 0.1666666 0.9090909 0.1574074 0.8636364 0.1574074 0.9090909 0.1666666 0.9545454 0.1574074 0.9090909 0.1574074 0.9545454 0.1759259 1 0.1666666 0.9545454 0.1666666 1 0.1759259 0.0454545 0.1666666 0 0.1666666 0.0454545 0.1759259 0.09090906 0.1666666 0.0454545 0.1666666 0.09090906 0.1759259 0.1363636 0.1666666 0.09090906 0.1666666 0.1363636 0.1759259 0.1818181 0.1666666 0.1363636 0.1666666 0.1818181 0.1759259 0.2272727 0.1666666 0.1818181 0.1666666 0.2272727 0.1759259 0.2727273 0.1666666 0.2272727 0.1666666 0.2727273 0.1666666 0.3181818 0.1759259 0.2727273 0.1666666 0.2727273 0.1666666 0.3636364 0.1759259 0.3181818 0.1666666 0.3181818 0.1666666 0.4090909 0.1759259 0.3636364 0.1666666 0.3636364 0.1666666 0.4545454 0.1759259 0.4090909 0.1666666 0.4090909 0.1666666 0.5 0.1759259 0.4545454 0.1666666 0.4545454 0.1666666 0.5454546 0.1759259 0.5 0.1666666 0.5 0.1666666 0.5909091 0.1759259 0.5454546 0.1666666 0.5454546 0.1666666 0.6363636 0.1759259 0.5909091 0.1666666 0.5909091 0.1666666 0.6818182 0.1759259 0.6363636 0.1666666 0.6363636 0.1666666 0.7272728 0.1759259 0.6818182 0.1666666 0.6818182 0.1759259 0.7727273 0.1666666 0.7272728 0.1666666 0.7727273 0.1759259 0.8181818 0.1666666 0.7727273 0.1666666 0.8181818 0.1759259 0.8636364 0.1666666 0.8181818 0.1666666 0.8636364 0.1759259 0.9090909 0.1666666 0.8636364 0.1666666 0.9090909 0.1759259 0.9545454 0.1666666 0.9090909 0.1666666 0.9545454 0.1851851 1 0.1759259 0.9545454 0.1759259 1 0.1851851 0.0454545 0.1759259 0 0.1759259 0.0454545 0.1851851 0.09090906 0.1759259 0.0454545 0.1759259 0.09090906 0.1851851 0.1363636 0.1759259 0.09090906 0.1759259 0.1363636 0.1851851 0.1818181 0.1759259 0.1363636 0.1759259 0.1818181 0.1851851 0.2272727 0.1759259 0.1818181 0.1759259 0.2272727 0.1851851 0.2727273 0.1759259 0.2272727 0.1759259 0.2727273 0.1759259 0.3181818 0.1851851 0.2727273 0.1759259 0.2727273 0.1759259 0.3636364 0.1851851 0.3181818 0.1759259 0.3181818 0.1759259 0.4090909 0.1851851 0.3636364 0.1759259 0.3636364 0.1759259 0.4545454 0.1851851 0.4090909 0.1759259 0.4090909 0.1759259 0.5 0.1851851 0.4545454 0.1759259 0.4545454 0.1759259 0.5454546 0.1851851 0.5 0.1759259 0.5 0.1759259 0.5909091 0.1851851 0.5454546 0.1759259 0.5454546 0.1759259 0.6363636 0.1851851 0.5909091 0.1759259 0.5909091 0.1759259 0.6818182 0.1851851 0.6363636 0.1759259 0.6363636 0.1759259 0.7272728 0.1851851 0.6818182 0.1759259 0.6818182 0.1851851 0.7727273 0.1759259 0.7272728 0.1759259 0.7727273 0.1851851 0.8181818 0.1759259 0.7727273 0.1759259 0.8181818 0.1851851 0.8636364 0.1759259 0.8181818 0.1759259 0.8636364 0.1851851 0.9090909 0.1759259 0.8636364 0.1759259 0.9090909 0.1851851 0.9545454 0.1759259 0.9090909 0.1759259 0.9545454 0.1944444 1 0.1851851 0.9545454 0.1851851 1 0.1944444 0.0454545 0.1851851 0 0.1851851 0.0454545 0.1944444 0.09090906 0.1851851 0.0454545 0.1851851 0.09090906 0.1944444 0.1363636 0.1851851 0.09090906 0.1851851 0.1363636 0.1944444 0.1818181 0.1851851 0.1363636 0.1851851 0.1818181 0.1944444 0.2272727 0.1851851 0.1818181 0.1851851 0.2272727 0.1944444 0.2727273 0.1851851 0.2272727 0.1851851 0.2727273 0.1851851 0.3181818 0.1944444 0.2727273 0.1851851 0.2727273 0.1851851 0.3636364 0.1944444 0.3181818 0.1851851 0.3181818 0.1851851 0.4090909 0.1944444 0.3636364 0.1851851 0.3636364 0.1851851 0.4545454 0.1944444 0.4090909 0.1851851 0.4090909 0.1851851 0.5 0.1944444 0.4545454 0.1851851 0.4545454 0.1851851 0.5454546 0.1944444 0.5 0.1851851 0.5 0.1851851 0.5909091 0.1944444 0.5454546 0.1851851 0.5454546 0.1851851 0.6363636 0.1944444 0.5909091 0.1851851 0.5909091 0.1851851 0.6818182 0.1944444 0.6363636 0.1851851 0.6363636 0.1851851 0.7272728 0.1944444 0.6818182 0.1851851 0.6818182 0.1944444 0.7727273 0.1851851 0.7272728 0.1851851 0.7727273 0.1944444 0.8181818 0.1851851 0.7727273 0.1851851 0.8181818 0.1944444 0.8636364 0.1851851 0.8181818 0.1851851 0.8636364 0.1944444 0.9090909 0.1851851 0.8636364 0.1851851 0.9090909 0.1944444 0.9545454 0.1851851 0.9090909 0.1851851 0.9545454 0.1944444 1 0.2037037 0.9545454 0.1944444 0.9545454 0.1944444 0.0454545 0.2037037 0 0.1944444 0 0.1944444 0.09090906 0.2037037 0.0454545 0.1944444 0.0454545 0.1944444 0.1363636 0.2037037 0.09090906 0.1944444 0.09090906 0.1944444 0.1818181 0.2037037 0.1363636 0.1944444 0.1363636 0.1944444 0.2272727 0.2037037 0.1818181 0.1944444 0.1818181 0.2037037 0.2727273 0.1944444 0.2272727 0.1944444 0.2727273 0.2037037 0.3181818 0.1944444 0.2727273 0.1944444 0.3181818 0.2037037 0.3636364 0.1944444 0.3181818 0.1944444 0.3636364 0.2037037 0.4090909 0.1944444 0.3636364 0.1944444 0.4090909 0.2037037 0.4545454 0.1944444 0.4090909 0.1944444 0.4545454 0.2037037 0.5 0.1944444 0.4545454 0.1944444 0.5 0.2037037 0.5454546 0.1944444 0.5 0.1944444 0.5454546 0.2037037 0.5909091 0.1944444 0.5454546 0.1944444 0.5909091 0.2037037 0.6363636 0.1944444 0.5909091 0.1944444 0.6363636 0.2037037 0.6818182 0.1944444 0.6363636 0.1944444 0.6818182 0.2037037 0.7272728 0.1944444 0.6818182 0.1944444 0.7272728 0.2037037 0.7727273 0.1944444 0.7272728 0.1944444 0.7727273 0.1944444 0.8181818 0.2037037 0.7727273 0.1944444 0.7727273 0.1944444 0.8636364 0.2037037 0.8181818 0.1944444 0.8181818 0.1944444 0.9090909 0.2037037 0.8636364 0.1944444 0.8636364 0.1944444 0.9545454 0.2037037 0.9090909 0.1944444 0.9090909 0.2037037 1 0.2129629 0.9545454 0.2037037 0.9545454 0.2037037 0.0454545 0.2129629 0 0.2037037 0 0.2037037 0.09090906 0.2129629 0.0454545 0.2037037 0.0454545 0.2037037 0.1363636 0.2129629 0.09090906 0.2037037 0.09090906 0.2037037 0.1818181 0.2129629 0.1363636 0.2037037 0.1363636 0.2037037 0.2272727 0.2129629 0.1818181 0.2037037 0.1818181 0.2129629 0.2727273 0.2037037 0.2272727 0.2037037 0.2727273 0.2129629 0.3181818 0.2037037 0.2727273 0.2037037 0.3181818 0.2129629 0.3636364 0.2037037 0.3181818 0.2037037 0.3636364 0.2129629 0.4090909 0.2037037 0.3636364 0.2037037 0.4090909 0.2129629 0.4545454 0.2037037 0.4090909 0.2037037 0.4545454 0.2129629 0.5 0.2037037 0.4545454 0.2037037 0.5 0.2129629 0.5454546 0.2037037 0.5 0.2037037 0.5454546 0.2129629 0.5909091 0.2037037 0.5454546 0.2037037 0.5909091 0.2129629 0.6363636 0.2037037 0.5909091 0.2037037 0.6363636 0.2129629 0.6818182 0.2037037 0.6363636 0.2037037 0.6818182 0.2129629 0.7272728 0.2037037 0.6818182 0.2037037 0.7272728 0.2129629 0.7727273 0.2037037 0.7272728 0.2037037 0.7727273 0.2037037 0.8181818 0.2129629 0.7727273 0.2037037 0.7727273 0.2037037 0.8636364 0.2129629 0.8181818 0.2037037 0.8181818 0.2037037 0.9090909 0.2129629 0.8636364 0.2037037 0.8636364 0.2037037 0.9545454 0.2129629 0.9090909 0.2037037 0.9090909 0.2129629 1 0.2222222 0.9545454 0.2129629 0.9545454 0.2129629 0.0454545 0.2222222 0 0.2129629 0 0.2129629 0.09090906 0.2222222 0.0454545 0.2129629 0.0454545 0.2129629 0.1363636 0.2222222 0.09090906 0.2129629 0.09090906 0.2129629 0.1818181 0.2222222 0.1363636 0.2129629 0.1363636 0.2129629 0.2272727 0.2222222 0.1818181 0.2129629 0.1818181 0.2222222 0.2727273 0.2129629 0.2272727 0.2129629 0.2727273 0.2222222 0.3181818 0.2129629 0.2727273 0.2129629 0.3181818 0.2222222 0.3636364 0.2129629 0.3181818 0.2129629 0.3636364 0.2222222 0.4090909 0.2129629 0.3636364 0.2129629 0.4090909 0.2222222 0.4545454 0.2129629 0.4090909 0.2129629 0.4545454 0.2222222 0.5 0.2129629 0.4545454 0.2129629 0.5 0.2222222 0.5454546 0.2129629 0.5 0.2129629 0.5454546 0.2222222 0.5909091 0.2129629 0.5454546 0.2129629 0.5909091 0.2222222 0.6363636 0.2129629 0.5909091 0.2129629 0.6363636 0.2222222 0.6818182 0.2129629 0.6363636 0.2129629 0.6818182 0.2222222 0.7272728 0.2129629 0.6818182 0.2129629 0.7272728 0.2222222 0.7727273 0.2129629 0.7272728 0.2129629 0.7727273 0.2129629 0.8181818 0.2222222 0.7727273 0.2129629 0.7727273 0.2129629 0.8636364 0.2222222 0.8181818 0.2129629 0.8181818 0.2129629 0.9090909 0.2222222 0.8636364 0.2129629 0.8636364 0.2129629 0.9545454 0.2222222 0.9090909 0.2129629 0.9090909 0.2314814 1 0.2222222 0.9545454 0.2222222 1 0.2314814 0.0454545 0.2222222 0 0.2222222 0.0454545 0.2314814 0.09090906 0.2222222 0.0454545 0.2222222 0.09090906 0.2314814 0.1363636 0.2222222 0.09090906 0.2222222 0.1363636 0.2314814 0.1818181 0.2222222 0.1363636 0.2222222 0.1818181 0.2314814 0.2272727 0.2222222 0.1818181 0.2222222 0.2272727 0.2314814 0.2727273 0.2222222 0.2272727 0.2222222 0.2727273 0.2222222 0.3181818 0.2314814 0.2727273 0.2222222 0.2727273 0.2222222 0.3636364 0.2314814 0.3181818 0.2222222 0.3181818 0.2222222 0.4090909 0.2314814 0.3636364 0.2222222 0.3636364 0.2222222 0.4545454 0.2314814 0.4090909 0.2222222 0.4090909 0.2222222 0.5 0.2314814 0.4545454 0.2222222 0.4545454 0.2222222 0.5454546 0.2314814 0.5 0.2222222 0.5 0.2222222 0.5909091 0.2314814 0.5454546 0.2222222 0.5454546 0.2222222 0.6363636 0.2314814 0.5909091 0.2222222 0.5909091 0.2222222 0.6818182 0.2314814 0.6363636 0.2222222 0.6363636 0.2222222 0.7272728 0.2314814 0.6818182 0.2222222 0.6818182 0.2314814 0.7727273 0.2222222 0.7272728 0.2222222 0.7727273 0.2314814 0.8181818 0.2222222 0.7727273 0.2222222 0.8181818 0.2314814 0.8636364 0.2222222 0.8181818 0.2222222 0.8636364 0.2314814 0.9090909 0.2222222 0.8636364 0.2222222 0.9090909 0.2314814 0.9545454 0.2222222 0.9090909 0.2222222 0.9545454 0.2407407 1 0.2314814 0.9545454 0.2314814 1 0.2407407 0.0454545 0.2314814 0 0.2314814 0.0454545 0.2407407 0.09090906 0.2314814 0.0454545 0.2314814 0.09090906 0.2407407 0.1363636 0.2314814 0.09090906 0.2314814 0.1363636 0.2407407 0.1818181 0.2314814 0.1363636 0.2314814 0.1818181 0.2407407 0.2272727 0.2314814 0.1818181 0.2314814 0.2272727 0.2407407 0.2727273 0.2314814 0.2272727 0.2314814 0.2727273 0.2314814 0.3181818 0.2407407 0.2727273 0.2314814 0.2727273 0.2314814 0.3636364 0.2407407 0.3181818 0.2314814 0.3181818 0.2314814 0.4090909 0.2407407 0.3636364 0.2314814 0.3636364 0.2314814 0.4545454 0.2407407 0.4090909 0.2314814 0.4090909 0.2314814 0.5 0.2407407 0.4545454 0.2314814 0.4545454 0.2314814 0.5454546 0.2407407 0.5 0.2314814 0.5 0.2314814 0.5909091 0.2407407 0.5454546 0.2314814 0.5454546 0.2314814 0.6363636 0.2407407 0.5909091 0.2314814 0.5909091 0.2314814 0.6818182 0.2407407 0.6363636 0.2314814 0.6363636 0.2314814 0.7272728 0.2407407 0.6818182 0.2314814 0.6818182 0.2407407 0.7727273 0.2314814 0.7272728 0.2314814 0.7727273 0.2407407 0.8181818 0.2314814 0.7727273 0.2314814 0.8181818 0.2407407 0.8636364 0.2314814 0.8181818 0.2314814 0.8636364 0.2407407 0.9090909 0.2314814 0.8636364 0.2314814 0.9090909 0.2407407 0.9545454 0.2314814 0.9090909 0.2314814 0.9545454 0.25 1 0.2407407 0.9545454 0.2407407 1 0.25 0.0454545 0.2407407 0 0.2407407 0.0454545 0.25 0.09090906 0.2407407 0.0454545 0.2407407 0.09090906 0.25 0.1363636 0.2407407 0.09090906 0.2407407 0.1363636 0.25 0.1818181 0.2407407 0.1363636 0.2407407 0.1818181 0.25 0.2272727 0.2407407 0.1818181 0.2407407 0.2272727 0.25 0.2727273 0.2407407 0.2272727 0.2407407 0.2727273 0.2407407 0.3181818 0.25 0.2727273 0.2407407 0.2727273 0.2407407 0.3636364 0.25 0.3181818 0.2407407 0.3181818 0.2407407 0.4090909 0.25 0.3636364 0.2407407 0.3636364 0.2407407 0.4545454 0.25 0.4090909 0.2407407 0.4090909 0.2407407 0.5 0.25 0.4545454 0.2407407 0.4545454 0.2407407 0.5454546 0.25 0.5 0.2407407 0.5 0.2407407 0.5909091 0.25 0.5454546 0.2407407 0.5454546 0.2407407 0.6363636 0.25 0.5909091 0.2407407 0.5909091 0.2407407 0.6818182 0.25 0.6363636 0.2407407 0.6363636 0.2407407 0.7272728 0.25 0.6818182 0.2407407 0.6818182 0.25 0.7727273 0.2407407 0.7272728 0.2407407 0.7727273 0.25 0.8181818 0.2407407 0.7727273 0.2407407 0.8181818 0.25 0.8636364 0.2407407 0.8181818 0.2407407 0.8636364 0.25 0.9090909 0.2407407 0.8636364 0.2407407 0.9090909 0.25 0.9545454 0.2407407 0.9090909 0.2407407 0.9545454 0.2592592 1 0.25 0.9545454 0.25 1 0.2592592 0.0454545 0.25 0 0.25 0.0454545 0.2592592 0.09090906 0.25 0.0454545 0.25 0.09090906 0.2592592 0.1363636 0.25 0.09090906 0.25 0.1363636 0.2592592 0.1818181 0.25 0.1363636 0.25 0.1818181 0.2592592 0.2272727 0.25 0.1818181 0.25 0.2272727 0.2592592 0.2727273 0.25 0.2272727 0.25 0.2727273 0.25 0.3181818 0.2592592 0.2727273 0.25 0.2727273 0.25 0.3636364 0.2592592 0.3181818 0.25 0.3181818 0.25 0.4090909 0.2592592 0.3636364 0.25 0.3636364 0.25 0.4545454 0.2592592 0.4090909 0.25 0.4090909 0.25 0.5 0.2592592 0.4545454 0.25 0.4545454 0.25 0.5454546 0.2592592 0.5 0.25 0.5 0.25 0.5909091 0.2592592 0.5454546 0.25 0.5454546 0.25 0.6363636 0.2592592 0.5909091 0.25 0.5909091 0.25 0.6818182 0.2592592 0.6363636 0.25 0.6363636 0.25 0.7272728 0.2592592 0.6818182 0.25 0.6818182 0.2592592 0.7727273 0.25 0.7272728 0.25 0.7727273 0.2592592 0.8181818 0.25 0.7727273 0.25 0.8181818 0.2592592 0.8636364 0.25 0.8181818 0.25 0.8636364 0.2592592 0.9090909 0.25 0.8636364 0.25 0.9090909 0.2592592 0.9545454 0.25 0.9090909 0.25 0.9545454 0.2685185 1 0.2592592 0.9545454 0.2592592 1 0.2685185 0.0454545 0.2592592 0 0.2592592 0.0454545 0.2685185 0.09090906 0.2592592 0.0454545 0.2592592 0.09090906 0.2685185 0.1363636 0.2592592 0.09090906 0.2592592 0.1363636 0.2685185 0.1818181 0.2592592 0.1363636 0.2592592 0.1818181 0.2685185 0.2272727 0.2592592 0.1818181 0.2592592 0.2272727 0.2685185 0.2727273 0.2592592 0.2272727 0.2592592 0.2727273 0.2592592 0.3181818 0.2685185 0.2727273 0.2592592 0.2727273 0.2592592 0.3636364 0.2685185 0.3181818 0.2592592 0.3181818 0.2592592 0.4090909 0.2685185 0.3636364 0.2592592 0.3636364 0.2592592 0.4545454 0.2685185 0.4090909 0.2592592 0.4090909 0.2592592 0.5 0.2685185 0.4545454 0.2592592 0.4545454 0.2592592 0.5454546 0.2685185 0.5 0.2592592 0.5 0.2592592 0.5909091 0.2685185 0.5454546 0.2592592 0.5454546 0.2592592 0.6363636 0.2685185 0.5909091 0.2592592 0.5909091 0.2592592 0.6818182 0.2685185 0.6363636 0.2592592 0.6363636 0.2592592 0.7272728 0.2685185 0.6818182 0.2592592 0.6818182 0.2685185 0.7727273 0.2592592 0.7272728 0.2592592 0.7727273 0.2685185 0.8181818 0.2592592 0.7727273 0.2592592 0.8181818 0.2685185 0.8636364 0.2592592 0.8181818 0.2592592 0.8636364 0.2685185 0.9090909 0.2592592 0.8636364 0.2592592 0.9090909 0.2685185 0.9545454 0.2592592 0.9090909 0.2592592 0.9545454 0.2777778 1 0.2685185 0.9545454 0.2685185 1 0.2777778 0.0454545 0.2685185 0 0.2685185 0.0454545 0.2777778 0.09090906 0.2685185 0.0454545 0.2685185 0.09090906 0.2777778 0.1363636 0.2685185 0.09090906 0.2685185 0.1363636 0.2777778 0.1818181 0.2685185 0.1363636 0.2685185 0.1818181 0.2777778 0.2272727 0.2685185 0.1818181 0.2685185 0.2272727 0.2777778 0.2727273 0.2685185 0.2272727 0.2685185 0.2727273 0.2685185 0.3181818 0.2777778 0.2727273 0.2685185 0.2727273 0.2685185 0.3636364 0.2777778 0.3181818 0.2685185 0.3181818 0.2685185 0.4090909 0.2777778 0.3636364 0.2685185 0.3636364 0.2685185 0.4545454 0.2777778 0.4090909 0.2685185 0.4090909 0.2685185 0.5 0.2777778 0.4545454 0.2685185 0.4545454 0.2685185 0.5454546 0.2777778 0.5 0.2685185 0.5 0.2685185 0.5909091 0.2777778 0.5454546 0.2685185 0.5454546 0.2685185 0.6363636 0.2777778 0.5909091 0.2685185 0.5909091 0.2685185 0.6818182 0.2777778 0.6363636 0.2685185 0.6363636 0.2685185 0.7272728 0.2777778 0.6818182 0.2685185 0.6818182 0.2777778 0.7727273 0.2685185 0.7272728 0.2685185 0.7727273 0.2777778 0.8181818 0.2685185 0.7727273 0.2685185 0.8181818 0.2777778 0.8636364 0.2685185 0.8181818 0.2685185 0.8636364 0.2777778 0.9090909 0.2685185 0.8636364 0.2685185 0.9090909 0.2777778 0.9545454 0.2685185 0.9090909 0.2685185 0.9545454 0.287037 1 0.2777778 0.9545454 0.2777778 1 0.287037 0.0454545 0.2777778 0 0.2777778 0.0454545 0.287037 0.09090906 0.2777778 0.0454545 0.2777778 0.09090906 0.287037 0.1363636 0.2777778 0.09090906 0.2777778 0.1363636 0.287037 0.1818181 0.2777778 0.1363636 0.2777778 0.1818181 0.287037 0.2272727 0.2777778 0.1818181 0.2777778 0.2272727 0.287037 0.2727273 0.2777778 0.2272727 0.2777778 0.2727273 0.2777778 0.3181818 0.287037 0.2727273 0.2777778 0.2727273 0.2777778 0.3636364 0.287037 0.3181818 0.2777778 0.3181818 0.2777778 0.4090909 0.287037 0.3636364 0.2777778 0.3636364 0.2777778 0.4545454 0.287037 0.4090909 0.2777778 0.4090909 0.2777778 0.5 0.287037 0.4545454 0.2777778 0.4545454 0.2777778 0.5454546 0.287037 0.5 0.2777778 0.5 0.2777778 0.5909091 0.287037 0.5454546 0.2777778 0.5454546 0.2777778 0.6363636 0.287037 0.5909091 0.2777778 0.5909091 0.2777778 0.6818182 0.287037 0.6363636 0.2777778 0.6363636 0.2777778 0.7272728 0.287037 0.6818182 0.2777778 0.6818182 0.287037 0.7727273 0.2777778 0.7272728 0.2777778 0.7727273 0.287037 0.8181818 0.2777778 0.7727273 0.2777778 0.8181818 0.287037 0.8636364 0.2777778 0.8181818 0.2777778 0.8636364 0.287037 0.9090909 0.2777778 0.8636364 0.2777778 0.9090909 0.287037 0.9545454 0.2777778 0.9090909 0.2777778 0.9545454 0.2962963 1 0.287037 0.9545454 0.287037 1 0.2962963 0.0454545 0.287037 0 0.287037 0.0454545 0.2962963 0.09090906 0.287037 0.0454545 0.287037 0.09090906 0.2962963 0.1363636 0.287037 0.09090906 0.287037 0.1363636 0.2962963 0.1818181 0.287037 0.1363636 0.287037 0.1818181 0.2962963 0.2272727 0.287037 0.1818181 0.287037 0.2272727 0.2962963 0.2727273 0.287037 0.2272727 0.287037 0.2727273 0.287037 0.3181818 0.2962963 0.2727273 0.287037 0.2727273 0.287037 0.3636364 0.2962963 0.3181818 0.287037 0.3181818 0.287037 0.4090909 0.2962963 0.3636364 0.287037 0.3636364 0.287037 0.4545454 0.2962963 0.4090909 0.287037 0.4090909 0.287037 0.5 0.2962963 0.4545454 0.287037 0.4545454 0.287037 0.5454546 0.2962963 0.5 0.287037 0.5 0.287037 0.5909091 0.2962963 0.5454546 0.287037 0.5454546 0.287037 0.6363636 0.2962963 0.5909091 0.287037 0.5909091 0.287037 0.6818182 0.2962963 0.6363636 0.287037 0.6363636 0.287037 0.7272728 0.2962963 0.6818182 0.287037 0.6818182 0.2962963 0.7727273 0.287037 0.7272728 0.287037 0.7727273 0.2962963 0.8181818 0.287037 0.7727273 0.287037 0.8181818 0.2962963 0.8636364 0.287037 0.8181818 0.287037 0.8636364 0.2962963 0.9090909 0.287037 0.8636364 0.287037 0.9090909 0.2962963 0.9545454 0.287037 0.9090909 0.287037 0.9545454 0.3055555 1 0.2962963 0.9545454 0.2962963 1 0.3055555 0.0454545 0.2962963 0 0.2962963 0.0454545 0.3055555 0.09090906 0.2962963 0.0454545 0.2962963 0.09090906 0.3055555 0.1363636 0.2962963 0.09090906 0.2962963 0.1363636 0.3055555 0.1818181 0.2962963 0.1363636 0.2962963 0.1818181 0.3055555 0.2272727 0.2962963 0.1818181 0.2962963 0.2272727 0.3055555 0.2727273 0.2962963 0.2272727 0.2962963 0.2727273 0.2962963 0.3181818 0.3055555 0.2727273 0.2962963 0.2727273 0.2962963 0.3636364 0.3055555 0.3181818 0.2962963 0.3181818 0.2962963 0.4090909 0.3055555 0.3636364 0.2962963 0.3636364 0.2962963 0.4545454 0.3055555 0.4090909 0.2962963 0.4090909 0.2962963 0.5 0.3055555 0.4545454 0.2962963 0.4545454 0.2962963 0.5454546 0.3055555 0.5 0.2962963 0.5 0.2962963 0.5909091 0.3055555 0.5454546 0.2962963 0.5454546 0.2962963 0.6363636 0.3055555 0.5909091 0.2962963 0.5909091 0.2962963 0.6818182 0.3055555 0.6363636 0.2962963 0.6363636 0.2962963 0.7272728 0.3055555 0.6818182 0.2962963 0.6818182 0.3055555 0.7727273 0.2962963 0.7272728 0.2962963 0.7727273 0.3055555 0.8181818 0.2962963 0.7727273 0.2962963 0.8181818 0.3055555 0.8636364 0.2962963 0.8181818 0.2962963 0.8636364 0.3055555 0.9090909 0.2962963 0.8636364 0.2962963 0.9090909 0.3055555 0.9545454 0.2962963 0.9090909 0.2962963 0.9545454 0.3148148 1 0.3055555 0.9545454 0.3055555 1 0.3148148 0.0454545 0.3055555 0 0.3055555 0.0454545 0.3148148 0.09090906 0.3055555 0.0454545 0.3055555 0.09090906 0.3148148 0.1363636 0.3055555 0.09090906 0.3055555 0.1363636 0.3148148 0.1818181 0.3055555 0.1363636 0.3055555 0.1818181 0.3148148 0.2272727 0.3055555 0.1818181 0.3055555 0.2272727 0.3148148 0.2727273 0.3055555 0.2272727 0.3055555 0.2727273 0.3055555 0.3181818 0.3148148 0.2727273 0.3055555 0.2727273 0.3055555 0.3636364 0.3148148 0.3181818 0.3055555 0.3181818 0.3055555 0.4090909 0.3148148 0.3636364 0.3055555 0.3636364 0.3055555 0.4545454 0.3148148 0.4090909 0.3055555 0.4090909 0.3055555 0.5 0.3148148 0.4545454 0.3055555 0.4545454 0.3055555 0.5454546 0.3148148 0.5 0.3055555 0.5 0.3055555 0.5909091 0.3148148 0.5454546 0.3055555 0.5454546 0.3055555 0.6363636 0.3148148 0.5909091 0.3055555 0.5909091 0.3055555 0.6818182 0.3148148 0.6363636 0.3055555 0.6363636 0.3055555 0.7272728 0.3148148 0.6818182 0.3055555 0.6818182 0.3148148 0.7727273 0.3055555 0.7272728 0.3055555 0.7727273 0.3148148 0.8181818 0.3055555 0.7727273 0.3055555 0.8181818 0.3148148 0.8636364 0.3055555 0.8181818 0.3055555 0.8636364 0.3148148 0.9090909 0.3055555 0.8636364 0.3055555 0.9090909 0.3148148 0.9545454 0.3055555 0.9090909 0.3055555 0.9545454 0.324074 1 0.3148148 0.9545454 0.3148148 1 0.324074 0.0454545 0.3148148 0 0.3148148 0.0454545 0.324074 0.09090906 0.3148148 0.0454545 0.3148148 0.09090906 0.324074 0.1363636 0.3148148 0.09090906 0.3148148 0.1363636 0.324074 0.1818181 0.3148148 0.1363636 0.3148148 0.1818181 0.324074 0.2272727 0.3148148 0.1818181 0.3148148 0.2272727 0.324074 0.2727273 0.3148148 0.2272727 0.3148148 0.2727273 0.3148148 0.3181818 0.324074 0.2727273 0.3148148 0.2727273 0.3148148 0.3636364 0.324074 0.3181818 0.3148148 0.3181818 0.3148148 0.4090909 0.324074 0.3636364 0.3148148 0.3636364 0.3148148 0.4545454 0.324074 0.4090909 0.3148148 0.4090909 0.3148148 0.5 0.324074 0.4545454 0.3148148 0.4545454 0.3148148 0.5454546 0.324074 0.5 0.3148148 0.5 0.3148148 0.5909091 0.324074 0.5454546 0.3148148 0.5454546 0.3148148 0.6363636 0.324074 0.5909091 0.3148148 0.5909091 0.3148148 0.6818182 0.324074 0.6363636 0.3148148 0.6363636 0.3148148 0.7272728 0.324074 0.6818182 0.3148148 0.6818182 0.324074 0.7727273 0.3148148 0.7272728 0.3148148 0.7727273 0.324074 0.8181818 0.3148148 0.7727273 0.3148148 0.8181818 0.324074 0.8636364 0.3148148 0.8181818 0.3148148 0.8636364 0.324074 0.9090909 0.3148148 0.8636364 0.3148148 0.9090909 0.324074 0.9545454 0.3148148 0.9090909 0.3148148 0.9545454 0.3333333 1 0.324074 0.9545454 0.324074 1 0.3333333 0.0454545 0.324074 0 0.324074 0.0454545 0.3333333 0.09090906 0.324074 0.0454545 0.324074 0.09090906 0.3333333 0.1363636 0.324074 0.09090906 0.324074 0.1363636 0.3333333 0.1818181 0.324074 0.1363636 0.324074 0.1818181 0.3333333 0.2272727 0.324074 0.1818181 0.324074 0.2272727 0.3333333 0.2727273 0.324074 0.2272727 0.324074 0.2727273 0.324074 0.3181818 0.3333333 0.2727273 0.324074 0.2727273 0.324074 0.3636364 0.3333333 0.3181818 0.324074 0.3181818 0.324074 0.4090909 0.3333333 0.3636364 0.324074 0.3636364 0.324074 0.4545454 0.3333333 0.4090909 0.324074 0.4090909 0.324074 0.5 0.3333333 0.4545454 0.324074 0.4545454 0.324074 0.5454546 0.3333333 0.5 0.324074 0.5 0.324074 0.5909091 0.3333333 0.5454546 0.324074 0.5454546 0.324074 0.6363636 0.3333333 0.5909091 0.324074 0.5909091 0.324074 0.6818182 0.3333333 0.6363636 0.324074 0.6363636 0.324074 0.7272728 0.3333333 0.6818182 0.324074 0.6818182 0.3333333 0.7727273 0.324074 0.7272728 0.324074 0.7727273 0.3333333 0.8181818 0.324074 0.7727273 0.324074 0.8181818 0.3333333 0.8636364 0.324074 0.8181818 0.324074 0.8636364 0.3333333 0.9090909 0.324074 0.8636364 0.324074 0.9090909 0.3333333 0.9545454 0.324074 0.9090909 0.324074 0.9545454 0.3333333 1 0.3425926 0.9545454 0.3333333 0.9545454 0.3333333 0.0454545 0.3425926 0 0.3333333 0 0.3333333 0.09090906 0.3425926 0.0454545 0.3333333 0.0454545 0.3333333 0.1363636 0.3425926 0.09090906 0.3333333 0.09090906 0.3333333 0.1818181 0.3425926 0.1363636 0.3333333 0.1363636 0.3333333 0.2272727 0.3425926 0.1818181 0.3333333 0.1818181 0.3425926 0.2727273 0.3333333 0.2272727 0.3333333 0.2727273 0.3425926 0.3181818 0.3333333 0.2727273 0.3333333 0.3181818 0.3425926 0.3636364 0.3333333 0.3181818 0.3333333 0.3636364 0.3425926 0.4090909 0.3333333 0.3636364 0.3333333 0.4090909 0.3425926 0.4545454 0.3333333 0.4090909 0.3333333 0.4545454 0.3425926 0.5 0.3333333 0.4545454 0.3333333 0.5 0.3425926 0.5454546 0.3333333 0.5 0.3333333 0.5454546 0.3425926 0.5909091 0.3333333 0.5454546 0.3333333 0.5909091 0.3425926 0.6363636 0.3333333 0.5909091 0.3333333 0.6363636 0.3425926 0.6818182 0.3333333 0.6363636 0.3333333 0.6818182 0.3425926 0.7272728 0.3333333 0.6818182 0.3333333 0.7272728 0.3425926 0.7727273 0.3333333 0.7272728 0.3333333 0.7727273 0.3333333 0.8181818 0.3425926 0.7727273 0.3333333 0.7727273 0.3333333 0.8636364 0.3425926 0.8181818 0.3333333 0.8181818 0.3333333 0.9090909 0.3425926 0.8636364 0.3333333 0.8636364 0.3333333 0.9545454 0.3425926 0.9090909 0.3333333 0.9090909 0.3518518 1 0.3425926 0.9545454 0.3425926 1 0.3518518 0.0454545 0.3425926 0 0.3425926 0.0454545 0.3518518 0.09090906 0.3425926 0.0454545 0.3425926 0.09090906 0.3518518 0.1363636 0.3425926 0.09090906 0.3425926 0.1363636 0.3518518 0.1818181 0.3425926 0.1363636 0.3425926 0.1818181 0.3518518 0.2272727 0.3425926 0.1818181 0.3425926 0.2272727 0.3518518 0.2727273 0.3425926 0.2272727 0.3425926 0.2727273 0.3425926 0.3181818 0.3518518 0.2727273 0.3425926 0.2727273 0.3425926 0.3636364 0.3518518 0.3181818 0.3425926 0.3181818 0.3425926 0.4090909 0.3518518 0.3636364 0.3425926 0.3636364 0.3425926 0.4545454 0.3518518 0.4090909 0.3425926 0.4090909 0.3425926 0.5 0.3518518 0.4545454 0.3425926 0.4545454 0.3425926 0.5454546 0.3518518 0.5 0.3425926 0.5 0.3425926 0.5909091 0.3518518 0.5454546 0.3425926 0.5454546 0.3425926 0.6363636 0.3518518 0.5909091 0.3425926 0.5909091 0.3425926 0.6818182 0.3518518 0.6363636 0.3425926 0.6363636 0.3425926 0.7272728 0.3518518 0.6818182 0.3425926 0.6818182 0.3518518 0.7727273 0.3425926 0.7272728 0.3425926 0.7727273 0.3518518 0.8181818 0.3425926 0.7727273 0.3425926 0.8181818 0.3518518 0.8636364 0.3425926 0.8181818 0.3425926 0.8636364 0.3518518 0.9090909 0.3425926 0.8636364 0.3425926 0.9090909 0.3518518 0.9545454 0.3425926 0.9090909 0.3425926 0.9545454 0.3611111 1 0.3518518 0.9545454 0.3518518 1 0.3611111 0.0454545 0.3518518 0 0.3518518 0.0454545 0.3611111 0.09090906 0.3518518 0.0454545 0.3518518 0.09090906 0.3611111 0.1363636 0.3518518 0.09090906 0.3518518 0.1363636 0.3611111 0.1818181 0.3518518 0.1363636 0.3518518 0.1818181 0.3611111 0.2272727 0.3518518 0.1818181 0.3518518 0.2272727 0.3611111 0.2727273 0.3518518 0.2272727 0.3518518 0.2727273 0.3518518 0.3181818 0.3611111 0.2727273 0.3518518 0.2727273 0.3518518 0.3636364 0.3611111 0.3181818 0.3518518 0.3181818 0.3518518 0.4090909 0.3611111 0.3636364 0.3518518 0.3636364 0.3518518 0.4545454 0.3611111 0.4090909 0.3518518 0.4090909 0.3518518 0.5 0.3611111 0.4545454 0.3518518 0.4545454 0.3518518 0.5454546 0.3611111 0.5 0.3518518 0.5 0.3518518 0.5909091 0.3611111 0.5454546 0.3518518 0.5454546 0.3518518 0.6363636 0.3611111 0.5909091 0.3518518 0.5909091 0.3518518 0.6818182 0.3611111 0.6363636 0.3518518 0.6363636 0.3518518 0.7272728 0.3611111 0.6818182 0.3518518 0.6818182 0.3611111 0.7727273 0.3518518 0.7272728 0.3518518 0.7727273 0.3611111 0.8181818 0.3518518 0.7727273 0.3518518 0.8181818 0.3611111 0.8636364 0.3518518 0.8181818 0.3518518 0.8636364 0.3611111 0.9090909 0.3518518 0.8636364 0.3518518 0.9090909 0.3611111 0.9545454 0.3518518 0.9090909 0.3518518 0.9545454 0.3703703 1 0.3611111 0.9545454 0.3611111 1 0.3703703 0.0454545 0.3611111 0 0.3611111 0.0454545 0.3703703 0.09090906 0.3611111 0.0454545 0.3611111 0.09090906 0.3703703 0.1363636 0.3611111 0.09090906 0.3611111 0.1363636 0.3703703 0.1818181 0.3611111 0.1363636 0.3611111 0.1818181 0.3703703 0.2272727 0.3611111 0.1818181 0.3611111 0.2272727 0.3703703 0.2727273 0.3611111 0.2272727 0.3611111 0.2727273 0.3611111 0.3181818 0.3703703 0.2727273 0.3611111 0.2727273 0.3611111 0.3636364 0.3703703 0.3181818 0.3611111 0.3181818 0.3611111 0.4090909 0.3703703 0.3636364 0.3611111 0.3636364 0.3611111 0.4545454 0.3703703 0.4090909 0.3611111 0.4090909 0.3611111 0.5 0.3703703 0.4545454 0.3611111 0.4545454 0.3611111 0.5454546 0.3703703 0.5 0.3611111 0.5 0.3611111 0.5909091 0.3703703 0.5454546 0.3611111 0.5454546 0.3611111 0.6363636 0.3703703 0.5909091 0.3611111 0.5909091 0.3611111 0.6818182 0.3703703 0.6363636 0.3611111 0.6363636 0.3611111 0.7272728 0.3703703 0.6818182 0.3611111 0.6818182 0.3703703 0.7727273 0.3611111 0.7272728 0.3611111 0.7727273 0.3703703 0.8181818 0.3611111 0.7727273 0.3611111 0.8181818 0.3703703 0.8636364 0.3611111 0.8181818 0.3611111 0.8636364 0.3703703 0.9090909 0.3611111 0.8636364 0.3611111 0.9090909 0.3703703 0.9545454 0.3611111 0.9090909 0.3611111 0.9545454 0.3796296 1 0.3703703 0.9545454 0.3703703 1 0.3796296 0.0454545 0.3703703 0 0.3703703 0.0454545 0.3796296 0.09090906 0.3703703 0.0454545 0.3703703 0.09090906 0.3796296 0.1363636 0.3703703 0.09090906 0.3703703 0.1363636 0.3796296 0.1818181 0.3703703 0.1363636 0.3703703 0.1818181 0.3796296 0.2272727 0.3703703 0.1818181 0.3703703 0.2272727 0.3796296 0.2727273 0.3703703 0.2272727 0.3703703 0.2727273 0.3703703 0.3181818 0.3796296 0.2727273 0.3703703 0.2727273 0.3703703 0.3636364 0.3796296 0.3181818 0.3703703 0.3181818 0.3703703 0.4090909 0.3796296 0.3636364 0.3703703 0.3636364 0.3703703 0.4545454 0.3796296 0.4090909 0.3703703 0.4090909 0.3703703 0.5 0.3796296 0.4545454 0.3703703 0.4545454 0.3703703 0.5454546 0.3796296 0.5 0.3703703 0.5 0.3703703 0.5909091 0.3796296 0.5454546 0.3703703 0.5454546 0.3703703 0.6363636 0.3796296 0.5909091 0.3703703 0.5909091 0.3703703 0.6818182 0.3796296 0.6363636 0.3703703 0.6363636 0.3703703 0.7272728 0.3796296 0.6818182 0.3703703 0.6818182 0.3796296 0.7727273 0.3703703 0.7272728 0.3703703 0.7727273 0.3796296 0.8181818 0.3703703 0.7727273 0.3703703 0.8181818 0.3796296 0.8636364 0.3703703 0.8181818 0.3703703 0.8636364 0.3796296 0.9090909 0.3703703 0.8636364 0.3703703 0.9090909 0.3796296 0.9545454 0.3703703 0.9090909 0.3703703 0.9545454 0.3888889 1 0.3796296 0.9545454 0.3796296 1 0.3888889 0.0454545 0.3796296 0 0.3796296 0.0454545 0.3888889 0.09090906 0.3796296 0.0454545 0.3796296 0.09090906 0.3888889 0.1363636 0.3796296 0.09090906 0.3796296 0.1363636 0.3888889 0.1818181 0.3796296 0.1363636 0.3796296 0.1818181 0.3888889 0.2272727 0.3796296 0.1818181 0.3796296 0.2272727 0.3888889 0.2727273 0.3796296 0.2272727 0.3796296 0.2727273 0.3796296 0.3181818 0.3888889 0.2727273 0.3796296 0.2727273 0.3796296 0.3636364 0.3888889 0.3181818 0.3796296 0.3181818 0.3796296 0.4090909 0.3888889 0.3636364 0.3796296 0.3636364 0.3796296 0.4545454 0.3888889 0.4090909 0.3796296 0.4090909 0.3796296 0.5 0.3888889 0.4545454 0.3796296 0.4545454 0.3796296 0.5454546 0.3888889 0.5 0.3796296 0.5 0.3796296 0.5909091 0.3888889 0.5454546 0.3796296 0.5454546 0.3796296 0.6363636 0.3888889 0.5909091 0.3796296 0.5909091 0.3796296 0.6818182 0.3888889 0.6363636 0.3796296 0.6363636 0.3796296 0.7272728 0.3888889 0.6818182 0.3796296 0.6818182 0.3888889 0.7727273 0.3796296 0.7272728 0.3796296 0.7727273 0.3888889 0.8181818 0.3796296 0.7727273 0.3796296 0.8181818 0.3888889 0.8636364 0.3796296 0.8181818 0.3796296 0.8636364 0.3888889 0.9090909 0.3796296 0.8636364 0.3796296 0.9090909 0.3888889 0.9545454 0.3796296 0.9090909 0.3796296 0.9545454 0.3981481 1 0.3888889 0.9545454 0.3888889 1 0.3981481 0.0454545 0.3888889 0 0.3888889 0.0454545 0.3981481 0.09090906 0.3888889 0.0454545 0.3888889 0.09090906 0.3981481 0.1363636 0.3888889 0.09090906 0.3888889 0.1363636 0.3981481 0.1818181 0.3888889 0.1363636 0.3888889 0.1818181 0.3981481 0.2272727 0.3888889 0.1818181 0.3888889 0.2272727 0.3981481 0.2727273 0.3888889 0.2272727 0.3888889 0.2727273 0.3888889 0.3181818 0.3981481 0.2727273 0.3888889 0.2727273 0.3888889 0.3636364 0.3981481 0.3181818 0.3888889 0.3181818 0.3888889 0.4090909 0.3981481 0.3636364 0.3888889 0.3636364 0.3888889 0.4545454 0.3981481 0.4090909 0.3888889 0.4090909 0.3888889 0.5 0.3981481 0.4545454 0.3888889 0.4545454 0.3888889 0.5454546 0.3981481 0.5 0.3888889 0.5 0.3888889 0.5909091 0.3981481 0.5454546 0.3888889 0.5454546 0.3888889 0.6363636 0.3981481 0.5909091 0.3888889 0.5909091 0.3888889 0.6818182 0.3981481 0.6363636 0.3888889 0.6363636 0.3888889 0.7272728 0.3981481 0.6818182 0.3888889 0.6818182 0.3981481 0.7727273 0.3888889 0.7272728 0.3888889 0.7727273 0.3981481 0.8181818 0.3888889 0.7727273 0.3888889 0.8181818 0.3981481 0.8636364 0.3888889 0.8181818 0.3888889 0.8636364 0.3981481 0.9090909 0.3888889 0.8636364 0.3888889 0.9090909 0.3981481 0.9545454 0.3888889 0.9090909 0.3888889 0.9545454 0.4074074 1 0.3981481 0.9545454 0.3981481 1 0.4074074 0.0454545 0.3981481 0 0.3981481 0.0454545 0.4074074 0.09090906 0.3981481 0.0454545 0.3981481 0.09090906 0.4074074 0.1363636 0.3981481 0.09090906 0.3981481 0.1363636 0.4074074 0.1818181 0.3981481 0.1363636 0.3981481 0.1818181 0.4074074 0.2272727 0.3981481 0.1818181 0.3981481 0.2272727 0.4074074 0.2727273 0.3981481 0.2272727 0.3981481 0.2727273 0.3981481 0.3181818 0.4074074 0.2727273 0.3981481 0.2727273 0.3981481 0.3636364 0.4074074 0.3181818 0.3981481 0.3181818 0.3981481 0.4090909 0.4074074 0.3636364 0.3981481 0.3636364 0.3981481 0.4545454 0.4074074 0.4090909 0.3981481 0.4090909 0.3981481 0.5 0.4074074 0.4545454 0.3981481 0.4545454 0.3981481 0.5454546 0.4074074 0.5 0.3981481 0.5 0.3981481 0.5909091 0.4074074 0.5454546 0.3981481 0.5454546 0.3981481 0.6363636 0.4074074 0.5909091 0.3981481 0.5909091 0.3981481 0.6818182 0.4074074 0.6363636 0.3981481 0.6363636 0.3981481 0.7272728 0.4074074 0.6818182 0.3981481 0.6818182 0.4074074 0.7727273 0.3981481 0.7272728 0.3981481 0.7727273 0.4074074 0.8181818 0.3981481 0.7727273 0.3981481 0.8181818 0.4074074 0.8636364 0.3981481 0.8181818 0.3981481 0.8636364 0.4074074 0.9090909 0.3981481 0.8636364 0.3981481 0.9090909 0.4074074 0.9545454 0.3981481 0.9090909 0.3981481 0.9545454 0.4166666 1 0.4074074 0.9545454 0.4074074 1 0.4166666 0.0454545 0.4074074 0 0.4074074 0.0454545 0.4166666 0.09090906 0.4074074 0.0454545 0.4074074 0.09090906 0.4166666 0.1363636 0.4074074 0.09090906 0.4074074 0.1363636 0.4166666 0.1818181 0.4074074 0.1363636 0.4074074 0.1818181 0.4166666 0.2272727 0.4074074 0.1818181 0.4074074 0.2272727 0.4166666 0.2727273 0.4074074 0.2272727 0.4074074 0.2727273 0.4074074 0.3181818 0.4166666 0.2727273 0.4074074 0.2727273 0.4074074 0.3636364 0.4166666 0.3181818 0.4074074 0.3181818 0.4074074 0.4090909 0.4166666 0.3636364 0.4074074 0.3636364 0.4074074 0.4545454 0.4166666 0.4090909 0.4074074 0.4090909 0.4074074 0.5 0.4166666 0.4545454 0.4074074 0.4545454 0.4074074 0.5454546 0.4166666 0.5 0.4074074 0.5 0.4074074 0.5909091 0.4166666 0.5454546 0.4074074 0.5454546 0.4074074 0.6363636 0.4166666 0.5909091 0.4074074 0.5909091 0.4074074 0.6818182 0.4166666 0.6363636 0.4074074 0.6363636 0.4074074 0.7272728 0.4166666 0.6818182 0.4074074 0.6818182 0.4166666 0.7727273 0.4074074 0.7272728 0.4074074 0.7727273 0.4166666 0.8181818 0.4074074 0.7727273 0.4074074 0.8181818 0.4166666 0.8636364 0.4074074 0.8181818 0.4074074 0.8636364 0.4166666 0.9090909 0.4074074 0.8636364 0.4074074 0.9090909 0.4166666 0.9545454 0.4074074 0.9090909 0.4074074 0.9545454 0.4259259 1 0.4166666 0.9545454 0.4166666 1 0.4259259 0.0454545 0.4166666 0 0.4166666 0.0454545 0.4259259 0.09090906 0.4166666 0.0454545 0.4166666 0.09090906 0.4259259 0.1363636 0.4166666 0.09090906 0.4166666 0.1363636 0.4259259 0.1818181 0.4166666 0.1363636 0.4166666 0.1818181 0.4259259 0.2272727 0.4166666 0.1818181 0.4166666 0.2272727 0.4259259 0.2727273 0.4166666 0.2272727 0.4166666 0.2727273 0.4166666 0.3181818 0.4259259 0.2727273 0.4166666 0.2727273 0.4166666 0.3636364 0.4259259 0.3181818 0.4166666 0.3181818 0.4166666 0.4090909 0.4259259 0.3636364 0.4166666 0.3636364 0.4166666 0.4545454 0.4259259 0.4090909 0.4166666 0.4090909 0.4166666 0.5 0.4259259 0.4545454 0.4166666 0.4545454 0.4166666 0.5454546 0.4259259 0.5 0.4166666 0.5 0.4166666 0.5909091 0.4259259 0.5454546 0.4166666 0.5454546 0.4166666 0.6363636 0.4259259 0.5909091 0.4166666 0.5909091 0.4166666 0.6818182 0.4259259 0.6363636 0.4166666 0.6363636 0.4166666 0.7272728 0.4259259 0.6818182 0.4166666 0.6818182 0.4259259 0.7727273 0.4166666 0.7272728 0.4166666 0.7727273 0.4259259 0.8181818 0.4166666 0.7727273 0.4166666 0.8181818 0.4259259 0.8636364 0.4166666 0.8181818 0.4166666 0.8636364 0.4259259 0.9090909 0.4166666 0.8636364 0.4166666 0.9090909 0.4259259 0.9545454 0.4166666 0.9090909 0.4166666 0.9545454 0.4351852 1 0.4259259 0.9545454 0.4259259 1 0.4351852 0.0454545 0.4259259 0 0.4259259 0.0454545 0.4351852 0.09090906 0.4259259 0.0454545 0.4259259 0.09090906 0.4351852 0.1363636 0.4259259 0.09090906 0.4259259 0.1363636 0.4351852 0.1818181 0.4259259 0.1363636 0.4259259 0.1818181 0.4351852 0.2272727 0.4259259 0.1818181 0.4259259 0.2272727 0.4351852 0.2727273 0.4259259 0.2272727 0.4259259 0.2727273 0.4259259 0.3181818 0.4351852 0.2727273 0.4259259 0.2727273 0.4259259 0.3636364 0.4351852 0.3181818 0.4259259 0.3181818 0.4259259 0.4090909 0.4351852 0.3636364 0.4259259 0.3636364 0.4259259 0.4545454 0.4351852 0.4090909 0.4259259 0.4090909 0.4259259 0.5 0.4351852 0.4545454 0.4259259 0.4545454 0.4259259 0.5454546 0.4351852 0.5 0.4259259 0.5 0.4259259 0.5909091 0.4351852 0.5454546 0.4259259 0.5454546 0.4259259 0.6363636 0.4351852 0.5909091 0.4259259 0.5909091 0.4259259 0.6818182 0.4351852 0.6363636 0.4259259 0.6363636 0.4259259 0.7272728 0.4351852 0.6818182 0.4259259 0.6818182 0.4351852 0.7727273 0.4259259 0.7272728 0.4259259 0.7727273 0.4351852 0.8181818 0.4259259 0.7727273 0.4259259 0.8181818 0.4351852 0.8636364 0.4259259 0.8181818 0.4259259 0.8636364 0.4351852 0.9090909 0.4259259 0.8636364 0.4259259 0.9090909 0.4351852 0.9545454 0.4259259 0.9090909 0.4259259 0.9545454 0.4351852 1 0.4444444 0.9545454 0.4351852 0.9545454 0.4351852 0.0454545 0.4444444 0 0.4351852 0 0.4351852 0.09090906 0.4444444 0.0454545 0.4351852 0.0454545 0.4351852 0.1363636 0.4444444 0.09090906 0.4351852 0.09090906 0.4351852 0.1818181 0.4444444 0.1363636 0.4351852 0.1363636 0.4351852 0.2272727 0.4444444 0.1818181 0.4351852 0.1818181 0.4444444 0.2727273 0.4351852 0.2272727 0.4351852 0.2727273 0.4444444 0.3181818 0.4351852 0.2727273 0.4351852 0.3181818 0.4444444 0.3636364 0.4351852 0.3181818 0.4351852 0.3636364 0.4444444 0.4090909 0.4351852 0.3636364 0.4351852 0.4090909 0.4444444 0.4545454 0.4351852 0.4090909 0.4351852 0.4545454 0.4444444 0.5 0.4351852 0.4545454 0.4351852 0.5 0.4444444 0.5454546 0.4351852 0.5 0.4351852 0.5454546 0.4444444 0.5909091 0.4351852 0.5454546 0.4351852 0.5909091 0.4444444 0.6363636 0.4351852 0.5909091 0.4351852 0.6363636 0.4444444 0.6818182 0.4351852 0.6363636 0.4351852 0.6818182 0.4444444 0.7272728 0.4351852 0.6818182 0.4351852 0.7272728 0.4444444 0.7727273 0.4351852 0.7272728 0.4351852 0.7727273 0.4351852 0.8181818 0.4444444 0.7727273 0.4351852 0.7727273 0.4351852 0.8636364 0.4444444 0.8181818 0.4351852 0.8181818 0.4351852 0.9090909 0.4444444 0.8636364 0.4351852 0.8636364 0.4351852 0.9545454 0.4444444 0.9090909 0.4351852 0.9090909 0.4444444 1 0.4537037 0.9545454 0.4444444 0.9545454 0.4444444 0.0454545 0.4537037 0 0.4444444 0 0.4444444 0.09090906 0.4537037 0.0454545 0.4444444 0.0454545 0.4444444 0.1363636 0.4537037 0.09090906 0.4444444 0.09090906 0.4444444 0.1818181 0.4537037 0.1363636 0.4444444 0.1363636 0.4444444 0.2272727 0.4537037 0.1818181 0.4444444 0.1818181 0.4537037 0.2727273 0.4444444 0.2272727 0.4444444 0.2727273 0.4537037 0.3181818 0.4444444 0.2727273 0.4444444 0.3181818 0.4537037 0.3636364 0.4444444 0.3181818 0.4444444 0.3636364 0.4537037 0.4090909 0.4444444 0.3636364 0.4444444 0.4090909 0.4537037 0.4545454 0.4444444 0.4090909 0.4444444 0.4545454 0.4537037 0.5 0.4444444 0.4545454 0.4444444 0.5 0.4537037 0.5454546 0.4444444 0.5 0.4444444 0.5454546 0.4537037 0.5909091 0.4444444 0.5454546 0.4444444 0.5909091 0.4537037 0.6363636 0.4444444 0.5909091 0.4444444 0.6363636 0.4537037 0.6818182 0.4444444 0.6363636 0.4444444 0.6818182 0.4537037 0.7272728 0.4444444 0.6818182 0.4444444 0.7272728 0.4537037 0.7727273 0.4444444 0.7272728 0.4444444 0.7727273 0.4444444 0.8181818 0.4537037 0.7727273 0.4444444 0.7727273 0.4444444 0.8636364 0.4537037 0.8181818 0.4444444 0.8181818 0.4444444 0.9090909 0.4537037 0.8636364 0.4444444 0.8636364 0.4444444 0.9545454 0.4537037 0.9090909 0.4444444 0.9090909 0.4537037 1 0.4629629 0.9545454 0.4537037 0.9545454 0.4537037 0.0454545 0.4629629 0 0.4537037 0 0.4537037 0.09090906 0.4629629 0.0454545 0.4537037 0.0454545 0.4537037 0.1363636 0.4629629 0.09090906 0.4537037 0.09090906 0.4537037 0.1818181 0.4629629 0.1363636 0.4537037 0.1363636 0.4537037 0.2272727 0.4629629 0.1818181 0.4537037 0.1818181 0.4629629 0.2727273 0.4537037 0.2272727 0.4537037 0.2727273 0.4629629 0.3181818 0.4537037 0.2727273 0.4537037 0.3181818 0.4629629 0.3636364 0.4537037 0.3181818 0.4537037 0.3636364 0.4629629 0.4090909 0.4537037 0.3636364 0.4537037 0.4090909 0.4629629 0.4545454 0.4537037 0.4090909 0.4537037 0.4545454 0.4629629 0.5 0.4537037 0.4545454 0.4537037 0.5 0.4629629 0.5454546 0.4537037 0.5 0.4537037 0.5454546 0.4629629 0.5909091 0.4537037 0.5454546 0.4537037 0.5909091 0.4629629 0.6363636 0.4537037 0.5909091 0.4537037 0.6363636 0.4629629 0.6818182 0.4537037 0.6363636 0.4537037 0.6818182 0.4629629 0.7272728 0.4537037 0.6818182 0.4537037 0.7272728 0.4629629 0.7727273 0.4537037 0.7272728 0.4537037 0.7727273 0.4537037 0.8181818 0.4629629 0.7727273 0.4537037 0.7727273 0.4537037 0.8636364 0.4629629 0.8181818 0.4537037 0.8181818 0.4537037 0.9090909 0.4629629 0.8636364 0.4537037 0.8636364 0.4537037 0.9545454 0.4629629 0.9090909 0.4537037 0.9090909 0.4629629 1 0.4722222 0.9545454 0.4629629 0.9545454 0.4629629 0.0454545 0.4722222 0 0.4629629 0 0.4629629 0.09090906 0.4722222 0.0454545 0.4629629 0.0454545 0.4629629 0.1363636 0.4722222 0.09090906 0.4629629 0.09090906 0.4629629 0.1818181 0.4722222 0.1363636 0.4629629 0.1363636 0.4629629 0.2272727 0.4722222 0.1818181 0.4629629 0.1818181 0.4722222 0.2727273 0.4629629 0.2272727 0.4629629 0.2727273 0.4722222 0.3181818 0.4629629 0.2727273 0.4629629 0.3181818 0.4722222 0.3636364 0.4629629 0.3181818 0.4629629 0.3636364 0.4722222 0.4090909 0.4629629 0.3636364 0.4629629 0.4090909 0.4722222 0.4545454 0.4629629 0.4090909 0.4629629 0.4545454 0.4722222 0.5 0.4629629 0.4545454 0.4629629 0.5 0.4722222 0.5454546 0.4629629 0.5 0.4629629 0.5454546 0.4722222 0.5909091 0.4629629 0.5454546 0.4629629 0.5909091 0.4722222 0.6363636 0.4629629 0.5909091 0.4629629 0.6363636 0.4722222 0.6818182 0.4629629 0.6363636 0.4629629 0.6818182 0.4722222 0.7272728 0.4629629 0.6818182 0.4629629 0.7272728 0.4722222 0.7727273 0.4629629 0.7272728 0.4629629 0.7727273 0.4629629 0.8181818 0.4722222 0.7727273 0.4629629 0.7727273 0.4629629 0.8636364 0.4722222 0.8181818 0.4629629 0.8181818 0.4629629 0.9090909 0.4722222 0.8636364 0.4629629 0.8636364 0.4629629 0.9545454 0.4722222 0.9090909 0.4629629 0.9090909 0.4814815 1 0.4722222 0.9545454 0.4722222 1 0.4814815 0.0454545 0.4722222 0 0.4722222 0.0454545 0.4814815 0.09090906 0.4722222 0.0454545 0.4722222 0.09090906 0.4814815 0.1363636 0.4722222 0.09090906 0.4722222 0.1363636 0.4814815 0.1818181 0.4722222 0.1363636 0.4722222 0.1818181 0.4814815 0.2272727 0.4722222 0.1818181 0.4722222 0.2272727 0.4814815 0.2727273 0.4722222 0.2272727 0.4722222 0.2727273 0.4722222 0.3181818 0.4814815 0.2727273 0.4722222 0.2727273 0.4722222 0.3636364 0.4814815 0.3181818 0.4722222 0.3181818 0.4722222 0.4090909 0.4814815 0.3636364 0.4722222 0.3636364 0.4722222 0.4545454 0.4814815 0.4090909 0.4722222 0.4090909 0.4722222 0.5 0.4814815 0.4545454 0.4722222 0.4545454 0.4722222 0.5454546 0.4814815 0.5 0.4722222 0.5 0.4722222 0.5909091 0.4814815 0.5454546 0.4722222 0.5454546 0.4722222 0.6363636 0.4814815 0.5909091 0.4722222 0.5909091 0.4722222 0.6818182 0.4814815 0.6363636 0.4722222 0.6363636 0.4722222 0.7272728 0.4814815 0.6818182 0.4722222 0.6818182 0.4814815 0.7727273 0.4722222 0.7272728 0.4722222 0.7727273 0.4814815 0.8181818 0.4722222 0.7727273 0.4722222 0.8181818 0.4814815 0.8636364 0.4722222 0.8181818 0.4722222 0.8636364 0.4814815 0.9090909 0.4722222 0.8636364 0.4722222 0.9090909 0.4814815 0.9545454 0.4722222 0.9090909 0.4722222 0.9545454 0.4907407 1 0.4814815 0.9545454 0.4814815 1 0.4907407 0.0454545 0.4814815 0 0.4814815 0.0454545 0.4907407 0.09090906 0.4814815 0.0454545 0.4814815 0.09090906 0.4907407 0.1363636 0.4814815 0.09090906 0.4814815 0.1363636 0.4907407 0.1818181 0.4814815 0.1363636 0.4814815 0.1818181 0.4907407 0.2272727 0.4814815 0.1818181 0.4814815 0.2272727 0.4907407 0.2727273 0.4814815 0.2272727 0.4814815 0.2727273 0.4814815 0.3181818 0.4907407 0.2727273 0.4814815 0.2727273 0.4814815 0.3636364 0.4907407 0.3181818 0.4814815 0.3181818 0.4814815 0.4090909 0.4907407 0.3636364 0.4814815 0.3636364 0.4814815 0.4545454 0.4907407 0.4090909 0.4814815 0.4090909 0.4814815 0.5 0.4907407 0.4545454 0.4814815 0.4545454 0.4814815 0.5454546 0.4907407 0.5 0.4814815 0.5 0.4814815 0.5909091 0.4907407 0.5454546 0.4814815 0.5454546 0.4814815 0.6363636 0.4907407 0.5909091 0.4814815 0.5909091 0.4814815 0.6818182 0.4907407 0.6363636 0.4814815 0.6363636 0.4814815 0.7272728 0.4907407 0.6818182 0.4814815 0.6818182 0.4907407 0.7727273 0.4814815 0.7272728 0.4814815 0.7727273 0.4907407 0.8181818 0.4814815 0.7727273 0.4814815 0.8181818 0.4907407 0.8636364 0.4814815 0.8181818 0.4814815 0.8636364 0.4907407 0.9090909 0.4814815 0.8636364 0.4814815 0.9090909 0.4907407 0.9545454 0.4814815 0.9090909 0.4814815 0.9545454 0.5 1 0.4907407 0.9545454 0.4907407 1 0.5 0.0454545 0.4907407 0 0.4907407 0.0454545 0.5 0.09090906 0.4907407 0.0454545 0.4907407 0.09090906 0.5 0.1363636 0.4907407 0.09090906 0.4907407 0.1363636 0.5 0.1818181 0.4907407 0.1363636 0.4907407 0.1818181 0.5 0.2272727 0.4907407 0.1818181 0.4907407 0.2272727 0.5 0.2727273 0.4907407 0.2272727 0.4907407 0.2727273 0.4907407 0.3181818 0.5 0.2727273 0.4907407 0.2727273 0.4907407 0.3636364 0.5 0.3181818 0.4907407 0.3181818 0.4907407 0.4090909 0.5 0.3636364 0.4907407 0.3636364 0.4907407 0.4545454 0.5 0.4090909 0.4907407 0.4090909 0.4907407 0.5 0.5 0.4545454 0.4907407 0.4545454 0.4907407 0.5454546 0.5 0.5 0.4907407 0.5 0.4907407 0.5909091 0.5 0.5454546 0.4907407 0.5454546 0.4907407 0.6363636 0.5 0.5909091 0.4907407 0.5909091 0.4907407 0.6818182 0.5 0.6363636 0.4907407 0.6363636 0.4907407 0.7272728 0.5 0.6818182 0.4907407 0.6818182 0.5 0.7727273 0.4907407 0.7272728 0.4907407 0.7727273 0.5 0.8181818 0.4907407 0.7727273 0.4907407 0.8181818 0.5 0.8636364 0.4907407 0.8181818 0.4907407 0.8636364 0.5 0.9090909 0.4907407 0.8636364 0.4907407 0.9090909 0.5 0.9545454 0.4907407 0.9090909 0.4907407 0.9545454 0.5092593 1 0.5 0.9545454 0.5 1 0.5092593 0.0454545 0.5 0 0.5 0.0454545 0.5092593 0.09090906 0.5 0.0454545 0.5 0.09090906 0.5092593 0.1363636 0.5 0.09090906 0.5 0.1363636 0.5092593 0.1818181 0.5 0.1363636 0.5 0.1818181 0.5092593 0.2272727 0.5 0.1818181 0.5 0.2272727 0.5092593 0.2727273 0.5 0.2272727 0.5 0.2727273 0.5 0.3181818 0.5092593 0.2727273 0.5 0.2727273 0.5 0.3636364 0.5092593 0.3181818 0.5 0.3181818 0.5 0.4090909 0.5092593 0.3636364 0.5 0.3636364 0.5 0.4545454 0.5092593 0.4090909 0.5 0.4090909 0.5 0.5 0.5092593 0.4545454 0.5 0.4545454 0.5 0.5454546 0.5092593 0.5 0.5 0.5 0.5 0.5909091 0.5092593 0.5454546 0.5 0.5454546 0.5 0.6363636 0.5092593 0.5909091 0.5 0.5909091 0.5 0.6818182 0.5092593 0.6363636 0.5 0.6363636 0.5 0.7272728 0.5092593 0.6818182 0.5 0.6818182 0.5092593 0.7727273 0.5 0.7272728 0.5 0.7727273 0.5092593 0.8181818 0.5 0.7727273 0.5 0.8181818 0.5092593 0.8636364 0.5 0.8181818 0.5 0.8636364 0.5092593 0.9090909 0.5 0.8636364 0.5 0.9090909 0.5092593 0.9545454 0.5 0.9090909 0.5 0.9545454 0.5185185 1 0.5092593 0.9545454 0.5092593 1 0.5185185 0.0454545 0.5092593 0 0.5092593 0.0454545 0.5185185 0.09090906 0.5092593 0.0454545 0.5092593 0.09090906 0.5185185 0.1363636 0.5092593 0.09090906 0.5092593 0.1363636 0.5185185 0.1818181 0.5092593 0.1363636 0.5092593 0.1818181 0.5185185 0.2272727 0.5092593 0.1818181 0.5092593 0.2272727 0.5185185 0.2727273 0.5092593 0.2272727 0.5092593 0.2727273 0.5092593 0.3181818 0.5185185 0.2727273 0.5092593 0.2727273 0.5092593 0.3636364 0.5185185 0.3181818 0.5092593 0.3181818 0.5092593 0.4090909 0.5185185 0.3636364 0.5092593 0.3636364 0.5092593 0.4545454 0.5185185 0.4090909 0.5092593 0.4090909 0.5092593 0.5 0.5185185 0.4545454 0.5092593 0.4545454 0.5092593 0.5454546 0.5185185 0.5 0.5092593 0.5 0.5092593 0.5909091 0.5185185 0.5454546 0.5092593 0.5454546 0.5092593 0.6363636 0.5185185 0.5909091 0.5092593 0.5909091 0.5092593 0.6818182 0.5185185 0.6363636 0.5092593 0.6363636 0.5092593 0.7272728 0.5185185 0.6818182 0.5092593 0.6818182 0.5185185 0.7727273 0.5092593 0.7272728 0.5092593 0.7727273 0.5185185 0.8181818 0.5092593 0.7727273 0.5092593 0.8181818 0.5185185 0.8636364 0.5092593 0.8181818 0.5092593 0.8636364 0.5185185 0.9090909 0.5092593 0.8636364 0.5092593 0.9090909 0.5185185 0.9545454 0.5092593 0.9090909 0.5092593 0.9545454 0.5277778 1 0.5185185 0.9545454 0.5185185 1 0.5277778 0.0454545 0.5185185 0 0.5185185 0.0454545 0.5277778 0.09090906 0.5185185 0.0454545 0.5185185 0.09090906 0.5277778 0.1363636 0.5185185 0.09090906 0.5185185 0.1363636 0.5277778 0.1818181 0.5185185 0.1363636 0.5185185 0.1818181 0.5277778 0.2272727 0.5185185 0.1818181 0.5185185 0.2272727 0.5277778 0.2727273 0.5185185 0.2272727 0.5185185 0.2727273 0.5185185 0.3181818 0.5277778 0.2727273 0.5185185 0.2727273 0.5185185 0.3636364 0.5277778 0.3181818 0.5185185 0.3181818 0.5185185 0.4090909 0.5277778 0.3636364 0.5185185 0.3636364 0.5185185 0.4545454 0.5277778 0.4090909 0.5185185 0.4090909 0.5185185 0.5 0.5277778 0.4545454 0.5185185 0.4545454 0.5185185 0.5454546 0.5277778 0.5 0.5185185 0.5 0.5185185 0.5909091 0.5277778 0.5454546 0.5185185 0.5454546 0.5185185 0.6363636 0.5277778 0.5909091 0.5185185 0.5909091 0.5185185 0.6818182 0.5277778 0.6363636 0.5185185 0.6363636 0.5185185 0.7272728 0.5277778 0.6818182 0.5185185 0.6818182 0.5277778 0.7727273 0.5185185 0.7272728 0.5185185 0.7727273 0.5277778 0.8181818 0.5185185 0.7727273 0.5185185 0.8181818 0.5277778 0.8636364 0.5185185 0.8181818 0.5185185 0.8636364 0.5277778 0.9090909 0.5185185 0.8636364 0.5185185 0.9090909 0.5277778 0.9545454 0.5185185 0.9090909 0.5185185 0.9545454 0.5277778 1 0.537037 0.9545454 0.5277778 0.9545454 0.5277778 0.0454545 0.537037 0 0.5277778 0 0.5277778 0.09090906 0.537037 0.0454545 0.5277778 0.0454545 0.5277778 0.1363636 0.537037 0.09090906 0.5277778 0.09090906 0.5277778 0.1818181 0.537037 0.1363636 0.5277778 0.1363636 0.5277778 0.2272727 0.537037 0.1818181 0.5277778 0.1818181 0.537037 0.2727273 0.5277778 0.2272727 0.5277778 0.2727273 0.537037 0.3181818 0.5277778 0.2727273 0.5277778 0.3181818 0.537037 0.3636364 0.5277778 0.3181818 0.5277778 0.3636364 0.537037 0.4090909 0.5277778 0.3636364 0.5277778 0.4090909 0.537037 0.4545454 0.5277778 0.4090909 0.5277778 0.4545454 0.537037 0.5 0.5277778 0.4545454 0.5277778 0.5 0.537037 0.5454546 0.5277778 0.5 0.5277778 0.5454546 0.537037 0.5909091 0.5277778 0.5454546 0.5277778 0.5909091 0.537037 0.6363636 0.5277778 0.5909091 0.5277778 0.6363636 0.537037 0.6818182 0.5277778 0.6363636 0.5277778 0.6818182 0.537037 0.7272728 0.5277778 0.6818182 0.5277778 0.7272728 0.537037 0.7727273 0.5277778 0.7272728 0.5277778 0.7727273 0.5277778 0.8181818 0.537037 0.7727273 0.5277778 0.7727273 0.5277778 0.8636364 0.537037 0.8181818 0.5277778 0.8181818 0.5277778 0.9090909 0.537037 0.8636364 0.5277778 0.8636364 0.5277778 0.9545454 0.537037 0.9090909 0.5277778 0.9090909 0.537037 1 0.5462963 0.9545454 0.537037 0.9545454 0.537037 0.0454545 0.5462963 0 0.537037 0 0.537037 0.09090906 0.5462963 0.0454545 0.537037 0.0454545 0.537037 0.1363636 0.5462963 0.09090906 0.537037 0.09090906 0.537037 0.1818181 0.5462963 0.1363636 0.537037 0.1363636 0.537037 0.2272727 0.5462963 0.1818181 0.537037 0.1818181 0.5462963 0.2727273 0.537037 0.2272727 0.537037 0.2727273 0.5462963 0.3181818 0.537037 0.2727273 0.537037 0.3181818 0.5462963 0.3636364 0.537037 0.3181818 0.537037 0.3636364 0.5462963 0.4090909 0.537037 0.3636364 0.537037 0.4090909 0.5462963 0.4545454 0.537037 0.4090909 0.537037 0.4545454 0.5462963 0.5 0.537037 0.4545454 0.537037 0.5 0.5462963 0.5454546 0.537037 0.5 0.537037 0.5454546 0.5462963 0.5909091 0.537037 0.5454546 0.537037 0.5909091 0.5462963 0.6363636 0.537037 0.5909091 0.537037 0.6363636 0.5462963 0.6818182 0.537037 0.6363636 0.537037 0.6818182 0.5462963 0.7272728 0.537037 0.6818182 0.537037 0.7272728 0.5462963 0.7727273 0.537037 0.7272728 0.537037 0.7727273 0.537037 0.8181818 0.5462963 0.7727273 0.537037 0.7727273 0.537037 0.8636364 0.5462963 0.8181818 0.537037 0.8181818 0.537037 0.9090909 0.5462963 0.8636364 0.537037 0.8636364 0.537037 0.9545454 0.5462963 0.9090909 0.537037 0.9090909 0.5462963 1 0.5555556 0.9545454 0.5462963 0.9545454 0.5462963 0.0454545 0.5555556 0 0.5462963 0 0.5462963 0.09090906 0.5555556 0.0454545 0.5462963 0.0454545 0.5462963 0.1363636 0.5555556 0.09090906 0.5462963 0.09090906 0.5462963 0.1818181 0.5555556 0.1363636 0.5462963 0.1363636 0.5462963 0.2272727 0.5555556 0.1818181 0.5462963 0.1818181 0.5555556 0.2727273 0.5462963 0.2272727 0.5462963 0.2727273 0.5555556 0.3181818 0.5462963 0.2727273 0.5462963 0.3181818 0.5555556 0.3636364 0.5462963 0.3181818 0.5462963 0.3636364 0.5555556 0.4090909 0.5462963 0.3636364 0.5462963 0.4090909 0.5555556 0.4545454 0.5462963 0.4090909 0.5462963 0.4545454 0.5555556 0.5 0.5462963 0.4545454 0.5462963 0.5 0.5555556 0.5454546 0.5462963 0.5 0.5462963 0.5454546 0.5555556 0.5909091 0.5462963 0.5454546 0.5462963 0.5909091 0.5555556 0.6363636 0.5462963 0.5909091 0.5462963 0.6363636 0.5555556 0.6818182 0.5462963 0.6363636 0.5462963 0.6818182 0.5555556 0.7272728 0.5462963 0.6818182 0.5462963 0.7272728 0.5555556 0.7727273 0.5462963 0.7272728 0.5462963 0.7727273 0.5462963 0.8181818 0.5555556 0.7727273 0.5462963 0.7727273 0.5462963 0.8636364 0.5555556 0.8181818 0.5462963 0.8181818 0.5462963 0.9090909 0.5555556 0.8636364 0.5462963 0.8636364 0.5462963 0.9545454 0.5555556 0.9090909 0.5462963 0.9090909 0.5555556 1 0.5648148 0.9545454 0.5555556 0.9545454 0.5555556 0.0454545 0.5648148 0 0.5555556 0 0.5555556 0.09090906 0.5648148 0.0454545 0.5555556 0.0454545 0.5555556 0.1363636 0.5648148 0.09090906 0.5555556 0.09090906 0.5555556 0.1818181 0.5648148 0.1363636 0.5555556 0.1363636 0.5555556 0.2272727 0.5648148 0.1818181 0.5555556 0.1818181 0.5648148 0.2727273 0.5555556 0.2272727 0.5555556 0.2727273 0.5648148 0.3181818 0.5555556 0.2727273 0.5555556 0.3181818 0.5648148 0.3636364 0.5555556 0.3181818 0.5555556 0.3636364 0.5648148 0.4090909 0.5555556 0.3636364 0.5555556 0.4090909 0.5648148 0.4545454 0.5555556 0.4090909 0.5555556 0.4545454 0.5648148 0.5 0.5555556 0.4545454 0.5555556 0.5 0.5648148 0.5454546 0.5555556 0.5 0.5555556 0.5454546 0.5648148 0.5909091 0.5555556 0.5454546 0.5555556 0.5909091 0.5648148 0.6363636 0.5555556 0.5909091 0.5555556 0.6363636 0.5648148 0.6818182 0.5555556 0.6363636 0.5555556 0.6818182 0.5648148 0.7272728 0.5555556 0.6818182 0.5555556 0.7272728 0.5648148 0.7727273 0.5555556 0.7272728 0.5555556 0.7727273 0.5555556 0.8181818 0.5648148 0.7727273 0.5555556 0.7727273 0.5555556 0.8636364 0.5648148 0.8181818 0.5555556 0.8181818 0.5555556 0.9090909 0.5648148 0.8636364 0.5555556 0.8636364 0.5555556 0.9545454 0.5648148 0.9090909 0.5555556 0.9090909 0.5648148 1 0.5740741 0.9545454 0.5648148 0.9545454 0.5648148 0.0454545 0.5740741 0 0.5648148 0 0.5648148 0.09090906 0.5740741 0.0454545 0.5648148 0.0454545 0.5648148 0.1363636 0.5740741 0.09090906 0.5648148 0.09090906 0.5648148 0.1818181 0.5740741 0.1363636 0.5648148 0.1363636 0.5648148 0.2272727 0.5740741 0.1818181 0.5648148 0.1818181 0.5740741 0.2727273 0.5648148 0.2272727 0.5648148 0.2727273 0.5740741 0.3181818 0.5648148 0.2727273 0.5648148 0.3181818 0.5740741 0.3636364 0.5648148 0.3181818 0.5648148 0.3636364 0.5740741 0.4090909 0.5648148 0.3636364 0.5648148 0.4090909 0.5740741 0.4545454 0.5648148 0.4090909 0.5648148 0.4545454 0.5740741 0.5 0.5648148 0.4545454 0.5648148 0.5 0.5740741 0.5454546 0.5648148 0.5 0.5648148 0.5454546 0.5740741 0.5909091 0.5648148 0.5454546 0.5648148 0.5909091 0.5740741 0.6363636 0.5648148 0.5909091 0.5648148 0.6363636 0.5740741 0.6818182 0.5648148 0.6363636 0.5648148 0.6818182 0.5740741 0.7272728 0.5648148 0.6818182 0.5648148 0.7272728 0.5740741 0.7727273 0.5648148 0.7272728 0.5648148 0.7727273 0.5648148 0.8181818 0.5740741 0.7727273 0.5648148 0.7727273 0.5648148 0.8636364 0.5740741 0.8181818 0.5648148 0.8181818 0.5648148 0.9090909 0.5740741 0.8636364 0.5648148 0.8636364 0.5648148 0.9545454 0.5740741 0.9090909 0.5648148 0.9090909 0.5740741 1 0.5833333 0.9545454 0.5740741 0.9545454 0.5740741 0.0454545 0.5833333 0 0.5740741 0 0.5740741 0.09090906 0.5833333 0.0454545 0.5740741 0.0454545 0.5740741 0.1363636 0.5833333 0.09090906 0.5740741 0.09090906 0.5740741 0.1818181 0.5833333 0.1363636 0.5740741 0.1363636 0.5740741 0.2272727 0.5833333 0.1818181 0.5740741 0.1818181 0.5833333 0.2727273 0.5740741 0.2272727 0.5740741 0.2727273 0.5833333 0.3181818 0.5740741 0.2727273 0.5740741 0.3181818 0.5833333 0.3636364 0.5740741 0.3181818 0.5740741 0.3636364 0.5833333 0.4090909 0.5740741 0.3636364 0.5740741 0.4090909 0.5833333 0.4545454 0.5740741 0.4090909 0.5740741 0.4545454 0.5833333 0.5 0.5740741 0.4545454 0.5740741 0.5 0.5833333 0.5454546 0.5740741 0.5 0.5740741 0.5454546 0.5833333 0.5909091 0.5740741 0.5454546 0.5740741 0.5909091 0.5833333 0.6363636 0.5740741 0.5909091 0.5740741 0.6363636 0.5833333 0.6818182 0.5740741 0.6363636 0.5740741 0.6818182 0.5833333 0.7272728 0.5740741 0.6818182 0.5740741 0.7272728 0.5833333 0.7727273 0.5740741 0.7272728 0.5740741 0.7727273 0.5740741 0.8181818 0.5833333 0.7727273 0.5740741 0.7727273 0.5740741 0.8636364 0.5833333 0.8181818 0.5740741 0.8181818 0.5740741 0.9090909 0.5833333 0.8636364 0.5740741 0.8636364 0.5740741 0.9545454 0.5833333 0.9090909 0.5740741 0.9090909 0.5833333 1 0.5925926 0.9545454 0.5833333 0.9545454 0.5833333 0.0454545 0.5925926 0 0.5833333 0 0.5833333 0.09090906 0.5925926 0.0454545 0.5833333 0.0454545 0.5833333 0.1363636 0.5925926 0.09090906 0.5833333 0.09090906 0.5833333 0.1818181 0.5925926 0.1363636 0.5833333 0.1363636 0.5833333 0.2272727 0.5925926 0.1818181 0.5833333 0.1818181 0.5925926 0.2727273 0.5833333 0.2272727 0.5833333 0.2727273 0.5925926 0.3181818 0.5833333 0.2727273 0.5833333 0.3181818 0.5925926 0.3636364 0.5833333 0.3181818 0.5833333 0.3636364 0.5925926 0.4090909 0.5833333 0.3636364 0.5833333 0.4090909 0.5925926 0.4545454 0.5833333 0.4090909 0.5833333 0.4545454 0.5925926 0.5 0.5833333 0.4545454 0.5833333 0.5 0.5925926 0.5454546 0.5833333 0.5 0.5833333 0.5454546 0.5925926 0.5909091 0.5833333 0.5454546 0.5833333 0.5909091 0.5925926 0.6363636 0.5833333 0.5909091 0.5833333 0.6363636 0.5925926 0.6818182 0.5833333 0.6363636 0.5833333 0.6818182 0.5925926 0.7272728 0.5833333 0.6818182 0.5833333 0.7272728 0.5925926 0.7727273 0.5833333 0.7272728 0.5833333 0.7727273 0.5833333 0.8181818 0.5925926 0.7727273 0.5833333 0.7727273 0.5833333 0.8636364 0.5925926 0.8181818 0.5833333 0.8181818 0.5833333 0.9090909 0.5925926 0.8636364 0.5833333 0.8636364 0.5833333 0.9545454 0.5925926 0.9090909 0.5833333 0.9090909 0.5925926 1 0.6018519 0.9545454 0.5925926 0.9545454 0.5925926 0.0454545 0.6018519 0 0.5925926 0 0.5925926 0.09090906 0.6018519 0.0454545 0.5925926 0.0454545 0.5925926 0.1363636 0.6018519 0.09090906 0.5925926 0.09090906 0.5925926 0.1818181 0.6018519 0.1363636 0.5925926 0.1363636 0.5925926 0.2272727 0.6018519 0.1818181 0.5925926 0.1818181 0.6018519 0.2727273 0.5925926 0.2272727 0.5925926 0.2727273 0.6018519 0.3181818 0.5925926 0.2727273 0.5925926 0.3181818 0.6018519 0.3636364 0.5925926 0.3181818 0.5925926 0.3636364 0.6018519 0.4090909 0.5925926 0.3636364 0.5925926 0.4090909 0.6018519 0.4545454 0.5925926 0.4090909 0.5925926 0.4545454 0.6018519 0.5 0.5925926 0.4545454 0.5925926 0.5 0.6018519 0.5454546 0.5925926 0.5 0.5925926 0.5454546 0.6018519 0.5909091 0.5925926 0.5454546 0.5925926 0.5909091 0.6018519 0.6363636 0.5925926 0.5909091 0.5925926 0.6363636 0.6018519 0.6818182 0.5925926 0.6363636 0.5925926 0.6818182 0.6018519 0.7272728 0.5925926 0.6818182 0.5925926 0.7272728 0.6018519 0.7727273 0.5925926 0.7272728 0.5925926 0.7727273 0.5925926 0.8181818 0.6018519 0.7727273 0.5925926 0.7727273 0.5925926 0.8636364 0.6018519 0.8181818 0.5925926 0.8181818 0.5925926 0.9090909 0.6018519 0.8636364 0.5925926 0.8636364 0.5925926 0.9545454 0.6018519 0.9090909 0.5925926 0.9090909 0.6018519 1 0.6111111 0.9545454 0.6018519 0.9545454 0.6018519 0.0454545 0.6111111 0 0.6018519 0 0.6018519 0.09090906 0.6111111 0.0454545 0.6018519 0.0454545 0.6018519 0.1363636 0.6111111 0.09090906 0.6018519 0.09090906 0.6018519 0.1818181 0.6111111 0.1363636 0.6018519 0.1363636 0.6018519 0.2272727 0.6111111 0.1818181 0.6018519 0.1818181 0.6111111 0.2727273 0.6018519 0.2272727 0.6018519 0.2727273 0.6111111 0.3181818 0.6018519 0.2727273 0.6018519 0.3181818 0.6111111 0.3636364 0.6018519 0.3181818 0.6018519 0.3636364 0.6111111 0.4090909 0.6018519 0.3636364 0.6018519 0.4090909 0.6111111 0.4545454 0.6018519 0.4090909 0.6018519 0.4545454 0.6111111 0.5 0.6018519 0.4545454 0.6018519 0.5 0.6111111 0.5454546 0.6018519 0.5 0.6018519 0.5454546 0.6111111 0.5909091 0.6018519 0.5454546 0.6018519 0.5909091 0.6111111 0.6363636 0.6018519 0.5909091 0.6018519 0.6363636 0.6111111 0.6818182 0.6018519 0.6363636 0.6018519 0.6818182 0.6111111 0.7272728 0.6018519 0.6818182 0.6018519 0.7272728 0.6111111 0.7727273 0.6018519 0.7272728 0.6018519 0.7727273 0.6018519 0.8181818 0.6111111 0.7727273 0.6018519 0.7727273 0.6018519 0.8636364 0.6111111 0.8181818 0.6018519 0.8181818 0.6018519 0.9090909 0.6111111 0.8636364 0.6018519 0.8636364 0.6018519 0.9545454 0.6111111 0.9090909 0.6018519 0.9090909 0.6203704 1 0.6111111 0.9545454 0.6111111 1 0.6203704 0.0454545 0.6111111 0 0.6111111 0.0454545 0.6203704 0.09090906 0.6111111 0.0454545 0.6111111 0.09090906 0.6203704 0.1363636 0.6111111 0.09090906 0.6111111 0.1363636 0.6203704 0.1818181 0.6111111 0.1363636 0.6111111 0.1818181 0.6203704 0.2272727 0.6111111 0.1818181 0.6111111 0.2272727 0.6203704 0.2727273 0.6111111 0.2272727 0.6111111 0.2727273 0.6111111 0.3181818 0.6203704 0.2727273 0.6111111 0.2727273 0.6111111 0.3636364 0.6203704 0.3181818 0.6111111 0.3181818 0.6111111 0.4090909 0.6203704 0.3636364 0.6111111 0.3636364 0.6111111 0.4545454 0.6203704 0.4090909 0.6111111 0.4090909 0.6111111 0.5 0.6203704 0.4545454 0.6111111 0.4545454 0.6111111 0.5454546 0.6203704 0.5 0.6111111 0.5 0.6111111 0.5909091 0.6203704 0.5454546 0.6111111 0.5454546 0.6111111 0.6363636 0.6203704 0.5909091 0.6111111 0.5909091 0.6111111 0.6818182 0.6203704 0.6363636 0.6111111 0.6363636 0.6111111 0.7272728 0.6203704 0.6818182 0.6111111 0.6818182 0.6203704 0.7727273 0.6111111 0.7272728 0.6111111 0.7727273 0.6203704 0.8181818 0.6111111 0.7727273 0.6111111 0.8181818 0.6203704 0.8636364 0.6111111 0.8181818 0.6111111 0.8636364 0.6203704 0.9090909 0.6111111 0.8636364 0.6111111 0.9090909 0.6203704 0.9545454 0.6111111 0.9090909 0.6111111 0.9545454 0.6296296 1 0.6203704 0.9545454 0.6203704 1 0.6296296 0.0454545 0.6203704 0 0.6203704 0.0454545 0.6296296 0.09090906 0.6203704 0.0454545 0.6203704 0.09090906 0.6296296 0.1363636 0.6203704 0.09090906 0.6203704 0.1363636 0.6296296 0.1818181 0.6203704 0.1363636 0.6203704 0.1818181 0.6296296 0.2272727 0.6203704 0.1818181 0.6203704 0.2272727 0.6296296 0.2727273 0.6203704 0.2272727 0.6203704 0.2727273 0.6203704 0.3181818 0.6296296 0.2727273 0.6203704 0.2727273 0.6203704 0.3636364 0.6296296 0.3181818 0.6203704 0.3181818 0.6203704 0.4090909 0.6296296 0.3636364 0.6203704 0.3636364 0.6203704 0.4545454 0.6296296 0.4090909 0.6203704 0.4090909 0.6203704 0.5 0.6296296 0.4545454 0.6203704 0.4545454 0.6203704 0.5454546 0.6296296 0.5 0.6203704 0.5 0.6203704 0.5909091 0.6296296 0.5454546 0.6203704 0.5454546 0.6203704 0.6363636 0.6296296 0.5909091 0.6203704 0.5909091 0.6203704 0.6818182 0.6296296 0.6363636 0.6203704 0.6363636 0.6203704 0.7272728 0.6296296 0.6818182 0.6203704 0.6818182 0.6296296 0.7727273 0.6203704 0.7272728 0.6203704 0.7727273 0.6296296 0.8181818 0.6203704 0.7727273 0.6203704 0.8181818 0.6296296 0.8636364 0.6203704 0.8181818 0.6203704 0.8636364 0.6296296 0.9090909 0.6203704 0.8636364 0.6203704 0.9090909 0.6296296 0.9545454 0.6203704 0.9090909 0.6203704 0.9545454 0.6388889 1 0.6296296 0.9545454 0.6296296 1 0.6388889 0.0454545 0.6296296 0 0.6296296 0.0454545 0.6388889 0.09090906 0.6296296 0.0454545 0.6296296 0.09090906 0.6388889 0.1363636 0.6296296 0.09090906 0.6296296 0.1363636 0.6388889 0.1818181 0.6296296 0.1363636 0.6296296 0.1818181 0.6388889 0.2272727 0.6296296 0.1818181 0.6296296 0.2272727 0.6388889 0.2727273 0.6296296 0.2272727 0.6296296 0.2727273 0.6296296 0.3181818 0.6388889 0.2727273 0.6296296 0.2727273 0.6296296 0.3636364 0.6388889 0.3181818 0.6296296 0.3181818 0.6296296 0.4090909 0.6388889 0.3636364 0.6296296 0.3636364 0.6296296 0.4545454 0.6388889 0.4090909 0.6296296 0.4090909 0.6296296 0.5 0.6388889 0.4545454 0.6296296 0.4545454 0.6296296 0.5454546 0.6388889 0.5 0.6296296 0.5 0.6296296 0.5909091 0.6388889 0.5454546 0.6296296 0.5454546 0.6296296 0.6363636 0.6388889 0.5909091 0.6296296 0.5909091 0.6296296 0.6818182 0.6388889 0.6363636 0.6296296 0.6363636 0.6296296 0.7272728 0.6388889 0.6818182 0.6296296 0.6818182 0.6388889 0.7727273 0.6296296 0.7272728 0.6296296 0.7727273 0.6388889 0.8181818 0.6296296 0.7727273 0.6296296 0.8181818 0.6388889 0.8636364 0.6296296 0.8181818 0.6296296 0.8636364 0.6388889 0.9090909 0.6296296 0.8636364 0.6296296 0.9090909 0.6388889 0.9545454 0.6296296 0.9090909 0.6296296 0.9545454 0.6481481 1 0.6388889 0.9545454 0.6388889 1 0.6481481 0.0454545 0.6388889 0 0.6388889 0.0454545 0.6481481 0.09090906 0.6388889 0.0454545 0.6388889 0.09090906 0.6481481 0.1363636 0.6388889 0.09090906 0.6388889 0.1363636 0.6481481 0.1818181 0.6388889 0.1363636 0.6388889 0.1818181 0.6481481 0.2272727 0.6388889 0.1818181 0.6388889 0.2272727 0.6481481 0.2727273 0.6388889 0.2272727 0.6388889 0.2727273 0.6388889 0.3181818 0.6481481 0.2727273 0.6388889 0.2727273 0.6388889 0.3636364 0.6481481 0.3181818 0.6388889 0.3181818 0.6388889 0.4090909 0.6481481 0.3636364 0.6388889 0.3636364 0.6388889 0.4545454 0.6481481 0.4090909 0.6388889 0.4090909 0.6388889 0.5 0.6481481 0.4545454 0.6388889 0.4545454 0.6388889 0.5454546 0.6481481 0.5 0.6388889 0.5 0.6388889 0.5909091 0.6481481 0.5454546 0.6388889 0.5454546 0.6388889 0.6363636 0.6481481 0.5909091 0.6388889 0.5909091 0.6388889 0.6818182 0.6481481 0.6363636 0.6388889 0.6363636 0.6388889 0.7272728 0.6481481 0.6818182 0.6388889 0.6818182 0.6481481 0.7727273 0.6388889 0.7272728 0.6388889 0.7727273 0.6481481 0.8181818 0.6388889 0.7727273 0.6388889 0.8181818 0.6481481 0.8636364 0.6388889 0.8181818 0.6388889 0.8636364 0.6481481 0.9090909 0.6388889 0.8636364 0.6388889 0.9090909 0.6481481 0.9545454 0.6388889 0.9090909 0.6388889 0.9545454 0.6574074 1 0.6481481 0.9545454 0.6481481 1 0.6574074 0.0454545 0.6481481 0 0.6481481 0.0454545 0.6574074 0.09090906 0.6481481 0.0454545 0.6481481 0.09090906 0.6574074 0.1363636 0.6481481 0.09090906 0.6481481 0.1363636 0.6574074 0.1818181 0.6481481 0.1363636 0.6481481 0.1818181 0.6574074 0.2272727 0.6481481 0.1818181 0.6481481 0.2272727 0.6574074 0.2727273 0.6481481 0.2272727 0.6481481 0.2727273 0.6481481 0.3181818 0.6574074 0.2727273 0.6481481 0.2727273 0.6481481 0.3636364 0.6574074 0.3181818 0.6481481 0.3181818 0.6481481 0.4090909 0.6574074 0.3636364 0.6481481 0.3636364 0.6481481 0.4545454 0.6574074 0.4090909 0.6481481 0.4090909 0.6481481 0.5 0.6574074 0.4545454 0.6481481 0.4545454 0.6481481 0.5454546 0.6574074 0.5 0.6481481 0.5 0.6481481 0.5909091 0.6574074 0.5454546 0.6481481 0.5454546 0.6481481 0.6363636 0.6574074 0.5909091 0.6481481 0.5909091 0.6481481 0.6818182 0.6574074 0.6363636 0.6481481 0.6363636 0.6481481 0.7272728 0.6574074 0.6818182 0.6481481 0.6818182 0.6574074 0.7727273 0.6481481 0.7272728 0.6481481 0.7727273 0.6574074 0.8181818 0.6481481 0.7727273 0.6481481 0.8181818 0.6574074 0.8636364 0.6481481 0.8181818 0.6481481 0.8636364 0.6574074 0.9090909 0.6481481 0.8636364 0.6481481 0.9090909 0.6574074 0.9545454 0.6481481 0.9090909 0.6481481 0.9545454 0.6666667 1 0.6574074 0.9545454 0.6574074 1 0.6666667 0.0454545 0.6574074 0 0.6574074 0.0454545 0.6666667 0.09090906 0.6574074 0.0454545 0.6574074 0.09090906 0.6666667 0.1363636 0.6574074 0.09090906 0.6574074 0.1363636 0.6666667 0.1818181 0.6574074 0.1363636 0.6574074 0.1818181 0.6666667 0.2272727 0.6574074 0.1818181 0.6574074 0.2272727 0.6666667 0.2727273 0.6574074 0.2272727 0.6574074 0.2727273 0.6574074 0.3181818 0.6666667 0.2727273 0.6574074 0.2727273 0.6574074 0.3636364 0.6666667 0.3181818 0.6574074 0.3181818 0.6574074 0.4090909 0.6666667 0.3636364 0.6574074 0.3636364 0.6574074 0.4545454 0.6666667 0.4090909 0.6574074 0.4090909 0.6574074 0.5 0.6666667 0.4545454 0.6574074 0.4545454 0.6574074 0.5454546 0.6666667 0.5 0.6574074 0.5 0.6574074 0.5909091 0.6666667 0.5454546 0.6574074 0.5454546 0.6574074 0.6363636 0.6666667 0.5909091 0.6574074 0.5909091 0.6574074 0.6818182 0.6666667 0.6363636 0.6574074 0.6363636 0.6574074 0.7272728 0.6666667 0.6818182 0.6574074 0.6818182 0.6666667 0.7727273 0.6574074 0.7272728 0.6574074 0.7727273 0.6666667 0.8181818 0.6574074 0.7727273 0.6574074 0.8181818 0.6666667 0.8636364 0.6574074 0.8181818 0.6574074 0.8636364 0.6666667 0.9090909 0.6574074 0.8636364 0.6574074 0.9090909 0.6666667 0.9545454 0.6574074 0.9090909 0.6574074 0.9545454 0.6759259 1 0.6666667 0.9545454 0.6666667 1 0.6759259 0.0454545 0.6666667 0 0.6666667 0.0454545 0.6759259 0.09090906 0.6666667 0.0454545 0.6666667 0.09090906 0.6759259 0.1363636 0.6666667 0.09090906 0.6666667 0.1363636 0.6759259 0.1818181 0.6666667 0.1363636 0.6666667 0.1818181 0.6759259 0.2272727 0.6666667 0.1818181 0.6666667 0.2272727 0.6759259 0.2727273 0.6666667 0.2272727 0.6666667 0.2727273 0.6666667 0.3181818 0.6759259 0.2727273 0.6666667 0.2727273 0.6666667 0.3636364 0.6759259 0.3181818 0.6666667 0.3181818 0.6666667 0.4090909 0.6759259 0.3636364 0.6666667 0.3636364 0.6666667 0.4545454 0.6759259 0.4090909 0.6666667 0.4090909 0.6666667 0.5 0.6759259 0.4545454 0.6666667 0.4545454 0.6666667 0.5454546 0.6759259 0.5 0.6666667 0.5 0.6666667 0.5909091 0.6759259 0.5454546 0.6666667 0.5454546 0.6666667 0.6363636 0.6759259 0.5909091 0.6666667 0.5909091 0.6666667 0.6818182 0.6759259 0.6363636 0.6666667 0.6363636 0.6666667 0.7272728 0.6759259 0.6818182 0.6666667 0.6818182 0.6759259 0.7727273 0.6666667 0.7272728 0.6666667 0.7727273 0.6759259 0.8181818 0.6666667 0.7727273 0.6666667 0.8181818 0.6759259 0.8636364 0.6666667 0.8181818 0.6666667 0.8636364 0.6759259 0.9090909 0.6666667 0.8636364 0.6666667 0.9090909 0.6759259 0.9545454 0.6666667 0.9090909 0.6666667 0.9545454 0.6759259 1 0.6851852 0.9545454 0.6759259 0.9545454 0.6759259 0.0454545 0.6851852 0 0.6759259 0 0.6759259 0.09090906 0.6851852 0.0454545 0.6759259 0.0454545 0.6759259 0.1363636 0.6851852 0.09090906 0.6759259 0.09090906 0.6759259 0.1818181 0.6851852 0.1363636 0.6759259 0.1363636 0.6759259 0.2272727 0.6851852 0.1818181 0.6759259 0.1818181 0.6851852 0.2727273 0.6759259 0.2272727 0.6759259 0.2727273 0.6851852 0.3181818 0.6759259 0.2727273 0.6759259 0.3181818 0.6851852 0.3636364 0.6759259 0.3181818 0.6759259 0.3636364 0.6851852 0.4090909 0.6759259 0.3636364 0.6759259 0.4090909 0.6851852 0.4545454 0.6759259 0.4090909 0.6759259 0.4545454 0.6851852 0.5 0.6759259 0.4545454 0.6759259 0.5 0.6851852 0.5454546 0.6759259 0.5 0.6759259 0.5454546 0.6851852 0.5909091 0.6759259 0.5454546 0.6759259 0.5909091 0.6851852 0.6363636 0.6759259 0.5909091 0.6759259 0.6363636 0.6851852 0.6818182 0.6759259 0.6363636 0.6759259 0.6818182 0.6851852 0.7272728 0.6759259 0.6818182 0.6759259 0.7272728 0.6851852 0.7727273 0.6759259 0.7272728 0.6759259 0.7727273 0.6759259 0.8181818 0.6851852 0.7727273 0.6759259 0.7727273 0.6759259 0.8636364 0.6851852 0.8181818 0.6759259 0.8181818 0.6759259 0.9090909 0.6851852 0.8636364 0.6759259 0.8636364 0.6759259 0.9545454 0.6851852 0.9090909 0.6759259 0.9090909 0.6851852 1 0.6944444 0.9545454 0.6851852 0.9545454 0.6851852 0.0454545 0.6944444 0 0.6851852 0 0.6851852 0.09090906 0.6944444 0.0454545 0.6851852 0.0454545 0.6851852 0.1363636 0.6944444 0.09090906 0.6851852 0.09090906 0.6851852 0.1818181 0.6944444 0.1363636 0.6851852 0.1363636 0.6851852 0.2272727 0.6944444 0.1818181 0.6851852 0.1818181 0.6944444 0.2727273 0.6851852 0.2272727 0.6851852 0.2727273 0.6944444 0.3181818 0.6851852 0.2727273 0.6851852 0.3181818 0.6944444 0.3636364 0.6851852 0.3181818 0.6851852 0.3636364 0.6944444 0.4090909 0.6851852 0.3636364 0.6851852 0.4090909 0.6944444 0.4545454 0.6851852 0.4090909 0.6851852 0.4545454 0.6944444 0.5 0.6851852 0.4545454 0.6851852 0.5 0.6944444 0.5454546 0.6851852 0.5 0.6851852 0.5454546 0.6944444 0.5909091 0.6851852 0.5454546 0.6851852 0.5909091 0.6944444 0.6363636 0.6851852 0.5909091 0.6851852 0.6363636 0.6944444 0.6818182 0.6851852 0.6363636 0.6851852 0.6818182 0.6944444 0.7272728 0.6851852 0.6818182 0.6851852 0.7272728 0.6944444 0.7727273 0.6851852 0.7272728 0.6851852 0.7727273 0.6851852 0.8181818 0.6944444 0.7727273 0.6851852 0.7727273 0.6851852 0.8636364 0.6944444 0.8181818 0.6851852 0.8181818 0.6851852 0.9090909 0.6944444 0.8636364 0.6851852 0.8636364 0.6851852 0.9545454 0.6944444 0.9090909 0.6851852 0.9090909 0.6944444 1 0.7037037 0.9545454 0.6944444 0.9545454 0.6944444 0.0454545 0.7037037 0 0.6944444 0 0.6944444 0.09090906 0.7037037 0.0454545 0.6944444 0.0454545 0.6944444 0.1363636 0.7037037 0.09090906 0.6944444 0.09090906 0.6944444 0.1818181 0.7037037 0.1363636 0.6944444 0.1363636 0.6944444 0.2272727 0.7037037 0.1818181 0.6944444 0.1818181 0.7037037 0.2727273 0.6944444 0.2272727 0.6944444 0.2727273 0.7037037 0.3181818 0.6944444 0.2727273 0.6944444 0.3181818 0.7037037 0.3636364 0.6944444 0.3181818 0.6944444 0.3636364 0.7037037 0.4090909 0.6944444 0.3636364 0.6944444 0.4090909 0.7037037 0.4545454 0.6944444 0.4090909 0.6944444 0.4545454 0.7037037 0.5 0.6944444 0.4545454 0.6944444 0.5 0.7037037 0.5454546 0.6944444 0.5 0.6944444 0.5454546 0.7037037 0.5909091 0.6944444 0.5454546 0.6944444 0.5909091 0.7037037 0.6363636 0.6944444 0.5909091 0.6944444 0.6363636 0.7037037 0.6818182 0.6944444 0.6363636 0.6944444 0.6818182 0.7037037 0.7272728 0.6944444 0.6818182 0.6944444 0.7272728 0.7037037 0.7727273 0.6944444 0.7272728 0.6944444 0.7727273 0.6944444 0.8181818 0.7037037 0.7727273 0.6944444 0.7727273 0.6944444 0.8636364 0.7037037 0.8181818 0.6944444 0.8181818 0.6944444 0.9090909 0.7037037 0.8636364 0.6944444 0.8636364 0.6944444 0.9545454 0.7037037 0.9090909 0.6944444 0.9090909 0.7037037 1 0.712963 0.9545454 0.7037037 0.9545454 0.7037037 0.0454545 0.712963 0 0.7037037 0 0.7037037 0.09090906 0.712963 0.0454545 0.7037037 0.0454545 0.7037037 0.1363636 0.712963 0.09090906 0.7037037 0.09090906 0.7037037 0.1818181 0.712963 0.1363636 0.7037037 0.1363636 0.7037037 0.2272727 0.712963 0.1818181 0.7037037 0.1818181 0.712963 0.2727273 0.7037037 0.2272727 0.7037037 0.2727273 0.712963 0.3181818 0.7037037 0.2727273 0.7037037 0.3181818 0.712963 0.3636364 0.7037037 0.3181818 0.7037037 0.3636364 0.712963 0.4090909 0.7037037 0.3636364 0.7037037 0.4090909 0.712963 0.4545454 0.7037037 0.4090909 0.7037037 0.4545454 0.712963 0.5 0.7037037 0.4545454 0.7037037 0.5 0.712963 0.5454546 0.7037037 0.5 0.7037037 0.5454546 0.712963 0.5909091 0.7037037 0.5454546 0.7037037 0.5909091 0.712963 0.6363636 0.7037037 0.5909091 0.7037037 0.6363636 0.712963 0.6818182 0.7037037 0.6363636 0.7037037 0.6818182 0.712963 0.7272728 0.7037037 0.6818182 0.7037037 0.7272728 0.712963 0.7727273 0.7037037 0.7272728 0.7037037 0.7727273 0.7037037 0.8181818 0.712963 0.7727273 0.7037037 0.7727273 0.7037037 0.8636364 0.712963 0.8181818 0.7037037 0.8181818 0.7037037 0.9090909 0.712963 0.8636364 0.7037037 0.8636364 0.7037037 0.9545454 0.712963 0.9090909 0.7037037 0.9090909 0.712963 1 0.7222222 0.9545454 0.712963 0.9545454 0.712963 0.0454545 0.7222222 0 0.712963 0 0.712963 0.09090906 0.7222222 0.0454545 0.712963 0.0454545 0.712963 0.1363636 0.7222222 0.09090906 0.712963 0.09090906 0.712963 0.1818181 0.7222222 0.1363636 0.712963 0.1363636 0.712963 0.2272727 0.7222222 0.1818181 0.712963 0.1818181 0.7222222 0.2727273 0.712963 0.2272727 0.712963 0.2727273 0.7222222 0.3181818 0.712963 0.2727273 0.712963 0.3181818 0.7222222 0.3636364 0.712963 0.3181818 0.712963 0.3636364 0.7222222 0.4090909 0.712963 0.3636364 0.712963 0.4090909 0.7222222 0.4545454 0.712963 0.4090909 0.712963 0.4545454 0.7222222 0.5 0.712963 0.4545454 0.712963 0.5 0.7222222 0.5454546 0.712963 0.5 0.712963 0.5454546 0.7222222 0.5909091 0.712963 0.5454546 0.712963 0.5909091 0.7222222 0.6363636 0.712963 0.5909091 0.712963 0.6363636 0.7222222 0.6818182 0.712963 0.6363636 0.712963 0.6818182 0.7222222 0.7272728 0.712963 0.6818182 0.712963 0.7272728 0.7222222 0.7727273 0.712963 0.7272728 0.712963 0.7727273 0.712963 0.8181818 0.7222222 0.7727273 0.712963 0.7727273 0.712963 0.8636364 0.7222222 0.8181818 0.712963 0.8181818 0.712963 0.9090909 0.7222222 0.8636364 0.712963 0.8636364 0.712963 0.9545454 0.7222222 0.9090909 0.712963 0.9090909 0.7222222 1 0.7314815 0.9545454 0.7222222 0.9545454 0.7222222 0.0454545 0.7314815 0 0.7222222 0 0.7222222 0.09090906 0.7314815 0.0454545 0.7222222 0.0454545 0.7222222 0.1363636 0.7314815 0.09090906 0.7222222 0.09090906 0.7222222 0.1818181 0.7314815 0.1363636 0.7222222 0.1363636 0.7222222 0.2272727 0.7314815 0.1818181 0.7222222 0.1818181 0.7314815 0.2727273 0.7222222 0.2272727 0.7222222 0.2727273 0.7314815 0.3181818 0.7222222 0.2727273 0.7222222 0.3181818 0.7314815 0.3636364 0.7222222 0.3181818 0.7222222 0.3636364 0.7314815 0.4090909 0.7222222 0.3636364 0.7222222 0.4090909 0.7314815 0.4545454 0.7222222 0.4090909 0.7222222 0.4545454 0.7314815 0.5 0.7222222 0.4545454 0.7222222 0.5 0.7314815 0.5454546 0.7222222 0.5 0.7222222 0.5454546 0.7314815 0.5909091 0.7222222 0.5454546 0.7222222 0.5909091 0.7314815 0.6363636 0.7222222 0.5909091 0.7222222 0.6363636 0.7314815 0.6818182 0.7222222 0.6363636 0.7222222 0.6818182 0.7314815 0.7272728 0.7222222 0.6818182 0.7222222 0.7272728 0.7314815 0.7727273 0.7222222 0.7272728 0.7222222 0.7727273 0.7222222 0.8181818 0.7314815 0.7727273 0.7222222 0.7727273 0.7222222 0.8636364 0.7314815 0.8181818 0.7222222 0.8181818 0.7222222 0.9090909 0.7314815 0.8636364 0.7222222 0.8636364 0.7222222 0.9545454 0.7314815 0.9090909 0.7222222 0.9090909 0.7314815 1 0.7407407 0.9545454 0.7314815 0.9545454 0.7314815 0.0454545 0.7407407 0 0.7314815 0 0.7314815 0.09090906 0.7407407 0.0454545 0.7314815 0.0454545 0.7314815 0.1363636 0.7407407 0.09090906 0.7314815 0.09090906 0.7314815 0.1818181 0.7407407 0.1363636 0.7314815 0.1363636 0.7314815 0.2272727 0.7407407 0.1818181 0.7314815 0.1818181 0.7407407 0.2727273 0.7314815 0.2272727 0.7314815 0.2727273 0.7407407 0.3181818 0.7314815 0.2727273 0.7314815 0.3181818 0.7407407 0.3636364 0.7314815 0.3181818 0.7314815 0.3636364 0.7407407 0.4090909 0.7314815 0.3636364 0.7314815 0.4090909 0.7407407 0.4545454 0.7314815 0.4090909 0.7314815 0.4545454 0.7407407 0.5 0.7314815 0.4545454 0.7314815 0.5 0.7407407 0.5454546 0.7314815 0.5 0.7314815 0.5454546 0.7407407 0.5909091 0.7314815 0.5454546 0.7314815 0.5909091 0.7407407 0.6363636 0.7314815 0.5909091 0.7314815 0.6363636 0.7407407 0.6818182 0.7314815 0.6363636 0.7314815 0.6818182 0.7407407 0.7272728 0.7314815 0.6818182 0.7314815 0.7272728 0.7407407 0.7727273 0.7314815 0.7272728 0.7314815 0.7727273 0.7314815 0.8181818 0.7407407 0.7727273 0.7314815 0.7727273 0.7314815 0.8636364 0.7407407 0.8181818 0.7314815 0.8181818 0.7314815 0.9090909 0.7407407 0.8636364 0.7314815 0.8636364 0.7314815 0.9545454 0.7407407 0.9090909 0.7314815 0.9090909 0.7407407 1 0.75 0.9545454 0.7407407 0.9545454 0.7407407 0.0454545 0.75 0 0.7407407 0 0.7407407 0.09090906 0.75 0.0454545 0.7407407 0.0454545 0.7407407 0.1363636 0.75 0.09090906 0.7407407 0.09090906 0.7407407 0.1818181 0.75 0.1363636 0.7407407 0.1363636 0.7407407 0.2272727 0.75 0.1818181 0.7407407 0.1818181 0.75 0.2727273 0.7407407 0.2272727 0.7407407 0.2727273 0.75 0.3181818 0.7407407 0.2727273 0.7407407 0.3181818 0.75 0.3636364 0.7407407 0.3181818 0.7407407 0.3636364 0.75 0.4090909 0.7407407 0.3636364 0.7407407 0.4090909 0.75 0.4545454 0.7407407 0.4090909 0.7407407 0.4545454 0.75 0.5 0.7407407 0.4545454 0.7407407 0.5 0.75 0.5454546 0.7407407 0.5 0.7407407 0.5454546 0.75 0.5909091 0.7407407 0.5454546 0.7407407 0.5909091 0.75 0.6363636 0.7407407 0.5909091 0.7407407 0.6363636 0.75 0.6818182 0.7407407 0.6363636 0.7407407 0.6818182 0.75 0.7272728 0.7407407 0.6818182 0.7407407 0.7272728 0.75 0.7727273 0.7407407 0.7272728 0.7407407 0.7727273 0.7407407 0.8181818 0.75 0.7727273 0.7407407 0.7727273 0.7407407 0.8636364 0.75 0.8181818 0.7407407 0.8181818 0.7407407 0.9090909 0.75 0.8636364 0.7407407 0.8636364 0.7407407 0.9545454 0.75 0.9090909 0.7407407 0.9090909 0.75 1 0.7592593 0.9545454 0.75 0.9545454 0.75 0.0454545 0.7592593 0 0.75 0 0.75 0.09090906 0.7592593 0.0454545 0.75 0.0454545 0.75 0.1363636 0.7592593 0.09090906 0.75 0.09090906 0.75 0.1818181 0.7592593 0.1363636 0.75 0.1363636 0.75 0.2272727 0.7592593 0.1818181 0.75 0.1818181 0.7592593 0.2727273 0.75 0.2272727 0.75 0.2727273 0.7592593 0.3181818 0.75 0.2727273 0.75 0.3181818 0.7592593 0.3636364 0.75 0.3181818 0.75 0.3636364 0.7592593 0.4090909 0.75 0.3636364 0.75 0.4090909 0.7592593 0.4545454 0.75 0.4090909 0.75 0.4545454 0.7592593 0.5 0.75 0.4545454 0.75 0.5 0.7592593 0.5454546 0.75 0.5 0.75 0.5454546 0.7592593 0.5909091 0.75 0.5454546 0.75 0.5909091 0.7592593 0.6363636 0.75 0.5909091 0.75 0.6363636 0.7592593 0.6818182 0.75 0.6363636 0.75 0.6818182 0.7592593 0.7272728 0.75 0.6818182 0.75 0.7272728 0.7592593 0.7727273 0.75 0.7272728 0.75 0.7727273 0.75 0.8181818 0.7592593 0.7727273 0.75 0.7727273 0.75 0.8636364 0.7592593 0.8181818 0.75 0.8181818 0.75 0.9090909 0.7592593 0.8636364 0.75 0.8636364 0.75 0.9545454 0.7592593 0.9090909 0.75 0.9090909 0.7592593 1 0.7685185 0.9545454 0.7592593 0.9545454 0.7592593 0.0454545 0.7685185 0 0.7592593 0 0.7592593 0.09090906 0.7685185 0.0454545 0.7592593 0.0454545 0.7592593 0.1363636 0.7685185 0.09090906 0.7592593 0.09090906 0.7592593 0.1818181 0.7685185 0.1363636 0.7592593 0.1363636 0.7592593 0.2272727 0.7685185 0.1818181 0.7592593 0.1818181 0.7685185 0.2727273 0.7592593 0.2272727 0.7592593 0.2727273 0.7685185 0.3181818 0.7592593 0.2727273 0.7592593 0.3181818 0.7685185 0.3636364 0.7592593 0.3181818 0.7592593 0.3636364 0.7685185 0.4090909 0.7592593 0.3636364 0.7592593 0.4090909 0.7685185 0.4545454 0.7592593 0.4090909 0.7592593 0.4545454 0.7685185 0.5 0.7592593 0.4545454 0.7592593 0.5 0.7685185 0.5454546 0.7592593 0.5 0.7592593 0.5454546 0.7685185 0.5909091 0.7592593 0.5454546 0.7592593 0.5909091 0.7685185 0.6363636 0.7592593 0.5909091 0.7592593 0.6363636 0.7685185 0.6818182 0.7592593 0.6363636 0.7592593 0.6818182 0.7685185 0.7272728 0.7592593 0.6818182 0.7592593 0.7272728 0.7685185 0.7727273 0.7592593 0.7272728 0.7592593 0.7727273 0.7592593 0.8181818 0.7685185 0.7727273 0.7592593 0.7727273 0.7592593 0.8636364 0.7685185 0.8181818 0.7592593 0.8181818 0.7592593 0.9090909 0.7685185 0.8636364 0.7592593 0.8636364 0.7592593 0.9545454 0.7685185 0.9090909 0.7592593 0.9090909 0.7777778 1 0.7685185 0.9545454 0.7685185 1 0.7777778 0.0454545 0.7685185 0 0.7685185 0.0454545 0.7777778 0.09090906 0.7685185 0.0454545 0.7685185 0.09090906 0.7777778 0.1363636 0.7685185 0.09090906 0.7685185 0.1363636 0.7777778 0.1818181 0.7685185 0.1363636 0.7685185 0.1818181 0.7777778 0.2272727 0.7685185 0.1818181 0.7685185 0.2272727 0.7777778 0.2727273 0.7685185 0.2272727 0.7685185 0.2727273 0.7685185 0.3181818 0.7777778 0.2727273 0.7685185 0.2727273 0.7685185 0.3636364 0.7777778 0.3181818 0.7685185 0.3181818 0.7685185 0.4090909 0.7777778 0.3636364 0.7685185 0.3636364 0.7685185 0.4545454 0.7777778 0.4090909 0.7685185 0.4090909 0.7685185 0.5 0.7777778 0.4545454 0.7685185 0.4545454 0.7685185 0.5454546 0.7777778 0.5 0.7685185 0.5 0.7685185 0.5909091 0.7777778 0.5454546 0.7685185 0.5454546 0.7685185 0.6363636 0.7777778 0.5909091 0.7685185 0.5909091 0.7685185 0.6818182 0.7777778 0.6363636 0.7685185 0.6363636 0.7685185 0.7272728 0.7777778 0.6818182 0.7685185 0.6818182 0.7777778 0.7727273 0.7685185 0.7272728 0.7685185 0.7727273 0.7777778 0.8181818 0.7685185 0.7727273 0.7685185 0.8181818 0.7777778 0.8636364 0.7685185 0.8181818 0.7685185 0.8636364 0.7777778 0.9090909 0.7685185 0.8636364 0.7685185 0.9090909 0.7777778 0.9545454 0.7685185 0.9090909 0.7685185 0.9545454 0.787037 1 0.7777778 0.9545454 0.7777778 1 0.787037 0.0454545 0.7777778 0 0.7777778 0.0454545 0.787037 0.09090906 0.7777778 0.0454545 0.7777778 0.09090906 0.787037 0.1363636 0.7777778 0.09090906 0.7777778 0.1363636 0.787037 0.1818181 0.7777778 0.1363636 0.7777778 0.1818181 0.787037 0.2272727 0.7777778 0.1818181 0.7777778 0.2272727 0.787037 0.2727273 0.7777778 0.2272727 0.7777778 0.2727273 0.7777778 0.3181818 0.787037 0.2727273 0.7777778 0.2727273 0.7777778 0.3636364 0.787037 0.3181818 0.7777778 0.3181818 0.7777778 0.4090909 0.787037 0.3636364 0.7777778 0.3636364 0.7777778 0.4545454 0.787037 0.4090909 0.7777778 0.4090909 0.7777778 0.5 0.787037 0.4545454 0.7777778 0.4545454 0.7777778 0.5454546 0.787037 0.5 0.7777778 0.5 0.7777778 0.5909091 0.787037 0.5454546 0.7777778 0.5454546 0.7777778 0.6363636 0.787037 0.5909091 0.7777778 0.5909091 0.7777778 0.6818182 0.787037 0.6363636 0.7777778 0.6363636 0.7777778 0.7272728 0.787037 0.6818182 0.7777778 0.6818182 0.787037 0.7727273 0.7777778 0.7272728 0.7777778 0.7727273 0.787037 0.8181818 0.7777778 0.7727273 0.7777778 0.8181818 0.787037 0.8636364 0.7777778 0.8181818 0.7777778 0.8636364 0.787037 0.9090909 0.7777778 0.8636364 0.7777778 0.9090909 0.787037 0.9545454 0.7777778 0.9090909 0.7777778 0.9545454 0.7962963 1 0.787037 0.9545454 0.787037 1 0.7962963 0.0454545 0.787037 0 0.787037 0.0454545 0.7962963 0.09090906 0.787037 0.0454545 0.787037 0.09090906 0.7962963 0.1363636 0.787037 0.09090906 0.787037 0.1363636 0.7962963 0.1818181 0.787037 0.1363636 0.787037 0.1818181 0.7962963 0.2272727 0.787037 0.1818181 0.787037 0.2272727 0.7962963 0.2727273 0.787037 0.2272727 0.787037 0.2727273 0.787037 0.3181818 0.7962963 0.2727273 0.787037 0.2727273 0.787037 0.3636364 0.7962963 0.3181818 0.787037 0.3181818 0.787037 0.4090909 0.7962963 0.3636364 0.787037 0.3636364 0.787037 0.4545454 0.7962963 0.4090909 0.787037 0.4090909 0.787037 0.5 0.7962963 0.4545454 0.787037 0.4545454 0.787037 0.5454546 0.7962963 0.5 0.787037 0.5 0.787037 0.5909091 0.7962963 0.5454546 0.787037 0.5454546 0.787037 0.6363636 0.7962963 0.5909091 0.787037 0.5909091 0.787037 0.6818182 0.7962963 0.6363636 0.787037 0.6363636 0.787037 0.7272728 0.7962963 0.6818182 0.787037 0.6818182 0.7962963 0.7727273 0.787037 0.7272728 0.787037 0.7727273 0.7962963 0.8181818 0.787037 0.7727273 0.787037 0.8181818 0.7962963 0.8636364 0.787037 0.8181818 0.787037 0.8636364 0.7962963 0.9090909 0.787037 0.8636364 0.787037 0.9090909 0.7962963 0.9545454 0.787037 0.9090909 0.787037 0.9545454 0.8055556 1 0.7962963 0.9545454 0.7962963 1 0.8055556 0.0454545 0.7962963 0 0.7962963 0.0454545 0.8055556 0.09090906 0.7962963 0.0454545 0.7962963 0.09090906 0.8055556 0.1363636 0.7962963 0.09090906 0.7962963 0.1363636 0.8055556 0.1818181 0.7962963 0.1363636 0.7962963 0.1818181 0.8055556 0.2272727 0.7962963 0.1818181 0.7962963 0.2272727 0.8055556 0.2727273 0.7962963 0.2272727 0.7962963 0.2727273 0.7962963 0.3181818 0.8055556 0.2727273 0.7962963 0.2727273 0.7962963 0.3636364 0.8055556 0.3181818 0.7962963 0.3181818 0.7962963 0.4090909 0.8055556 0.3636364 0.7962963 0.3636364 0.7962963 0.4545454 0.8055556 0.4090909 0.7962963 0.4090909 0.7962963 0.5 0.8055556 0.4545454 0.7962963 0.4545454 0.7962963 0.5454546 0.8055556 0.5 0.7962963 0.5 0.7962963 0.5909091 0.8055556 0.5454546 0.7962963 0.5454546 0.7962963 0.6363636 0.8055556 0.5909091 0.7962963 0.5909091 0.7962963 0.6818182 0.8055556 0.6363636 0.7962963 0.6363636 0.7962963 0.7272728 0.8055556 0.6818182 0.7962963 0.6818182 0.8055556 0.7727273 0.7962963 0.7272728 0.7962963 0.7727273 0.8055556 0.8181818 0.7962963 0.7727273 0.7962963 0.8181818 0.8055556 0.8636364 0.7962963 0.8181818 0.7962963 0.8636364 0.8055556 0.9090909 0.7962963 0.8636364 0.7962963 0.9090909 0.8055556 0.9545454 0.7962963 0.9090909 0.7962963 0.9545454 0.8148148 1 0.8055556 0.9545454 0.8055556 1 0.8148148 0.0454545 0.8055556 0 0.8055556 0.0454545 0.8148148 0.09090906 0.8055556 0.0454545 0.8055556 0.09090906 0.8148148 0.1363636 0.8055556 0.09090906 0.8055556 0.1363636 0.8148148 0.1818181 0.8055556 0.1363636 0.8055556 0.1818181 0.8148148 0.2272727 0.8055556 0.1818181 0.8055556 0.2272727 0.8148148 0.2727273 0.8055556 0.2272727 0.8055556 0.2727273 0.8055556 0.3181818 0.8148148 0.2727273 0.8055556 0.2727273 0.8055556 0.3636364 0.8148148 0.3181818 0.8055556 0.3181818 0.8055556 0.4090909 0.8148148 0.3636364 0.8055556 0.3636364 0.8055556 0.4545454 0.8148148 0.4090909 0.8055556 0.4090909 0.8055556 0.5 0.8148148 0.4545454 0.8055556 0.4545454 0.8055556 0.5454546 0.8148148 0.5 0.8055556 0.5 0.8055556 0.5909091 0.8148148 0.5454546 0.8055556 0.5454546 0.8055556 0.6363636 0.8148148 0.5909091 0.8055556 0.5909091 0.8055556 0.6818182 0.8148148 0.6363636 0.8055556 0.6363636 0.8055556 0.7272728 0.8148148 0.6818182 0.8055556 0.6818182 0.8148148 0.7727273 0.8055556 0.7272728 0.8055556 0.7727273 0.8148148 0.8181818 0.8055556 0.7727273 0.8055556 0.8181818 0.8148148 0.8636364 0.8055556 0.8181818 0.8055556 0.8636364 0.8148148 0.9090909 0.8055556 0.8636364 0.8055556 0.9090909 0.8148148 0.9545454 0.8055556 0.9090909 0.8055556 0.9545454 0.8240741 1 0.8148148 0.9545454 0.8148148 1 0.8240741 0.0454545 0.8148148 0 0.8148148 0.0454545 0.8240741 0.09090906 0.8148148 0.0454545 0.8148148 0.09090906 0.8240741 0.1363636 0.8148148 0.09090906 0.8148148 0.1363636 0.8240741 0.1818181 0.8148148 0.1363636 0.8148148 0.1818181 0.8240741 0.2272727 0.8148148 0.1818181 0.8148148 0.2272727 0.8240741 0.2727273 0.8148148 0.2272727 0.8148148 0.2727273 0.8148148 0.3181818 0.8240741 0.2727273 0.8148148 0.2727273 0.8148148 0.3636364 0.8240741 0.3181818 0.8148148 0.3181818 0.8148148 0.4090909 0.8240741 0.3636364 0.8148148 0.3636364 0.8148148 0.4545454 0.8240741 0.4090909 0.8148148 0.4090909 0.8148148 0.5 0.8240741 0.4545454 0.8148148 0.4545454 0.8148148 0.5454546 0.8240741 0.5 0.8148148 0.5 0.8148148 0.5909091 0.8240741 0.5454546 0.8148148 0.5454546 0.8148148 0.6363636 0.8240741 0.5909091 0.8148148 0.5909091 0.8148148 0.6818182 0.8240741 0.6363636 0.8148148 0.6363636 0.8148148 0.7272728 0.8240741 0.6818182 0.8148148 0.6818182 0.8240741 0.7727273 0.8148148 0.7272728 0.8148148 0.7727273 0.8240741 0.8181818 0.8148148 0.7727273 0.8148148 0.8181818 0.8240741 0.8636364 0.8148148 0.8181818 0.8148148 0.8636364 0.8240741 0.9090909 0.8148148 0.8636364 0.8148148 0.9090909 0.8240741 0.9545454 0.8148148 0.9090909 0.8148148 0.9545454 0.8333333 1 0.8240741 0.9545454 0.8240741 1 0.8333333 0.0454545 0.8240741 0 0.8240741 0.0454545 0.8333333 0.09090906 0.8240741 0.0454545 0.8240741 0.09090906 0.8333333 0.1363636 0.8240741 0.09090906 0.8240741 0.1363636 0.8333333 0.1818181 0.8240741 0.1363636 0.8240741 0.1818181 0.8333333 0.2272727 0.8240741 0.1818181 0.8240741 0.2272727 0.8333333 0.2727273 0.8240741 0.2272727 0.8240741 0.2727273 0.8240741 0.3181818 0.8333333 0.2727273 0.8240741 0.2727273 0.8240741 0.3636364 0.8333333 0.3181818 0.8240741 0.3181818 0.8240741 0.4090909 0.8333333 0.3636364 0.8240741 0.3636364 0.8240741 0.4545454 0.8333333 0.4090909 0.8240741 0.4090909 0.8240741 0.5 0.8333333 0.4545454 0.8240741 0.4545454 0.8240741 0.5454546 0.8333333 0.5 0.8240741 0.5 0.8240741 0.5909091 0.8333333 0.5454546 0.8240741 0.5454546 0.8240741 0.6363636 0.8333333 0.5909091 0.8240741 0.5909091 0.8240741 0.6818182 0.8333333 0.6363636 0.8240741 0.6363636 0.8240741 0.7272728 0.8333333 0.6818182 0.8240741 0.6818182 0.8333333 0.7727273 0.8240741 0.7272728 0.8240741 0.7727273 0.8333333 0.8181818 0.8240741 0.7727273 0.8240741 0.8181818 0.8333333 0.8636364 0.8240741 0.8181818 0.8240741 0.8636364 0.8333333 0.9090909 0.8240741 0.8636364 0.8240741 0.9090909 0.8333333 0.9545454 0.8240741 0.9090909 0.8240741 0.9545454 0.8425926 1 0.8333333 0.9545454 0.8333333 1 0.8425926 0.0454545 0.8333333 0 0.8333333 0.0454545 0.8425926 0.09090906 0.8333333 0.0454545 0.8333333 0.09090906 0.8425926 0.1363636 0.8333333 0.09090906 0.8333333 0.1363636 0.8425926 0.1818181 0.8333333 0.1363636 0.8333333 0.1818181 0.8425926 0.2272727 0.8333333 0.1818181 0.8333333 0.2272727 0.8425926 0.2727273 0.8333333 0.2272727 0.8333333 0.2727273 0.8333333 0.3181818 0.8425926 0.2727273 0.8333333 0.2727273 0.8333333 0.3636364 0.8425926 0.3181818 0.8333333 0.3181818 0.8333333 0.4090909 0.8425926 0.3636364 0.8333333 0.3636364 0.8333333 0.4545454 0.8425926 0.4090909 0.8333333 0.4090909 0.8333333 0.5 0.8425926 0.4545454 0.8333333 0.4545454 0.8333333 0.5454546 0.8425926 0.5 0.8333333 0.5 0.8333333 0.5909091 0.8425926 0.5454546 0.8333333 0.5454546 0.8333333 0.6363636 0.8425926 0.5909091 0.8333333 0.5909091 0.8333333 0.6818182 0.8425926 0.6363636 0.8333333 0.6363636 0.8333333 0.7272728 0.8425926 0.6818182 0.8333333 0.6818182 0.8425926 0.7727273 0.8333333 0.7272728 0.8333333 0.7727273 0.8425926 0.8181818 0.8333333 0.7727273 0.8333333 0.8181818 0.8425926 0.8636364 0.8333333 0.8181818 0.8333333 0.8636364 0.8425926 0.9090909 0.8333333 0.8636364 0.8333333 0.9090909 0.8425926 0.9545454 0.8333333 0.9090909 0.8333333 0.9545454 0.8518519 1 0.8425926 0.9545454 0.8425926 1 0.8518519 0.0454545 0.8425926 0 0.8425926 0.0454545 0.8518519 0.09090906 0.8425926 0.0454545 0.8425926 0.09090906 0.8518519 0.1363636 0.8425926 0.09090906 0.8425926 0.1363636 0.8518519 0.1818181 0.8425926 0.1363636 0.8425926 0.1818181 0.8518519 0.2272727 0.8425926 0.1818181 0.8425926 0.2272727 0.8518519 0.2727273 0.8425926 0.2272727 0.8425926 0.2727273 0.8425926 0.3181818 0.8518519 0.2727273 0.8425926 0.2727273 0.8425926 0.3636364 0.8518519 0.3181818 0.8425926 0.3181818 0.8425926 0.4090909 0.8518519 0.3636364 0.8425926 0.3636364 0.8425926 0.4545454 0.8518519 0.4090909 0.8425926 0.4090909 0.8425926 0.5 0.8518519 0.4545454 0.8425926 0.4545454 0.8425926 0.5454546 0.8518519 0.5 0.8425926 0.5 0.8425926 0.5909091 0.8518519 0.5454546 0.8425926 0.5454546 0.8425926 0.6363636 0.8518519 0.5909091 0.8425926 0.5909091 0.8425926 0.6818182 0.8518519 0.6363636 0.8425926 0.6363636 0.8425926 0.7272728 0.8518519 0.6818182 0.8425926 0.6818182 0.8518519 0.7727273 0.8425926 0.7272728 0.8425926 0.7727273 0.8518519 0.8181818 0.8425926 0.7727273 0.8425926 0.8181818 0.8518519 0.8636364 0.8425926 0.8181818 0.8425926 0.8636364 0.8518519 0.9090909 0.8425926 0.8636364 0.8425926 0.9090909 0.8518519 0.9545454 0.8425926 0.9090909 0.8425926 0.9545454 0.8611111 1 0.8518519 0.9545454 0.8518519 1 0.8611111 0.0454545 0.8518519 0 0.8518519 0.0454545 0.8611111 0.09090906 0.8518519 0.0454545 0.8518519 0.09090906 0.8611111 0.1363636 0.8518519 0.09090906 0.8518519 0.1363636 0.8611111 0.1818181 0.8518519 0.1363636 0.8518519 0.1818181 0.8611111 0.2272727 0.8518519 0.1818181 0.8518519 0.2272727 0.8611111 0.2727273 0.8518519 0.2272727 0.8518519 0.2727273 0.8518519 0.3181818 0.8611111 0.2727273 0.8518519 0.2727273 0.8518519 0.3636364 0.8611111 0.3181818 0.8518519 0.3181818 0.8518519 0.4090909 0.8611111 0.3636364 0.8518519 0.3636364 0.8518519 0.4545454 0.8611111 0.4090909 0.8518519 0.4090909 0.8518519 0.5 0.8611111 0.4545454 0.8518519 0.4545454 0.8518519 0.5454546 0.8611111 0.5 0.8518519 0.5 0.8518519 0.5909091 0.8611111 0.5454546 0.8518519 0.5454546 0.8518519 0.6363636 0.8611111 0.5909091 0.8518519 0.5909091 0.8518519 0.6818182 0.8611111 0.6363636 0.8518519 0.6363636 0.8518519 0.7272728 0.8611111 0.6818182 0.8518519 0.6818182 0.8611111 0.7727273 0.8518519 0.7272728 0.8518519 0.7727273 0.8611111 0.8181818 0.8518519 0.7727273 0.8518519 0.8181818 0.8611111 0.8636364 0.8518519 0.8181818 0.8518519 0.8636364 0.8611111 0.9090909 0.8518519 0.8636364 0.8518519 0.9090909 0.8611111 0.9545454 0.8518519 0.9090909 0.8518519 0.9545454 0.8703704 1 0.8611111 0.9545454 0.8611111 1 0.8703704 0.0454545 0.8611111 0 0.8611111 0.0454545 0.8703704 0.09090906 0.8611111 0.0454545 0.8611111 0.09090906 0.8703704 0.1363636 0.8611111 0.09090906 0.8611111 0.1363636 0.8703704 0.1818181 0.8611111 0.1363636 0.8611111 0.1818181 0.8703704 0.2272727 0.8611111 0.1818181 0.8611111 0.2272727 0.8703704 0.2727273 0.8611111 0.2272727 0.8611111 0.2727273 0.8611111 0.3181818 0.8703704 0.2727273 0.8611111 0.2727273 0.8611111 0.3636364 0.8703704 0.3181818 0.8611111 0.3181818 0.8611111 0.4090909 0.8703704 0.3636364 0.8611111 0.3636364 0.8611111 0.4545454 0.8703704 0.4090909 0.8611111 0.4090909 0.8611111 0.5 0.8703704 0.4545454 0.8611111 0.4545454 0.8611111 0.5454546 0.8703704 0.5 0.8611111 0.5 0.8611111 0.5909091 0.8703704 0.5454546 0.8611111 0.5454546 0.8611111 0.6363636 0.8703704 0.5909091 0.8611111 0.5909091 0.8611111 0.6818182 0.8703704 0.6363636 0.8611111 0.6363636 0.8611111 0.7272728 0.8703704 0.6818182 0.8611111 0.6818182 0.8703704 0.7727273 0.8611111 0.7272728 0.8611111 0.7727273 0.8703704 0.8181818 0.8611111 0.7727273 0.8611111 0.8181818 0.8703704 0.8636364 0.8611111 0.8181818 0.8611111 0.8636364 0.8703704 0.9090909 0.8611111 0.8636364 0.8611111 0.9090909 0.8703704 0.9545454 0.8611111 0.9090909 0.8611111 0.9545454 0.8796296 1 0.8703704 0.9545454 0.8703704 1 0.8796296 0.0454545 0.8703704 0 0.8703704 0.0454545 0.8796296 0.09090906 0.8703704 0.0454545 0.8703704 0.09090906 0.8796296 0.1363636 0.8703704 0.09090906 0.8703704 0.1363636 0.8796296 0.1818181 0.8703704 0.1363636 0.8703704 0.1818181 0.8796296 0.2272727 0.8703704 0.1818181 0.8703704 0.2272727 0.8796296 0.2727273 0.8703704 0.2272727 0.8703704 0.2727273 0.8703704 0.3181818 0.8796296 0.2727273 0.8703704 0.2727273 0.8703704 0.3636364 0.8796296 0.3181818 0.8703704 0.3181818 0.8703704 0.4090909 0.8796296 0.3636364 0.8703704 0.3636364 0.8703704 0.4545454 0.8796296 0.4090909 0.8703704 0.4090909 0.8703704 0.5 0.8796296 0.4545454 0.8703704 0.4545454 0.8703704 0.5454546 0.8796296 0.5 0.8703704 0.5 0.8703704 0.5909091 0.8796296 0.5454546 0.8703704 0.5454546 0.8703704 0.6363636 0.8796296 0.5909091 0.8703704 0.5909091 0.8703704 0.6818182 0.8796296 0.6363636 0.8703704 0.6363636 0.8703704 0.7272728 0.8796296 0.6818182 0.8703704 0.6818182 0.8796296 0.7727273 0.8703704 0.7272728 0.8703704 0.7727273 0.8796296 0.8181818 0.8703704 0.7727273 0.8703704 0.8181818 0.8796296 0.8636364 0.8703704 0.8181818 0.8703704 0.8636364 0.8796296 0.9090909 0.8703704 0.8636364 0.8703704 0.9090909 0.8796296 0.9545454 0.8703704 0.9090909 0.8703704 0.9545454 0.8888889 1 0.8796296 0.9545454 0.8796296 1 0.8888889 0.0454545 0.8796296 0 0.8796296 0.0454545 0.8888889 0.09090906 0.8796296 0.0454545 0.8796296 0.09090906 0.8888889 0.1363636 0.8796296 0.09090906 0.8796296 0.1363636 0.8888889 0.1818181 0.8796296 0.1363636 0.8796296 0.1818181 0.8888889 0.2272727 0.8796296 0.1818181 0.8796296 0.2272727 0.8888889 0.2727273 0.8796296 0.2272727 0.8796296 0.2727273 0.8796296 0.3181818 0.8888889 0.2727273 0.8796296 0.2727273 0.8796296 0.3636364 0.8888889 0.3181818 0.8796296 0.3181818 0.8796296 0.4090909 0.8888889 0.3636364 0.8796296 0.3636364 0.8796296 0.4545454 0.8888889 0.4090909 0.8796296 0.4090909 0.8796296 0.5 0.8888889 0.4545454 0.8796296 0.4545454 0.8796296 0.5454546 0.8888889 0.5 0.8796296 0.5 0.8796296 0.5909091 0.8888889 0.5454546 0.8796296 0.5454546 0.8796296 0.6363636 0.8888889 0.5909091 0.8796296 0.5909091 0.8796296 0.6818182 0.8888889 0.6363636 0.8796296 0.6363636 0.8796296 0.7272728 0.8888889 0.6818182 0.8796296 0.6818182 0.8888889 0.7727273 0.8796296 0.7272728 0.8796296 0.7727273 0.8888889 0.8181818 0.8796296 0.7727273 0.8796296 0.8181818 0.8888889 0.8636364 0.8796296 0.8181818 0.8796296 0.8636364 0.8888889 0.9090909 0.8796296 0.8636364 0.8796296 0.9090909 0.8888889 0.9545454 0.8796296 0.9090909 0.8796296 0.9545454 0.8981481 1 0.8888889 0.9545454 0.8888889 1 0.8981481 0.0454545 0.8888889 0 0.8888889 0.0454545 0.8981481 0.09090906 0.8888889 0.0454545 0.8888889 0.09090906 0.8981481 0.1363636 0.8888889 0.09090906 0.8888889 0.1363636 0.8981481 0.1818181 0.8888889 0.1363636 0.8888889 0.1818181 0.8981481 0.2272727 0.8888889 0.1818181 0.8888889 0.2272727 0.8981481 0.2727273 0.8888889 0.2272727 0.8888889 0.2727273 0.8888889 0.3181818 0.8981481 0.2727273 0.8888889 0.2727273 0.8888889 0.3636364 0.8981481 0.3181818 0.8888889 0.3181818 0.8888889 0.4090909 0.8981481 0.3636364 0.8888889 0.3636364 0.8888889 0.4545454 0.8981481 0.4090909 0.8888889 0.4090909 0.8888889 0.5 0.8981481 0.4545454 0.8888889 0.4545454 0.8888889 0.5454546 0.8981481 0.5 0.8888889 0.5 0.8888889 0.5909091 0.8981481 0.5454546 0.8888889 0.5454546 0.8888889 0.6363636 0.8981481 0.5909091 0.8888889 0.5909091 0.8888889 0.6818182 0.8981481 0.6363636 0.8888889 0.6363636 0.8888889 0.7272728 0.8981481 0.6818182 0.8888889 0.6818182 0.8981481 0.7727273 0.8888889 0.7272728 0.8888889 0.7727273 0.8981481 0.8181818 0.8888889 0.7727273 0.8888889 0.8181818 0.8981481 0.8636364 0.8888889 0.8181818 0.8888889 0.8636364 0.8981481 0.9090909 0.8888889 0.8636364 0.8888889 0.9090909 0.8981481 0.9545454 0.8888889 0.9090909 0.8888889 0.9545454 0.9074074 1 0.8981481 0.9545454 0.8981481 1 0.9074074 0.0454545 0.8981481 0 0.8981481 0.0454545 0.9074074 0.09090906 0.8981481 0.0454545 0.8981481 0.09090906 0.9074074 0.1363636 0.8981481 0.09090906 0.8981481 0.1363636 0.9074074 0.1818181 0.8981481 0.1363636 0.8981481 0.1818181 0.9074074 0.2272727 0.8981481 0.1818181 0.8981481 0.2272727 0.9074074 0.2727273 0.8981481 0.2272727 0.8981481 0.2727273 0.8981481 0.3181818 0.9074074 0.2727273 0.8981481 0.2727273 0.8981481 0.3636364 0.9074074 0.3181818 0.8981481 0.3181818 0.8981481 0.4090909 0.9074074 0.3636364 0.8981481 0.3636364 0.8981481 0.4545454 0.9074074 0.4090909 0.8981481 0.4090909 0.8981481 0.5 0.9074074 0.4545454 0.8981481 0.4545454 0.8981481 0.5454546 0.9074074 0.5 0.8981481 0.5 0.8981481 0.5909091 0.9074074 0.5454546 0.8981481 0.5454546 0.8981481 0.6363636 0.9074074 0.5909091 0.8981481 0.5909091 0.8981481 0.6818182 0.9074074 0.6363636 0.8981481 0.6363636 0.8981481 0.7272728 0.9074074 0.6818182 0.8981481 0.6818182 0.9074074 0.7727273 0.8981481 0.7272728 0.8981481 0.7727273 0.9074074 0.8181818 0.8981481 0.7727273 0.8981481 0.8181818 0.9074074 0.8636364 0.8981481 0.8181818 0.8981481 0.8636364 0.9074074 0.9090909 0.8981481 0.8636364 0.8981481 0.9090909 0.9074074 0.9545454 0.8981481 0.9090909 0.8981481 0.9545454 0.9166667 1 0.9074074 0.9545454 0.9074074 1 0.9166667 0.0454545 0.9074074 0 0.9074074 0.0454545 0.9166667 0.09090906 0.9074074 0.0454545 0.9074074 0.09090906 0.9166667 0.1363636 0.9074074 0.09090906 0.9074074 0.1363636 0.9166667 0.1818181 0.9074074 0.1363636 0.9074074 0.1818181 0.9166667 0.2272727 0.9074074 0.1818181 0.9074074 0.2272727 0.9166667 0.2727273 0.9074074 0.2272727 0.9074074 0.2727273 0.9074074 0.3181818 0.9166667 0.2727273 0.9074074 0.2727273 0.9074074 0.3636364 0.9166667 0.3181818 0.9074074 0.3181818 0.9074074 0.4090909 0.9166667 0.3636364 0.9074074 0.3636364 0.9074074 0.4545454 0.9166667 0.4090909 0.9074074 0.4090909 0.9074074 0.5 0.9166667 0.4545454 0.9074074 0.4545454 0.9074074 0.5454546 0.9166667 0.5 0.9074074 0.5 0.9074074 0.5909091 0.9166667 0.5454546 0.9074074 0.5454546 0.9074074 0.6363636 0.9166667 0.5909091 0.9074074 0.5909091 0.9074074 0.6818182 0.9166667 0.6363636 0.9074074 0.6363636 0.9074074 0.7272728 0.9166667 0.6818182 0.9074074 0.6818182 0.9166667 0.7727273 0.9074074 0.7272728 0.9074074 0.7727273 0.9166667 0.8181818 0.9074074 0.7727273 0.9074074 0.8181818 0.9166667 0.8636364 0.9074074 0.8181818 0.9074074 0.8636364 0.9166667 0.9090909 0.9074074 0.8636364 0.9074074 0.9090909 0.9166667 0.9545454 0.9074074 0.9090909 0.9074074 0.9545454 0.9259259 1 0.9166667 0.9545454 0.9166667 1 0.9259259 0.0454545 0.9166667 0 0.9166667 0.0454545 0.9259259 0.09090906 0.9166667 0.0454545 0.9166667 0.09090906 0.9259259 0.1363636 0.9166667 0.09090906 0.9166667 0.1363636 0.9259259 0.1818181 0.9166667 0.1363636 0.9166667 0.1818181 0.9259259 0.2272727 0.9166667 0.1818181 0.9166667 0.2272727 0.9259259 0.2727273 0.9166667 0.2272727 0.9166667 0.2727273 0.9166667 0.3181818 0.9259259 0.2727273 0.9166667 0.2727273 0.9166667 0.3636364 0.9259259 0.3181818 0.9166667 0.3181818 0.9166667 0.4090909 0.9259259 0.3636364 0.9166667 0.3636364 0.9166667 0.4545454 0.9259259 0.4090909 0.9166667 0.4090909 0.9166667 0.5 0.9259259 0.4545454 0.9166667 0.4545454 0.9166667 0.5454546 0.9259259 0.5 0.9166667 0.5 0.9166667 0.5909091 0.9259259 0.5454546 0.9166667 0.5454546 0.9166667 0.6363636 0.9259259 0.5909091 0.9166667 0.5909091 0.9166667 0.6818182 0.9259259 0.6363636 0.9166667 0.6363636 0.9166667 0.7272728 0.9259259 0.6818182 0.9166667 0.6818182 0.9259259 0.7727273 0.9166667 0.7272728 0.9166667 0.7727273 0.9259259 0.8181818 0.9166667 0.7727273 0.9166667 0.8181818 0.9259259 0.8636364 0.9166667 0.8181818 0.9166667 0.8636364 0.9259259 0.9090909 0.9166667 0.8636364 0.9166667 0.9090909 0.9259259 0.9545454 0.9166667 0.9090909 0.9166667 0.9545454 0.9259259 1 0.9351852 0.9545454 0.9259259 0.9545454 0.9259259 0.0454545 0.9351852 0 0.9259259 0 0.9259259 0.09090906 0.9351852 0.0454545 0.9259259 0.0454545 0.9259259 0.1363636 0.9351852 0.09090906 0.9259259 0.09090906 0.9259259 0.1818181 0.9351852 0.1363636 0.9259259 0.1363636 0.9259259 0.2272727 0.9351852 0.1818181 0.9259259 0.1818181 0.9351852 0.2727273 0.9259259 0.2272727 0.9259259 0.2727273 0.9351852 0.3181818 0.9259259 0.2727273 0.9259259 0.3181818 0.9351852 0.3636364 0.9259259 0.3181818 0.9259259 0.3636364 0.9351852 0.4090909 0.9259259 0.3636364 0.9259259 0.4090909 0.9351852 0.4545454 0.9259259 0.4090909 0.9259259 0.4545454 0.9351852 0.5 0.9259259 0.4545454 0.9259259 0.5 0.9351852 0.5454546 0.9259259 0.5 0.9259259 0.5454546 0.9351852 0.5909091 0.9259259 0.5454546 0.9259259 0.5909091 0.9351852 0.6363636 0.9259259 0.5909091 0.9259259 0.6363636 0.9351852 0.6818182 0.9259259 0.6363636 0.9259259 0.6818182 0.9351852 0.7272728 0.9259259 0.6818182 0.9259259 0.7272728 0.9351852 0.7727273 0.9259259 0.7272728 0.9259259 0.7727273 0.9259259 0.8181818 0.9351852 0.7727273 0.9259259 0.7727273 0.9259259 0.8636364 0.9351852 0.8181818 0.9259259 0.8181818 0.9259259 0.9090909 0.9351852 0.8636364 0.9259259 0.8636364 0.9259259 0.9545454 0.9351852 0.9090909 0.9259259 0.9090909 0.9351852 1 0.9444444 0.9545454 0.9351852 0.9545454 0.9351852 0.0454545 0.9444444 0 0.9351852 0 0.9351852 0.09090906 0.9444444 0.0454545 0.9351852 0.0454545 0.9351852 0.1363636 0.9444444 0.09090906 0.9351852 0.09090906 0.9351852 0.1818181 0.9444444 0.1363636 0.9351852 0.1363636 0.9351852 0.2272727 0.9444444 0.1818181 0.9351852 0.1818181 0.9444444 0.2727273 0.9351852 0.2272727 0.9351852 0.2727273 0.9444444 0.3181818 0.9351852 0.2727273 0.9351852 0.3181818 0.9444444 0.3636364 0.9351852 0.3181818 0.9351852 0.3636364 0.9444444 0.4090909 0.9351852 0.3636364 0.9351852 0.4090909 0.9444444 0.4545454 0.9351852 0.4090909 0.9351852 0.4545454 0.9444444 0.5 0.9351852 0.4545454 0.9351852 0.5 0.9444444 0.5454546 0.9351852 0.5 0.9351852 0.5454546 0.9444444 0.5909091 0.9351852 0.5454546 0.9351852 0.5909091 0.9444444 0.6363636 0.9351852 0.5909091 0.9351852 0.6363636 0.9444444 0.6818182 0.9351852 0.6363636 0.9351852 0.6818182 0.9444444 0.7272728 0.9351852 0.6818182 0.9351852 0.7272728 0.9444444 0.7727273 0.9351852 0.7272728 0.9351852 0.7727273 0.9351852 0.8181818 0.9444444 0.7727273 0.9351852 0.7727273 0.9351852 0.8636364 0.9444444 0.8181818 0.9351852 0.8181818 0.9351852 0.9090909 0.9444444 0.8636364 0.9351852 0.8636364 0.9351852 0.9545454 0.9444444 0.9090909 0.9351852 0.9090909 0.9444444 1 0.9537037 0.9545454 0.9444444 0.9545454 0.9444444 0.0454545 0.9537037 0 0.9444444 0 0.9444444 0.09090906 0.9537037 0.0454545 0.9444444 0.0454545 0.9444444 0.1363636 0.9537037 0.09090906 0.9444444 0.09090906 0.9444444 0.1818181 0.9537037 0.1363636 0.9444444 0.1363636 0.9444444 0.2272727 0.9537037 0.1818181 0.9444444 0.1818181 0.9537037 0.2727273 0.9444444 0.2272727 0.9444444 0.2727273 0.9537037 0.3181818 0.9444444 0.2727273 0.9444444 0.3181818 0.9537037 0.3636364 0.9444444 0.3181818 0.9444444 0.3636364 0.9537037 0.4090909 0.9444444 0.3636364 0.9444444 0.4090909 0.9537037 0.4545454 0.9444444 0.4090909 0.9444444 0.4545454 0.9537037 0.5 0.9444444 0.4545454 0.9444444 0.5 0.9537037 0.5454546 0.9444444 0.5 0.9444444 0.5454546 0.9537037 0.5909091 0.9444444 0.5454546 0.9444444 0.5909091 0.9537037 0.6363636 0.9444444 0.5909091 0.9444444 0.6363636 0.9537037 0.6818182 0.9444444 0.6363636 0.9444444 0.6818182 0.9537037 0.7272728 0.9444444 0.6818182 0.9444444 0.7272728 0.9537037 0.7727273 0.9444444 0.7272728 0.9444444 0.7727273 0.9444444 0.8181818 0.9537037 0.7727273 0.9444444 0.7727273 0.9444444 0.8636364 0.9537037 0.8181818 0.9444444 0.8181818 0.9444444 0.9090909 0.9537037 0.8636364 0.9444444 0.8636364 0.9444444 0.9545454 0.9537037 0.9090909 0.9444444 0.9090909 0.9537037 1 0.962963 0.9545454 0.9537037 0.9545454 0.9537037 0.0454545 0.962963 0 0.9537037 0 0.9537037 0.09090906 0.962963 0.0454545 0.9537037 0.0454545 0.9537037 0.1363636 0.962963 0.09090906 0.9537037 0.09090906 0.9537037 0.1818181 0.962963 0.1363636 0.9537037 0.1363636 0.9537037 0.2272727 0.962963 0.1818181 0.9537037 0.1818181 0.962963 0.2727273 0.9537037 0.2272727 0.9537037 0.2727273 0.962963 0.3181818 0.9537037 0.2727273 0.9537037 0.3181818 0.962963 0.3636364 0.9537037 0.3181818 0.9537037 0.3636364 0.962963 0.4090909 0.9537037 0.3636364 0.9537037 0.4090909 0.962963 0.4545454 0.9537037 0.4090909 0.9537037 0.4545454 0.962963 0.5 0.9537037 0.4545454 0.9537037 0.5 0.962963 0.5454546 0.9537037 0.5 0.9537037 0.5454546 0.962963 0.5909091 0.9537037 0.5454546 0.9537037 0.5909091 0.962963 0.6363636 0.9537037 0.5909091 0.9537037 0.6363636 0.962963 0.6818182 0.9537037 0.6363636 0.9537037 0.6818182 0.962963 0.7272728 0.9537037 0.6818182 0.9537037 0.7272728 0.962963 0.7727273 0.9537037 0.7272728 0.9537037 0.7727273 0.9537037 0.8181818 0.962963 0.7727273 0.9537037 0.7727273 0.9537037 0.8636364 0.962963 0.8181818 0.9537037 0.8181818 0.9537037 0.9090909 0.962963 0.8636364 0.9537037 0.8636364 0.9537037 0.9545454 0.962963 0.9090909 0.9537037 0.9090909 0.962963 1 0.9722222 0.9545454 0.962963 0.9545454 0.962963 0.0454545 0.9722222 0 0.962963 0 0.962963 0.09090906 0.9722222 0.0454545 0.962963 0.0454545 0.962963 0.1363636 0.9722222 0.09090906 0.962963 0.09090906 0.962963 0.1818181 0.9722222 0.1363636 0.962963 0.1363636 0.962963 0.2272727 0.9722222 0.1818181 0.962963 0.1818181 0.9722222 0.2727273 0.962963 0.2272727 0.962963 0.2727273 0.9722222 0.3181818 0.962963 0.2727273 0.962963 0.3181818 0.9722222 0.3636364 0.962963 0.3181818 0.962963 0.3636364 0.9722222 0.4090909 0.962963 0.3636364 0.962963 0.4090909 0.9722222 0.4545454 0.962963 0.4090909 0.962963 0.4545454 0.9722222 0.5 0.962963 0.4545454 0.962963 0.5 0.9722222 0.5454546 0.962963 0.5 0.962963 0.5454546 0.9722222 0.5909091 0.962963 0.5454546 0.962963 0.5909091 0.9722222 0.6363636 0.962963 0.5909091 0.962963 0.6363636 0.9722222 0.6818182 0.962963 0.6363636 0.962963 0.6818182 0.9722222 0.7272728 0.962963 0.6818182 0.962963 0.7272728 0.9722222 0.7727273 0.962963 0.7272728 0.962963 0.7727273 0.962963 0.8181818 0.9722222 0.7727273 0.962963 0.7727273 0.962963 0.8636364 0.9722222 0.8181818 0.962963 0.8181818 0.962963 0.9090909 0.9722222 0.8636364 0.962963 0.8636364 0.962963 0.9545454 0.9722222 0.9090909 0.962963 0.9090909 0.9722222 1 0.9814815 0.9545454 0.9722222 0.9545454 0.9722222 0.0454545 0.9814815 0 0.9722222 0 0.9722222 0.09090906 0.9814815 0.0454545 0.9722222 0.0454545 0.9722222 0.1363636 0.9814815 0.09090906 0.9722222 0.09090906 0.9722222 0.1818181 0.9814815 0.1363636 0.9722222 0.1363636 0.9722222 0.2272727 0.9814815 0.1818181 0.9722222 0.1818181 0.9814815 0.2727273 0.9722222 0.2272727 0.9722222 0.2727273 0.9814815 0.3181818 0.9722222 0.2727273 0.9722222 0.3181818 0.9814815 0.3636364 0.9722222 0.3181818 0.9722222 0.3636364 0.9814815 0.4090909 0.9722222 0.3636364 0.9722222 0.4090909 0.9814815 0.4545454 0.9722222 0.4090909 0.9722222 0.4545454 0.9814815 0.5 0.9722222 0.4545454 0.9722222 0.5 0.9814815 0.5454546 0.9722222 0.5 0.9722222 0.5454546 0.9814815 0.5909091 0.9722222 0.5454546 0.9722222 0.5909091 0.9814815 0.6363636 0.9722222 0.5909091 0.9722222 0.6363636 0.9814815 0.6818182 0.9722222 0.6363636 0.9722222 0.6818182 0.9814815 0.7272728 0.9722222 0.6818182 0.9722222 0.7272728 0.9814815 0.7727273 0.9722222 0.7272728 0.9722222 0.7727273 0.9722222 0.8181818 0.9814815 0.7727273 0.9722222 0.7727273 0.9722222 0.8636364 0.9814815 0.8181818 0.9722222 0.8181818 0.9722222 0.9090909 0.9814815 0.8636364 0.9722222 0.8636364 0.9722222 0.9545454 0.9814815 0.9090909 0.9722222 0.9090909 0.9814815 1 0.9907407 0.9545454 0.9814815 0.9545454 0.9814815 0.0454545 0.9907407 0 0.9814815 0 0.9814815 0.09090906 0.9907407 0.0454545 0.9814815 0.0454545 0.9814815 0.1363636 0.9907407 0.09090906 0.9814815 0.09090906 0.9814815 0.1818181 0.9907407 0.1363636 0.9814815 0.1363636 0.9814815 0.2272727 0.9907407 0.1818181 0.9814815 0.1818181 0.9907407 0.2727273 0.9814815 0.2272727 0.9814815 0.2727273 0.9907407 0.3181818 0.9814815 0.2727273 0.9814815 0.3181818 0.9907407 0.3636364 0.9814815 0.3181818 0.9814815 0.3636364 0.9907407 0.4090909 0.9814815 0.3636364 0.9814815 0.4090909 0.9907407 0.4545454 0.9814815 0.4090909 0.9814815 0.4545454 0.9907407 0.5 0.9814815 0.4545454 0.9814815 0.5 0.9907407 0.5454546 0.9814815 0.5 0.9814815 0.5454546 0.9907407 0.5909091 0.9814815 0.5454546 0.9814815 0.5909091 0.9907407 0.6363636 0.9814815 0.5909091 0.9814815 0.6363636 0.9907407 0.6818182 0.9814815 0.6363636 0.9814815 0.6818182 0.9907407 0.7272728 0.9814815 0.6818182 0.9814815 0.7272728 0.9907407 0.7727273 0.9814815 0.7272728 0.9814815 0.7727273 0.9814815 0.8181818 0.9907407 0.7727273 0.9814815 0.7727273 0.9814815 0.8636364 0.9907407 0.8181818 0.9814815 0.8181818 0.9814815 0.9090909 0.9907407 0.8636364 0.9814815 0.8636364 0.9814815 0.9545454 0.9907407 0.9090909 0.9814815 0.9090909 0.9907407 1 1 0.9545454 0.9907407 0.9545454 0.9907407 0.0454545 1 0 0.9907407 0 0.9907407 0.09090906 1 0.0454545 0.9907407 0.0454545 0.9907407 0.1363636 1 0.09090906 0.9907407 0.09090906 0.9907407 0.1818181 1 0.1363636 0.9907407 0.1363636 0.9907407 0.2272727 1 0.1818181 0.9907407 0.1818181 1 0.2727273 0.9907407 0.2272727 0.9907407 0.2727273 1 0.3181818 0.9907407 0.2727273 0.9907407 0.3181818 1 0.3636364 0.9907407 0.3181818 0.9907407 0.3636364 1 0.4090909 0.9907407 0.3636364 0.9907407 0.4090909 1 0.4545454 0.9907407 0.4090909 0.9907407 0.4545454 1 0.5 0.9907407 0.4545454 0.9907407 0.5 1 0.5454546 0.9907407 0.5 0.9907407 0.5454546 1 0.5909091 0.9907407 0.5454546 0.9907407 0.5909091 1 0.6363636 0.9907407 0.5909091 0.9907407 0.6363636 1 0.6818182 0.9907407 0.6363636 0.9907407 0.6818182 1 0.7272728 0.9907407 0.6818182 0.9907407 0.7272728 1 0.7727273 0.9907407 0.7272728 0.9907407 0.7727273 0.9907407 0.8181818 1 0.7727273 0.9907407 0.7727273 0.9907407 0.8636364 1 0.8181818 0.9907407 0.8181818 0.9907407 0.9090909 1 0.8636364 0.9907407 0.8636364 0.9907407 0.9545454 1 0.9090909 0.9907407 0.9090909 1 0.1363636 1 0.2272727 1 0.3636364 0 0.09090906 0 0.0454545 0 0.4090909 0 1 0.009259223 1 0.009259223 0.9545454 0 0.0454545 0.009259223 0.0454545 0.009259223 0 0 0.09090906 0.009259223 0.09090906 0.009259223 0.0454545 0 0.1363636 0.009259223 0.1363636 0.009259223 0.09090906 0 0.1818181 0.009259223 0.1818181 0.009259223 0.1363636 0 0.2272727 0.009259223 0.2272727 0.009259223 0.1818181 0.009259223 0.2727273 0.009259223 0.2272727 0 0.2272727 0.009259223 0.3181818 0.009259223 0.2727273 0 0.2727273 0.009259223 0.3636364 0.009259223 0.3181818 0 0.3181818 0.009259223 0.4090909 0.009259223 0.3636364 0 0.3636364 0.009259223 0.4545454 0.009259223 0.4090909 0 0.4090909 0.009259223 0.5 0.009259223 0.4545454 0 0.4545454 0.009259223 0.5454546 0.009259223 0.5 0 0.5 0.009259223 0.5909091 0.009259223 0.5454546 0 0.5454546 0.009259223 0.6363636 0.009259223 0.5909091 0 0.5909091 0.009259223 0.6818182 0.009259223 0.6363636 0 0.6363636 0.009259223 0.7272728 0.009259223 0.6818182 0 0.6818182 0.009259223 0.7727273 0.009259223 0.7272728 0 0.7272728 0 0.8181818 0.009259223 0.8181818 0.009259223 0.7727273 0 0.8636364 0.009259223 0.8636364 0.009259223 0.8181818 0 0.9090909 0.009259223 0.9090909 0.009259223 0.8636364 0 0.9545454 0.009259223 0.9545454 0.009259223 0.9090909 0.009259223 1 0.0185185 1 0.0185185 0.9545454 0.009259223 0.0454545 0.0185185 0.0454545 0.0185185 0 0.009259223 0.09090906 0.0185185 0.09090906 0.0185185 0.0454545 0.009259223 0.1363636 0.0185185 0.1363636 0.0185185 0.09090906 0.009259223 0.1818181 0.0185185 0.1818181 0.0185185 0.1363636 0.009259223 0.2272727 0.0185185 0.2272727 0.0185185 0.1818181 0.0185185 0.2727273 0.0185185 0.2272727 0.009259223 0.2272727 0.0185185 0.3181818 0.0185185 0.2727273 0.009259223 0.2727273 0.0185185 0.3636364 0.0185185 0.3181818 0.009259223 0.3181818 0.0185185 0.4090909 0.0185185 0.3636364 0.009259223 0.3636364 0.0185185 0.4545454 0.0185185 0.4090909 0.009259223 0.4090909 0.0185185 0.5 0.0185185 0.4545454 0.009259223 0.4545454 0.0185185 0.5454546 0.0185185 0.5 0.009259223 0.5 0.0185185 0.5909091 0.0185185 0.5454546 0.009259223 0.5454546 0.0185185 0.6363636 0.0185185 0.5909091 0.009259223 0.5909091 0.0185185 0.6818182 0.0185185 0.6363636 0.009259223 0.6363636 0.0185185 0.7272728 0.0185185 0.6818182 0.009259223 0.6818182 0.0185185 0.7727273 0.0185185 0.7272728 0.009259223 0.7272728 0.009259223 0.8181818 0.0185185 0.8181818 0.0185185 0.7727273 0.009259223 0.8636364 0.0185185 0.8636364 0.0185185 0.8181818 0.009259223 0.9090909 0.0185185 0.9090909 0.0185185 0.8636364 0.009259223 0.9545454 0.0185185 0.9545454 0.0185185 0.9090909 0.0185185 1 0.02777773 1 0.02777773 0.9545454 0.0185185 0.0454545 0.02777773 0.0454545 0.02777773 0 0.0185185 0.09090906 0.02777773 0.09090906 0.02777773 0.0454545 0.0185185 0.1363636 0.02777773 0.1363636 0.02777773 0.09090906 0.0185185 0.1818181 0.02777773 0.1818181 0.02777773 0.1363636 0.0185185 0.2272727 0.02777773 0.2272727 0.02777773 0.1818181 0.02777773 0.2727273 0.02777773 0.2272727 0.0185185 0.2272727 0.02777773 0.3181818 0.02777773 0.2727273 0.0185185 0.2727273 0.02777773 0.3636364 0.02777773 0.3181818 0.0185185 0.3181818 0.02777773 0.4090909 0.02777773 0.3636364 0.0185185 0.3636364 0.02777773 0.4545454 0.02777773 0.4090909 0.0185185 0.4090909 0.02777773 0.5 0.02777773 0.4545454 0.0185185 0.4545454 0.02777773 0.5454546 0.02777773 0.5 0.0185185 0.5 0.02777773 0.5909091 0.02777773 0.5454546 0.0185185 0.5454546 0.02777773 0.6363636 0.02777773 0.5909091 0.0185185 0.5909091 0.02777773 0.6818182 0.02777773 0.6363636 0.0185185 0.6363636 0.02777773 0.7272728 0.02777773 0.6818182 0.0185185 0.6818182 0.02777773 0.7727273 0.02777773 0.7272728 0.0185185 0.7272728 0.0185185 0.8181818 0.02777773 0.8181818 0.02777773 0.7727273 0.0185185 0.8636364 0.02777773 0.8636364 0.02777773 0.8181818 0.0185185 0.9090909 0.02777773 0.9090909 0.02777773 0.8636364 0.0185185 0.9545454 0.02777773 0.9545454 0.02777773 0.9090909 0.02777773 1 0.03703701 1 0.03703701 0.9545454 0.02777773 0.0454545 0.03703701 0.0454545 0.03703701 0 0.02777773 0.09090906 0.03703701 0.09090906 0.03703701 0.0454545 0.02777773 0.1363636 0.03703701 0.1363636 0.03703701 0.09090906 0.02777773 0.1818181 0.03703701 0.1818181 0.03703701 0.1363636 0.02777773 0.2272727 0.03703701 0.2272727 0.03703701 0.1818181 0.03703701 0.2727273 0.03703701 0.2272727 0.02777773 0.2272727 0.03703701 0.3181818 0.03703701 0.2727273 0.02777773 0.2727273 0.03703701 0.3636364 0.03703701 0.3181818 0.02777773 0.3181818 0.03703701 0.4090909 0.03703701 0.3636364 0.02777773 0.3636364 0.03703701 0.4545454 0.03703701 0.4090909 0.02777773 0.4090909 0.03703701 0.5 0.03703701 0.4545454 0.02777773 0.4545454 0.03703701 0.5454546 0.03703701 0.5 0.02777773 0.5 0.03703701 0.5909091 0.03703701 0.5454546 0.02777773 0.5454546 0.03703701 0.6363636 0.03703701 0.5909091 0.02777773 0.5909091 0.03703701 0.6818182 0.03703701 0.6363636 0.02777773 0.6363636 0.03703701 0.7272728 0.03703701 0.6818182 0.02777773 0.6818182 0.03703701 0.7727273 0.03703701 0.7272728 0.02777773 0.7272728 0.02777773 0.8181818 0.03703701 0.8181818 0.03703701 0.7727273 0.02777773 0.8636364 0.03703701 0.8636364 0.03703701 0.8181818 0.02777773 0.9090909 0.03703701 0.9090909 0.03703701 0.8636364 0.02777773 0.9545454 0.03703701 0.9545454 0.03703701 0.9090909 0.03703701 1 0.04629629 1 0.04629629 0.9545454 0.03703701 0.0454545 0.04629629 0.0454545 0.04629629 0 0.03703701 0.09090906 0.04629629 0.09090906 0.04629629 0.0454545 0.03703701 0.1363636 0.04629629 0.1363636 0.04629629 0.09090906 0.03703701 0.1818181 0.04629629 0.1818181 0.04629629 0.1363636 0.03703701 0.2272727 0.04629629 0.2272727 0.04629629 0.1818181 0.04629629 0.2727273 0.04629629 0.2272727 0.03703701 0.2272727 0.04629629 0.3181818 0.04629629 0.2727273 0.03703701 0.2727273 0.04629629 0.3636364 0.04629629 0.3181818 0.03703701 0.3181818 0.04629629 0.4090909 0.04629629 0.3636364 0.03703701 0.3636364 0.04629629 0.4545454 0.04629629 0.4090909 0.03703701 0.4090909 0.04629629 0.5 0.04629629 0.4545454 0.03703701 0.4545454 0.04629629 0.5454546 0.04629629 0.5 0.03703701 0.5 0.04629629 0.5909091 0.04629629 0.5454546 0.03703701 0.5454546 0.04629629 0.6363636 0.04629629 0.5909091 0.03703701 0.5909091 0.04629629 0.6818182 0.04629629 0.6363636 0.03703701 0.6363636 0.04629629 0.7272728 0.04629629 0.6818182 0.03703701 0.6818182 0.04629629 0.7727273 0.04629629 0.7272728 0.03703701 0.7272728 0.03703701 0.8181818 0.04629629 0.8181818 0.04629629 0.7727273 0.03703701 0.8636364 0.04629629 0.8636364 0.04629629 0.8181818 0.03703701 0.9090909 0.04629629 0.9090909 0.04629629 0.8636364 0.03703701 0.9545454 0.04629629 0.9545454 0.04629629 0.9090909 0.04629629 1 0.05555552 1 0.05555552 0.9545454 0.04629629 0.0454545 0.05555552 0.0454545 0.05555552 0 0.04629629 0.09090906 0.05555552 0.09090906 0.05555552 0.0454545 0.04629629 0.1363636 0.05555552 0.1363636 0.05555552 0.09090906 0.04629629 0.1818181 0.05555552 0.1818181 0.05555552 0.1363636 0.04629629 0.2272727 0.05555552 0.2272727 0.05555552 0.1818181 0.05555552 0.2727273 0.05555552 0.2272727 0.04629629 0.2272727 0.05555552 0.3181818 0.05555552 0.2727273 0.04629629 0.2727273 0.05555552 0.3636364 0.05555552 0.3181818 0.04629629 0.3181818 0.05555552 0.4090909 0.05555552 0.3636364 0.04629629 0.3636364 0.05555552 0.4545454 0.05555552 0.4090909 0.04629629 0.4090909 0.05555552 0.5 0.05555552 0.4545454 0.04629629 0.4545454 0.05555552 0.5454546 0.05555552 0.5 0.04629629 0.5 0.05555552 0.5909091 0.05555552 0.5454546 0.04629629 0.5454546 0.05555552 0.6363636 0.05555552 0.5909091 0.04629629 0.5909091 0.05555552 0.6818182 0.05555552 0.6363636 0.04629629 0.6363636 0.05555552 0.7272728 0.05555552 0.6818182 0.04629629 0.6818182 0.05555552 0.7727273 0.05555552 0.7272728 0.04629629 0.7272728 0.04629629 0.8181818 0.05555552 0.8181818 0.05555552 0.7727273 0.04629629 0.8636364 0.05555552 0.8636364 0.05555552 0.8181818 0.04629629 0.9090909 0.05555552 0.9090909 0.05555552 0.8636364 0.04629629 0.9545454 0.05555552 0.9545454 0.05555552 0.9090909 0.05555552 1 0.0648148 1 0.0648148 0.9545454 0.05555552 0.0454545 0.0648148 0.0454545 0.0648148 0 0.05555552 0.09090906 0.0648148 0.09090906 0.0648148 0.0454545 0.05555552 0.1363636 0.0648148 0.1363636 0.0648148 0.09090906 0.05555552 0.1818181 0.0648148 0.1818181 0.0648148 0.1363636 0.05555552 0.2272727 0.0648148 0.2272727 0.0648148 0.1818181 0.0648148 0.2727273 0.0648148 0.2272727 0.05555552 0.2272727 0.0648148 0.3181818 0.0648148 0.2727273 0.05555552 0.2727273 0.0648148 0.3636364 0.0648148 0.3181818 0.05555552 0.3181818 0.0648148 0.4090909 0.0648148 0.3636364 0.05555552 0.3636364 0.0648148 0.4545454 0.0648148 0.4090909 0.05555552 0.4090909 0.0648148 0.5 0.0648148 0.4545454 0.05555552 0.4545454 0.0648148 0.5454546 0.0648148 0.5 0.05555552 0.5 0.0648148 0.5909091 0.0648148 0.5454546 0.05555552 0.5454546 0.0648148 0.6363636 0.0648148 0.5909091 0.05555552 0.5909091 0.0648148 0.6818182 0.0648148 0.6363636 0.05555552 0.6363636 0.0648148 0.7272728 0.0648148 0.6818182 0.05555552 0.6818182 0.0648148 0.7727273 0.0648148 0.7272728 0.05555552 0.7272728 0.05555552 0.8181818 0.0648148 0.8181818 0.0648148 0.7727273 0.05555552 0.8636364 0.0648148 0.8636364 0.0648148 0.8181818 0.05555552 0.9090909 0.0648148 0.9090909 0.0648148 0.8636364 0.05555552 0.9545454 0.0648148 0.9545454 0.0648148 0.9090909 0.0648148 1 0.07407402 1 0.07407402 0.9545454 0.0648148 0.0454545 0.07407402 0.0454545 0.07407402 0 0.0648148 0.09090906 0.07407402 0.09090906 0.07407402 0.0454545 0.0648148 0.1363636 0.07407402 0.1363636 0.07407402 0.09090906 0.0648148 0.1818181 0.07407402 0.1818181 0.07407402 0.1363636 0.0648148 0.2272727 0.07407402 0.2272727 0.07407402 0.1818181 0.07407402 0.2727273 0.07407402 0.2272727 0.0648148 0.2272727 0.07407402 0.3181818 0.07407402 0.2727273 0.0648148 0.2727273 0.07407402 0.3636364 0.07407402 0.3181818 0.0648148 0.3181818 0.07407402 0.4090909 0.07407402 0.3636364 0.0648148 0.3636364 0.07407402 0.4545454 0.07407402 0.4090909 0.0648148 0.4090909 0.07407402 0.5 0.07407402 0.4545454 0.0648148 0.4545454 0.07407402 0.5454546 0.07407402 0.5 0.0648148 0.5 0.07407402 0.5909091 0.07407402 0.5454546 0.0648148 0.5454546 0.07407402 0.6363636 0.07407402 0.5909091 0.0648148 0.5909091 0.07407402 0.6818182 0.07407402 0.6363636 0.0648148 0.6363636 0.07407402 0.7272728 0.07407402 0.6818182 0.0648148 0.6818182 0.07407402 0.7727273 0.07407402 0.7272728 0.0648148 0.7272728 0.0648148 0.8181818 0.07407402 0.8181818 0.07407402 0.7727273 0.0648148 0.8636364 0.07407402 0.8636364 0.07407402 0.8181818 0.0648148 0.9090909 0.07407402 0.9090909 0.07407402 0.8636364 0.0648148 0.9545454 0.07407402 0.9545454 0.07407402 0.9090909 0.07407402 1 0.08333331 1 0.08333331 0.9545454 0.07407402 0.0454545 0.08333331 0.0454545 0.08333331 0 0.07407402 0.09090906 0.08333331 0.09090906 0.08333331 0.0454545 0.07407402 0.1363636 0.08333331 0.1363636 0.08333331 0.09090906 0.07407402 0.1818181 0.08333331 0.1818181 0.08333331 0.1363636 0.07407402 0.2272727 0.08333331 0.2272727 0.08333331 0.1818181 0.08333331 0.2727273 0.08333331 0.2272727 0.07407402 0.2272727 0.08333331 0.3181818 0.08333331 0.2727273 0.07407402 0.2727273 0.08333331 0.3636364 0.08333331 0.3181818 0.07407402 0.3181818 0.08333331 0.4090909 0.08333331 0.3636364 0.07407402 0.3636364 0.08333331 0.4545454 0.08333331 0.4090909 0.07407402 0.4090909 0.08333331 0.5 0.08333331 0.4545454 0.07407402 0.4545454 0.08333331 0.5454546 0.08333331 0.5 0.07407402 0.5 0.08333331 0.5909091 0.08333331 0.5454546 0.07407402 0.5454546 0.08333331 0.6363636 0.08333331 0.5909091 0.07407402 0.5909091 0.08333331 0.6818182 0.08333331 0.6363636 0.07407402 0.6363636 0.08333331 0.7272728 0.08333331 0.6818182 0.07407402 0.6818182 0.08333331 0.7727273 0.08333331 0.7272728 0.07407402 0.7272728 0.07407402 0.8181818 0.08333331 0.8181818 0.08333331 0.7727273 0.07407402 0.8636364 0.08333331 0.8636364 0.08333331 0.8181818 0.07407402 0.9090909 0.08333331 0.9090909 0.08333331 0.8636364 0.07407402 0.9545454 0.08333331 0.9545454 0.08333331 0.9090909 0.09259259 1 0.09259259 0.9545454 0.08333331 0.9545454 0.09259259 0.0454545 0.09259259 0 0.08333331 0 0.09259259 0.09090906 0.09259259 0.0454545 0.08333331 0.0454545 0.09259259 0.1363636 0.09259259 0.09090906 0.08333331 0.09090906 0.09259259 0.1818181 0.09259259 0.1363636 0.08333331 0.1363636 0.09259259 0.2272727 0.09259259 0.1818181 0.08333331 0.1818181 0.09259259 0.2727273 0.09259259 0.2272727 0.08333331 0.2272727 0.08333331 0.3181818 0.09259259 0.3181818 0.09259259 0.2727273 0.08333331 0.3636364 0.09259259 0.3636364 0.09259259 0.3181818 0.08333331 0.4090909 0.09259259 0.4090909 0.09259259 0.3636364 0.08333331 0.4545454 0.09259259 0.4545454 0.09259259 0.4090909 0.08333331 0.5 0.09259259 0.5 0.09259259 0.4545454 0.08333331 0.5454546 0.09259259 0.5454546 0.09259259 0.5 0.08333331 0.5909091 0.09259259 0.5909091 0.09259259 0.5454546 0.08333331 0.6363636 0.09259259 0.6363636 0.09259259 0.5909091 0.08333331 0.6818182 0.09259259 0.6818182 0.09259259 0.6363636 0.08333331 0.7272728 0.09259259 0.7272728 0.09259259 0.6818182 0.09259259 0.7727273 0.09259259 0.7272728 0.08333331 0.7272728 0.09259259 0.8181818 0.09259259 0.7727273 0.08333331 0.7727273 0.09259259 0.8636364 0.09259259 0.8181818 0.08333331 0.8181818 0.09259259 0.9090909 0.09259259 0.8636364 0.08333331 0.8636364 0.09259259 0.9545454 0.09259259 0.9090909 0.08333331 0.9090909 0.09259259 1 0.1018518 1 0.1018518 0.9545454 0.09259259 0.0454545 0.1018518 0.0454545 0.1018518 0 0.09259259 0.09090906 0.1018518 0.09090906 0.1018518 0.0454545 0.09259259 0.1363636 0.1018518 0.1363636 0.1018518 0.09090906 0.09259259 0.1818181 0.1018518 0.1818181 0.1018518 0.1363636 0.09259259 0.2272727 0.1018518 0.2272727 0.1018518 0.1818181 0.1018518 0.2727273 0.1018518 0.2272727 0.09259259 0.2272727 0.1018518 0.3181818 0.1018518 0.2727273 0.09259259 0.2727273 0.1018518 0.3636364 0.1018518 0.3181818 0.09259259 0.3181818 0.1018518 0.4090909 0.1018518 0.3636364 0.09259259 0.3636364 0.1018518 0.4545454 0.1018518 0.4090909 0.09259259 0.4090909 0.1018518 0.5 0.1018518 0.4545454 0.09259259 0.4545454 0.1018518 0.5454546 0.1018518 0.5 0.09259259 0.5 0.1018518 0.5909091 0.1018518 0.5454546 0.09259259 0.5454546 0.1018518 0.6363636 0.1018518 0.5909091 0.09259259 0.5909091 0.1018518 0.6818182 0.1018518 0.6363636 0.09259259 0.6363636 0.1018518 0.7272728 0.1018518 0.6818182 0.09259259 0.6818182 0.1018518 0.7727273 0.1018518 0.7272728 0.09259259 0.7272728 0.09259259 0.8181818 0.1018518 0.8181818 0.1018518 0.7727273 0.09259259 0.8636364 0.1018518 0.8636364 0.1018518 0.8181818 0.09259259 0.9090909 0.1018518 0.9090909 0.1018518 0.8636364 0.09259259 0.9545454 0.1018518 0.9545454 0.1018518 0.9090909 0.1018518 1 0.1111111 1 0.1111111 0.9545454 0.1018518 0.0454545 0.1111111 0.0454545 0.1111111 0 0.1018518 0.09090906 0.1111111 0.09090906 0.1111111 0.0454545 0.1018518 0.1363636 0.1111111 0.1363636 0.1111111 0.09090906 0.1018518 0.1818181 0.1111111 0.1818181 0.1111111 0.1363636 0.1018518 0.2272727 0.1111111 0.2272727 0.1111111 0.1818181 0.1111111 0.2727273 0.1111111 0.2272727 0.1018518 0.2272727 0.1111111 0.3181818 0.1111111 0.2727273 0.1018518 0.2727273 0.1111111 0.3636364 0.1111111 0.3181818 0.1018518 0.3181818 0.1111111 0.4090909 0.1111111 0.3636364 0.1018518 0.3636364 0.1111111 0.4545454 0.1111111 0.4090909 0.1018518 0.4090909 0.1111111 0.5 0.1111111 0.4545454 0.1018518 0.4545454 0.1111111 0.5454546 0.1111111 0.5 0.1018518 0.5 0.1111111 0.5909091 0.1111111 0.5454546 0.1018518 0.5454546 0.1111111 0.6363636 0.1111111 0.5909091 0.1018518 0.5909091 0.1111111 0.6818182 0.1111111 0.6363636 0.1018518 0.6363636 0.1111111 0.7272728 0.1111111 0.6818182 0.1018518 0.6818182 0.1111111 0.7727273 0.1111111 0.7272728 0.1018518 0.7272728 0.1018518 0.8181818 0.1111111 0.8181818 0.1111111 0.7727273 0.1018518 0.8636364 0.1111111 0.8636364 0.1111111 0.8181818 0.1018518 0.9090909 0.1111111 0.9090909 0.1111111 0.8636364 0.1018518 0.9545454 0.1111111 0.9545454 0.1111111 0.9090909 0.1111111 1 0.1203703 1 0.1203703 0.9545454 0.1111111 0.0454545 0.1203703 0.0454545 0.1203703 0 0.1111111 0.09090906 0.1203703 0.09090906 0.1203703 0.0454545 0.1111111 0.1363636 0.1203703 0.1363636 0.1203703 0.09090906 0.1111111 0.1818181 0.1203703 0.1818181 0.1203703 0.1363636 0.1111111 0.2272727 0.1203703 0.2272727 0.1203703 0.1818181 0.1203703 0.2727273 0.1203703 0.2272727 0.1111111 0.2272727 0.1203703 0.3181818 0.1203703 0.2727273 0.1111111 0.2727273 0.1203703 0.3636364 0.1203703 0.3181818 0.1111111 0.3181818 0.1203703 0.4090909 0.1203703 0.3636364 0.1111111 0.3636364 0.1203703 0.4545454 0.1203703 0.4090909 0.1111111 0.4090909 0.1203703 0.5 0.1203703 0.4545454 0.1111111 0.4545454 0.1203703 0.5454546 0.1203703 0.5 0.1111111 0.5 0.1203703 0.5909091 0.1203703 0.5454546 0.1111111 0.5454546 0.1203703 0.6363636 0.1203703 0.5909091 0.1111111 0.5909091 0.1203703 0.6818182 0.1203703 0.6363636 0.1111111 0.6363636 0.1203703 0.7272728 0.1203703 0.6818182 0.1111111 0.6818182 0.1203703 0.7727273 0.1203703 0.7272728 0.1111111 0.7272728 0.1111111 0.8181818 0.1203703 0.8181818 0.1203703 0.7727273 0.1111111 0.8636364 0.1203703 0.8636364 0.1203703 0.8181818 0.1111111 0.9090909 0.1203703 0.9090909 0.1203703 0.8636364 0.1111111 0.9545454 0.1203703 0.9545454 0.1203703 0.9090909 0.1203703 1 0.1296296 1 0.1296296 0.9545454 0.1203703 0.0454545 0.1296296 0.0454545 0.1296296 0 0.1203703 0.09090906 0.1296296 0.09090906 0.1296296 0.0454545 0.1203703 0.1363636 0.1296296 0.1363636 0.1296296 0.09090906 0.1203703 0.1818181 0.1296296 0.1818181 0.1296296 0.1363636 0.1203703 0.2272727 0.1296296 0.2272727 0.1296296 0.1818181 0.1296296 0.2727273 0.1296296 0.2272727 0.1203703 0.2272727 0.1296296 0.3181818 0.1296296 0.2727273 0.1203703 0.2727273 0.1296296 0.3636364 0.1296296 0.3181818 0.1203703 0.3181818 0.1296296 0.4090909 0.1296296 0.3636364 0.1203703 0.3636364 0.1296296 0.4545454 0.1296296 0.4090909 0.1203703 0.4090909 0.1296296 0.5 0.1296296 0.4545454 0.1203703 0.4545454 0.1296296 0.5454546 0.1296296 0.5 0.1203703 0.5 0.1296296 0.5909091 0.1296296 0.5454546 0.1203703 0.5454546 0.1296296 0.6363636 0.1296296 0.5909091 0.1203703 0.5909091 0.1296296 0.6818182 0.1296296 0.6363636 0.1203703 0.6363636 0.1296296 0.7272728 0.1296296 0.6818182 0.1203703 0.6818182 0.1296296 0.7727273 0.1296296 0.7272728 0.1203703 0.7272728 0.1203703 0.8181818 0.1296296 0.8181818 0.1296296 0.7727273 0.1203703 0.8636364 0.1296296 0.8636364 0.1296296 0.8181818 0.1203703 0.9090909 0.1296296 0.9090909 0.1296296 0.8636364 0.1203703 0.9545454 0.1296296 0.9545454 0.1296296 0.9090909 0.1296296 1 0.1388888 1 0.1388888 0.9545454 0.1296296 0.0454545 0.1388888 0.0454545 0.1388888 0 0.1296296 0.09090906 0.1388888 0.09090906 0.1388888 0.0454545 0.1296296 0.1363636 0.1388888 0.1363636 0.1388888 0.09090906 0.1296296 0.1818181 0.1388888 0.1818181 0.1388888 0.1363636 0.1296296 0.2272727 0.1388888 0.2272727 0.1388888 0.1818181 0.1388888 0.2727273 0.1388888 0.2272727 0.1296296 0.2272727 0.1388888 0.3181818 0.1388888 0.2727273 0.1296296 0.2727273 0.1388888 0.3636364 0.1388888 0.3181818 0.1296296 0.3181818 0.1388888 0.4090909 0.1388888 0.3636364 0.1296296 0.3636364 0.1388888 0.4545454 0.1388888 0.4090909 0.1296296 0.4090909 0.1388888 0.5 0.1388888 0.4545454 0.1296296 0.4545454 0.1388888 0.5454546 0.1388888 0.5 0.1296296 0.5 0.1388888 0.5909091 0.1388888 0.5454546 0.1296296 0.5454546 0.1388888 0.6363636 0.1388888 0.5909091 0.1296296 0.5909091 0.1388888 0.6818182 0.1388888 0.6363636 0.1296296 0.6363636 0.1388888 0.7272728 0.1388888 0.6818182 0.1296296 0.6818182 0.1388888 0.7727273 0.1388888 0.7272728 0.1296296 0.7272728 0.1296296 0.8181818 0.1388888 0.8181818 0.1388888 0.7727273 0.1296296 0.8636364 0.1388888 0.8636364 0.1388888 0.8181818 0.1296296 0.9090909 0.1388888 0.9090909 0.1388888 0.8636364 0.1296296 0.9545454 0.1388888 0.9545454 0.1388888 0.9090909 0.1388888 1 0.1481481 1 0.1481481 0.9545454 0.1388888 0.0454545 0.1481481 0.0454545 0.1481481 0 0.1388888 0.09090906 0.1481481 0.09090906 0.1481481 0.0454545 0.1388888 0.1363636 0.1481481 0.1363636 0.1481481 0.09090906 0.1388888 0.1818181 0.1481481 0.1818181 0.1481481 0.1363636 0.1388888 0.2272727 0.1481481 0.2272727 0.1481481 0.1818181 0.1481481 0.2727273 0.1481481 0.2272727 0.1388888 0.2272727 0.1481481 0.3181818 0.1481481 0.2727273 0.1388888 0.2727273 0.1481481 0.3636364 0.1481481 0.3181818 0.1388888 0.3181818 0.1481481 0.4090909 0.1481481 0.3636364 0.1388888 0.3636364 0.1481481 0.4545454 0.1481481 0.4090909 0.1388888 0.4090909 0.1481481 0.5 0.1481481 0.4545454 0.1388888 0.4545454 0.1481481 0.5454546 0.1481481 0.5 0.1388888 0.5 0.1481481 0.5909091 0.1481481 0.5454546 0.1388888 0.5454546 0.1481481 0.6363636 0.1481481 0.5909091 0.1388888 0.5909091 0.1481481 0.6818182 0.1481481 0.6363636 0.1388888 0.6363636 0.1481481 0.7272728 0.1481481 0.6818182 0.1388888 0.6818182 0.1481481 0.7727273 0.1481481 0.7272728 0.1388888 0.7272728 0.1388888 0.8181818 0.1481481 0.8181818 0.1481481 0.7727273 0.1388888 0.8636364 0.1481481 0.8636364 0.1481481 0.8181818 0.1388888 0.9090909 0.1481481 0.9090909 0.1481481 0.8636364 0.1388888 0.9545454 0.1481481 0.9545454 0.1481481 0.9090909 0.1574074 1 0.1574074 0.9545454 0.1481481 0.9545454 0.1574074 0.0454545 0.1574074 0 0.1481481 0 0.1574074 0.09090906 0.1574074 0.0454545 0.1481481 0.0454545 0.1574074 0.1363636 0.1574074 0.09090906 0.1481481 0.09090906 0.1574074 0.1818181 0.1574074 0.1363636 0.1481481 0.1363636 0.1574074 0.2272727 0.1574074 0.1818181 0.1481481 0.1818181 0.1574074 0.2727273 0.1574074 0.2272727 0.1481481 0.2272727 0.1481481 0.3181818 0.1574074 0.3181818 0.1574074 0.2727273 0.1481481 0.3636364 0.1574074 0.3636364 0.1574074 0.3181818 0.1481481 0.4090909 0.1574074 0.4090909 0.1574074 0.3636364 0.1481481 0.4545454 0.1574074 0.4545454 0.1574074 0.4090909 0.1481481 0.5 0.1574074 0.5 0.1574074 0.4545454 0.1481481 0.5454546 0.1574074 0.5454546 0.1574074 0.5 0.1481481 0.5909091 0.1574074 0.5909091 0.1574074 0.5454546 0.1481481 0.6363636 0.1574074 0.6363636 0.1574074 0.5909091 0.1481481 0.6818182 0.1574074 0.6818182 0.1574074 0.6363636 0.1481481 0.7272728 0.1574074 0.7272728 0.1574074 0.6818182 0.1574074 0.7727273 0.1574074 0.7272728 0.1481481 0.7272728 0.1574074 0.8181818 0.1574074 0.7727273 0.1481481 0.7727273 0.1574074 0.8636364 0.1574074 0.8181818 0.1481481 0.8181818 0.1574074 0.9090909 0.1574074 0.8636364 0.1481481 0.8636364 0.1574074 0.9545454 0.1574074 0.9090909 0.1481481 0.9090909 0.1666666 1 0.1666666 0.9545454 0.1574074 0.9545454 0.1666666 0.0454545 0.1666666 0 0.1574074 0 0.1666666 0.09090906 0.1666666 0.0454545 0.1574074 0.0454545 0.1666666 0.1363636 0.1666666 0.09090906 0.1574074 0.09090906 0.1666666 0.1818181 0.1666666 0.1363636 0.1574074 0.1363636 0.1666666 0.2272727 0.1666666 0.1818181 0.1574074 0.1818181 0.1666666 0.2727273 0.1666666 0.2272727 0.1574074 0.2272727 0.1574074 0.3181818 0.1666666 0.3181818 0.1666666 0.2727273 0.1574074 0.3636364 0.1666666 0.3636364 0.1666666 0.3181818 0.1574074 0.4090909 0.1666666 0.4090909 0.1666666 0.3636364 0.1574074 0.4545454 0.1666666 0.4545454 0.1666666 0.4090909 0.1574074 0.5 0.1666666 0.5 0.1666666 0.4545454 0.1574074 0.5454546 0.1666666 0.5454546 0.1666666 0.5 0.1574074 0.5909091 0.1666666 0.5909091 0.1666666 0.5454546 0.1574074 0.6363636 0.1666666 0.6363636 0.1666666 0.5909091 0.1574074 0.6818182 0.1666666 0.6818182 0.1666666 0.6363636 0.1574074 0.7272728 0.1666666 0.7272728 0.1666666 0.6818182 0.1666666 0.7727273 0.1666666 0.7272728 0.1574074 0.7272728 0.1666666 0.8181818 0.1666666 0.7727273 0.1574074 0.7727273 0.1666666 0.8636364 0.1666666 0.8181818 0.1574074 0.8181818 0.1666666 0.9090909 0.1666666 0.8636364 0.1574074 0.8636364 0.1666666 0.9545454 0.1666666 0.9090909 0.1574074 0.9090909 0.1759259 1 0.1759259 0.9545454 0.1666666 0.9545454 0.1759259 0.0454545 0.1759259 0 0.1666666 0 0.1759259 0.09090906 0.1759259 0.0454545 0.1666666 0.0454545 0.1759259 0.1363636 0.1759259 0.09090906 0.1666666 0.09090906 0.1759259 0.1818181 0.1759259 0.1363636 0.1666666 0.1363636 0.1759259 0.2272727 0.1759259 0.1818181 0.1666666 0.1818181 0.1759259 0.2727273 0.1759259 0.2272727 0.1666666 0.2272727 0.1666666 0.3181818 0.1759259 0.3181818 0.1759259 0.2727273 0.1666666 0.3636364 0.1759259 0.3636364 0.1759259 0.3181818 0.1666666 0.4090909 0.1759259 0.4090909 0.1759259 0.3636364 0.1666666 0.4545454 0.1759259 0.4545454 0.1759259 0.4090909 0.1666666 0.5 0.1759259 0.5 0.1759259 0.4545454 0.1666666 0.5454546 0.1759259 0.5454546 0.1759259 0.5 0.1666666 0.5909091 0.1759259 0.5909091 0.1759259 0.5454546 0.1666666 0.6363636 0.1759259 0.6363636 0.1759259 0.5909091 0.1666666 0.6818182 0.1759259 0.6818182 0.1759259 0.6363636 0.1666666 0.7272728 0.1759259 0.7272728 0.1759259 0.6818182 0.1759259 0.7727273 0.1759259 0.7272728 0.1666666 0.7272728 0.1759259 0.8181818 0.1759259 0.7727273 0.1666666 0.7727273 0.1759259 0.8636364 0.1759259 0.8181818 0.1666666 0.8181818 0.1759259 0.9090909 0.1759259 0.8636364 0.1666666 0.8636364 0.1759259 0.9545454 0.1759259 0.9090909 0.1666666 0.9090909 0.1851851 1 0.1851851 0.9545454 0.1759259 0.9545454 0.1851851 0.0454545 0.1851851 0 0.1759259 0 0.1851851 0.09090906 0.1851851 0.0454545 0.1759259 0.0454545 0.1851851 0.1363636 0.1851851 0.09090906 0.1759259 0.09090906 0.1851851 0.1818181 0.1851851 0.1363636 0.1759259 0.1363636 0.1851851 0.2272727 0.1851851 0.1818181 0.1759259 0.1818181 0.1851851 0.2727273 0.1851851 0.2272727 0.1759259 0.2272727 0.1759259 0.3181818 0.1851851 0.3181818 0.1851851 0.2727273 0.1759259 0.3636364 0.1851851 0.3636364 0.1851851 0.3181818 0.1759259 0.4090909 0.1851851 0.4090909 0.1851851 0.3636364 0.1759259 0.4545454 0.1851851 0.4545454 0.1851851 0.4090909 0.1759259 0.5 0.1851851 0.5 0.1851851 0.4545454 0.1759259 0.5454546 0.1851851 0.5454546 0.1851851 0.5 0.1759259 0.5909091 0.1851851 0.5909091 0.1851851 0.5454546 0.1759259 0.6363636 0.1851851 0.6363636 0.1851851 0.5909091 0.1759259 0.6818182 0.1851851 0.6818182 0.1851851 0.6363636 0.1759259 0.7272728 0.1851851 0.7272728 0.1851851 0.6818182 0.1851851 0.7727273 0.1851851 0.7272728 0.1759259 0.7272728 0.1851851 0.8181818 0.1851851 0.7727273 0.1759259 0.7727273 0.1851851 0.8636364 0.1851851 0.8181818 0.1759259 0.8181818 0.1851851 0.9090909 0.1851851 0.8636364 0.1759259 0.8636364 0.1851851 0.9545454 0.1851851 0.9090909 0.1759259 0.9090909 0.1944444 1 0.1944444 0.9545454 0.1851851 0.9545454 0.1944444 0.0454545 0.1944444 0 0.1851851 0 0.1944444 0.09090906 0.1944444 0.0454545 0.1851851 0.0454545 0.1944444 0.1363636 0.1944444 0.09090906 0.1851851 0.09090906 0.1944444 0.1818181 0.1944444 0.1363636 0.1851851 0.1363636 0.1944444 0.2272727 0.1944444 0.1818181 0.1851851 0.1818181 0.1944444 0.2727273 0.1944444 0.2272727 0.1851851 0.2272727 0.1851851 0.3181818 0.1944444 0.3181818 0.1944444 0.2727273 0.1851851 0.3636364 0.1944444 0.3636364 0.1944444 0.3181818 0.1851851 0.4090909 0.1944444 0.4090909 0.1944444 0.3636364 0.1851851 0.4545454 0.1944444 0.4545454 0.1944444 0.4090909 0.1851851 0.5 0.1944444 0.5 0.1944444 0.4545454 0.1851851 0.5454546 0.1944444 0.5454546 0.1944444 0.5 0.1851851 0.5909091 0.1944444 0.5909091 0.1944444 0.5454546 0.1851851 0.6363636 0.1944444 0.6363636 0.1944444 0.5909091 0.1851851 0.6818182 0.1944444 0.6818182 0.1944444 0.6363636 0.1851851 0.7272728 0.1944444 0.7272728 0.1944444 0.6818182 0.1944444 0.7727273 0.1944444 0.7272728 0.1851851 0.7272728 0.1944444 0.8181818 0.1944444 0.7727273 0.1851851 0.7727273 0.1944444 0.8636364 0.1944444 0.8181818 0.1851851 0.8181818 0.1944444 0.9090909 0.1944444 0.8636364 0.1851851 0.8636364 0.1944444 0.9545454 0.1944444 0.9090909 0.1851851 0.9090909 0.1944444 1 0.2037037 1 0.2037037 0.9545454 0.1944444 0.0454545 0.2037037 0.0454545 0.2037037 0 0.1944444 0.09090906 0.2037037 0.09090906 0.2037037 0.0454545 0.1944444 0.1363636 0.2037037 0.1363636 0.2037037 0.09090906 0.1944444 0.1818181 0.2037037 0.1818181 0.2037037 0.1363636 0.1944444 0.2272727 0.2037037 0.2272727 0.2037037 0.1818181 0.2037037 0.2727273 0.2037037 0.2272727 0.1944444 0.2272727 0.2037037 0.3181818 0.2037037 0.2727273 0.1944444 0.2727273 0.2037037 0.3636364 0.2037037 0.3181818 0.1944444 0.3181818 0.2037037 0.4090909 0.2037037 0.3636364 0.1944444 0.3636364 0.2037037 0.4545454 0.2037037 0.4090909 0.1944444 0.4090909 0.2037037 0.5 0.2037037 0.4545454 0.1944444 0.4545454 0.2037037 0.5454546 0.2037037 0.5 0.1944444 0.5 0.2037037 0.5909091 0.2037037 0.5454546 0.1944444 0.5454546 0.2037037 0.6363636 0.2037037 0.5909091 0.1944444 0.5909091 0.2037037 0.6818182 0.2037037 0.6363636 0.1944444 0.6363636 0.2037037 0.7272728 0.2037037 0.6818182 0.1944444 0.6818182 0.2037037 0.7727273 0.2037037 0.7272728 0.1944444 0.7272728 0.1944444 0.8181818 0.2037037 0.8181818 0.2037037 0.7727273 0.1944444 0.8636364 0.2037037 0.8636364 0.2037037 0.8181818 0.1944444 0.9090909 0.2037037 0.9090909 0.2037037 0.8636364 0.1944444 0.9545454 0.2037037 0.9545454 0.2037037 0.9090909 0.2037037 1 0.2129629 1 0.2129629 0.9545454 0.2037037 0.0454545 0.2129629 0.0454545 0.2129629 0 0.2037037 0.09090906 0.2129629 0.09090906 0.2129629 0.0454545 0.2037037 0.1363636 0.2129629 0.1363636 0.2129629 0.09090906 0.2037037 0.1818181 0.2129629 0.1818181 0.2129629 0.1363636 0.2037037 0.2272727 0.2129629 0.2272727 0.2129629 0.1818181 0.2129629 0.2727273 0.2129629 0.2272727 0.2037037 0.2272727 0.2129629 0.3181818 0.2129629 0.2727273 0.2037037 0.2727273 0.2129629 0.3636364 0.2129629 0.3181818 0.2037037 0.3181818 0.2129629 0.4090909 0.2129629 0.3636364 0.2037037 0.3636364 0.2129629 0.4545454 0.2129629 0.4090909 0.2037037 0.4090909 0.2129629 0.5 0.2129629 0.4545454 0.2037037 0.4545454 0.2129629 0.5454546 0.2129629 0.5 0.2037037 0.5 0.2129629 0.5909091 0.2129629 0.5454546 0.2037037 0.5454546 0.2129629 0.6363636 0.2129629 0.5909091 0.2037037 0.5909091 0.2129629 0.6818182 0.2129629 0.6363636 0.2037037 0.6363636 0.2129629 0.7272728 0.2129629 0.6818182 0.2037037 0.6818182 0.2129629 0.7727273 0.2129629 0.7272728 0.2037037 0.7272728 0.2037037 0.8181818 0.2129629 0.8181818 0.2129629 0.7727273 0.2037037 0.8636364 0.2129629 0.8636364 0.2129629 0.8181818 0.2037037 0.9090909 0.2129629 0.9090909 0.2129629 0.8636364 0.2037037 0.9545454 0.2129629 0.9545454 0.2129629 0.9090909 0.2129629 1 0.2222222 1 0.2222222 0.9545454 0.2129629 0.0454545 0.2222222 0.0454545 0.2222222 0 0.2129629 0.09090906 0.2222222 0.09090906 0.2222222 0.0454545 0.2129629 0.1363636 0.2222222 0.1363636 0.2222222 0.09090906 0.2129629 0.1818181 0.2222222 0.1818181 0.2222222 0.1363636 0.2129629 0.2272727 0.2222222 0.2272727 0.2222222 0.1818181 0.2222222 0.2727273 0.2222222 0.2272727 0.2129629 0.2272727 0.2222222 0.3181818 0.2222222 0.2727273 0.2129629 0.2727273 0.2222222 0.3636364 0.2222222 0.3181818 0.2129629 0.3181818 0.2222222 0.4090909 0.2222222 0.3636364 0.2129629 0.3636364 0.2222222 0.4545454 0.2222222 0.4090909 0.2129629 0.4090909 0.2222222 0.5 0.2222222 0.4545454 0.2129629 0.4545454 0.2222222 0.5454546 0.2222222 0.5 0.2129629 0.5 0.2222222 0.5909091 0.2222222 0.5454546 0.2129629 0.5454546 0.2222222 0.6363636 0.2222222 0.5909091 0.2129629 0.5909091 0.2222222 0.6818182 0.2222222 0.6363636 0.2129629 0.6363636 0.2222222 0.7272728 0.2222222 0.6818182 0.2129629 0.6818182 0.2222222 0.7727273 0.2222222 0.7272728 0.2129629 0.7272728 0.2129629 0.8181818 0.2222222 0.8181818 0.2222222 0.7727273 0.2129629 0.8636364 0.2222222 0.8636364 0.2222222 0.8181818 0.2129629 0.9090909 0.2222222 0.9090909 0.2222222 0.8636364 0.2129629 0.9545454 0.2222222 0.9545454 0.2222222 0.9090909 0.2314814 1 0.2314814 0.9545454 0.2222222 0.9545454 0.2314814 0.0454545 0.2314814 0 0.2222222 0 0.2314814 0.09090906 0.2314814 0.0454545 0.2222222 0.0454545 0.2314814 0.1363636 0.2314814 0.09090906 0.2222222 0.09090906 0.2314814 0.1818181 0.2314814 0.1363636 0.2222222 0.1363636 0.2314814 0.2272727 0.2314814 0.1818181 0.2222222 0.1818181 0.2314814 0.2727273 0.2314814 0.2272727 0.2222222 0.2272727 0.2222222 0.3181818 0.2314814 0.3181818 0.2314814 0.2727273 0.2222222 0.3636364 0.2314814 0.3636364 0.2314814 0.3181818 0.2222222 0.4090909 0.2314814 0.4090909 0.2314814 0.3636364 0.2222222 0.4545454 0.2314814 0.4545454 0.2314814 0.4090909 0.2222222 0.5 0.2314814 0.5 0.2314814 0.4545454 0.2222222 0.5454546 0.2314814 0.5454546 0.2314814 0.5 0.2222222 0.5909091 0.2314814 0.5909091 0.2314814 0.5454546 0.2222222 0.6363636 0.2314814 0.6363636 0.2314814 0.5909091 0.2222222 0.6818182 0.2314814 0.6818182 0.2314814 0.6363636 0.2222222 0.7272728 0.2314814 0.7272728 0.2314814 0.6818182 0.2314814 0.7727273 0.2314814 0.7272728 0.2222222 0.7272728 0.2314814 0.8181818 0.2314814 0.7727273 0.2222222 0.7727273 0.2314814 0.8636364 0.2314814 0.8181818 0.2222222 0.8181818 0.2314814 0.9090909 0.2314814 0.8636364 0.2222222 0.8636364 0.2314814 0.9545454 0.2314814 0.9090909 0.2222222 0.9090909 0.2407407 1 0.2407407 0.9545454 0.2314814 0.9545454 0.2407407 0.0454545 0.2407407 0 0.2314814 0 0.2407407 0.09090906 0.2407407 0.0454545 0.2314814 0.0454545 0.2407407 0.1363636 0.2407407 0.09090906 0.2314814 0.09090906 0.2407407 0.1818181 0.2407407 0.1363636 0.2314814 0.1363636 0.2407407 0.2272727 0.2407407 0.1818181 0.2314814 0.1818181 0.2407407 0.2727273 0.2407407 0.2272727 0.2314814 0.2272727 0.2314814 0.3181818 0.2407407 0.3181818 0.2407407 0.2727273 0.2314814 0.3636364 0.2407407 0.3636364 0.2407407 0.3181818 0.2314814 0.4090909 0.2407407 0.4090909 0.2407407 0.3636364 0.2314814 0.4545454 0.2407407 0.4545454 0.2407407 0.4090909 0.2314814 0.5 0.2407407 0.5 0.2407407 0.4545454 0.2314814 0.5454546 0.2407407 0.5454546 0.2407407 0.5 0.2314814 0.5909091 0.2407407 0.5909091 0.2407407 0.5454546 0.2314814 0.6363636 0.2407407 0.6363636 0.2407407 0.5909091 0.2314814 0.6818182 0.2407407 0.6818182 0.2407407 0.6363636 0.2314814 0.7272728 0.2407407 0.7272728 0.2407407 0.6818182 0.2407407 0.7727273 0.2407407 0.7272728 0.2314814 0.7272728 0.2407407 0.8181818 0.2407407 0.7727273 0.2314814 0.7727273 0.2407407 0.8636364 0.2407407 0.8181818 0.2314814 0.8181818 0.2407407 0.9090909 0.2407407 0.8636364 0.2314814 0.8636364 0.2407407 0.9545454 0.2407407 0.9090909 0.2314814 0.9090909 0.25 1 0.25 0.9545454 0.2407407 0.9545454 0.25 0.0454545 0.25 0 0.2407407 0 0.25 0.09090906 0.25 0.0454545 0.2407407 0.0454545 0.25 0.1363636 0.25 0.09090906 0.2407407 0.09090906 0.25 0.1818181 0.25 0.1363636 0.2407407 0.1363636 0.25 0.2272727 0.25 0.1818181 0.2407407 0.1818181 0.25 0.2727273 0.25 0.2272727 0.2407407 0.2272727 0.2407407 0.3181818 0.25 0.3181818 0.25 0.2727273 0.2407407 0.3636364 0.25 0.3636364 0.25 0.3181818 0.2407407 0.4090909 0.25 0.4090909 0.25 0.3636364 0.2407407 0.4545454 0.25 0.4545454 0.25 0.4090909 0.2407407 0.5 0.25 0.5 0.25 0.4545454 0.2407407 0.5454546 0.25 0.5454546 0.25 0.5 0.2407407 0.5909091 0.25 0.5909091 0.25 0.5454546 0.2407407 0.6363636 0.25 0.6363636 0.25 0.5909091 0.2407407 0.6818182 0.25 0.6818182 0.25 0.6363636 0.2407407 0.7272728 0.25 0.7272728 0.25 0.6818182 0.25 0.7727273 0.25 0.7272728 0.2407407 0.7272728 0.25 0.8181818 0.25 0.7727273 0.2407407 0.7727273 0.25 0.8636364 0.25 0.8181818 0.2407407 0.8181818 0.25 0.9090909 0.25 0.8636364 0.2407407 0.8636364 0.25 0.9545454 0.25 0.9090909 0.2407407 0.9090909 0.2592592 1 0.2592592 0.9545454 0.25 0.9545454 0.2592592 0.0454545 0.2592592 0 0.25 0 0.2592592 0.09090906 0.2592592 0.0454545 0.25 0.0454545 0.2592592 0.1363636 0.2592592 0.09090906 0.25 0.09090906 0.2592592 0.1818181 0.2592592 0.1363636 0.25 0.1363636 0.2592592 0.2272727 0.2592592 0.1818181 0.25 0.1818181 0.2592592 0.2727273 0.2592592 0.2272727 0.25 0.2272727 0.25 0.3181818 0.2592592 0.3181818 0.2592592 0.2727273 0.25 0.3636364 0.2592592 0.3636364 0.2592592 0.3181818 0.25 0.4090909 0.2592592 0.4090909 0.2592592 0.3636364 0.25 0.4545454 0.2592592 0.4545454 0.2592592 0.4090909 0.25 0.5 0.2592592 0.5 0.2592592 0.4545454 0.25 0.5454546 0.2592592 0.5454546 0.2592592 0.5 0.25 0.5909091 0.2592592 0.5909091 0.2592592 0.5454546 0.25 0.6363636 0.2592592 0.6363636 0.2592592 0.5909091 0.25 0.6818182 0.2592592 0.6818182 0.2592592 0.6363636 0.25 0.7272728 0.2592592 0.7272728 0.2592592 0.6818182 0.2592592 0.7727273 0.2592592 0.7272728 0.25 0.7272728 0.2592592 0.8181818 0.2592592 0.7727273 0.25 0.7727273 0.2592592 0.8636364 0.2592592 0.8181818 0.25 0.8181818 0.2592592 0.9090909 0.2592592 0.8636364 0.25 0.8636364 0.2592592 0.9545454 0.2592592 0.9090909 0.25 0.9090909 0.2685185 1 0.2685185 0.9545454 0.2592592 0.9545454 0.2685185 0.0454545 0.2685185 0 0.2592592 0 0.2685185 0.09090906 0.2685185 0.0454545 0.2592592 0.0454545 0.2685185 0.1363636 0.2685185 0.09090906 0.2592592 0.09090906 0.2685185 0.1818181 0.2685185 0.1363636 0.2592592 0.1363636 0.2685185 0.2272727 0.2685185 0.1818181 0.2592592 0.1818181 0.2685185 0.2727273 0.2685185 0.2272727 0.2592592 0.2272727 0.2592592 0.3181818 0.2685185 0.3181818 0.2685185 0.2727273 0.2592592 0.3636364 0.2685185 0.3636364 0.2685185 0.3181818 0.2592592 0.4090909 0.2685185 0.4090909 0.2685185 0.3636364 0.2592592 0.4545454 0.2685185 0.4545454 0.2685185 0.4090909 0.2592592 0.5 0.2685185 0.5 0.2685185 0.4545454 0.2592592 0.5454546 0.2685185 0.5454546 0.2685185 0.5 0.2592592 0.5909091 0.2685185 0.5909091 0.2685185 0.5454546 0.2592592 0.6363636 0.2685185 0.6363636 0.2685185 0.5909091 0.2592592 0.6818182 0.2685185 0.6818182 0.2685185 0.6363636 0.2592592 0.7272728 0.2685185 0.7272728 0.2685185 0.6818182 0.2685185 0.7727273 0.2685185 0.7272728 0.2592592 0.7272728 0.2685185 0.8181818 0.2685185 0.7727273 0.2592592 0.7727273 0.2685185 0.8636364 0.2685185 0.8181818 0.2592592 0.8181818 0.2685185 0.9090909 0.2685185 0.8636364 0.2592592 0.8636364 0.2685185 0.9545454 0.2685185 0.9090909 0.2592592 0.9090909 0.2777778 1 0.2777778 0.9545454 0.2685185 0.9545454 0.2777778 0.0454545 0.2777778 0 0.2685185 0 0.2777778 0.09090906 0.2777778 0.0454545 0.2685185 0.0454545 0.2777778 0.1363636 0.2777778 0.09090906 0.2685185 0.09090906 0.2777778 0.1818181 0.2777778 0.1363636 0.2685185 0.1363636 0.2777778 0.2272727 0.2777778 0.1818181 0.2685185 0.1818181 0.2777778 0.2727273 0.2777778 0.2272727 0.2685185 0.2272727 0.2685185 0.3181818 0.2777778 0.3181818 0.2777778 0.2727273 0.2685185 0.3636364 0.2777778 0.3636364 0.2777778 0.3181818 0.2685185 0.4090909 0.2777778 0.4090909 0.2777778 0.3636364 0.2685185 0.4545454 0.2777778 0.4545454 0.2777778 0.4090909 0.2685185 0.5 0.2777778 0.5 0.2777778 0.4545454 0.2685185 0.5454546 0.2777778 0.5454546 0.2777778 0.5 0.2685185 0.5909091 0.2777778 0.5909091 0.2777778 0.5454546 0.2685185 0.6363636 0.2777778 0.6363636 0.2777778 0.5909091 0.2685185 0.6818182 0.2777778 0.6818182 0.2777778 0.6363636 0.2685185 0.7272728 0.2777778 0.7272728 0.2777778 0.6818182 0.2777778 0.7727273 0.2777778 0.7272728 0.2685185 0.7272728 0.2777778 0.8181818 0.2777778 0.7727273 0.2685185 0.7727273 0.2777778 0.8636364 0.2777778 0.8181818 0.2685185 0.8181818 0.2777778 0.9090909 0.2777778 0.8636364 0.2685185 0.8636364 0.2777778 0.9545454 0.2777778 0.9090909 0.2685185 0.9090909 0.287037 1 0.287037 0.9545454 0.2777778 0.9545454 0.287037 0.0454545 0.287037 0 0.2777778 0 0.287037 0.09090906 0.287037 0.0454545 0.2777778 0.0454545 0.287037 0.1363636 0.287037 0.09090906 0.2777778 0.09090906 0.287037 0.1818181 0.287037 0.1363636 0.2777778 0.1363636 0.287037 0.2272727 0.287037 0.1818181 0.2777778 0.1818181 0.287037 0.2727273 0.287037 0.2272727 0.2777778 0.2272727 0.2777778 0.3181818 0.287037 0.3181818 0.287037 0.2727273 0.2777778 0.3636364 0.287037 0.3636364 0.287037 0.3181818 0.2777778 0.4090909 0.287037 0.4090909 0.287037 0.3636364 0.2777778 0.4545454 0.287037 0.4545454 0.287037 0.4090909 0.2777778 0.5 0.287037 0.5 0.287037 0.4545454 0.2777778 0.5454546 0.287037 0.5454546 0.287037 0.5 0.2777778 0.5909091 0.287037 0.5909091 0.287037 0.5454546 0.2777778 0.6363636 0.287037 0.6363636 0.287037 0.5909091 0.2777778 0.6818182 0.287037 0.6818182 0.287037 0.6363636 0.2777778 0.7272728 0.287037 0.7272728 0.287037 0.6818182 0.287037 0.7727273 0.287037 0.7272728 0.2777778 0.7272728 0.287037 0.8181818 0.287037 0.7727273 0.2777778 0.7727273 0.287037 0.8636364 0.287037 0.8181818 0.2777778 0.8181818 0.287037 0.9090909 0.287037 0.8636364 0.2777778 0.8636364 0.287037 0.9545454 0.287037 0.9090909 0.2777778 0.9090909 0.2962963 1 0.2962963 0.9545454 0.287037 0.9545454 0.2962963 0.0454545 0.2962963 0 0.287037 0 0.2962963 0.09090906 0.2962963 0.0454545 0.287037 0.0454545 0.2962963 0.1363636 0.2962963 0.09090906 0.287037 0.09090906 0.2962963 0.1818181 0.2962963 0.1363636 0.287037 0.1363636 0.2962963 0.2272727 0.2962963 0.1818181 0.287037 0.1818181 0.2962963 0.2727273 0.2962963 0.2272727 0.287037 0.2272727 0.287037 0.3181818 0.2962963 0.3181818 0.2962963 0.2727273 0.287037 0.3636364 0.2962963 0.3636364 0.2962963 0.3181818 0.287037 0.4090909 0.2962963 0.4090909 0.2962963 0.3636364 0.287037 0.4545454 0.2962963 0.4545454 0.2962963 0.4090909 0.287037 0.5 0.2962963 0.5 0.2962963 0.4545454 0.287037 0.5454546 0.2962963 0.5454546 0.2962963 0.5 0.287037 0.5909091 0.2962963 0.5909091 0.2962963 0.5454546 0.287037 0.6363636 0.2962963 0.6363636 0.2962963 0.5909091 0.287037 0.6818182 0.2962963 0.6818182 0.2962963 0.6363636 0.287037 0.7272728 0.2962963 0.7272728 0.2962963 0.6818182 0.2962963 0.7727273 0.2962963 0.7272728 0.287037 0.7272728 0.2962963 0.8181818 0.2962963 0.7727273 0.287037 0.7727273 0.2962963 0.8636364 0.2962963 0.8181818 0.287037 0.8181818 0.2962963 0.9090909 0.2962963 0.8636364 0.287037 0.8636364 0.2962963 0.9545454 0.2962963 0.9090909 0.287037 0.9090909 0.3055555 1 0.3055555 0.9545454 0.2962963 0.9545454 0.3055555 0.0454545 0.3055555 0 0.2962963 0 0.3055555 0.09090906 0.3055555 0.0454545 0.2962963 0.0454545 0.3055555 0.1363636 0.3055555 0.09090906 0.2962963 0.09090906 0.3055555 0.1818181 0.3055555 0.1363636 0.2962963 0.1363636 0.3055555 0.2272727 0.3055555 0.1818181 0.2962963 0.1818181 0.3055555 0.2727273 0.3055555 0.2272727 0.2962963 0.2272727 0.2962963 0.3181818 0.3055555 0.3181818 0.3055555 0.2727273 0.2962963 0.3636364 0.3055555 0.3636364 0.3055555 0.3181818 0.2962963 0.4090909 0.3055555 0.4090909 0.3055555 0.3636364 0.2962963 0.4545454 0.3055555 0.4545454 0.3055555 0.4090909 0.2962963 0.5 0.3055555 0.5 0.3055555 0.4545454 0.2962963 0.5454546 0.3055555 0.5454546 0.3055555 0.5 0.2962963 0.5909091 0.3055555 0.5909091 0.3055555 0.5454546 0.2962963 0.6363636 0.3055555 0.6363636 0.3055555 0.5909091 0.2962963 0.6818182 0.3055555 0.6818182 0.3055555 0.6363636 0.2962963 0.7272728 0.3055555 0.7272728 0.3055555 0.6818182 0.3055555 0.7727273 0.3055555 0.7272728 0.2962963 0.7272728 0.3055555 0.8181818 0.3055555 0.7727273 0.2962963 0.7727273 0.3055555 0.8636364 0.3055555 0.8181818 0.2962963 0.8181818 0.3055555 0.9090909 0.3055555 0.8636364 0.2962963 0.8636364 0.3055555 0.9545454 0.3055555 0.9090909 0.2962963 0.9090909 0.3148148 1 0.3148148 0.9545454 0.3055555 0.9545454 0.3148148 0.0454545 0.3148148 0 0.3055555 0 0.3148148 0.09090906 0.3148148 0.0454545 0.3055555 0.0454545 0.3148148 0.1363636 0.3148148 0.09090906 0.3055555 0.09090906 0.3148148 0.1818181 0.3148148 0.1363636 0.3055555 0.1363636 0.3148148 0.2272727 0.3148148 0.1818181 0.3055555 0.1818181 0.3148148 0.2727273 0.3148148 0.2272727 0.3055555 0.2272727 0.3055555 0.3181818 0.3148148 0.3181818 0.3148148 0.2727273 0.3055555 0.3636364 0.3148148 0.3636364 0.3148148 0.3181818 0.3055555 0.4090909 0.3148148 0.4090909 0.3148148 0.3636364 0.3055555 0.4545454 0.3148148 0.4545454 0.3148148 0.4090909 0.3055555 0.5 0.3148148 0.5 0.3148148 0.4545454 0.3055555 0.5454546 0.3148148 0.5454546 0.3148148 0.5 0.3055555 0.5909091 0.3148148 0.5909091 0.3148148 0.5454546 0.3055555 0.6363636 0.3148148 0.6363636 0.3148148 0.5909091 0.3055555 0.6818182 0.3148148 0.6818182 0.3148148 0.6363636 0.3055555 0.7272728 0.3148148 0.7272728 0.3148148 0.6818182 0.3148148 0.7727273 0.3148148 0.7272728 0.3055555 0.7272728 0.3148148 0.8181818 0.3148148 0.7727273 0.3055555 0.7727273 0.3148148 0.8636364 0.3148148 0.8181818 0.3055555 0.8181818 0.3148148 0.9090909 0.3148148 0.8636364 0.3055555 0.8636364 0.3148148 0.9545454 0.3148148 0.9090909 0.3055555 0.9090909 0.324074 1 0.324074 0.9545454 0.3148148 0.9545454 0.324074 0.0454545 0.324074 0 0.3148148 0 0.324074 0.09090906 0.324074 0.0454545 0.3148148 0.0454545 0.324074 0.1363636 0.324074 0.09090906 0.3148148 0.09090906 0.324074 0.1818181 0.324074 0.1363636 0.3148148 0.1363636 0.324074 0.2272727 0.324074 0.1818181 0.3148148 0.1818181 0.324074 0.2727273 0.324074 0.2272727 0.3148148 0.2272727 0.3148148 0.3181818 0.324074 0.3181818 0.324074 0.2727273 0.3148148 0.3636364 0.324074 0.3636364 0.324074 0.3181818 0.3148148 0.4090909 0.324074 0.4090909 0.324074 0.3636364 0.3148148 0.4545454 0.324074 0.4545454 0.324074 0.4090909 0.3148148 0.5 0.324074 0.5 0.324074 0.4545454 0.3148148 0.5454546 0.324074 0.5454546 0.324074 0.5 0.3148148 0.5909091 0.324074 0.5909091 0.324074 0.5454546 0.3148148 0.6363636 0.324074 0.6363636 0.324074 0.5909091 0.3148148 0.6818182 0.324074 0.6818182 0.324074 0.6363636 0.3148148 0.7272728 0.324074 0.7272728 0.324074 0.6818182 0.324074 0.7727273 0.324074 0.7272728 0.3148148 0.7272728 0.324074 0.8181818 0.324074 0.7727273 0.3148148 0.7727273 0.324074 0.8636364 0.324074 0.8181818 0.3148148 0.8181818 0.324074 0.9090909 0.324074 0.8636364 0.3148148 0.8636364 0.324074 0.9545454 0.324074 0.9090909 0.3148148 0.9090909 0.3333333 1 0.3333333 0.9545454 0.324074 0.9545454 0.3333333 0.0454545 0.3333333 0 0.324074 0 0.3333333 0.09090906 0.3333333 0.0454545 0.324074 0.0454545 0.3333333 0.1363636 0.3333333 0.09090906 0.324074 0.09090906 0.3333333 0.1818181 0.3333333 0.1363636 0.324074 0.1363636 0.3333333 0.2272727 0.3333333 0.1818181 0.324074 0.1818181 0.3333333 0.2727273 0.3333333 0.2272727 0.324074 0.2272727 0.324074 0.3181818 0.3333333 0.3181818 0.3333333 0.2727273 0.324074 0.3636364 0.3333333 0.3636364 0.3333333 0.3181818 0.324074 0.4090909 0.3333333 0.4090909 0.3333333 0.3636364 0.324074 0.4545454 0.3333333 0.4545454 0.3333333 0.4090909 0.324074 0.5 0.3333333 0.5 0.3333333 0.4545454 0.324074 0.5454546 0.3333333 0.5454546 0.3333333 0.5 0.324074 0.5909091 0.3333333 0.5909091 0.3333333 0.5454546 0.324074 0.6363636 0.3333333 0.6363636 0.3333333 0.5909091 0.324074 0.6818182 0.3333333 0.6818182 0.3333333 0.6363636 0.324074 0.7272728 0.3333333 0.7272728 0.3333333 0.6818182 0.3333333 0.7727273 0.3333333 0.7272728 0.324074 0.7272728 0.3333333 0.8181818 0.3333333 0.7727273 0.324074 0.7727273 0.3333333 0.8636364 0.3333333 0.8181818 0.324074 0.8181818 0.3333333 0.9090909 0.3333333 0.8636364 0.324074 0.8636364 0.3333333 0.9545454 0.3333333 0.9090909 0.324074 0.9090909 0.3333333 1 0.3425926 1 0.3425926 0.9545454 0.3333333 0.0454545 0.3425926 0.0454545 0.3425926 0 0.3333333 0.09090906 0.3425926 0.09090906 0.3425926 0.0454545 0.3333333 0.1363636 0.3425926 0.1363636 0.3425926 0.09090906 0.3333333 0.1818181 0.3425926 0.1818181 0.3425926 0.1363636 0.3333333 0.2272727 0.3425926 0.2272727 0.3425926 0.1818181 0.3425926 0.2727273 0.3425926 0.2272727 0.3333333 0.2272727 0.3425926 0.3181818 0.3425926 0.2727273 0.3333333 0.2727273 0.3425926 0.3636364 0.3425926 0.3181818 0.3333333 0.3181818 0.3425926 0.4090909 0.3425926 0.3636364 0.3333333 0.3636364 0.3425926 0.4545454 0.3425926 0.4090909 0.3333333 0.4090909 0.3425926 0.5 0.3425926 0.4545454 0.3333333 0.4545454 0.3425926 0.5454546 0.3425926 0.5 0.3333333 0.5 0.3425926 0.5909091 0.3425926 0.5454546 0.3333333 0.5454546 0.3425926 0.6363636 0.3425926 0.5909091 0.3333333 0.5909091 0.3425926 0.6818182 0.3425926 0.6363636 0.3333333 0.6363636 0.3425926 0.7272728 0.3425926 0.6818182 0.3333333 0.6818182 0.3425926 0.7727273 0.3425926 0.7272728 0.3333333 0.7272728 0.3333333 0.8181818 0.3425926 0.8181818 0.3425926 0.7727273 0.3333333 0.8636364 0.3425926 0.8636364 0.3425926 0.8181818 0.3333333 0.9090909 0.3425926 0.9090909 0.3425926 0.8636364 0.3333333 0.9545454 0.3425926 0.9545454 0.3425926 0.9090909 0.3518518 1 0.3518518 0.9545454 0.3425926 0.9545454 0.3518518 0.0454545 0.3518518 0 0.3425926 0 0.3518518 0.09090906 0.3518518 0.0454545 0.3425926 0.0454545 0.3518518 0.1363636 0.3518518 0.09090906 0.3425926 0.09090906 0.3518518 0.1818181 0.3518518 0.1363636 0.3425926 0.1363636 0.3518518 0.2272727 0.3518518 0.1818181 0.3425926 0.1818181 0.3518518 0.2727273 0.3518518 0.2272727 0.3425926 0.2272727 0.3425926 0.3181818 0.3518518 0.3181818 0.3518518 0.2727273 0.3425926 0.3636364 0.3518518 0.3636364 0.3518518 0.3181818 0.3425926 0.4090909 0.3518518 0.4090909 0.3518518 0.3636364 0.3425926 0.4545454 0.3518518 0.4545454 0.3518518 0.4090909 0.3425926 0.5 0.3518518 0.5 0.3518518 0.4545454 0.3425926 0.5454546 0.3518518 0.5454546 0.3518518 0.5 0.3425926 0.5909091 0.3518518 0.5909091 0.3518518 0.5454546 0.3425926 0.6363636 0.3518518 0.6363636 0.3518518 0.5909091 0.3425926 0.6818182 0.3518518 0.6818182 0.3518518 0.6363636 0.3425926 0.7272728 0.3518518 0.7272728 0.3518518 0.6818182 0.3518518 0.7727273 0.3518518 0.7272728 0.3425926 0.7272728 0.3518518 0.8181818 0.3518518 0.7727273 0.3425926 0.7727273 0.3518518 0.8636364 0.3518518 0.8181818 0.3425926 0.8181818 0.3518518 0.9090909 0.3518518 0.8636364 0.3425926 0.8636364 0.3518518 0.9545454 0.3518518 0.9090909 0.3425926 0.9090909 0.3611111 1 0.3611111 0.9545454 0.3518518 0.9545454 0.3611111 0.0454545 0.3611111 0 0.3518518 0 0.3611111 0.09090906 0.3611111 0.0454545 0.3518518 0.0454545 0.3611111 0.1363636 0.3611111 0.09090906 0.3518518 0.09090906 0.3611111 0.1818181 0.3611111 0.1363636 0.3518518 0.1363636 0.3611111 0.2272727 0.3611111 0.1818181 0.3518518 0.1818181 0.3611111 0.2727273 0.3611111 0.2272727 0.3518518 0.2272727 0.3518518 0.3181818 0.3611111 0.3181818 0.3611111 0.2727273 0.3518518 0.3636364 0.3611111 0.3636364 0.3611111 0.3181818 0.3518518 0.4090909 0.3611111 0.4090909 0.3611111 0.3636364 0.3518518 0.4545454 0.3611111 0.4545454 0.3611111 0.4090909 0.3518518 0.5 0.3611111 0.5 0.3611111 0.4545454 0.3518518 0.5454546 0.3611111 0.5454546 0.3611111 0.5 0.3518518 0.5909091 0.3611111 0.5909091 0.3611111 0.5454546 0.3518518 0.6363636 0.3611111 0.6363636 0.3611111 0.5909091 0.3518518 0.6818182 0.3611111 0.6818182 0.3611111 0.6363636 0.3518518 0.7272728 0.3611111 0.7272728 0.3611111 0.6818182 0.3611111 0.7727273 0.3611111 0.7272728 0.3518518 0.7272728 0.3611111 0.8181818 0.3611111 0.7727273 0.3518518 0.7727273 0.3611111 0.8636364 0.3611111 0.8181818 0.3518518 0.8181818 0.3611111 0.9090909 0.3611111 0.8636364 0.3518518 0.8636364 0.3611111 0.9545454 0.3611111 0.9090909 0.3518518 0.9090909 0.3703703 1 0.3703703 0.9545454 0.3611111 0.9545454 0.3703703 0.0454545 0.3703703 0 0.3611111 0 0.3703703 0.09090906 0.3703703 0.0454545 0.3611111 0.0454545 0.3703703 0.1363636 0.3703703 0.09090906 0.3611111 0.09090906 0.3703703 0.1818181 0.3703703 0.1363636 0.3611111 0.1363636 0.3703703 0.2272727 0.3703703 0.1818181 0.3611111 0.1818181 0.3703703 0.2727273 0.3703703 0.2272727 0.3611111 0.2272727 0.3611111 0.3181818 0.3703703 0.3181818 0.3703703 0.2727273 0.3611111 0.3636364 0.3703703 0.3636364 0.3703703 0.3181818 0.3611111 0.4090909 0.3703703 0.4090909 0.3703703 0.3636364 0.3611111 0.4545454 0.3703703 0.4545454 0.3703703 0.4090909 0.3611111 0.5 0.3703703 0.5 0.3703703 0.4545454 0.3611111 0.5454546 0.3703703 0.5454546 0.3703703 0.5 0.3611111 0.5909091 0.3703703 0.5909091 0.3703703 0.5454546 0.3611111 0.6363636 0.3703703 0.6363636 0.3703703 0.5909091 0.3611111 0.6818182 0.3703703 0.6818182 0.3703703 0.6363636 0.3611111 0.7272728 0.3703703 0.7272728 0.3703703 0.6818182 0.3703703 0.7727273 0.3703703 0.7272728 0.3611111 0.7272728 0.3703703 0.8181818 0.3703703 0.7727273 0.3611111 0.7727273 0.3703703 0.8636364 0.3703703 0.8181818 0.3611111 0.8181818 0.3703703 0.9090909 0.3703703 0.8636364 0.3611111 0.8636364 0.3703703 0.9545454 0.3703703 0.9090909 0.3611111 0.9090909 0.3796296 1 0.3796296 0.9545454 0.3703703 0.9545454 0.3796296 0.0454545 0.3796296 0 0.3703703 0 0.3796296 0.09090906 0.3796296 0.0454545 0.3703703 0.0454545 0.3796296 0.1363636 0.3796296 0.09090906 0.3703703 0.09090906 0.3796296 0.1818181 0.3796296 0.1363636 0.3703703 0.1363636 0.3796296 0.2272727 0.3796296 0.1818181 0.3703703 0.1818181 0.3796296 0.2727273 0.3796296 0.2272727 0.3703703 0.2272727 0.3703703 0.3181818 0.3796296 0.3181818 0.3796296 0.2727273 0.3703703 0.3636364 0.3796296 0.3636364 0.3796296 0.3181818 0.3703703 0.4090909 0.3796296 0.4090909 0.3796296 0.3636364 0.3703703 0.4545454 0.3796296 0.4545454 0.3796296 0.4090909 0.3703703 0.5 0.3796296 0.5 0.3796296 0.4545454 0.3703703 0.5454546 0.3796296 0.5454546 0.3796296 0.5 0.3703703 0.5909091 0.3796296 0.5909091 0.3796296 0.5454546 0.3703703 0.6363636 0.3796296 0.6363636 0.3796296 0.5909091 0.3703703 0.6818182 0.3796296 0.6818182 0.3796296 0.6363636 0.3703703 0.7272728 0.3796296 0.7272728 0.3796296 0.6818182 0.3796296 0.7727273 0.3796296 0.7272728 0.3703703 0.7272728 0.3796296 0.8181818 0.3796296 0.7727273 0.3703703 0.7727273 0.3796296 0.8636364 0.3796296 0.8181818 0.3703703 0.8181818 0.3796296 0.9090909 0.3796296 0.8636364 0.3703703 0.8636364 0.3796296 0.9545454 0.3796296 0.9090909 0.3703703 0.9090909 0.3888889 1 0.3888889 0.9545454 0.3796296 0.9545454 0.3888889 0.0454545 0.3888889 0 0.3796296 0 0.3888889 0.09090906 0.3888889 0.0454545 0.3796296 0.0454545 0.3888889 0.1363636 0.3888889 0.09090906 0.3796296 0.09090906 0.3888889 0.1818181 0.3888889 0.1363636 0.3796296 0.1363636 0.3888889 0.2272727 0.3888889 0.1818181 0.3796296 0.1818181 0.3888889 0.2727273 0.3888889 0.2272727 0.3796296 0.2272727 0.3796296 0.3181818 0.3888889 0.3181818 0.3888889 0.2727273 0.3796296 0.3636364 0.3888889 0.3636364 0.3888889 0.3181818 0.3796296 0.4090909 0.3888889 0.4090909 0.3888889 0.3636364 0.3796296 0.4545454 0.3888889 0.4545454 0.3888889 0.4090909 0.3796296 0.5 0.3888889 0.5 0.3888889 0.4545454 0.3796296 0.5454546 0.3888889 0.5454546 0.3888889 0.5 0.3796296 0.5909091 0.3888889 0.5909091 0.3888889 0.5454546 0.3796296 0.6363636 0.3888889 0.6363636 0.3888889 0.5909091 0.3796296 0.6818182 0.3888889 0.6818182 0.3888889 0.6363636 0.3796296 0.7272728 0.3888889 0.7272728 0.3888889 0.6818182 0.3888889 0.7727273 0.3888889 0.7272728 0.3796296 0.7272728 0.3888889 0.8181818 0.3888889 0.7727273 0.3796296 0.7727273 0.3888889 0.8636364 0.3888889 0.8181818 0.3796296 0.8181818 0.3888889 0.9090909 0.3888889 0.8636364 0.3796296 0.8636364 0.3888889 0.9545454 0.3888889 0.9090909 0.3796296 0.9090909 0.3981481 1 0.3981481 0.9545454 0.3888889 0.9545454 0.3981481 0.0454545 0.3981481 0 0.3888889 0 0.3981481 0.09090906 0.3981481 0.0454545 0.3888889 0.0454545 0.3981481 0.1363636 0.3981481 0.09090906 0.3888889 0.09090906 0.3981481 0.1818181 0.3981481 0.1363636 0.3888889 0.1363636 0.3981481 0.2272727 0.3981481 0.1818181 0.3888889 0.1818181 0.3981481 0.2727273 0.3981481 0.2272727 0.3888889 0.2272727 0.3888889 0.3181818 0.3981481 0.3181818 0.3981481 0.2727273 0.3888889 0.3636364 0.3981481 0.3636364 0.3981481 0.3181818 0.3888889 0.4090909 0.3981481 0.4090909 0.3981481 0.3636364 0.3888889 0.4545454 0.3981481 0.4545454 0.3981481 0.4090909 0.3888889 0.5 0.3981481 0.5 0.3981481 0.4545454 0.3888889 0.5454546 0.3981481 0.5454546 0.3981481 0.5 0.3888889 0.5909091 0.3981481 0.5909091 0.3981481 0.5454546 0.3888889 0.6363636 0.3981481 0.6363636 0.3981481 0.5909091 0.3888889 0.6818182 0.3981481 0.6818182 0.3981481 0.6363636 0.3888889 0.7272728 0.3981481 0.7272728 0.3981481 0.6818182 0.3981481 0.7727273 0.3981481 0.7272728 0.3888889 0.7272728 0.3981481 0.8181818 0.3981481 0.7727273 0.3888889 0.7727273 0.3981481 0.8636364 0.3981481 0.8181818 0.3888889 0.8181818 0.3981481 0.9090909 0.3981481 0.8636364 0.3888889 0.8636364 0.3981481 0.9545454 0.3981481 0.9090909 0.3888889 0.9090909 0.4074074 1 0.4074074 0.9545454 0.3981481 0.9545454 0.4074074 0.0454545 0.4074074 0 0.3981481 0 0.4074074 0.09090906 0.4074074 0.0454545 0.3981481 0.0454545 0.4074074 0.1363636 0.4074074 0.09090906 0.3981481 0.09090906 0.4074074 0.1818181 0.4074074 0.1363636 0.3981481 0.1363636 0.4074074 0.2272727 0.4074074 0.1818181 0.3981481 0.1818181 0.4074074 0.2727273 0.4074074 0.2272727 0.3981481 0.2272727 0.3981481 0.3181818 0.4074074 0.3181818 0.4074074 0.2727273 0.3981481 0.3636364 0.4074074 0.3636364 0.4074074 0.3181818 0.3981481 0.4090909 0.4074074 0.4090909 0.4074074 0.3636364 0.3981481 0.4545454 0.4074074 0.4545454 0.4074074 0.4090909 0.3981481 0.5 0.4074074 0.5 0.4074074 0.4545454 0.3981481 0.5454546 0.4074074 0.5454546 0.4074074 0.5 0.3981481 0.5909091 0.4074074 0.5909091 0.4074074 0.5454546 0.3981481 0.6363636 0.4074074 0.6363636 0.4074074 0.5909091 0.3981481 0.6818182 0.4074074 0.6818182 0.4074074 0.6363636 0.3981481 0.7272728 0.4074074 0.7272728 0.4074074 0.6818182 0.4074074 0.7727273 0.4074074 0.7272728 0.3981481 0.7272728 0.4074074 0.8181818 0.4074074 0.7727273 0.3981481 0.7727273 0.4074074 0.8636364 0.4074074 0.8181818 0.3981481 0.8181818 0.4074074 0.9090909 0.4074074 0.8636364 0.3981481 0.8636364 0.4074074 0.9545454 0.4074074 0.9090909 0.3981481 0.9090909 0.4166666 1 0.4166666 0.9545454 0.4074074 0.9545454 0.4166666 0.0454545 0.4166666 0 0.4074074 0 0.4166666 0.09090906 0.4166666 0.0454545 0.4074074 0.0454545 0.4166666 0.1363636 0.4166666 0.09090906 0.4074074 0.09090906 0.4166666 0.1818181 0.4166666 0.1363636 0.4074074 0.1363636 0.4166666 0.2272727 0.4166666 0.1818181 0.4074074 0.1818181 0.4166666 0.2727273 0.4166666 0.2272727 0.4074074 0.2272727 0.4074074 0.3181818 0.4166666 0.3181818 0.4166666 0.2727273 0.4074074 0.3636364 0.4166666 0.3636364 0.4166666 0.3181818 0.4074074 0.4090909 0.4166666 0.4090909 0.4166666 0.3636364 0.4074074 0.4545454 0.4166666 0.4545454 0.4166666 0.4090909 0.4074074 0.5 0.4166666 0.5 0.4166666 0.4545454 0.4074074 0.5454546 0.4166666 0.5454546 0.4166666 0.5 0.4074074 0.5909091 0.4166666 0.5909091 0.4166666 0.5454546 0.4074074 0.6363636 0.4166666 0.6363636 0.4166666 0.5909091 0.4074074 0.6818182 0.4166666 0.6818182 0.4166666 0.6363636 0.4074074 0.7272728 0.4166666 0.7272728 0.4166666 0.6818182 0.4166666 0.7727273 0.4166666 0.7272728 0.4074074 0.7272728 0.4166666 0.8181818 0.4166666 0.7727273 0.4074074 0.7727273 0.4166666 0.8636364 0.4166666 0.8181818 0.4074074 0.8181818 0.4166666 0.9090909 0.4166666 0.8636364 0.4074074 0.8636364 0.4166666 0.9545454 0.4166666 0.9090909 0.4074074 0.9090909 0.4259259 1 0.4259259 0.9545454 0.4166666 0.9545454 0.4259259 0.0454545 0.4259259 0 0.4166666 0 0.4259259 0.09090906 0.4259259 0.0454545 0.4166666 0.0454545 0.4259259 0.1363636 0.4259259 0.09090906 0.4166666 0.09090906 0.4259259 0.1818181 0.4259259 0.1363636 0.4166666 0.1363636 0.4259259 0.2272727 0.4259259 0.1818181 0.4166666 0.1818181 0.4259259 0.2727273 0.4259259 0.2272727 0.4166666 0.2272727 0.4166666 0.3181818 0.4259259 0.3181818 0.4259259 0.2727273 0.4166666 0.3636364 0.4259259 0.3636364 0.4259259 0.3181818 0.4166666 0.4090909 0.4259259 0.4090909 0.4259259 0.3636364 0.4166666 0.4545454 0.4259259 0.4545454 0.4259259 0.4090909 0.4166666 0.5 0.4259259 0.5 0.4259259 0.4545454 0.4166666 0.5454546 0.4259259 0.5454546 0.4259259 0.5 0.4166666 0.5909091 0.4259259 0.5909091 0.4259259 0.5454546 0.4166666 0.6363636 0.4259259 0.6363636 0.4259259 0.5909091 0.4166666 0.6818182 0.4259259 0.6818182 0.4259259 0.6363636 0.4166666 0.7272728 0.4259259 0.7272728 0.4259259 0.6818182 0.4259259 0.7727273 0.4259259 0.7272728 0.4166666 0.7272728 0.4259259 0.8181818 0.4259259 0.7727273 0.4166666 0.7727273 0.4259259 0.8636364 0.4259259 0.8181818 0.4166666 0.8181818 0.4259259 0.9090909 0.4259259 0.8636364 0.4166666 0.8636364 0.4259259 0.9545454 0.4259259 0.9090909 0.4166666 0.9090909 0.4351852 1 0.4351852 0.9545454 0.4259259 0.9545454 0.4351852 0.0454545 0.4351852 0 0.4259259 0 0.4351852 0.09090906 0.4351852 0.0454545 0.4259259 0.0454545 0.4351852 0.1363636 0.4351852 0.09090906 0.4259259 0.09090906 0.4351852 0.1818181 0.4351852 0.1363636 0.4259259 0.1363636 0.4351852 0.2272727 0.4351852 0.1818181 0.4259259 0.1818181 0.4351852 0.2727273 0.4351852 0.2272727 0.4259259 0.2272727 0.4259259 0.3181818 0.4351852 0.3181818 0.4351852 0.2727273 0.4259259 0.3636364 0.4351852 0.3636364 0.4351852 0.3181818 0.4259259 0.4090909 0.4351852 0.4090909 0.4351852 0.3636364 0.4259259 0.4545454 0.4351852 0.4545454 0.4351852 0.4090909 0.4259259 0.5 0.4351852 0.5 0.4351852 0.4545454 0.4259259 0.5454546 0.4351852 0.5454546 0.4351852 0.5 0.4259259 0.5909091 0.4351852 0.5909091 0.4351852 0.5454546 0.4259259 0.6363636 0.4351852 0.6363636 0.4351852 0.5909091 0.4259259 0.6818182 0.4351852 0.6818182 0.4351852 0.6363636 0.4259259 0.7272728 0.4351852 0.7272728 0.4351852 0.6818182 0.4351852 0.7727273 0.4351852 0.7272728 0.4259259 0.7272728 0.4351852 0.8181818 0.4351852 0.7727273 0.4259259 0.7727273 0.4351852 0.8636364 0.4351852 0.8181818 0.4259259 0.8181818 0.4351852 0.9090909 0.4351852 0.8636364 0.4259259 0.8636364 0.4351852 0.9545454 0.4351852 0.9090909 0.4259259 0.9090909 0.4351852 1 0.4444444 1 0.4444444 0.9545454 0.4351852 0.0454545 0.4444444 0.0454545 0.4444444 0 0.4351852 0.09090906 0.4444444 0.09090906 0.4444444 0.0454545 0.4351852 0.1363636 0.4444444 0.1363636 0.4444444 0.09090906 0.4351852 0.1818181 0.4444444 0.1818181 0.4444444 0.1363636 0.4351852 0.2272727 0.4444444 0.2272727 0.4444444 0.1818181 0.4444444 0.2727273 0.4444444 0.2272727 0.4351852 0.2272727 0.4444444 0.3181818 0.4444444 0.2727273 0.4351852 0.2727273 0.4444444 0.3636364 0.4444444 0.3181818 0.4351852 0.3181818 0.4444444 0.4090909 0.4444444 0.3636364 0.4351852 0.3636364 0.4444444 0.4545454 0.4444444 0.4090909 0.4351852 0.4090909 0.4444444 0.5 0.4444444 0.4545454 0.4351852 0.4545454 0.4444444 0.5454546 0.4444444 0.5 0.4351852 0.5 0.4444444 0.5909091 0.4444444 0.5454546 0.4351852 0.5454546 0.4444444 0.6363636 0.4444444 0.5909091 0.4351852 0.5909091 0.4444444 0.6818182 0.4444444 0.6363636 0.4351852 0.6363636 0.4444444 0.7272728 0.4444444 0.6818182 0.4351852 0.6818182 0.4444444 0.7727273 0.4444444 0.7272728 0.4351852 0.7272728 0.4351852 0.8181818 0.4444444 0.8181818 0.4444444 0.7727273 0.4351852 0.8636364 0.4444444 0.8636364 0.4444444 0.8181818 0.4351852 0.9090909 0.4444444 0.9090909 0.4444444 0.8636364 0.4351852 0.9545454 0.4444444 0.9545454 0.4444444 0.9090909 0.4444444 1 0.4537037 1 0.4537037 0.9545454 0.4444444 0.0454545 0.4537037 0.0454545 0.4537037 0 0.4444444 0.09090906 0.4537037 0.09090906 0.4537037 0.0454545 0.4444444 0.1363636 0.4537037 0.1363636 0.4537037 0.09090906 0.4444444 0.1818181 0.4537037 0.1818181 0.4537037 0.1363636 0.4444444 0.2272727 0.4537037 0.2272727 0.4537037 0.1818181 0.4537037 0.2727273 0.4537037 0.2272727 0.4444444 0.2272727 0.4537037 0.3181818 0.4537037 0.2727273 0.4444444 0.2727273 0.4537037 0.3636364 0.4537037 0.3181818 0.4444444 0.3181818 0.4537037 0.4090909 0.4537037 0.3636364 0.4444444 0.3636364 0.4537037 0.4545454 0.4537037 0.4090909 0.4444444 0.4090909 0.4537037 0.5 0.4537037 0.4545454 0.4444444 0.4545454 0.4537037 0.5454546 0.4537037 0.5 0.4444444 0.5 0.4537037 0.5909091 0.4537037 0.5454546 0.4444444 0.5454546 0.4537037 0.6363636 0.4537037 0.5909091 0.4444444 0.5909091 0.4537037 0.6818182 0.4537037 0.6363636 0.4444444 0.6363636 0.4537037 0.7272728 0.4537037 0.6818182 0.4444444 0.6818182 0.4537037 0.7727273 0.4537037 0.7272728 0.4444444 0.7272728 0.4444444 0.8181818 0.4537037 0.8181818 0.4537037 0.7727273 0.4444444 0.8636364 0.4537037 0.8636364 0.4537037 0.8181818 0.4444444 0.9090909 0.4537037 0.9090909 0.4537037 0.8636364 0.4444444 0.9545454 0.4537037 0.9545454 0.4537037 0.9090909 0.4537037 1 0.4629629 1 0.4629629 0.9545454 0.4537037 0.0454545 0.4629629 0.0454545 0.4629629 0 0.4537037 0.09090906 0.4629629 0.09090906 0.4629629 0.0454545 0.4537037 0.1363636 0.4629629 0.1363636 0.4629629 0.09090906 0.4537037 0.1818181 0.4629629 0.1818181 0.4629629 0.1363636 0.4537037 0.2272727 0.4629629 0.2272727 0.4629629 0.1818181 0.4629629 0.2727273 0.4629629 0.2272727 0.4537037 0.2272727 0.4629629 0.3181818 0.4629629 0.2727273 0.4537037 0.2727273 0.4629629 0.3636364 0.4629629 0.3181818 0.4537037 0.3181818 0.4629629 0.4090909 0.4629629 0.3636364 0.4537037 0.3636364 0.4629629 0.4545454 0.4629629 0.4090909 0.4537037 0.4090909 0.4629629 0.5 0.4629629 0.4545454 0.4537037 0.4545454 0.4629629 0.5454546 0.4629629 0.5 0.4537037 0.5 0.4629629 0.5909091 0.4629629 0.5454546 0.4537037 0.5454546 0.4629629 0.6363636 0.4629629 0.5909091 0.4537037 0.5909091 0.4629629 0.6818182 0.4629629 0.6363636 0.4537037 0.6363636 0.4629629 0.7272728 0.4629629 0.6818182 0.4537037 0.6818182 0.4629629 0.7727273 0.4629629 0.7272728 0.4537037 0.7272728 0.4537037 0.8181818 0.4629629 0.8181818 0.4629629 0.7727273 0.4537037 0.8636364 0.4629629 0.8636364 0.4629629 0.8181818 0.4537037 0.9090909 0.4629629 0.9090909 0.4629629 0.8636364 0.4537037 0.9545454 0.4629629 0.9545454 0.4629629 0.9090909 0.4629629 1 0.4722222 1 0.4722222 0.9545454 0.4629629 0.0454545 0.4722222 0.0454545 0.4722222 0 0.4629629 0.09090906 0.4722222 0.09090906 0.4722222 0.0454545 0.4629629 0.1363636 0.4722222 0.1363636 0.4722222 0.09090906 0.4629629 0.1818181 0.4722222 0.1818181 0.4722222 0.1363636 0.4629629 0.2272727 0.4722222 0.2272727 0.4722222 0.1818181 0.4722222 0.2727273 0.4722222 0.2272727 0.4629629 0.2272727 0.4722222 0.3181818 0.4722222 0.2727273 0.4629629 0.2727273 0.4722222 0.3636364 0.4722222 0.3181818 0.4629629 0.3181818 0.4722222 0.4090909 0.4722222 0.3636364 0.4629629 0.3636364 0.4722222 0.4545454 0.4722222 0.4090909 0.4629629 0.4090909 0.4722222 0.5 0.4722222 0.4545454 0.4629629 0.4545454 0.4722222 0.5454546 0.4722222 0.5 0.4629629 0.5 0.4722222 0.5909091 0.4722222 0.5454546 0.4629629 0.5454546 0.4722222 0.6363636 0.4722222 0.5909091 0.4629629 0.5909091 0.4722222 0.6818182 0.4722222 0.6363636 0.4629629 0.6363636 0.4722222 0.7272728 0.4722222 0.6818182 0.4629629 0.6818182 0.4722222 0.7727273 0.4722222 0.7272728 0.4629629 0.7272728 0.4629629 0.8181818 0.4722222 0.8181818 0.4722222 0.7727273 0.4629629 0.8636364 0.4722222 0.8636364 0.4722222 0.8181818 0.4629629 0.9090909 0.4722222 0.9090909 0.4722222 0.8636364 0.4629629 0.9545454 0.4722222 0.9545454 0.4722222 0.9090909 0.4814815 1 0.4814815 0.9545454 0.4722222 0.9545454 0.4814815 0.0454545 0.4814815 0 0.4722222 0 0.4814815 0.09090906 0.4814815 0.0454545 0.4722222 0.0454545 0.4814815 0.1363636 0.4814815 0.09090906 0.4722222 0.09090906 0.4814815 0.1818181 0.4814815 0.1363636 0.4722222 0.1363636 0.4814815 0.2272727 0.4814815 0.1818181 0.4722222 0.1818181 0.4814815 0.2727273 0.4814815 0.2272727 0.4722222 0.2272727 0.4722222 0.3181818 0.4814815 0.3181818 0.4814815 0.2727273 0.4722222 0.3636364 0.4814815 0.3636364 0.4814815 0.3181818 0.4722222 0.4090909 0.4814815 0.4090909 0.4814815 0.3636364 0.4722222 0.4545454 0.4814815 0.4545454 0.4814815 0.4090909 0.4722222 0.5 0.4814815 0.5 0.4814815 0.4545454 0.4722222 0.5454546 0.4814815 0.5454546 0.4814815 0.5 0.4722222 0.5909091 0.4814815 0.5909091 0.4814815 0.5454546 0.4722222 0.6363636 0.4814815 0.6363636 0.4814815 0.5909091 0.4722222 0.6818182 0.4814815 0.6818182 0.4814815 0.6363636 0.4722222 0.7272728 0.4814815 0.7272728 0.4814815 0.6818182 0.4814815 0.7727273 0.4814815 0.7272728 0.4722222 0.7272728 0.4814815 0.8181818 0.4814815 0.7727273 0.4722222 0.7727273 0.4814815 0.8636364 0.4814815 0.8181818 0.4722222 0.8181818 0.4814815 0.9090909 0.4814815 0.8636364 0.4722222 0.8636364 0.4814815 0.9545454 0.4814815 0.9090909 0.4722222 0.9090909 0.4907407 1 0.4907407 0.9545454 0.4814815 0.9545454 0.4907407 0.0454545 0.4907407 0 0.4814815 0 0.4907407 0.09090906 0.4907407 0.0454545 0.4814815 0.0454545 0.4907407 0.1363636 0.4907407 0.09090906 0.4814815 0.09090906 0.4907407 0.1818181 0.4907407 0.1363636 0.4814815 0.1363636 0.4907407 0.2272727 0.4907407 0.1818181 0.4814815 0.1818181 0.4907407 0.2727273 0.4907407 0.2272727 0.4814815 0.2272727 0.4814815 0.3181818 0.4907407 0.3181818 0.4907407 0.2727273 0.4814815 0.3636364 0.4907407 0.3636364 0.4907407 0.3181818 0.4814815 0.4090909 0.4907407 0.4090909 0.4907407 0.3636364 0.4814815 0.4545454 0.4907407 0.4545454 0.4907407 0.4090909 0.4814815 0.5 0.4907407 0.5 0.4907407 0.4545454 0.4814815 0.5454546 0.4907407 0.5454546 0.4907407 0.5 0.4814815 0.5909091 0.4907407 0.5909091 0.4907407 0.5454546 0.4814815 0.6363636 0.4907407 0.6363636 0.4907407 0.5909091 0.4814815 0.6818182 0.4907407 0.6818182 0.4907407 0.6363636 0.4814815 0.7272728 0.4907407 0.7272728 0.4907407 0.6818182 0.4907407 0.7727273 0.4907407 0.7272728 0.4814815 0.7272728 0.4907407 0.8181818 0.4907407 0.7727273 0.4814815 0.7727273 0.4907407 0.8636364 0.4907407 0.8181818 0.4814815 0.8181818 0.4907407 0.9090909 0.4907407 0.8636364 0.4814815 0.8636364 0.4907407 0.9545454 0.4907407 0.9090909 0.4814815 0.9090909 0.5 1 0.5 0.9545454 0.4907407 0.9545454 0.5 0.0454545 0.5 0 0.4907407 0 0.5 0.09090906 0.5 0.0454545 0.4907407 0.0454545 0.5 0.1363636 0.5 0.09090906 0.4907407 0.09090906 0.5 0.1818181 0.5 0.1363636 0.4907407 0.1363636 0.5 0.2272727 0.5 0.1818181 0.4907407 0.1818181 0.5 0.2727273 0.5 0.2272727 0.4907407 0.2272727 0.4907407 0.3181818 0.5 0.3181818 0.5 0.2727273 0.4907407 0.3636364 0.5 0.3636364 0.5 0.3181818 0.4907407 0.4090909 0.5 0.4090909 0.5 0.3636364 0.4907407 0.4545454 0.5 0.4545454 0.5 0.4090909 0.4907407 0.5 0.5 0.5 0.5 0.4545454 0.4907407 0.5454546 0.5 0.5454546 0.5 0.5 0.4907407 0.5909091 0.5 0.5909091 0.5 0.5454546 0.4907407 0.6363636 0.5 0.6363636 0.5 0.5909091 0.4907407 0.6818182 0.5 0.6818182 0.5 0.6363636 0.4907407 0.7272728 0.5 0.7272728 0.5 0.6818182 0.5 0.7727273 0.5 0.7272728 0.4907407 0.7272728 0.5 0.8181818 0.5 0.7727273 0.4907407 0.7727273 0.5 0.8636364 0.5 0.8181818 0.4907407 0.8181818 0.5 0.9090909 0.5 0.8636364 0.4907407 0.8636364 0.5 0.9545454 0.5 0.9090909 0.4907407 0.9090909 0.5092593 1 0.5092593 0.9545454 0.5 0.9545454 0.5092593 0.0454545 0.5092593 0 0.5 0 0.5092593 0.09090906 0.5092593 0.0454545 0.5 0.0454545 0.5092593 0.1363636 0.5092593 0.09090906 0.5 0.09090906 0.5092593 0.1818181 0.5092593 0.1363636 0.5 0.1363636 0.5092593 0.2272727 0.5092593 0.1818181 0.5 0.1818181 0.5092593 0.2727273 0.5092593 0.2272727 0.5 0.2272727 0.5 0.3181818 0.5092593 0.3181818 0.5092593 0.2727273 0.5 0.3636364 0.5092593 0.3636364 0.5092593 0.3181818 0.5 0.4090909 0.5092593 0.4090909 0.5092593 0.3636364 0.5 0.4545454 0.5092593 0.4545454 0.5092593 0.4090909 0.5 0.5 0.5092593 0.5 0.5092593 0.4545454 0.5 0.5454546 0.5092593 0.5454546 0.5092593 0.5 0.5 0.5909091 0.5092593 0.5909091 0.5092593 0.5454546 0.5 0.6363636 0.5092593 0.6363636 0.5092593 0.5909091 0.5 0.6818182 0.5092593 0.6818182 0.5092593 0.6363636 0.5 0.7272728 0.5092593 0.7272728 0.5092593 0.6818182 0.5092593 0.7727273 0.5092593 0.7272728 0.5 0.7272728 0.5092593 0.8181818 0.5092593 0.7727273 0.5 0.7727273 0.5092593 0.8636364 0.5092593 0.8181818 0.5 0.8181818 0.5092593 0.9090909 0.5092593 0.8636364 0.5 0.8636364 0.5092593 0.9545454 0.5092593 0.9090909 0.5 0.9090909 0.5185185 1 0.5185185 0.9545454 0.5092593 0.9545454 0.5185185 0.0454545 0.5185185 0 0.5092593 0 0.5185185 0.09090906 0.5185185 0.0454545 0.5092593 0.0454545 0.5185185 0.1363636 0.5185185 0.09090906 0.5092593 0.09090906 0.5185185 0.1818181 0.5185185 0.1363636 0.5092593 0.1363636 0.5185185 0.2272727 0.5185185 0.1818181 0.5092593 0.1818181 0.5185185 0.2727273 0.5185185 0.2272727 0.5092593 0.2272727 0.5092593 0.3181818 0.5185185 0.3181818 0.5185185 0.2727273 0.5092593 0.3636364 0.5185185 0.3636364 0.5185185 0.3181818 0.5092593 0.4090909 0.5185185 0.4090909 0.5185185 0.3636364 0.5092593 0.4545454 0.5185185 0.4545454 0.5185185 0.4090909 0.5092593 0.5 0.5185185 0.5 0.5185185 0.4545454 0.5092593 0.5454546 0.5185185 0.5454546 0.5185185 0.5 0.5092593 0.5909091 0.5185185 0.5909091 0.5185185 0.5454546 0.5092593 0.6363636 0.5185185 0.6363636 0.5185185 0.5909091 0.5092593 0.6818182 0.5185185 0.6818182 0.5185185 0.6363636 0.5092593 0.7272728 0.5185185 0.7272728 0.5185185 0.6818182 0.5185185 0.7727273 0.5185185 0.7272728 0.5092593 0.7272728 0.5185185 0.8181818 0.5185185 0.7727273 0.5092593 0.7727273 0.5185185 0.8636364 0.5185185 0.8181818 0.5092593 0.8181818 0.5185185 0.9090909 0.5185185 0.8636364 0.5092593 0.8636364 0.5185185 0.9545454 0.5185185 0.9090909 0.5092593 0.9090909 0.5277778 1 0.5277778 0.9545454 0.5185185 0.9545454 0.5277778 0.0454545 0.5277778 0 0.5185185 0 0.5277778 0.09090906 0.5277778 0.0454545 0.5185185 0.0454545 0.5277778 0.1363636 0.5277778 0.09090906 0.5185185 0.09090906 0.5277778 0.1818181 0.5277778 0.1363636 0.5185185 0.1363636 0.5277778 0.2272727 0.5277778 0.1818181 0.5185185 0.1818181 0.5277778 0.2727273 0.5277778 0.2272727 0.5185185 0.2272727 0.5185185 0.3181818 0.5277778 0.3181818 0.5277778 0.2727273 0.5185185 0.3636364 0.5277778 0.3636364 0.5277778 0.3181818 0.5185185 0.4090909 0.5277778 0.4090909 0.5277778 0.3636364 0.5185185 0.4545454 0.5277778 0.4545454 0.5277778 0.4090909 0.5185185 0.5 0.5277778 0.5 0.5277778 0.4545454 0.5185185 0.5454546 0.5277778 0.5454546 0.5277778 0.5 0.5185185 0.5909091 0.5277778 0.5909091 0.5277778 0.5454546 0.5185185 0.6363636 0.5277778 0.6363636 0.5277778 0.5909091 0.5185185 0.6818182 0.5277778 0.6818182 0.5277778 0.6363636 0.5185185 0.7272728 0.5277778 0.7272728 0.5277778 0.6818182 0.5277778 0.7727273 0.5277778 0.7272728 0.5185185 0.7272728 0.5277778 0.8181818 0.5277778 0.7727273 0.5185185 0.7727273 0.5277778 0.8636364 0.5277778 0.8181818 0.5185185 0.8181818 0.5277778 0.9090909 0.5277778 0.8636364 0.5185185 0.8636364 0.5277778 0.9545454 0.5277778 0.9090909 0.5185185 0.9090909 0.5277778 1 0.537037 1 0.537037 0.9545454 0.5277778 0.0454545 0.537037 0.0454545 0.537037 0 0.5277778 0.09090906 0.537037 0.09090906 0.537037 0.0454545 0.5277778 0.1363636 0.537037 0.1363636 0.537037 0.09090906 0.5277778 0.1818181 0.537037 0.1818181 0.537037 0.1363636 0.5277778 0.2272727 0.537037 0.2272727 0.537037 0.1818181 0.537037 0.2727273 0.537037 0.2272727 0.5277778 0.2272727 0.537037 0.3181818 0.537037 0.2727273 0.5277778 0.2727273 0.537037 0.3636364 0.537037 0.3181818 0.5277778 0.3181818 0.537037 0.4090909 0.537037 0.3636364 0.5277778 0.3636364 0.537037 0.4545454 0.537037 0.4090909 0.5277778 0.4090909 0.537037 0.5 0.537037 0.4545454 0.5277778 0.4545454 0.537037 0.5454546 0.537037 0.5 0.5277778 0.5 0.537037 0.5909091 0.537037 0.5454546 0.5277778 0.5454546 0.537037 0.6363636 0.537037 0.5909091 0.5277778 0.5909091 0.537037 0.6818182 0.537037 0.6363636 0.5277778 0.6363636 0.537037 0.7272728 0.537037 0.6818182 0.5277778 0.6818182 0.537037 0.7727273 0.537037 0.7272728 0.5277778 0.7272728 0.5277778 0.8181818 0.537037 0.8181818 0.537037 0.7727273 0.5277778 0.8636364 0.537037 0.8636364 0.537037 0.8181818 0.5277778 0.9090909 0.537037 0.9090909 0.537037 0.8636364 0.5277778 0.9545454 0.537037 0.9545454 0.537037 0.9090909 0.537037 1 0.5462963 1 0.5462963 0.9545454 0.537037 0.0454545 0.5462963 0.0454545 0.5462963 0 0.537037 0.09090906 0.5462963 0.09090906 0.5462963 0.0454545 0.537037 0.1363636 0.5462963 0.1363636 0.5462963 0.09090906 0.537037 0.1818181 0.5462963 0.1818181 0.5462963 0.1363636 0.537037 0.2272727 0.5462963 0.2272727 0.5462963 0.1818181 0.5462963 0.2727273 0.5462963 0.2272727 0.537037 0.2272727 0.5462963 0.3181818 0.5462963 0.2727273 0.537037 0.2727273 0.5462963 0.3636364 0.5462963 0.3181818 0.537037 0.3181818 0.5462963 0.4090909 0.5462963 0.3636364 0.537037 0.3636364 0.5462963 0.4545454 0.5462963 0.4090909 0.537037 0.4090909 0.5462963 0.5 0.5462963 0.4545454 0.537037 0.4545454 0.5462963 0.5454546 0.5462963 0.5 0.537037 0.5 0.5462963 0.5909091 0.5462963 0.5454546 0.537037 0.5454546 0.5462963 0.6363636 0.5462963 0.5909091 0.537037 0.5909091 0.5462963 0.6818182 0.5462963 0.6363636 0.537037 0.6363636 0.5462963 0.7272728 0.5462963 0.6818182 0.537037 0.6818182 0.5462963 0.7727273 0.5462963 0.7272728 0.537037 0.7272728 0.537037 0.8181818 0.5462963 0.8181818 0.5462963 0.7727273 0.537037 0.8636364 0.5462963 0.8636364 0.5462963 0.8181818 0.537037 0.9090909 0.5462963 0.9090909 0.5462963 0.8636364 0.537037 0.9545454 0.5462963 0.9545454 0.5462963 0.9090909 0.5462963 1 0.5555556 1 0.5555556 0.9545454 0.5462963 0.0454545 0.5555556 0.0454545 0.5555556 0 0.5462963 0.09090906 0.5555556 0.09090906 0.5555556 0.0454545 0.5462963 0.1363636 0.5555556 0.1363636 0.5555556 0.09090906 0.5462963 0.1818181 0.5555556 0.1818181 0.5555556 0.1363636 0.5462963 0.2272727 0.5555556 0.2272727 0.5555556 0.1818181 0.5555556 0.2727273 0.5555556 0.2272727 0.5462963 0.2272727 0.5555556 0.3181818 0.5555556 0.2727273 0.5462963 0.2727273 0.5555556 0.3636364 0.5555556 0.3181818 0.5462963 0.3181818 0.5555556 0.4090909 0.5555556 0.3636364 0.5462963 0.3636364 0.5555556 0.4545454 0.5555556 0.4090909 0.5462963 0.4090909 0.5555556 0.5 0.5555556 0.4545454 0.5462963 0.4545454 0.5555556 0.5454546 0.5555556 0.5 0.5462963 0.5 0.5555556 0.5909091 0.5555556 0.5454546 0.5462963 0.5454546 0.5555556 0.6363636 0.5555556 0.5909091 0.5462963 0.5909091 0.5555556 0.6818182 0.5555556 0.6363636 0.5462963 0.6363636 0.5555556 0.7272728 0.5555556 0.6818182 0.5462963 0.6818182 0.5555556 0.7727273 0.5555556 0.7272728 0.5462963 0.7272728 0.5462963 0.8181818 0.5555556 0.8181818 0.5555556 0.7727273 0.5462963 0.8636364 0.5555556 0.8636364 0.5555556 0.8181818 0.5462963 0.9090909 0.5555556 0.9090909 0.5555556 0.8636364 0.5462963 0.9545454 0.5555556 0.9545454 0.5555556 0.9090909 0.5555556 1 0.5648148 1 0.5648148 0.9545454 0.5555556 0.0454545 0.5648148 0.0454545 0.5648148 0 0.5555556 0.09090906 0.5648148 0.09090906 0.5648148 0.0454545 0.5555556 0.1363636 0.5648148 0.1363636 0.5648148 0.09090906 0.5555556 0.1818181 0.5648148 0.1818181 0.5648148 0.1363636 0.5555556 0.2272727 0.5648148 0.2272727 0.5648148 0.1818181 0.5648148 0.2727273 0.5648148 0.2272727 0.5555556 0.2272727 0.5648148 0.3181818 0.5648148 0.2727273 0.5555556 0.2727273 0.5648148 0.3636364 0.5648148 0.3181818 0.5555556 0.3181818 0.5648148 0.4090909 0.5648148 0.3636364 0.5555556 0.3636364 0.5648148 0.4545454 0.5648148 0.4090909 0.5555556 0.4090909 0.5648148 0.5 0.5648148 0.4545454 0.5555556 0.4545454 0.5648148 0.5454546 0.5648148 0.5 0.5555556 0.5 0.5648148 0.5909091 0.5648148 0.5454546 0.5555556 0.5454546 0.5648148 0.6363636 0.5648148 0.5909091 0.5555556 0.5909091 0.5648148 0.6818182 0.5648148 0.6363636 0.5555556 0.6363636 0.5648148 0.7272728 0.5648148 0.6818182 0.5555556 0.6818182 0.5648148 0.7727273 0.5648148 0.7272728 0.5555556 0.7272728 0.5555556 0.8181818 0.5648148 0.8181818 0.5648148 0.7727273 0.5555556 0.8636364 0.5648148 0.8636364 0.5648148 0.8181818 0.5555556 0.9090909 0.5648148 0.9090909 0.5648148 0.8636364 0.5555556 0.9545454 0.5648148 0.9545454 0.5648148 0.9090909 0.5648148 1 0.5740741 1 0.5740741 0.9545454 0.5648148 0.0454545 0.5740741 0.0454545 0.5740741 0 0.5648148 0.09090906 0.5740741 0.09090906 0.5740741 0.0454545 0.5648148 0.1363636 0.5740741 0.1363636 0.5740741 0.09090906 0.5648148 0.1818181 0.5740741 0.1818181 0.5740741 0.1363636 0.5648148 0.2272727 0.5740741 0.2272727 0.5740741 0.1818181 0.5740741 0.2727273 0.5740741 0.2272727 0.5648148 0.2272727 0.5740741 0.3181818 0.5740741 0.2727273 0.5648148 0.2727273 0.5740741 0.3636364 0.5740741 0.3181818 0.5648148 0.3181818 0.5740741 0.4090909 0.5740741 0.3636364 0.5648148 0.3636364 0.5740741 0.4545454 0.5740741 0.4090909 0.5648148 0.4090909 0.5740741 0.5 0.5740741 0.4545454 0.5648148 0.4545454 0.5740741 0.5454546 0.5740741 0.5 0.5648148 0.5 0.5740741 0.5909091 0.5740741 0.5454546 0.5648148 0.5454546 0.5740741 0.6363636 0.5740741 0.5909091 0.5648148 0.5909091 0.5740741 0.6818182 0.5740741 0.6363636 0.5648148 0.6363636 0.5740741 0.7272728 0.5740741 0.6818182 0.5648148 0.6818182 0.5740741 0.7727273 0.5740741 0.7272728 0.5648148 0.7272728 0.5648148 0.8181818 0.5740741 0.8181818 0.5740741 0.7727273 0.5648148 0.8636364 0.5740741 0.8636364 0.5740741 0.8181818 0.5648148 0.9090909 0.5740741 0.9090909 0.5740741 0.8636364 0.5648148 0.9545454 0.5740741 0.9545454 0.5740741 0.9090909 0.5740741 1 0.5833333 1 0.5833333 0.9545454 0.5740741 0.0454545 0.5833333 0.0454545 0.5833333 0 0.5740741 0.09090906 0.5833333 0.09090906 0.5833333 0.0454545 0.5740741 0.1363636 0.5833333 0.1363636 0.5833333 0.09090906 0.5740741 0.1818181 0.5833333 0.1818181 0.5833333 0.1363636 0.5740741 0.2272727 0.5833333 0.2272727 0.5833333 0.1818181 0.5833333 0.2727273 0.5833333 0.2272727 0.5740741 0.2272727 0.5833333 0.3181818 0.5833333 0.2727273 0.5740741 0.2727273 0.5833333 0.3636364 0.5833333 0.3181818 0.5740741 0.3181818 0.5833333 0.4090909 0.5833333 0.3636364 0.5740741 0.3636364 0.5833333 0.4545454 0.5833333 0.4090909 0.5740741 0.4090909 0.5833333 0.5 0.5833333 0.4545454 0.5740741 0.4545454 0.5833333 0.5454546 0.5833333 0.5 0.5740741 0.5 0.5833333 0.5909091 0.5833333 0.5454546 0.5740741 0.5454546 0.5833333 0.6363636 0.5833333 0.5909091 0.5740741 0.5909091 0.5833333 0.6818182 0.5833333 0.6363636 0.5740741 0.6363636 0.5833333 0.7272728 0.5833333 0.6818182 0.5740741 0.6818182 0.5833333 0.7727273 0.5833333 0.7272728 0.5740741 0.7272728 0.5740741 0.8181818 0.5833333 0.8181818 0.5833333 0.7727273 0.5740741 0.8636364 0.5833333 0.8636364 0.5833333 0.8181818 0.5740741 0.9090909 0.5833333 0.9090909 0.5833333 0.8636364 0.5740741 0.9545454 0.5833333 0.9545454 0.5833333 0.9090909 0.5833333 1 0.5925926 1 0.5925926 0.9545454 0.5833333 0.0454545 0.5925926 0.0454545 0.5925926 0 0.5833333 0.09090906 0.5925926 0.09090906 0.5925926 0.0454545 0.5833333 0.1363636 0.5925926 0.1363636 0.5925926 0.09090906 0.5833333 0.1818181 0.5925926 0.1818181 0.5925926 0.1363636 0.5833333 0.2272727 0.5925926 0.2272727 0.5925926 0.1818181 0.5925926 0.2727273 0.5925926 0.2272727 0.5833333 0.2272727 0.5925926 0.3181818 0.5925926 0.2727273 0.5833333 0.2727273 0.5925926 0.3636364 0.5925926 0.3181818 0.5833333 0.3181818 0.5925926 0.4090909 0.5925926 0.3636364 0.5833333 0.3636364 0.5925926 0.4545454 0.5925926 0.4090909 0.5833333 0.4090909 0.5925926 0.5 0.5925926 0.4545454 0.5833333 0.4545454 0.5925926 0.5454546 0.5925926 0.5 0.5833333 0.5 0.5925926 0.5909091 0.5925926 0.5454546 0.5833333 0.5454546 0.5925926 0.6363636 0.5925926 0.5909091 0.5833333 0.5909091 0.5925926 0.6818182 0.5925926 0.6363636 0.5833333 0.6363636 0.5925926 0.7272728 0.5925926 0.6818182 0.5833333 0.6818182 0.5925926 0.7727273 0.5925926 0.7272728 0.5833333 0.7272728 0.5833333 0.8181818 0.5925926 0.8181818 0.5925926 0.7727273 0.5833333 0.8636364 0.5925926 0.8636364 0.5925926 0.8181818 0.5833333 0.9090909 0.5925926 0.9090909 0.5925926 0.8636364 0.5833333 0.9545454 0.5925926 0.9545454 0.5925926 0.9090909 0.5925926 1 0.6018519 1 0.6018519 0.9545454 0.5925926 0.0454545 0.6018519 0.0454545 0.6018519 0 0.5925926 0.09090906 0.6018519 0.09090906 0.6018519 0.0454545 0.5925926 0.1363636 0.6018519 0.1363636 0.6018519 0.09090906 0.5925926 0.1818181 0.6018519 0.1818181 0.6018519 0.1363636 0.5925926 0.2272727 0.6018519 0.2272727 0.6018519 0.1818181 0.6018519 0.2727273 0.6018519 0.2272727 0.5925926 0.2272727 0.6018519 0.3181818 0.6018519 0.2727273 0.5925926 0.2727273 0.6018519 0.3636364 0.6018519 0.3181818 0.5925926 0.3181818 0.6018519 0.4090909 0.6018519 0.3636364 0.5925926 0.3636364 0.6018519 0.4545454 0.6018519 0.4090909 0.5925926 0.4090909 0.6018519 0.5 0.6018519 0.4545454 0.5925926 0.4545454 0.6018519 0.5454546 0.6018519 0.5 0.5925926 0.5 0.6018519 0.5909091 0.6018519 0.5454546 0.5925926 0.5454546 0.6018519 0.6363636 0.6018519 0.5909091 0.5925926 0.5909091 0.6018519 0.6818182 0.6018519 0.6363636 0.5925926 0.6363636 0.6018519 0.7272728 0.6018519 0.6818182 0.5925926 0.6818182 0.6018519 0.7727273 0.6018519 0.7272728 0.5925926 0.7272728 0.5925926 0.8181818 0.6018519 0.8181818 0.6018519 0.7727273 0.5925926 0.8636364 0.6018519 0.8636364 0.6018519 0.8181818 0.5925926 0.9090909 0.6018519 0.9090909 0.6018519 0.8636364 0.5925926 0.9545454 0.6018519 0.9545454 0.6018519 0.9090909 0.6018519 1 0.6111111 1 0.6111111 0.9545454 0.6018519 0.0454545 0.6111111 0.0454545 0.6111111 0 0.6018519 0.09090906 0.6111111 0.09090906 0.6111111 0.0454545 0.6018519 0.1363636 0.6111111 0.1363636 0.6111111 0.09090906 0.6018519 0.1818181 0.6111111 0.1818181 0.6111111 0.1363636 0.6018519 0.2272727 0.6111111 0.2272727 0.6111111 0.1818181 0.6111111 0.2727273 0.6111111 0.2272727 0.6018519 0.2272727 0.6111111 0.3181818 0.6111111 0.2727273 0.6018519 0.2727273 0.6111111 0.3636364 0.6111111 0.3181818 0.6018519 0.3181818 0.6111111 0.4090909 0.6111111 0.3636364 0.6018519 0.3636364 0.6111111 0.4545454 0.6111111 0.4090909 0.6018519 0.4090909 0.6111111 0.5 0.6111111 0.4545454 0.6018519 0.4545454 0.6111111 0.5454546 0.6111111 0.5 0.6018519 0.5 0.6111111 0.5909091 0.6111111 0.5454546 0.6018519 0.5454546 0.6111111 0.6363636 0.6111111 0.5909091 0.6018519 0.5909091 0.6111111 0.6818182 0.6111111 0.6363636 0.6018519 0.6363636 0.6111111 0.7272728 0.6111111 0.6818182 0.6018519 0.6818182 0.6111111 0.7727273 0.6111111 0.7272728 0.6018519 0.7272728 0.6018519 0.8181818 0.6111111 0.8181818 0.6111111 0.7727273 0.6018519 0.8636364 0.6111111 0.8636364 0.6111111 0.8181818 0.6018519 0.9090909 0.6111111 0.9090909 0.6111111 0.8636364 0.6018519 0.9545454 0.6111111 0.9545454 0.6111111 0.9090909 0.6203704 1 0.6203704 0.9545454 0.6111111 0.9545454 0.6203704 0.0454545 0.6203704 0 0.6111111 0 0.6203704 0.09090906 0.6203704 0.0454545 0.6111111 0.0454545 0.6203704 0.1363636 0.6203704 0.09090906 0.6111111 0.09090906 0.6203704 0.1818181 0.6203704 0.1363636 0.6111111 0.1363636 0.6203704 0.2272727 0.6203704 0.1818181 0.6111111 0.1818181 0.6203704 0.2727273 0.6203704 0.2272727 0.6111111 0.2272727 0.6111111 0.3181818 0.6203704 0.3181818 0.6203704 0.2727273 0.6111111 0.3636364 0.6203704 0.3636364 0.6203704 0.3181818 0.6111111 0.4090909 0.6203704 0.4090909 0.6203704 0.3636364 0.6111111 0.4545454 0.6203704 0.4545454 0.6203704 0.4090909 0.6111111 0.5 0.6203704 0.5 0.6203704 0.4545454 0.6111111 0.5454546 0.6203704 0.5454546 0.6203704 0.5 0.6111111 0.5909091 0.6203704 0.5909091 0.6203704 0.5454546 0.6111111 0.6363636 0.6203704 0.6363636 0.6203704 0.5909091 0.6111111 0.6818182 0.6203704 0.6818182 0.6203704 0.6363636 0.6111111 0.7272728 0.6203704 0.7272728 0.6203704 0.6818182 0.6203704 0.7727273 0.6203704 0.7272728 0.6111111 0.7272728 0.6203704 0.8181818 0.6203704 0.7727273 0.6111111 0.7727273 0.6203704 0.8636364 0.6203704 0.8181818 0.6111111 0.8181818 0.6203704 0.9090909 0.6203704 0.8636364 0.6111111 0.8636364 0.6203704 0.9545454 0.6203704 0.9090909 0.6111111 0.9090909 0.6296296 1 0.6296296 0.9545454 0.6203704 0.9545454 0.6296296 0.0454545 0.6296296 0 0.6203704 0 0.6296296 0.09090906 0.6296296 0.0454545 0.6203704 0.0454545 0.6296296 0.1363636 0.6296296 0.09090906 0.6203704 0.09090906 0.6296296 0.1818181 0.6296296 0.1363636 0.6203704 0.1363636 0.6296296 0.2272727 0.6296296 0.1818181 0.6203704 0.1818181 0.6296296 0.2727273 0.6296296 0.2272727 0.6203704 0.2272727 0.6203704 0.3181818 0.6296296 0.3181818 0.6296296 0.2727273 0.6203704 0.3636364 0.6296296 0.3636364 0.6296296 0.3181818 0.6203704 0.4090909 0.6296296 0.4090909 0.6296296 0.3636364 0.6203704 0.4545454 0.6296296 0.4545454 0.6296296 0.4090909 0.6203704 0.5 0.6296296 0.5 0.6296296 0.4545454 0.6203704 0.5454546 0.6296296 0.5454546 0.6296296 0.5 0.6203704 0.5909091 0.6296296 0.5909091 0.6296296 0.5454546 0.6203704 0.6363636 0.6296296 0.6363636 0.6296296 0.5909091 0.6203704 0.6818182 0.6296296 0.6818182 0.6296296 0.6363636 0.6203704 0.7272728 0.6296296 0.7272728 0.6296296 0.6818182 0.6296296 0.7727273 0.6296296 0.7272728 0.6203704 0.7272728 0.6296296 0.8181818 0.6296296 0.7727273 0.6203704 0.7727273 0.6296296 0.8636364 0.6296296 0.8181818 0.6203704 0.8181818 0.6296296 0.9090909 0.6296296 0.8636364 0.6203704 0.8636364 0.6296296 0.9545454 0.6296296 0.9090909 0.6203704 0.9090909 0.6388889 1 0.6388889 0.9545454 0.6296296 0.9545454 0.6388889 0.0454545 0.6388889 0 0.6296296 0 0.6388889 0.09090906 0.6388889 0.0454545 0.6296296 0.0454545 0.6388889 0.1363636 0.6388889 0.09090906 0.6296296 0.09090906 0.6388889 0.1818181 0.6388889 0.1363636 0.6296296 0.1363636 0.6388889 0.2272727 0.6388889 0.1818181 0.6296296 0.1818181 0.6388889 0.2727273 0.6388889 0.2272727 0.6296296 0.2272727 0.6296296 0.3181818 0.6388889 0.3181818 0.6388889 0.2727273 0.6296296 0.3636364 0.6388889 0.3636364 0.6388889 0.3181818 0.6296296 0.4090909 0.6388889 0.4090909 0.6388889 0.3636364 0.6296296 0.4545454 0.6388889 0.4545454 0.6388889 0.4090909 0.6296296 0.5 0.6388889 0.5 0.6388889 0.4545454 0.6296296 0.5454546 0.6388889 0.5454546 0.6388889 0.5 0.6296296 0.5909091 0.6388889 0.5909091 0.6388889 0.5454546 0.6296296 0.6363636 0.6388889 0.6363636 0.6388889 0.5909091 0.6296296 0.6818182 0.6388889 0.6818182 0.6388889 0.6363636 0.6296296 0.7272728 0.6388889 0.7272728 0.6388889 0.6818182 0.6388889 0.7727273 0.6388889 0.7272728 0.6296296 0.7272728 0.6388889 0.8181818 0.6388889 0.7727273 0.6296296 0.7727273 0.6388889 0.8636364 0.6388889 0.8181818 0.6296296 0.8181818 0.6388889 0.9090909 0.6388889 0.8636364 0.6296296 0.8636364 0.6388889 0.9545454 0.6388889 0.9090909 0.6296296 0.9090909 0.6481481 1 0.6481481 0.9545454 0.6388889 0.9545454 0.6481481 0.0454545 0.6481481 0 0.6388889 0 0.6481481 0.09090906 0.6481481 0.0454545 0.6388889 0.0454545 0.6481481 0.1363636 0.6481481 0.09090906 0.6388889 0.09090906 0.6481481 0.1818181 0.6481481 0.1363636 0.6388889 0.1363636 0.6481481 0.2272727 0.6481481 0.1818181 0.6388889 0.1818181 0.6481481 0.2727273 0.6481481 0.2272727 0.6388889 0.2272727 0.6388889 0.3181818 0.6481481 0.3181818 0.6481481 0.2727273 0.6388889 0.3636364 0.6481481 0.3636364 0.6481481 0.3181818 0.6388889 0.4090909 0.6481481 0.4090909 0.6481481 0.3636364 0.6388889 0.4545454 0.6481481 0.4545454 0.6481481 0.4090909 0.6388889 0.5 0.6481481 0.5 0.6481481 0.4545454 0.6388889 0.5454546 0.6481481 0.5454546 0.6481481 0.5 0.6388889 0.5909091 0.6481481 0.5909091 0.6481481 0.5454546 0.6388889 0.6363636 0.6481481 0.6363636 0.6481481 0.5909091 0.6388889 0.6818182 0.6481481 0.6818182 0.6481481 0.6363636 0.6388889 0.7272728 0.6481481 0.7272728 0.6481481 0.6818182 0.6481481 0.7727273 0.6481481 0.7272728 0.6388889 0.7272728 0.6481481 0.8181818 0.6481481 0.7727273 0.6388889 0.7727273 0.6481481 0.8636364 0.6481481 0.8181818 0.6388889 0.8181818 0.6481481 0.9090909 0.6481481 0.8636364 0.6388889 0.8636364 0.6481481 0.9545454 0.6481481 0.9090909 0.6388889 0.9090909 0.6574074 1 0.6574074 0.9545454 0.6481481 0.9545454 0.6574074 0.0454545 0.6574074 0 0.6481481 0 0.6574074 0.09090906 0.6574074 0.0454545 0.6481481 0.0454545 0.6574074 0.1363636 0.6574074 0.09090906 0.6481481 0.09090906 0.6574074 0.1818181 0.6574074 0.1363636 0.6481481 0.1363636 0.6574074 0.2272727 0.6574074 0.1818181 0.6481481 0.1818181 0.6574074 0.2727273 0.6574074 0.2272727 0.6481481 0.2272727 0.6481481 0.3181818 0.6574074 0.3181818 0.6574074 0.2727273 0.6481481 0.3636364 0.6574074 0.3636364 0.6574074 0.3181818 0.6481481 0.4090909 0.6574074 0.4090909 0.6574074 0.3636364 0.6481481 0.4545454 0.6574074 0.4545454 0.6574074 0.4090909 0.6481481 0.5 0.6574074 0.5 0.6574074 0.4545454 0.6481481 0.5454546 0.6574074 0.5454546 0.6574074 0.5 0.6481481 0.5909091 0.6574074 0.5909091 0.6574074 0.5454546 0.6481481 0.6363636 0.6574074 0.6363636 0.6574074 0.5909091 0.6481481 0.6818182 0.6574074 0.6818182 0.6574074 0.6363636 0.6481481 0.7272728 0.6574074 0.7272728 0.6574074 0.6818182 0.6574074 0.7727273 0.6574074 0.7272728 0.6481481 0.7272728 0.6574074 0.8181818 0.6574074 0.7727273 0.6481481 0.7727273 0.6574074 0.8636364 0.6574074 0.8181818 0.6481481 0.8181818 0.6574074 0.9090909 0.6574074 0.8636364 0.6481481 0.8636364 0.6574074 0.9545454 0.6574074 0.9090909 0.6481481 0.9090909 0.6666667 1 0.6666667 0.9545454 0.6574074 0.9545454 0.6666667 0.0454545 0.6666667 0 0.6574074 0 0.6666667 0.09090906 0.6666667 0.0454545 0.6574074 0.0454545 0.6666667 0.1363636 0.6666667 0.09090906 0.6574074 0.09090906 0.6666667 0.1818181 0.6666667 0.1363636 0.6574074 0.1363636 0.6666667 0.2272727 0.6666667 0.1818181 0.6574074 0.1818181 0.6666667 0.2727273 0.6666667 0.2272727 0.6574074 0.2272727 0.6574074 0.3181818 0.6666667 0.3181818 0.6666667 0.2727273 0.6574074 0.3636364 0.6666667 0.3636364 0.6666667 0.3181818 0.6574074 0.4090909 0.6666667 0.4090909 0.6666667 0.3636364 0.6574074 0.4545454 0.6666667 0.4545454 0.6666667 0.4090909 0.6574074 0.5 0.6666667 0.5 0.6666667 0.4545454 0.6574074 0.5454546 0.6666667 0.5454546 0.6666667 0.5 0.6574074 0.5909091 0.6666667 0.5909091 0.6666667 0.5454546 0.6574074 0.6363636 0.6666667 0.6363636 0.6666667 0.5909091 0.6574074 0.6818182 0.6666667 0.6818182 0.6666667 0.6363636 0.6574074 0.7272728 0.6666667 0.7272728 0.6666667 0.6818182 0.6666667 0.7727273 0.6666667 0.7272728 0.6574074 0.7272728 0.6666667 0.8181818 0.6666667 0.7727273 0.6574074 0.7727273 0.6666667 0.8636364 0.6666667 0.8181818 0.6574074 0.8181818 0.6666667 0.9090909 0.6666667 0.8636364 0.6574074 0.8636364 0.6666667 0.9545454 0.6666667 0.9090909 0.6574074 0.9090909 0.6759259 1 0.6759259 0.9545454 0.6666667 0.9545454 0.6759259 0.0454545 0.6759259 0 0.6666667 0 0.6759259 0.09090906 0.6759259 0.0454545 0.6666667 0.0454545 0.6759259 0.1363636 0.6759259 0.09090906 0.6666667 0.09090906 0.6759259 0.1818181 0.6759259 0.1363636 0.6666667 0.1363636 0.6759259 0.2272727 0.6759259 0.1818181 0.6666667 0.1818181 0.6759259 0.2727273 0.6759259 0.2272727 0.6666667 0.2272727 0.6666667 0.3181818 0.6759259 0.3181818 0.6759259 0.2727273 0.6666667 0.3636364 0.6759259 0.3636364 0.6759259 0.3181818 0.6666667 0.4090909 0.6759259 0.4090909 0.6759259 0.3636364 0.6666667 0.4545454 0.6759259 0.4545454 0.6759259 0.4090909 0.6666667 0.5 0.6759259 0.5 0.6759259 0.4545454 0.6666667 0.5454546 0.6759259 0.5454546 0.6759259 0.5 0.6666667 0.5909091 0.6759259 0.5909091 0.6759259 0.5454546 0.6666667 0.6363636 0.6759259 0.6363636 0.6759259 0.5909091 0.6666667 0.6818182 0.6759259 0.6818182 0.6759259 0.6363636 0.6666667 0.7272728 0.6759259 0.7272728 0.6759259 0.6818182 0.6759259 0.7727273 0.6759259 0.7272728 0.6666667 0.7272728 0.6759259 0.8181818 0.6759259 0.7727273 0.6666667 0.7727273 0.6759259 0.8636364 0.6759259 0.8181818 0.6666667 0.8181818 0.6759259 0.9090909 0.6759259 0.8636364 0.6666667 0.8636364 0.6759259 0.9545454 0.6759259 0.9090909 0.6666667 0.9090909 0.6759259 1 0.6851852 1 0.6851852 0.9545454 0.6759259 0.0454545 0.6851852 0.0454545 0.6851852 0 0.6759259 0.09090906 0.6851852 0.09090906 0.6851852 0.0454545 0.6759259 0.1363636 0.6851852 0.1363636 0.6851852 0.09090906 0.6759259 0.1818181 0.6851852 0.1818181 0.6851852 0.1363636 0.6759259 0.2272727 0.6851852 0.2272727 0.6851852 0.1818181 0.6851852 0.2727273 0.6851852 0.2272727 0.6759259 0.2272727 0.6851852 0.3181818 0.6851852 0.2727273 0.6759259 0.2727273 0.6851852 0.3636364 0.6851852 0.3181818 0.6759259 0.3181818 0.6851852 0.4090909 0.6851852 0.3636364 0.6759259 0.3636364 0.6851852 0.4545454 0.6851852 0.4090909 0.6759259 0.4090909 0.6851852 0.5 0.6851852 0.4545454 0.6759259 0.4545454 0.6851852 0.5454546 0.6851852 0.5 0.6759259 0.5 0.6851852 0.5909091 0.6851852 0.5454546 0.6759259 0.5454546 0.6851852 0.6363636 0.6851852 0.5909091 0.6759259 0.5909091 0.6851852 0.6818182 0.6851852 0.6363636 0.6759259 0.6363636 0.6851852 0.7272728 0.6851852 0.6818182 0.6759259 0.6818182 0.6851852 0.7727273 0.6851852 0.7272728 0.6759259 0.7272728 0.6759259 0.8181818 0.6851852 0.8181818 0.6851852 0.7727273 0.6759259 0.8636364 0.6851852 0.8636364 0.6851852 0.8181818 0.6759259 0.9090909 0.6851852 0.9090909 0.6851852 0.8636364 0.6759259 0.9545454 0.6851852 0.9545454 0.6851852 0.9090909 0.6851852 1 0.6944444 1 0.6944444 0.9545454 0.6851852 0.0454545 0.6944444 0.0454545 0.6944444 0 0.6851852 0.09090906 0.6944444 0.09090906 0.6944444 0.0454545 0.6851852 0.1363636 0.6944444 0.1363636 0.6944444 0.09090906 0.6851852 0.1818181 0.6944444 0.1818181 0.6944444 0.1363636 0.6851852 0.2272727 0.6944444 0.2272727 0.6944444 0.1818181 0.6944444 0.2727273 0.6944444 0.2272727 0.6851852 0.2272727 0.6944444 0.3181818 0.6944444 0.2727273 0.6851852 0.2727273 0.6944444 0.3636364 0.6944444 0.3181818 0.6851852 0.3181818 0.6944444 0.4090909 0.6944444 0.3636364 0.6851852 0.3636364 0.6944444 0.4545454 0.6944444 0.4090909 0.6851852 0.4090909 0.6944444 0.5 0.6944444 0.4545454 0.6851852 0.4545454 0.6944444 0.5454546 0.6944444 0.5 0.6851852 0.5 0.6944444 0.5909091 0.6944444 0.5454546 0.6851852 0.5454546 0.6944444 0.6363636 0.6944444 0.5909091 0.6851852 0.5909091 0.6944444 0.6818182 0.6944444 0.6363636 0.6851852 0.6363636 0.6944444 0.7272728 0.6944444 0.6818182 0.6851852 0.6818182 0.6944444 0.7727273 0.6944444 0.7272728 0.6851852 0.7272728 0.6851852 0.8181818 0.6944444 0.8181818 0.6944444 0.7727273 0.6851852 0.8636364 0.6944444 0.8636364 0.6944444 0.8181818 0.6851852 0.9090909 0.6944444 0.9090909 0.6944444 0.8636364 0.6851852 0.9545454 0.6944444 0.9545454 0.6944444 0.9090909 0.6944444 1 0.7037037 1 0.7037037 0.9545454 0.6944444 0.0454545 0.7037037 0.0454545 0.7037037 0 0.6944444 0.09090906 0.7037037 0.09090906 0.7037037 0.0454545 0.6944444 0.1363636 0.7037037 0.1363636 0.7037037 0.09090906 0.6944444 0.1818181 0.7037037 0.1818181 0.7037037 0.1363636 0.6944444 0.2272727 0.7037037 0.2272727 0.7037037 0.1818181 0.7037037 0.2727273 0.7037037 0.2272727 0.6944444 0.2272727 0.7037037 0.3181818 0.7037037 0.2727273 0.6944444 0.2727273 0.7037037 0.3636364 0.7037037 0.3181818 0.6944444 0.3181818 0.7037037 0.4090909 0.7037037 0.3636364 0.6944444 0.3636364 0.7037037 0.4545454 0.7037037 0.4090909 0.6944444 0.4090909 0.7037037 0.5 0.7037037 0.4545454 0.6944444 0.4545454 0.7037037 0.5454546 0.7037037 0.5 0.6944444 0.5 0.7037037 0.5909091 0.7037037 0.5454546 0.6944444 0.5454546 0.7037037 0.6363636 0.7037037 0.5909091 0.6944444 0.5909091 0.7037037 0.6818182 0.7037037 0.6363636 0.6944444 0.6363636 0.7037037 0.7272728 0.7037037 0.6818182 0.6944444 0.6818182 0.7037037 0.7727273 0.7037037 0.7272728 0.6944444 0.7272728 0.6944444 0.8181818 0.7037037 0.8181818 0.7037037 0.7727273 0.6944444 0.8636364 0.7037037 0.8636364 0.7037037 0.8181818 0.6944444 0.9090909 0.7037037 0.9090909 0.7037037 0.8636364 0.6944444 0.9545454 0.7037037 0.9545454 0.7037037 0.9090909 0.7037037 1 0.712963 1 0.712963 0.9545454 0.7037037 0.0454545 0.712963 0.0454545 0.712963 0 0.7037037 0.09090906 0.712963 0.09090906 0.712963 0.0454545 0.7037037 0.1363636 0.712963 0.1363636 0.712963 0.09090906 0.7037037 0.1818181 0.712963 0.1818181 0.712963 0.1363636 0.7037037 0.2272727 0.712963 0.2272727 0.712963 0.1818181 0.712963 0.2727273 0.712963 0.2272727 0.7037037 0.2272727 0.712963 0.3181818 0.712963 0.2727273 0.7037037 0.2727273 0.712963 0.3636364 0.712963 0.3181818 0.7037037 0.3181818 0.712963 0.4090909 0.712963 0.3636364 0.7037037 0.3636364 0.712963 0.4545454 0.712963 0.4090909 0.7037037 0.4090909 0.712963 0.5 0.712963 0.4545454 0.7037037 0.4545454 0.712963 0.5454546 0.712963 0.5 0.7037037 0.5 0.712963 0.5909091 0.712963 0.5454546 0.7037037 0.5454546 0.712963 0.6363636 0.712963 0.5909091 0.7037037 0.5909091 0.712963 0.6818182 0.712963 0.6363636 0.7037037 0.6363636 0.712963 0.7272728 0.712963 0.6818182 0.7037037 0.6818182 0.712963 0.7727273 0.712963 0.7272728 0.7037037 0.7272728 0.7037037 0.8181818 0.712963 0.8181818 0.712963 0.7727273 0.7037037 0.8636364 0.712963 0.8636364 0.712963 0.8181818 0.7037037 0.9090909 0.712963 0.9090909 0.712963 0.8636364 0.7037037 0.9545454 0.712963 0.9545454 0.712963 0.9090909 0.712963 1 0.7222222 1 0.7222222 0.9545454 0.712963 0.0454545 0.7222222 0.0454545 0.7222222 0 0.712963 0.09090906 0.7222222 0.09090906 0.7222222 0.0454545 0.712963 0.1363636 0.7222222 0.1363636 0.7222222 0.09090906 0.712963 0.1818181 0.7222222 0.1818181 0.7222222 0.1363636 0.712963 0.2272727 0.7222222 0.2272727 0.7222222 0.1818181 0.7222222 0.2727273 0.7222222 0.2272727 0.712963 0.2272727 0.7222222 0.3181818 0.7222222 0.2727273 0.712963 0.2727273 0.7222222 0.3636364 0.7222222 0.3181818 0.712963 0.3181818 0.7222222 0.4090909 0.7222222 0.3636364 0.712963 0.3636364 0.7222222 0.4545454 0.7222222 0.4090909 0.712963 0.4090909 0.7222222 0.5 0.7222222 0.4545454 0.712963 0.4545454 0.7222222 0.5454546 0.7222222 0.5 0.712963 0.5 0.7222222 0.5909091 0.7222222 0.5454546 0.712963 0.5454546 0.7222222 0.6363636 0.7222222 0.5909091 0.712963 0.5909091 0.7222222 0.6818182 0.7222222 0.6363636 0.712963 0.6363636 0.7222222 0.7272728 0.7222222 0.6818182 0.712963 0.6818182 0.7222222 0.7727273 0.7222222 0.7272728 0.712963 0.7272728 0.712963 0.8181818 0.7222222 0.8181818 0.7222222 0.7727273 0.712963 0.8636364 0.7222222 0.8636364 0.7222222 0.8181818 0.712963 0.9090909 0.7222222 0.9090909 0.7222222 0.8636364 0.712963 0.9545454 0.7222222 0.9545454 0.7222222 0.9090909 0.7222222 1 0.7314815 1 0.7314815 0.9545454 0.7222222 0.0454545 0.7314815 0.0454545 0.7314815 0 0.7222222 0.09090906 0.7314815 0.09090906 0.7314815 0.0454545 0.7222222 0.1363636 0.7314815 0.1363636 0.7314815 0.09090906 0.7222222 0.1818181 0.7314815 0.1818181 0.7314815 0.1363636 0.7222222 0.2272727 0.7314815 0.2272727 0.7314815 0.1818181 0.7314815 0.2727273 0.7314815 0.2272727 0.7222222 0.2272727 0.7314815 0.3181818 0.7314815 0.2727273 0.7222222 0.2727273 0.7314815 0.3636364 0.7314815 0.3181818 0.7222222 0.3181818 0.7314815 0.4090909 0.7314815 0.3636364 0.7222222 0.3636364 0.7314815 0.4545454 0.7314815 0.4090909 0.7222222 0.4090909 0.7314815 0.5 0.7314815 0.4545454 0.7222222 0.4545454 0.7314815 0.5454546 0.7314815 0.5 0.7222222 0.5 0.7314815 0.5909091 0.7314815 0.5454546 0.7222222 0.5454546 0.7314815 0.6363636 0.7314815 0.5909091 0.7222222 0.5909091 0.7314815 0.6818182 0.7314815 0.6363636 0.7222222 0.6363636 0.7314815 0.7272728 0.7314815 0.6818182 0.7222222 0.6818182 0.7314815 0.7727273 0.7314815 0.7272728 0.7222222 0.7272728 0.7222222 0.8181818 0.7314815 0.8181818 0.7314815 0.7727273 0.7222222 0.8636364 0.7314815 0.8636364 0.7314815 0.8181818 0.7222222 0.9090909 0.7314815 0.9090909 0.7314815 0.8636364 0.7222222 0.9545454 0.7314815 0.9545454 0.7314815 0.9090909 0.7314815 1 0.7407407 1 0.7407407 0.9545454 0.7314815 0.0454545 0.7407407 0.0454545 0.7407407 0 0.7314815 0.09090906 0.7407407 0.09090906 0.7407407 0.0454545 0.7314815 0.1363636 0.7407407 0.1363636 0.7407407 0.09090906 0.7314815 0.1818181 0.7407407 0.1818181 0.7407407 0.1363636 0.7314815 0.2272727 0.7407407 0.2272727 0.7407407 0.1818181 0.7407407 0.2727273 0.7407407 0.2272727 0.7314815 0.2272727 0.7407407 0.3181818 0.7407407 0.2727273 0.7314815 0.2727273 0.7407407 0.3636364 0.7407407 0.3181818 0.7314815 0.3181818 0.7407407 0.4090909 0.7407407 0.3636364 0.7314815 0.3636364 0.7407407 0.4545454 0.7407407 0.4090909 0.7314815 0.4090909 0.7407407 0.5 0.7407407 0.4545454 0.7314815 0.4545454 0.7407407 0.5454546 0.7407407 0.5 0.7314815 0.5 0.7407407 0.5909091 0.7407407 0.5454546 0.7314815 0.5454546 0.7407407 0.6363636 0.7407407 0.5909091 0.7314815 0.5909091 0.7407407 0.6818182 0.7407407 0.6363636 0.7314815 0.6363636 0.7407407 0.7272728 0.7407407 0.6818182 0.7314815 0.6818182 0.7407407 0.7727273 0.7407407 0.7272728 0.7314815 0.7272728 0.7314815 0.8181818 0.7407407 0.8181818 0.7407407 0.7727273 0.7314815 0.8636364 0.7407407 0.8636364 0.7407407 0.8181818 0.7314815 0.9090909 0.7407407 0.9090909 0.7407407 0.8636364 0.7314815 0.9545454 0.7407407 0.9545454 0.7407407 0.9090909 0.7407407 1 0.75 1 0.75 0.9545454 0.7407407 0.0454545 0.75 0.0454545 0.75 0 0.7407407 0.09090906 0.75 0.09090906 0.75 0.0454545 0.7407407 0.1363636 0.75 0.1363636 0.75 0.09090906 0.7407407 0.1818181 0.75 0.1818181 0.75 0.1363636 0.7407407 0.2272727 0.75 0.2272727 0.75 0.1818181 0.75 0.2727273 0.75 0.2272727 0.7407407 0.2272727 0.75 0.3181818 0.75 0.2727273 0.7407407 0.2727273 0.75 0.3636364 0.75 0.3181818 0.7407407 0.3181818 0.75 0.4090909 0.75 0.3636364 0.7407407 0.3636364 0.75 0.4545454 0.75 0.4090909 0.7407407 0.4090909 0.75 0.5 0.75 0.4545454 0.7407407 0.4545454 0.75 0.5454546 0.75 0.5 0.7407407 0.5 0.75 0.5909091 0.75 0.5454546 0.7407407 0.5454546 0.75 0.6363636 0.75 0.5909091 0.7407407 0.5909091 0.75 0.6818182 0.75 0.6363636 0.7407407 0.6363636 0.75 0.7272728 0.75 0.6818182 0.7407407 0.6818182 0.75 0.7727273 0.75 0.7272728 0.7407407 0.7272728 0.7407407 0.8181818 0.75 0.8181818 0.75 0.7727273 0.7407407 0.8636364 0.75 0.8636364 0.75 0.8181818 0.7407407 0.9090909 0.75 0.9090909 0.75 0.8636364 0.7407407 0.9545454 0.75 0.9545454 0.75 0.9090909 0.75 1 0.7592593 1 0.7592593 0.9545454 0.75 0.0454545 0.7592593 0.0454545 0.7592593 0 0.75 0.09090906 0.7592593 0.09090906 0.7592593 0.0454545 0.75 0.1363636 0.7592593 0.1363636 0.7592593 0.09090906 0.75 0.1818181 0.7592593 0.1818181 0.7592593 0.1363636 0.75 0.2272727 0.7592593 0.2272727 0.7592593 0.1818181 0.7592593 0.2727273 0.7592593 0.2272727 0.75 0.2272727 0.7592593 0.3181818 0.7592593 0.2727273 0.75 0.2727273 0.7592593 0.3636364 0.7592593 0.3181818 0.75 0.3181818 0.7592593 0.4090909 0.7592593 0.3636364 0.75 0.3636364 0.7592593 0.4545454 0.7592593 0.4090909 0.75 0.4090909 0.7592593 0.5 0.7592593 0.4545454 0.75 0.4545454 0.7592593 0.5454546 0.7592593 0.5 0.75 0.5 0.7592593 0.5909091 0.7592593 0.5454546 0.75 0.5454546 0.7592593 0.6363636 0.7592593 0.5909091 0.75 0.5909091 0.7592593 0.6818182 0.7592593 0.6363636 0.75 0.6363636 0.7592593 0.7272728 0.7592593 0.6818182 0.75 0.6818182 0.7592593 0.7727273 0.7592593 0.7272728 0.75 0.7272728 0.75 0.8181818 0.7592593 0.8181818 0.7592593 0.7727273 0.75 0.8636364 0.7592593 0.8636364 0.7592593 0.8181818 0.75 0.9090909 0.7592593 0.9090909 0.7592593 0.8636364 0.75 0.9545454 0.7592593 0.9545454 0.7592593 0.9090909 0.7592593 1 0.7685185 1 0.7685185 0.9545454 0.7592593 0.0454545 0.7685185 0.0454545 0.7685185 0 0.7592593 0.09090906 0.7685185 0.09090906 0.7685185 0.0454545 0.7592593 0.1363636 0.7685185 0.1363636 0.7685185 0.09090906 0.7592593 0.1818181 0.7685185 0.1818181 0.7685185 0.1363636 0.7592593 0.2272727 0.7685185 0.2272727 0.7685185 0.1818181 0.7685185 0.2727273 0.7685185 0.2272727 0.7592593 0.2272727 0.7685185 0.3181818 0.7685185 0.2727273 0.7592593 0.2727273 0.7685185 0.3636364 0.7685185 0.3181818 0.7592593 0.3181818 0.7685185 0.4090909 0.7685185 0.3636364 0.7592593 0.3636364 0.7685185 0.4545454 0.7685185 0.4090909 0.7592593 0.4090909 0.7685185 0.5 0.7685185 0.4545454 0.7592593 0.4545454 0.7685185 0.5454546 0.7685185 0.5 0.7592593 0.5 0.7685185 0.5909091 0.7685185 0.5454546 0.7592593 0.5454546 0.7685185 0.6363636 0.7685185 0.5909091 0.7592593 0.5909091 0.7685185 0.6818182 0.7685185 0.6363636 0.7592593 0.6363636 0.7685185 0.7272728 0.7685185 0.6818182 0.7592593 0.6818182 0.7685185 0.7727273 0.7685185 0.7272728 0.7592593 0.7272728 0.7592593 0.8181818 0.7685185 0.8181818 0.7685185 0.7727273 0.7592593 0.8636364 0.7685185 0.8636364 0.7685185 0.8181818 0.7592593 0.9090909 0.7685185 0.9090909 0.7685185 0.8636364 0.7592593 0.9545454 0.7685185 0.9545454 0.7685185 0.9090909 0.7777778 1 0.7777778 0.9545454 0.7685185 0.9545454 0.7777778 0.0454545 0.7777778 0 0.7685185 0 0.7777778 0.09090906 0.7777778 0.0454545 0.7685185 0.0454545 0.7777778 0.1363636 0.7777778 0.09090906 0.7685185 0.09090906 0.7777778 0.1818181 0.7777778 0.1363636 0.7685185 0.1363636 0.7777778 0.2272727 0.7777778 0.1818181 0.7685185 0.1818181 0.7777778 0.2727273 0.7777778 0.2272727 0.7685185 0.2272727 0.7685185 0.3181818 0.7777778 0.3181818 0.7777778 0.2727273 0.7685185 0.3636364 0.7777778 0.3636364 0.7777778 0.3181818 0.7685185 0.4090909 0.7777778 0.4090909 0.7777778 0.3636364 0.7685185 0.4545454 0.7777778 0.4545454 0.7777778 0.4090909 0.7685185 0.5 0.7777778 0.5 0.7777778 0.4545454 0.7685185 0.5454546 0.7777778 0.5454546 0.7777778 0.5 0.7685185 0.5909091 0.7777778 0.5909091 0.7777778 0.5454546 0.7685185 0.6363636 0.7777778 0.6363636 0.7777778 0.5909091 0.7685185 0.6818182 0.7777778 0.6818182 0.7777778 0.6363636 0.7685185 0.7272728 0.7777778 0.7272728 0.7777778 0.6818182 0.7777778 0.7727273 0.7777778 0.7272728 0.7685185 0.7272728 0.7777778 0.8181818 0.7777778 0.7727273 0.7685185 0.7727273 0.7777778 0.8636364 0.7777778 0.8181818 0.7685185 0.8181818 0.7777778 0.9090909 0.7777778 0.8636364 0.7685185 0.8636364 0.7777778 0.9545454 0.7777778 0.9090909 0.7685185 0.9090909 0.787037 1 0.787037 0.9545454 0.7777778 0.9545454 0.787037 0.0454545 0.787037 0 0.7777778 0 0.787037 0.09090906 0.787037 0.0454545 0.7777778 0.0454545 0.787037 0.1363636 0.787037 0.09090906 0.7777778 0.09090906 0.787037 0.1818181 0.787037 0.1363636 0.7777778 0.1363636 0.787037 0.2272727 0.787037 0.1818181 0.7777778 0.1818181 0.787037 0.2727273 0.787037 0.2272727 0.7777778 0.2272727 0.7777778 0.3181818 0.787037 0.3181818 0.787037 0.2727273 0.7777778 0.3636364 0.787037 0.3636364 0.787037 0.3181818 0.7777778 0.4090909 0.787037 0.4090909 0.787037 0.3636364 0.7777778 0.4545454 0.787037 0.4545454 0.787037 0.4090909 0.7777778 0.5 0.787037 0.5 0.787037 0.4545454 0.7777778 0.5454546 0.787037 0.5454546 0.787037 0.5 0.7777778 0.5909091 0.787037 0.5909091 0.787037 0.5454546 0.7777778 0.6363636 0.787037 0.6363636 0.787037 0.5909091 0.7777778 0.6818182 0.787037 0.6818182 0.787037 0.6363636 0.7777778 0.7272728 0.787037 0.7272728 0.787037 0.6818182 0.787037 0.7727273 0.787037 0.7272728 0.7777778 0.7272728 0.787037 0.8181818 0.787037 0.7727273 0.7777778 0.7727273 0.787037 0.8636364 0.787037 0.8181818 0.7777778 0.8181818 0.787037 0.9090909 0.787037 0.8636364 0.7777778 0.8636364 0.787037 0.9545454 0.787037 0.9090909 0.7777778 0.9090909 0.7962963 1 0.7962963 0.9545454 0.787037 0.9545454 0.7962963 0.0454545 0.7962963 0 0.787037 0 0.7962963 0.09090906 0.7962963 0.0454545 0.787037 0.0454545 0.7962963 0.1363636 0.7962963 0.09090906 0.787037 0.09090906 0.7962963 0.1818181 0.7962963 0.1363636 0.787037 0.1363636 0.7962963 0.2272727 0.7962963 0.1818181 0.787037 0.1818181 0.7962963 0.2727273 0.7962963 0.2272727 0.787037 0.2272727 0.787037 0.3181818 0.7962963 0.3181818 0.7962963 0.2727273 0.787037 0.3636364 0.7962963 0.3636364 0.7962963 0.3181818 0.787037 0.4090909 0.7962963 0.4090909 0.7962963 0.3636364 0.787037 0.4545454 0.7962963 0.4545454 0.7962963 0.4090909 0.787037 0.5 0.7962963 0.5 0.7962963 0.4545454 0.787037 0.5454546 0.7962963 0.5454546 0.7962963 0.5 0.787037 0.5909091 0.7962963 0.5909091 0.7962963 0.5454546 0.787037 0.6363636 0.7962963 0.6363636 0.7962963 0.5909091 0.787037 0.6818182 0.7962963 0.6818182 0.7962963 0.6363636 0.787037 0.7272728 0.7962963 0.7272728 0.7962963 0.6818182 0.7962963 0.7727273 0.7962963 0.7272728 0.787037 0.7272728 0.7962963 0.8181818 0.7962963 0.7727273 0.787037 0.7727273 0.7962963 0.8636364 0.7962963 0.8181818 0.787037 0.8181818 0.7962963 0.9090909 0.7962963 0.8636364 0.787037 0.8636364 0.7962963 0.9545454 0.7962963 0.9090909 0.787037 0.9090909 0.8055556 1 0.8055556 0.9545454 0.7962963 0.9545454 0.8055556 0.0454545 0.8055556 0 0.7962963 0 0.8055556 0.09090906 0.8055556 0.0454545 0.7962963 0.0454545 0.8055556 0.1363636 0.8055556 0.09090906 0.7962963 0.09090906 0.8055556 0.1818181 0.8055556 0.1363636 0.7962963 0.1363636 0.8055556 0.2272727 0.8055556 0.1818181 0.7962963 0.1818181 0.8055556 0.2727273 0.8055556 0.2272727 0.7962963 0.2272727 0.7962963 0.3181818 0.8055556 0.3181818 0.8055556 0.2727273 0.7962963 0.3636364 0.8055556 0.3636364 0.8055556 0.3181818 0.7962963 0.4090909 0.8055556 0.4090909 0.8055556 0.3636364 0.7962963 0.4545454 0.8055556 0.4545454 0.8055556 0.4090909 0.7962963 0.5 0.8055556 0.5 0.8055556 0.4545454 0.7962963 0.5454546 0.8055556 0.5454546 0.8055556 0.5 0.7962963 0.5909091 0.8055556 0.5909091 0.8055556 0.5454546 0.7962963 0.6363636 0.8055556 0.6363636 0.8055556 0.5909091 0.7962963 0.6818182 0.8055556 0.6818182 0.8055556 0.6363636 0.7962963 0.7272728 0.8055556 0.7272728 0.8055556 0.6818182 0.8055556 0.7727273 0.8055556 0.7272728 0.7962963 0.7272728 0.8055556 0.8181818 0.8055556 0.7727273 0.7962963 0.7727273 0.8055556 0.8636364 0.8055556 0.8181818 0.7962963 0.8181818 0.8055556 0.9090909 0.8055556 0.8636364 0.7962963 0.8636364 0.8055556 0.9545454 0.8055556 0.9090909 0.7962963 0.9090909 0.8148148 1 0.8148148 0.9545454 0.8055556 0.9545454 0.8148148 0.0454545 0.8148148 0 0.8055556 0 0.8148148 0.09090906 0.8148148 0.0454545 0.8055556 0.0454545 0.8148148 0.1363636 0.8148148 0.09090906 0.8055556 0.09090906 0.8148148 0.1818181 0.8148148 0.1363636 0.8055556 0.1363636 0.8148148 0.2272727 0.8148148 0.1818181 0.8055556 0.1818181 0.8148148 0.2727273 0.8148148 0.2272727 0.8055556 0.2272727 0.8055556 0.3181818 0.8148148 0.3181818 0.8148148 0.2727273 0.8055556 0.3636364 0.8148148 0.3636364 0.8148148 0.3181818 0.8055556 0.4090909 0.8148148 0.4090909 0.8148148 0.3636364 0.8055556 0.4545454 0.8148148 0.4545454 0.8148148 0.4090909 0.8055556 0.5 0.8148148 0.5 0.8148148 0.4545454 0.8055556 0.5454546 0.8148148 0.5454546 0.8148148 0.5 0.8055556 0.5909091 0.8148148 0.5909091 0.8148148 0.5454546 0.8055556 0.6363636 0.8148148 0.6363636 0.8148148 0.5909091 0.8055556 0.6818182 0.8148148 0.6818182 0.8148148 0.6363636 0.8055556 0.7272728 0.8148148 0.7272728 0.8148148 0.6818182 0.8148148 0.7727273 0.8148148 0.7272728 0.8055556 0.7272728 0.8148148 0.8181818 0.8148148 0.7727273 0.8055556 0.7727273 0.8148148 0.8636364 0.8148148 0.8181818 0.8055556 0.8181818 0.8148148 0.9090909 0.8148148 0.8636364 0.8055556 0.8636364 0.8148148 0.9545454 0.8148148 0.9090909 0.8055556 0.9090909 0.8240741 1 0.8240741 0.9545454 0.8148148 0.9545454 0.8240741 0.0454545 0.8240741 0 0.8148148 0 0.8240741 0.09090906 0.8240741 0.0454545 0.8148148 0.0454545 0.8240741 0.1363636 0.8240741 0.09090906 0.8148148 0.09090906 0.8240741 0.1818181 0.8240741 0.1363636 0.8148148 0.1363636 0.8240741 0.2272727 0.8240741 0.1818181 0.8148148 0.1818181 0.8240741 0.2727273 0.8240741 0.2272727 0.8148148 0.2272727 0.8148148 0.3181818 0.8240741 0.3181818 0.8240741 0.2727273 0.8148148 0.3636364 0.8240741 0.3636364 0.8240741 0.3181818 0.8148148 0.4090909 0.8240741 0.4090909 0.8240741 0.3636364 0.8148148 0.4545454 0.8240741 0.4545454 0.8240741 0.4090909 0.8148148 0.5 0.8240741 0.5 0.8240741 0.4545454 0.8148148 0.5454546 0.8240741 0.5454546 0.8240741 0.5 0.8148148 0.5909091 0.8240741 0.5909091 0.8240741 0.5454546 0.8148148 0.6363636 0.8240741 0.6363636 0.8240741 0.5909091 0.8148148 0.6818182 0.8240741 0.6818182 0.8240741 0.6363636 0.8148148 0.7272728 0.8240741 0.7272728 0.8240741 0.6818182 0.8240741 0.7727273 0.8240741 0.7272728 0.8148148 0.7272728 0.8240741 0.8181818 0.8240741 0.7727273 0.8148148 0.7727273 0.8240741 0.8636364 0.8240741 0.8181818 0.8148148 0.8181818 0.8240741 0.9090909 0.8240741 0.8636364 0.8148148 0.8636364 0.8240741 0.9545454 0.8240741 0.9090909 0.8148148 0.9090909 0.8333333 1 0.8333333 0.9545454 0.8240741 0.9545454 0.8333333 0.0454545 0.8333333 0 0.8240741 0 0.8333333 0.09090906 0.8333333 0.0454545 0.8240741 0.0454545 0.8333333 0.1363636 0.8333333 0.09090906 0.8240741 0.09090906 0.8333333 0.1818181 0.8333333 0.1363636 0.8240741 0.1363636 0.8333333 0.2272727 0.8333333 0.1818181 0.8240741 0.1818181 0.8333333 0.2727273 0.8333333 0.2272727 0.8240741 0.2272727 0.8240741 0.3181818 0.8333333 0.3181818 0.8333333 0.2727273 0.8240741 0.3636364 0.8333333 0.3636364 0.8333333 0.3181818 0.8240741 0.4090909 0.8333333 0.4090909 0.8333333 0.3636364 0.8240741 0.4545454 0.8333333 0.4545454 0.8333333 0.4090909 0.8240741 0.5 0.8333333 0.5 0.8333333 0.4545454 0.8240741 0.5454546 0.8333333 0.5454546 0.8333333 0.5 0.8240741 0.5909091 0.8333333 0.5909091 0.8333333 0.5454546 0.8240741 0.6363636 0.8333333 0.6363636 0.8333333 0.5909091 0.8240741 0.6818182 0.8333333 0.6818182 0.8333333 0.6363636 0.8240741 0.7272728 0.8333333 0.7272728 0.8333333 0.6818182 0.8333333 0.7727273 0.8333333 0.7272728 0.8240741 0.7272728 0.8333333 0.8181818 0.8333333 0.7727273 0.8240741 0.7727273 0.8333333 0.8636364 0.8333333 0.8181818 0.8240741 0.8181818 0.8333333 0.9090909 0.8333333 0.8636364 0.8240741 0.8636364 0.8333333 0.9545454 0.8333333 0.9090909 0.8240741 0.9090909 0.8425926 1 0.8425926 0.9545454 0.8333333 0.9545454 0.8425926 0.0454545 0.8425926 0 0.8333333 0 0.8425926 0.09090906 0.8425926 0.0454545 0.8333333 0.0454545 0.8425926 0.1363636 0.8425926 0.09090906 0.8333333 0.09090906 0.8425926 0.1818181 0.8425926 0.1363636 0.8333333 0.1363636 0.8425926 0.2272727 0.8425926 0.1818181 0.8333333 0.1818181 0.8425926 0.2727273 0.8425926 0.2272727 0.8333333 0.2272727 0.8333333 0.3181818 0.8425926 0.3181818 0.8425926 0.2727273 0.8333333 0.3636364 0.8425926 0.3636364 0.8425926 0.3181818 0.8333333 0.4090909 0.8425926 0.4090909 0.8425926 0.3636364 0.8333333 0.4545454 0.8425926 0.4545454 0.8425926 0.4090909 0.8333333 0.5 0.8425926 0.5 0.8425926 0.4545454 0.8333333 0.5454546 0.8425926 0.5454546 0.8425926 0.5 0.8333333 0.5909091 0.8425926 0.5909091 0.8425926 0.5454546 0.8333333 0.6363636 0.8425926 0.6363636 0.8425926 0.5909091 0.8333333 0.6818182 0.8425926 0.6818182 0.8425926 0.6363636 0.8333333 0.7272728 0.8425926 0.7272728 0.8425926 0.6818182 0.8425926 0.7727273 0.8425926 0.7272728 0.8333333 0.7272728 0.8425926 0.8181818 0.8425926 0.7727273 0.8333333 0.7727273 0.8425926 0.8636364 0.8425926 0.8181818 0.8333333 0.8181818 0.8425926 0.9090909 0.8425926 0.8636364 0.8333333 0.8636364 0.8425926 0.9545454 0.8425926 0.9090909 0.8333333 0.9090909 0.8518519 1 0.8518519 0.9545454 0.8425926 0.9545454 0.8518519 0.0454545 0.8518519 0 0.8425926 0 0.8518519 0.09090906 0.8518519 0.0454545 0.8425926 0.0454545 0.8518519 0.1363636 0.8518519 0.09090906 0.8425926 0.09090906 0.8518519 0.1818181 0.8518519 0.1363636 0.8425926 0.1363636 0.8518519 0.2272727 0.8518519 0.1818181 0.8425926 0.1818181 0.8518519 0.2727273 0.8518519 0.2272727 0.8425926 0.2272727 0.8425926 0.3181818 0.8518519 0.3181818 0.8518519 0.2727273 0.8425926 0.3636364 0.8518519 0.3636364 0.8518519 0.3181818 0.8425926 0.4090909 0.8518519 0.4090909 0.8518519 0.3636364 0.8425926 0.4545454 0.8518519 0.4545454 0.8518519 0.4090909 0.8425926 0.5 0.8518519 0.5 0.8518519 0.4545454 0.8425926 0.5454546 0.8518519 0.5454546 0.8518519 0.5 0.8425926 0.5909091 0.8518519 0.5909091 0.8518519 0.5454546 0.8425926 0.6363636 0.8518519 0.6363636 0.8518519 0.5909091 0.8425926 0.6818182 0.8518519 0.6818182 0.8518519 0.6363636 0.8425926 0.7272728 0.8518519 0.7272728 0.8518519 0.6818182 0.8518519 0.7727273 0.8518519 0.7272728 0.8425926 0.7272728 0.8518519 0.8181818 0.8518519 0.7727273 0.8425926 0.7727273 0.8518519 0.8636364 0.8518519 0.8181818 0.8425926 0.8181818 0.8518519 0.9090909 0.8518519 0.8636364 0.8425926 0.8636364 0.8518519 0.9545454 0.8518519 0.9090909 0.8425926 0.9090909 0.8611111 1 0.8611111 0.9545454 0.8518519 0.9545454 0.8611111 0.0454545 0.8611111 0 0.8518519 0 0.8611111 0.09090906 0.8611111 0.0454545 0.8518519 0.0454545 0.8611111 0.1363636 0.8611111 0.09090906 0.8518519 0.09090906 0.8611111 0.1818181 0.8611111 0.1363636 0.8518519 0.1363636 0.8611111 0.2272727 0.8611111 0.1818181 0.8518519 0.1818181 0.8611111 0.2727273 0.8611111 0.2272727 0.8518519 0.2272727 0.8518519 0.3181818 0.8611111 0.3181818 0.8611111 0.2727273 0.8518519 0.3636364 0.8611111 0.3636364 0.8611111 0.3181818 0.8518519 0.4090909 0.8611111 0.4090909 0.8611111 0.3636364 0.8518519 0.4545454 0.8611111 0.4545454 0.8611111 0.4090909 0.8518519 0.5 0.8611111 0.5 0.8611111 0.4545454 0.8518519 0.5454546 0.8611111 0.5454546 0.8611111 0.5 0.8518519 0.5909091 0.8611111 0.5909091 0.8611111 0.5454546 0.8518519 0.6363636 0.8611111 0.6363636 0.8611111 0.5909091 0.8518519 0.6818182 0.8611111 0.6818182 0.8611111 0.6363636 0.8518519 0.7272728 0.8611111 0.7272728 0.8611111 0.6818182 0.8611111 0.7727273 0.8611111 0.7272728 0.8518519 0.7272728 0.8611111 0.8181818 0.8611111 0.7727273 0.8518519 0.7727273 0.8611111 0.8636364 0.8611111 0.8181818 0.8518519 0.8181818 0.8611111 0.9090909 0.8611111 0.8636364 0.8518519 0.8636364 0.8611111 0.9545454 0.8611111 0.9090909 0.8518519 0.9090909 0.8703704 1 0.8703704 0.9545454 0.8611111 0.9545454 0.8703704 0.0454545 0.8703704 0 0.8611111 0 0.8703704 0.09090906 0.8703704 0.0454545 0.8611111 0.0454545 0.8703704 0.1363636 0.8703704 0.09090906 0.8611111 0.09090906 0.8703704 0.1818181 0.8703704 0.1363636 0.8611111 0.1363636 0.8703704 0.2272727 0.8703704 0.1818181 0.8611111 0.1818181 0.8703704 0.2727273 0.8703704 0.2272727 0.8611111 0.2272727 0.8611111 0.3181818 0.8703704 0.3181818 0.8703704 0.2727273 0.8611111 0.3636364 0.8703704 0.3636364 0.8703704 0.3181818 0.8611111 0.4090909 0.8703704 0.4090909 0.8703704 0.3636364 0.8611111 0.4545454 0.8703704 0.4545454 0.8703704 0.4090909 0.8611111 0.5 0.8703704 0.5 0.8703704 0.4545454 0.8611111 0.5454546 0.8703704 0.5454546 0.8703704 0.5 0.8611111 0.5909091 0.8703704 0.5909091 0.8703704 0.5454546 0.8611111 0.6363636 0.8703704 0.6363636 0.8703704 0.5909091 0.8611111 0.6818182 0.8703704 0.6818182 0.8703704 0.6363636 0.8611111 0.7272728 0.8703704 0.7272728 0.8703704 0.6818182 0.8703704 0.7727273 0.8703704 0.7272728 0.8611111 0.7272728 0.8703704 0.8181818 0.8703704 0.7727273 0.8611111 0.7727273 0.8703704 0.8636364 0.8703704 0.8181818 0.8611111 0.8181818 0.8703704 0.9090909 0.8703704 0.8636364 0.8611111 0.8636364 0.8703704 0.9545454 0.8703704 0.9090909 0.8611111 0.9090909 0.8796296 1 0.8796296 0.9545454 0.8703704 0.9545454 0.8796296 0.0454545 0.8796296 0 0.8703704 0 0.8796296 0.09090906 0.8796296 0.0454545 0.8703704 0.0454545 0.8796296 0.1363636 0.8796296 0.09090906 0.8703704 0.09090906 0.8796296 0.1818181 0.8796296 0.1363636 0.8703704 0.1363636 0.8796296 0.2272727 0.8796296 0.1818181 0.8703704 0.1818181 0.8796296 0.2727273 0.8796296 0.2272727 0.8703704 0.2272727 0.8703704 0.3181818 0.8796296 0.3181818 0.8796296 0.2727273 0.8703704 0.3636364 0.8796296 0.3636364 0.8796296 0.3181818 0.8703704 0.4090909 0.8796296 0.4090909 0.8796296 0.3636364 0.8703704 0.4545454 0.8796296 0.4545454 0.8796296 0.4090909 0.8703704 0.5 0.8796296 0.5 0.8796296 0.4545454 0.8703704 0.5454546 0.8796296 0.5454546 0.8796296 0.5 0.8703704 0.5909091 0.8796296 0.5909091 0.8796296 0.5454546 0.8703704 0.6363636 0.8796296 0.6363636 0.8796296 0.5909091 0.8703704 0.6818182 0.8796296 0.6818182 0.8796296 0.6363636 0.8703704 0.7272728 0.8796296 0.7272728 0.8796296 0.6818182 0.8796296 0.7727273 0.8796296 0.7272728 0.8703704 0.7272728 0.8796296 0.8181818 0.8796296 0.7727273 0.8703704 0.7727273 0.8796296 0.8636364 0.8796296 0.8181818 0.8703704 0.8181818 0.8796296 0.9090909 0.8796296 0.8636364 0.8703704 0.8636364 0.8796296 0.9545454 0.8796296 0.9090909 0.8703704 0.9090909 0.8888889 1 0.8888889 0.9545454 0.8796296 0.9545454 0.8888889 0.0454545 0.8888889 0 0.8796296 0 0.8888889 0.09090906 0.8888889 0.0454545 0.8796296 0.0454545 0.8888889 0.1363636 0.8888889 0.09090906 0.8796296 0.09090906 0.8888889 0.1818181 0.8888889 0.1363636 0.8796296 0.1363636 0.8888889 0.2272727 0.8888889 0.1818181 0.8796296 0.1818181 0.8888889 0.2727273 0.8888889 0.2272727 0.8796296 0.2272727 0.8796296 0.3181818 0.8888889 0.3181818 0.8888889 0.2727273 0.8796296 0.3636364 0.8888889 0.3636364 0.8888889 0.3181818 0.8796296 0.4090909 0.8888889 0.4090909 0.8888889 0.3636364 0.8796296 0.4545454 0.8888889 0.4545454 0.8888889 0.4090909 0.8796296 0.5 0.8888889 0.5 0.8888889 0.4545454 0.8796296 0.5454546 0.8888889 0.5454546 0.8888889 0.5 0.8796296 0.5909091 0.8888889 0.5909091 0.8888889 0.5454546 0.8796296 0.6363636 0.8888889 0.6363636 0.8888889 0.5909091 0.8796296 0.6818182 0.8888889 0.6818182 0.8888889 0.6363636 0.8796296 0.7272728 0.8888889 0.7272728 0.8888889 0.6818182 0.8888889 0.7727273 0.8888889 0.7272728 0.8796296 0.7272728 0.8888889 0.8181818 0.8888889 0.7727273 0.8796296 0.7727273 0.8888889 0.8636364 0.8888889 0.8181818 0.8796296 0.8181818 0.8888889 0.9090909 0.8888889 0.8636364 0.8796296 0.8636364 0.8888889 0.9545454 0.8888889 0.9090909 0.8796296 0.9090909 0.8981481 1 0.8981481 0.9545454 0.8888889 0.9545454 0.8981481 0.0454545 0.8981481 0 0.8888889 0 0.8981481 0.09090906 0.8981481 0.0454545 0.8888889 0.0454545 0.8981481 0.1363636 0.8981481 0.09090906 0.8888889 0.09090906 0.8981481 0.1818181 0.8981481 0.1363636 0.8888889 0.1363636 0.8981481 0.2272727 0.8981481 0.1818181 0.8888889 0.1818181 0.8981481 0.2727273 0.8981481 0.2272727 0.8888889 0.2272727 0.8888889 0.3181818 0.8981481 0.3181818 0.8981481 0.2727273 0.8888889 0.3636364 0.8981481 0.3636364 0.8981481 0.3181818 0.8888889 0.4090909 0.8981481 0.4090909 0.8981481 0.3636364 0.8888889 0.4545454 0.8981481 0.4545454 0.8981481 0.4090909 0.8888889 0.5 0.8981481 0.5 0.8981481 0.4545454 0.8888889 0.5454546 0.8981481 0.5454546 0.8981481 0.5 0.8888889 0.5909091 0.8981481 0.5909091 0.8981481 0.5454546 0.8888889 0.6363636 0.8981481 0.6363636 0.8981481 0.5909091 0.8888889 0.6818182 0.8981481 0.6818182 0.8981481 0.6363636 0.8888889 0.7272728 0.8981481 0.7272728 0.8981481 0.6818182 0.8981481 0.7727273 0.8981481 0.7272728 0.8888889 0.7272728 0.8981481 0.8181818 0.8981481 0.7727273 0.8888889 0.7727273 0.8981481 0.8636364 0.8981481 0.8181818 0.8888889 0.8181818 0.8981481 0.9090909 0.8981481 0.8636364 0.8888889 0.8636364 0.8981481 0.9545454 0.8981481 0.9090909 0.8888889 0.9090909 0.9074074 1 0.9074074 0.9545454 0.8981481 0.9545454 0.9074074 0.0454545 0.9074074 0 0.8981481 0 0.9074074 0.09090906 0.9074074 0.0454545 0.8981481 0.0454545 0.9074074 0.1363636 0.9074074 0.09090906 0.8981481 0.09090906 0.9074074 0.1818181 0.9074074 0.1363636 0.8981481 0.1363636 0.9074074 0.2272727 0.9074074 0.1818181 0.8981481 0.1818181 0.9074074 0.2727273 0.9074074 0.2272727 0.8981481 0.2272727 0.8981481 0.3181818 0.9074074 0.3181818 0.9074074 0.2727273 0.8981481 0.3636364 0.9074074 0.3636364 0.9074074 0.3181818 0.8981481 0.4090909 0.9074074 0.4090909 0.9074074 0.3636364 0.8981481 0.4545454 0.9074074 0.4545454 0.9074074 0.4090909 0.8981481 0.5 0.9074074 0.5 0.9074074 0.4545454 0.8981481 0.5454546 0.9074074 0.5454546 0.9074074 0.5 0.8981481 0.5909091 0.9074074 0.5909091 0.9074074 0.5454546 0.8981481 0.6363636 0.9074074 0.6363636 0.9074074 0.5909091 0.8981481 0.6818182 0.9074074 0.6818182 0.9074074 0.6363636 0.8981481 0.7272728 0.9074074 0.7272728 0.9074074 0.6818182 0.9074074 0.7727273 0.9074074 0.7272728 0.8981481 0.7272728 0.9074074 0.8181818 0.9074074 0.7727273 0.8981481 0.7727273 0.9074074 0.8636364 0.9074074 0.8181818 0.8981481 0.8181818 0.9074074 0.9090909 0.9074074 0.8636364 0.8981481 0.8636364 0.9074074 0.9545454 0.9074074 0.9090909 0.8981481 0.9090909 0.9166667 1 0.9166667 0.9545454 0.9074074 0.9545454 0.9166667 0.0454545 0.9166667 0 0.9074074 0 0.9166667 0.09090906 0.9166667 0.0454545 0.9074074 0.0454545 0.9166667 0.1363636 0.9166667 0.09090906 0.9074074 0.09090906 0.9166667 0.1818181 0.9166667 0.1363636 0.9074074 0.1363636 0.9166667 0.2272727 0.9166667 0.1818181 0.9074074 0.1818181 0.9166667 0.2727273 0.9166667 0.2272727 0.9074074 0.2272727 0.9074074 0.3181818 0.9166667 0.3181818 0.9166667 0.2727273 0.9074074 0.3636364 0.9166667 0.3636364 0.9166667 0.3181818 0.9074074 0.4090909 0.9166667 0.4090909 0.9166667 0.3636364 0.9074074 0.4545454 0.9166667 0.4545454 0.9166667 0.4090909 0.9074074 0.5 0.9166667 0.5 0.9166667 0.4545454 0.9074074 0.5454546 0.9166667 0.5454546 0.9166667 0.5 0.9074074 0.5909091 0.9166667 0.5909091 0.9166667 0.5454546 0.9074074 0.6363636 0.9166667 0.6363636 0.9166667 0.5909091 0.9074074 0.6818182 0.9166667 0.6818182 0.9166667 0.6363636 0.9074074 0.7272728 0.9166667 0.7272728 0.9166667 0.6818182 0.9166667 0.7727273 0.9166667 0.7272728 0.9074074 0.7272728 0.9166667 0.8181818 0.9166667 0.7727273 0.9074074 0.7727273 0.9166667 0.8636364 0.9166667 0.8181818 0.9074074 0.8181818 0.9166667 0.9090909 0.9166667 0.8636364 0.9074074 0.8636364 0.9166667 0.9545454 0.9166667 0.9090909 0.9074074 0.9090909 0.9259259 1 0.9259259 0.9545454 0.9166667 0.9545454 0.9259259 0.0454545 0.9259259 0 0.9166667 0 0.9259259 0.09090906 0.9259259 0.0454545 0.9166667 0.0454545 0.9259259 0.1363636 0.9259259 0.09090906 0.9166667 0.09090906 0.9259259 0.1818181 0.9259259 0.1363636 0.9166667 0.1363636 0.9259259 0.2272727 0.9259259 0.1818181 0.9166667 0.1818181 0.9259259 0.2727273 0.9259259 0.2272727 0.9166667 0.2272727 0.9166667 0.3181818 0.9259259 0.3181818 0.9259259 0.2727273 0.9166667 0.3636364 0.9259259 0.3636364 0.9259259 0.3181818 0.9166667 0.4090909 0.9259259 0.4090909 0.9259259 0.3636364 0.9166667 0.4545454 0.9259259 0.4545454 0.9259259 0.4090909 0.9166667 0.5 0.9259259 0.5 0.9259259 0.4545454 0.9166667 0.5454546 0.9259259 0.5454546 0.9259259 0.5 0.9166667 0.5909091 0.9259259 0.5909091 0.9259259 0.5454546 0.9166667 0.6363636 0.9259259 0.6363636 0.9259259 0.5909091 0.9166667 0.6818182 0.9259259 0.6818182 0.9259259 0.6363636 0.9166667 0.7272728 0.9259259 0.7272728 0.9259259 0.6818182 0.9259259 0.7727273 0.9259259 0.7272728 0.9166667 0.7272728 0.9259259 0.8181818 0.9259259 0.7727273 0.9166667 0.7727273 0.9259259 0.8636364 0.9259259 0.8181818 0.9166667 0.8181818 0.9259259 0.9090909 0.9259259 0.8636364 0.9166667 0.8636364 0.9259259 0.9545454 0.9259259 0.9090909 0.9166667 0.9090909 0.9259259 1 0.9351852 1 0.9351852 0.9545454 0.9259259 0.0454545 0.9351852 0.0454545 0.9351852 0 0.9259259 0.09090906 0.9351852 0.09090906 0.9351852 0.0454545 0.9259259 0.1363636 0.9351852 0.1363636 0.9351852 0.09090906 0.9259259 0.1818181 0.9351852 0.1818181 0.9351852 0.1363636 0.9259259 0.2272727 0.9351852 0.2272727 0.9351852 0.1818181 0.9351852 0.2727273 0.9351852 0.2272727 0.9259259 0.2272727 0.9351852 0.3181818 0.9351852 0.2727273 0.9259259 0.2727273 0.9351852 0.3636364 0.9351852 0.3181818 0.9259259 0.3181818 0.9351852 0.4090909 0.9351852 0.3636364 0.9259259 0.3636364 0.9351852 0.4545454 0.9351852 0.4090909 0.9259259 0.4090909 0.9351852 0.5 0.9351852 0.4545454 0.9259259 0.4545454 0.9351852 0.5454546 0.9351852 0.5 0.9259259 0.5 0.9351852 0.5909091 0.9351852 0.5454546 0.9259259 0.5454546 0.9351852 0.6363636 0.9351852 0.5909091 0.9259259 0.5909091 0.9351852 0.6818182 0.9351852 0.6363636 0.9259259 0.6363636 0.9351852 0.7272728 0.9351852 0.6818182 0.9259259 0.6818182 0.9351852 0.7727273 0.9351852 0.7272728 0.9259259 0.7272728 0.9259259 0.8181818 0.9351852 0.8181818 0.9351852 0.7727273 0.9259259 0.8636364 0.9351852 0.8636364 0.9351852 0.8181818 0.9259259 0.9090909 0.9351852 0.9090909 0.9351852 0.8636364 0.9259259 0.9545454 0.9351852 0.9545454 0.9351852 0.9090909 0.9351852 1 0.9444444 1 0.9444444 0.9545454 0.9351852 0.0454545 0.9444444 0.0454545 0.9444444 0 0.9351852 0.09090906 0.9444444 0.09090906 0.9444444 0.0454545 0.9351852 0.1363636 0.9444444 0.1363636 0.9444444 0.09090906 0.9351852 0.1818181 0.9444444 0.1818181 0.9444444 0.1363636 0.9351852 0.2272727 0.9444444 0.2272727 0.9444444 0.1818181 0.9444444 0.2727273 0.9444444 0.2272727 0.9351852 0.2272727 0.9444444 0.3181818 0.9444444 0.2727273 0.9351852 0.2727273 0.9444444 0.3636364 0.9444444 0.3181818 0.9351852 0.3181818 0.9444444 0.4090909 0.9444444 0.3636364 0.9351852 0.3636364 0.9444444 0.4545454 0.9444444 0.4090909 0.9351852 0.4090909 0.9444444 0.5 0.9444444 0.4545454 0.9351852 0.4545454 0.9444444 0.5454546 0.9444444 0.5 0.9351852 0.5 0.9444444 0.5909091 0.9444444 0.5454546 0.9351852 0.5454546 0.9444444 0.6363636 0.9444444 0.5909091 0.9351852 0.5909091 0.9444444 0.6818182 0.9444444 0.6363636 0.9351852 0.6363636 0.9444444 0.7272728 0.9444444 0.6818182 0.9351852 0.6818182 0.9444444 0.7727273 0.9444444 0.7272728 0.9351852 0.7272728 0.9351852 0.8181818 0.9444444 0.8181818 0.9444444 0.7727273 0.9351852 0.8636364 0.9444444 0.8636364 0.9444444 0.8181818 0.9351852 0.9090909 0.9444444 0.9090909 0.9444444 0.8636364 0.9351852 0.9545454 0.9444444 0.9545454 0.9444444 0.9090909 0.9444444 1 0.9537037 1 0.9537037 0.9545454 0.9444444 0.0454545 0.9537037 0.0454545 0.9537037 0 0.9444444 0.09090906 0.9537037 0.09090906 0.9537037 0.0454545 0.9444444 0.1363636 0.9537037 0.1363636 0.9537037 0.09090906 0.9444444 0.1818181 0.9537037 0.1818181 0.9537037 0.1363636 0.9444444 0.2272727 0.9537037 0.2272727 0.9537037 0.1818181 0.9537037 0.2727273 0.9537037 0.2272727 0.9444444 0.2272727 0.9537037 0.3181818 0.9537037 0.2727273 0.9444444 0.2727273 0.9537037 0.3636364 0.9537037 0.3181818 0.9444444 0.3181818 0.9537037 0.4090909 0.9537037 0.3636364 0.9444444 0.3636364 0.9537037 0.4545454 0.9537037 0.4090909 0.9444444 0.4090909 0.9537037 0.5 0.9537037 0.4545454 0.9444444 0.4545454 0.9537037 0.5454546 0.9537037 0.5 0.9444444 0.5 0.9537037 0.5909091 0.9537037 0.5454546 0.9444444 0.5454546 0.9537037 0.6363636 0.9537037 0.5909091 0.9444444 0.5909091 0.9537037 0.6818182 0.9537037 0.6363636 0.9444444 0.6363636 0.9537037 0.7272728 0.9537037 0.6818182 0.9444444 0.6818182 0.9537037 0.7727273 0.9537037 0.7272728 0.9444444 0.7272728 0.9444444 0.8181818 0.9537037 0.8181818 0.9537037 0.7727273 0.9444444 0.8636364 0.9537037 0.8636364 0.9537037 0.8181818 0.9444444 0.9090909 0.9537037 0.9090909 0.9537037 0.8636364 0.9444444 0.9545454 0.9537037 0.9545454 0.9537037 0.9090909 0.9537037 1 0.962963 1 0.962963 0.9545454 0.9537037 0.0454545 0.962963 0.0454545 0.962963 0 0.9537037 0.09090906 0.962963 0.09090906 0.962963 0.0454545 0.9537037 0.1363636 0.962963 0.1363636 0.962963 0.09090906 0.9537037 0.1818181 0.962963 0.1818181 0.962963 0.1363636 0.9537037 0.2272727 0.962963 0.2272727 0.962963 0.1818181 0.962963 0.2727273 0.962963 0.2272727 0.9537037 0.2272727 0.962963 0.3181818 0.962963 0.2727273 0.9537037 0.2727273 0.962963 0.3636364 0.962963 0.3181818 0.9537037 0.3181818 0.962963 0.4090909 0.962963 0.3636364 0.9537037 0.3636364 0.962963 0.4545454 0.962963 0.4090909 0.9537037 0.4090909 0.962963 0.5 0.962963 0.4545454 0.9537037 0.4545454 0.962963 0.5454546 0.962963 0.5 0.9537037 0.5 0.962963 0.5909091 0.962963 0.5454546 0.9537037 0.5454546 0.962963 0.6363636 0.962963 0.5909091 0.9537037 0.5909091 0.962963 0.6818182 0.962963 0.6363636 0.9537037 0.6363636 0.962963 0.7272728 0.962963 0.6818182 0.9537037 0.6818182 0.962963 0.7727273 0.962963 0.7272728 0.9537037 0.7272728 0.9537037 0.8181818 0.962963 0.8181818 0.962963 0.7727273 0.9537037 0.8636364 0.962963 0.8636364 0.962963 0.8181818 0.9537037 0.9090909 0.962963 0.9090909 0.962963 0.8636364 0.9537037 0.9545454 0.962963 0.9545454 0.962963 0.9090909 0.962963 1 0.9722222 1 0.9722222 0.9545454 0.962963 0.0454545 0.9722222 0.0454545 0.9722222 0 0.962963 0.09090906 0.9722222 0.09090906 0.9722222 0.0454545 0.962963 0.1363636 0.9722222 0.1363636 0.9722222 0.09090906 0.962963 0.1818181 0.9722222 0.1818181 0.9722222 0.1363636 0.962963 0.2272727 0.9722222 0.2272727 0.9722222 0.1818181 0.9722222 0.2727273 0.9722222 0.2272727 0.962963 0.2272727 0.9722222 0.3181818 0.9722222 0.2727273 0.962963 0.2727273 0.9722222 0.3636364 0.9722222 0.3181818 0.962963 0.3181818 0.9722222 0.4090909 0.9722222 0.3636364 0.962963 0.3636364 0.9722222 0.4545454 0.9722222 0.4090909 0.962963 0.4090909 0.9722222 0.5 0.9722222 0.4545454 0.962963 0.4545454 0.9722222 0.5454546 0.9722222 0.5 0.962963 0.5 0.9722222 0.5909091 0.9722222 0.5454546 0.962963 0.5454546 0.9722222 0.6363636 0.9722222 0.5909091 0.962963 0.5909091 0.9722222 0.6818182 0.9722222 0.6363636 0.962963 0.6363636 0.9722222 0.7272728 0.9722222 0.6818182 0.962963 0.6818182 0.9722222 0.7727273 0.9722222 0.7272728 0.962963 0.7272728 0.962963 0.8181818 0.9722222 0.8181818 0.9722222 0.7727273 0.962963 0.8636364 0.9722222 0.8636364 0.9722222 0.8181818 0.962963 0.9090909 0.9722222 0.9090909 0.9722222 0.8636364 0.962963 0.9545454 0.9722222 0.9545454 0.9722222 0.9090909 0.9722222 1 0.9814815 1 0.9814815 0.9545454 0.9722222 0.0454545 0.9814815 0.0454545 0.9814815 0 0.9722222 0.09090906 0.9814815 0.09090906 0.9814815 0.0454545 0.9722222 0.1363636 0.9814815 0.1363636 0.9814815 0.09090906 0.9722222 0.1818181 0.9814815 0.1818181 0.9814815 0.1363636 0.9722222 0.2272727 0.9814815 0.2272727 0.9814815 0.1818181 0.9814815 0.2727273 0.9814815 0.2272727 0.9722222 0.2272727 0.9814815 0.3181818 0.9814815 0.2727273 0.9722222 0.2727273 0.9814815 0.3636364 0.9814815 0.3181818 0.9722222 0.3181818 0.9814815 0.4090909 0.9814815 0.3636364 0.9722222 0.3636364 0.9814815 0.4545454 0.9814815 0.4090909 0.9722222 0.4090909 0.9814815 0.5 0.9814815 0.4545454 0.9722222 0.4545454 0.9814815 0.5454546 0.9814815 0.5 0.9722222 0.5 0.9814815 0.5909091 0.9814815 0.5454546 0.9722222 0.5454546 0.9814815 0.6363636 0.9814815 0.5909091 0.9722222 0.5909091 0.9814815 0.6818182 0.9814815 0.6363636 0.9722222 0.6363636 0.9814815 0.7272728 0.9814815 0.6818182 0.9722222 0.6818182 0.9814815 0.7727273 0.9814815 0.7272728 0.9722222 0.7272728 0.9722222 0.8181818 0.9814815 0.8181818 0.9814815 0.7727273 0.9722222 0.8636364 0.9814815 0.8636364 0.9814815 0.8181818 0.9722222 0.9090909 0.9814815 0.9090909 0.9814815 0.8636364 0.9722222 0.9545454 0.9814815 0.9545454 0.9814815 0.9090909 0.9814815 1 0.9907407 1 0.9907407 0.9545454 0.9814815 0.0454545 0.9907407 0.0454545 0.9907407 0 0.9814815 0.09090906 0.9907407 0.09090906 0.9907407 0.0454545 0.9814815 0.1363636 0.9907407 0.1363636 0.9907407 0.09090906 0.9814815 0.1818181 0.9907407 0.1818181 0.9907407 0.1363636 0.9814815 0.2272727 0.9907407 0.2272727 0.9907407 0.1818181 0.9907407 0.2727273 0.9907407 0.2272727 0.9814815 0.2272727 0.9907407 0.3181818 0.9907407 0.2727273 0.9814815 0.2727273 0.9907407 0.3636364 0.9907407 0.3181818 0.9814815 0.3181818 0.9907407 0.4090909 0.9907407 0.3636364 0.9814815 0.3636364 0.9907407 0.4545454 0.9907407 0.4090909 0.9814815 0.4090909 0.9907407 0.5 0.9907407 0.4545454 0.9814815 0.4545454 0.9907407 0.5454546 0.9907407 0.5 0.9814815 0.5 0.9907407 0.5909091 0.9907407 0.5454546 0.9814815 0.5454546 0.9907407 0.6363636 0.9907407 0.5909091 0.9814815 0.5909091 0.9907407 0.6818182 0.9907407 0.6363636 0.9814815 0.6363636 0.9907407 0.7272728 0.9907407 0.6818182 0.9814815 0.6818182 0.9907407 0.7727273 0.9907407 0.7272728 0.9814815 0.7272728 0.9814815 0.8181818 0.9907407 0.8181818 0.9907407 0.7727273 0.9814815 0.8636364 0.9907407 0.8636364 0.9907407 0.8181818 0.9814815 0.9090909 0.9907407 0.9090909 0.9907407 0.8636364 0.9814815 0.9545454 0.9907407 0.9545454 0.9907407 0.9090909 0.9907407 1 1 1 1 0.9545454 0.9907407 0.0454545 1 0.0454545 1 0 0.9907407 0.09090906 1 0.09090906 1 0.0454545 0.9907407 0.1363636 1 0.1363636 1 0.09090906 0.9907407 0.1818181 1 0.1818181 1 0.1363636 0.9907407 0.2272727 1 0.2272727 1 0.1818181 1 0.2727273 1 0.2272727 0.9907407 0.2272727 1 0.3181818 1 0.2727273 0.9907407 0.2727273 1 0.3636364 1 0.3181818 0.9907407 0.3181818 1 0.4090909 1 0.3636364 0.9907407 0.3636364 1 0.4545454 1 0.4090909 0.9907407 0.4090909 1 0.5 1 0.4545454 0.9907407 0.4545454 1 0.5454546 1 0.5 0.9907407 0.5 1 0.5909091 1 0.5454546 0.9907407 0.5454546 1 0.6363636 1 0.5909091 0.9907407 0.5909091 1 0.6818182 1 0.6363636 0.9907407 0.6363636 1 0.7272728 1 0.6818182 0.9907407 0.6818182 1 0.7727273 1 0.7272728 0.9907407 0.7272728 0.9907407 0.8181818 1 0.8181818 1 0.7727273 0.9907407 0.8636364 1 0.8636364 1 0.8181818 0.9907407 0.9090909 1 0.9090909 1 0.8636364 0.9907407 0.9545454 1 0.9545454 1 0.9090909 1 0.9545454 1 1 1 0.5 1 1 1 0.0454545 1 0.5 1 0.0454545 1 0.09090906 1 0.4090909 1 0.09090906 1 0.1363636 1 0.4090909 1 0.1363636 1 0.1818181 1 0.2272727 1 0.2272727 1 0.2727273 1 0.3636364 1 0.2727273 1 0.3181818 1 0.3636364 1 0.3636364 1 0.4090909 1 0.1363636 1 0.4090909 1 0.4545454 1 0.0454545 1 0.4545454 1 0.5 1 0.0454545 1 0.5 1 0.5454546 1 0.9545454 1 0.5454546 1 0.5909091 1 0.9545454 1 0.5909091 1 0.6363636 1 0.8636364 1 0.6363636 1 0.6818182 1 0.7272728 1 0.8636364 1 0.6363636 1 0.7727273 1 0.7272728 1 0.7727273 1 0.6363636 1 0.7727273 1 0.8181818 1 0.8636364 1 0.8636364 1 0.9090909 1 0.5909091 1 0.9090909 1 0.9545454 1 0.5909091 0 0.0454545 0 1 0 0.5 0 1 0 0.9545454 0 0.5 0 0.9545454 0 0.9090909 0 0.5909091 0 0.9090909 0 0.8636364 0 0.5909091 0 0.8636364 0 0.8181818 0 0.6818182 0 0.8181818 0 0.7727273 0 0.6818182 0 0.7727273 0 0.7272728 0 0.6818182 0 0.6818182 0 0.6363636 0 0.8636364 0 0.6363636 0 0.5909091 0 0.8636364 0 0.5909091 0 0.5454546 0 0.9545454 0 0.5454546 0 0.5 0 0.9545454 0 0.5 0 0.4545454 0 0.0454545 0 0.4545454 0 0.4090909 0 0.0454545 0 0.4090909 0 0.3636364 0 0.1363636 0 0.3636364 0 0.3181818 0 0.1363636 0 0.3181818 0 0.2727273 0 0.2272727 0 0.2272727 0 0.1818181 0 0.3181818 0 0.1818181 0 0.1363636 0 0.3181818 0 0.1363636 0 0.09090906 0 0.4090909</float_array>
          <technique_common>
            <accessor source="#BezierCurve-mesh-map-0-array" count="14376" stride="2">
              <param name="S" type="float"/>
              <param name="T" type="float"/>
            </accessor>
          </technique_common>
        </source>
        <vertices id="BezierCurve-mesh-vertices">
          <input semantic="POSITION" source="#BezierCurve-mesh-positions"/>
        </vertices>
        <triangles material="Material_001-material" count="4792">
          <input semantic="VERTEX" source="#BezierCurve-mesh-vertices" offset="0"/>
          <input semantic="NORMAL" source="#BezierCurve-mesh-normals" offset="1"/>
          <input semantic="TEXCOORD" source="#BezierCurve-mesh-map-0" offset="2" set="0"/>
          <p>0 0 0 43 1 1 21 2 2 1 3 3 22 4 4 0 0 5 2 5 6 23 6 7 1 3 8 3 7 9 24 8 10 2 5 11 4 9 12 25 10 13 3 7 14 5 11 15 26 12 16 4 9 17 28 13 18 5 11 19 6 14 20 29 15 21 6 14 22 7 16 23 30 17 24 7 16 25 8 18 26 31 19 27 8 18 28 9 20 29 32 21 30 9 20 31 10 22 32 33 23 33 10 22 34 11 24 35 34 25 36 11 24 37 12 26 38 35 27 39 12 26 40 13 28 41 36 29 42 13 28 43 14 30 44 37 31 45 14 30 46 15 32 47 38 33 48 15 32 49 16 34 50 39 35 51 16 34 52 17 36 53 18 37 54 39 35 55 17 36 56 19 38 57 40 39 58 18 37 59 20 40 60 41 41 61 19 38 62 21 2 63 42 42 64 20 40 65 22 4 66 65 43 67 43 1 68 23 6 69 44 44 70 22 4 71 24 8 72 45 45 73 23 6 74 25 10 75 46 46 76 24 8 77 26 12 78 47 47 79 25 10 80 27 48 81 48 49 82 26 12 83 50 50 84 27 48 85 28 13 86 51 51 87 28 13 88 29 15 89 52 52 90 29 15 91 30 17 92 53 53 93 30 17 94 31 19 95 54 54 96 31 19 97 32 21 98 55 55 99 32 21 100 33 23 101 56 56 102 33 23 103 34 25 104 57 57 105 34 25 106 35 27 107 58 58 108 35 27 109 36 29 110 59 59 111 36 29 112 37 31 113 60 60 114 37 31 115 38 33 116 61 61 117 38 33 118 39 35 119 40 39 120 61 61 121 39 35 122 41 41 123 62 62 124 40 39 125 42 42 126 63 63 127 41 41 128 43 1 129 64 64 130 42 42 131 44 44 132 87 65 133 65 43 134 45 45 135 66 66 136 44 44 137 46 46 138 67 67 139 45 45 140 47 47 141 68 68 142 46 46 143 48 49 144 69 69 145 47 47 146 49 70 147 70 71 148 48 49 149 72 72 150 49 70 151 50 50 152 73 73 153 50 50 154 51 51 155 74 74 156 51 51 157 52 52 158 75 75 159 52 52 160 53 53 161 76 76 162 53 53 163 54 54 164 77 77 165 54 54 166 55 55 167 78 78 168 55 55 169 56 56 170 79 79 171 56 56 172 57 57 173 80 80 174 57 57 175 58 58 176 81 81 177 58 58 178 59 59 179 82 82 180 59 59 181 60 60 182 83 83 183 60 60 184 61 61 185 62 62 186 83 83 187 61 61 188 63 63 189 84 84 190 62 62 191 64 64 192 85 85 193 63 63 194 65 43 195 86 86 196 64 64 197 66 66 198 109 87 199 87 65 200 67 67 201 88 88 202 66 66 203 68 68 204 89 89 205 67 67 206 69 69 207 90 90 208 68 68 209 70 71 210 91 91 211 69 69 212 71 92 213 92 93 214 70 71 215 94 94 216 71 92 217 72 72 218 95 95 219 72 72 220 73 73 221 96 96 222 73 73 223 74 74 224 97 97 225 74 74 226 75 75 227 98 98 228 75 75 229 76 76 230 99 99 231 76 76 232 77 77 233 100 100 234 77 77 235 78 78 236 101 101 237 78 78 238 79 79 239 102 102 240 79 79 241 80 80 242 103 103 243 80 80 244 81 81 245 104 104 246 81 81 247 82 82 248 105 105 249 82 82 250 83 83 251 84 84 252 105 105 253 83 83 254 85 85 255 106 106 256 84 84 257 86 86 258 107 107 259 85 85 260 87 65 261 108 108 262 86 86 263 88 88 264 131 109 265 109 87 266 89 89 267 110 110 268 88 88 269 90 90 270 111 111 271 89 89 272 91 91 273 112 112 274 90 90 275 92 93 276 113 113 277 91 91 278 93 114 279 114 115 280 92 93 281 116 116 282 93 114 283 94 94 284 117 117 285 94 94 286 95 95 287 118 118 288 95 95 289 96 96 290 119 119 291 96 96 292 97 97 293 120 120 294 97 97 295 98 98 296 121 121 297 98 98 298 99 99 299 122 122 300 99 99 301 100 100 302 123 123 303 100 100 304 101 101 305 124 124 306 101 101 307 102 102 308 125 125 309 102 102 310 103 103 311 126 126 312 103 103 313 104 104 314 127 127 315 104 104 316 105 105 317 106 106 318 127 127 319 105 105 320 107 107 321 128 128 322 106 106 323 108 108 324 129 129 325 107 107 326 109 87 327 130 130 328 108 108 329 110 110 330 153 131 331 131 109 332 111 111 333 132 132 334 110 110 335 112 112 336 133 133 337 111 111 338 113 113 339 134 134 340 112 112 341 114 115 342 135 135 343 113 113 344 115 136 345 136 137 346 114 115 347 138 138 348 115 136 349 116 116 350 139 139 351 116 116 352 117 117 353 140 140 354 117 117 355 118 118 356 141 141 357 118 118 358 119 119 359 142 142 360 119 119 361 120 120 362 143 143 363 120 120 364 121 121 365 144 144 366 121 121 367 122 122 368 145 145 369 122 122 370 123 123 371 146 146 372 123 123 373 124 124 374 147 147 375 124 124 376 125 125 377 148 148 378 125 125 379 126 126 380 149 149 381 126 126 382 127 127 383 128 128 384 149 149 385 127 127 386 129 129 387 150 150 388 128 128 389 130 130 390 151 151 391 129 129 392 131 109 393 152 152 394 130 130 395 132 132 396 175 153 397 153 131 398 133 133 399 154 154 400 132 132 401 134 134 402 155 155 403 133 133 404 135 135 405 156 156 406 134 134 407 136 137 408 157 157 409 135 135 410 137 158 411 158 159 412 136 137 413 160 160 414 137 158 415 138 138 416 161 161 417 138 138 418 139 139 419 162 162 420 139 139 421 140 140 422 163 163 423 140 140 424 141 141 425 164 164 426 141 141 427 142 142 428 165 165 429 142 142 430 143 143 431 166 166 432 143 143 433 144 144 434 167 167 435 144 144 436 145 145 437 168 168 438 145 145 439 146 146 440 169 169 441 146 146 442 147 147 443 170 170 444 147 147 445 148 148 446 171 171 447 148 148 448 149 149 449 150 150 450 171 171 451 149 149 452 151 151 453 172 172 454 150 150 455 152 152 456 173 173 457 151 151 458 153 131 459 174 174 460 152 152 461 154 154 462 197 175 463 175 153 464 155 155 465 176 176 466 154 154 467 156 156 468 177 177 469 155 155 470 157 157 471 178 178 472 156 156 473 158 159 474 179 179 475 157 157 476 159 180 477 180 181 478 158 159 479 182 182 480 159 180 481 160 160 482 183 183 483 160 160 484 161 161 485 184 184 486 161 161 487 162 162 488 185 185 489 162 162 490 163 163 491 186 186 492 163 163 493 164 164 494 187 187 495 164 164 496 165 165 497 188 188 498 165 165 499 166 166 500 189 189 501 166 166 502 167 167 503 190 190 504 167 167 505 168 168 506 191 191 507 168 168 508 169 169 509 192 192 510 169 169 511 170 170 512 193 193 513 170 170 514 171 171 515 172 172 516 193 193 517 171 171 518 173 173 519 194 194 520 172 172 521 174 174 522 195 195 523 173 173 524 175 153 525 196 196 526 174 174 527 176 176 528 219 197 529 197 175 530 177 177 531 198 198 532 176 176 533 178 178 534 199 199 535 177 177 536 179 179 537 200 200 538 178 178 539 180 181 540 201 201 541 179 179 542 181 202 543 202 203 544 180 181 545 204 204 546 181 202 547 182 182 548 205 205 549 182 182 550 183 183 551 206 206 552 183 183 553 184 184 554 207 207 555 184 184 556 185 185 557 208 208 558 185 185 559 186 186 560 209 209 561 186 186 562 187 187 563 210 210 564 187 187 565 188 188 566 211 211 567 188 188 568 189 189 569 212 212 570 189 189 571 190 190 572 213 213 573 190 190 574 191 191 575 214 214 576 191 191 577 192 192 578 215 215 579 192 192 580 193 193 581 194 194 582 215 215 583 193 193 584 195 195 585 216 216 586 194 194 587 196 196 588 217 217 589 195 195 590 197 175 591 218 218 592 196 196 593 220 219 594 219 197 595 198 198 596 221 220 597 198 198 598 199 199 599 222 221 600 199 199 601 200 200 602 223 222 603 200 200 604 201 201 605 224 223 606 201 201 607 202 203 608 225 224 609 202 203 610 203 225 611 226 226 612 203 225 613 204 204 614 205 205 615 226 226 616 204 204 617 206 206 618 227 227 619 205 205 620 207 207 621 228 228 622 206 206 623 208 208 624 229 229 625 207 207 626 209 209 627 230 230 628 208 208 629 210 210 630 231 231 631 209 209 632 211 211 633 232 232 634 210 210 635 212 212 636 233 233 637 211 211 638 213 213 639 234 234 640 212 212 641 214 214 642 235 235 643 213 213 644 237 236 645 214 214 646 215 215 647 238 237 648 215 215 649 216 216 650 239 238 651 216 216 652 217 217 653 240 239 654 217 217 655 218 218 656 241 240 657 218 218 658 219 197 659 220 219 660 263 241 661 241 240 662 221 220 663 242 242 664 220 219 665 222 221 666 243 243 667 221 220 668 223 222 669 244 244 670 222 221 671 224 223 672 245 245 673 223 222 674 225 224 675 246 246 676 224 223 677 248 247 678 225 224 679 226 226 680 249 248 681 226 226 682 227 227 683 250 249 684 227 227 685 228 228 686 251 250 687 228 228 688 229 229 689 252 251 690 229 229 691 230 230 692 253 252 693 230 230 694 231 231 695 254 253 696 231 231 697 232 232 698 255 254 699 232 232 700 233 233 701 256 255 702 233 233 703 234 234 704 257 256 705 234 234 706 235 235 707 258 257 708 235 235 709 236 258 710 259 259 711 236 258 712 237 236 713 238 237 714 259 259 715 237 236 716 239 238 717 260 260 718 238 237 719 240 239 720 261 261 721 239 238 722 241 240 723 262 262 724 240 239 725 242 242 726 285 263 727 263 241 728 243 243 729 264 264 730 242 242 731 244 244 732 265 265 733 243 243 734 245 245 735 266 266 736 244 244 737 246 246 738 267 267 739 245 245 740 247 268 741 268 269 742 246 246 743 270 270 744 247 268 745 248 247 746 271 271 747 248 247 748 249 248 749 272 272 750 249 248 751 250 249 752 273 273 753 250 249 754 251 250 755 274 274 756 251 250 757 252 251 758 275 275 759 252 251 760 253 252 761 276 276 762 253 252 763 254 253 764 277 277 765 254 253 766 255 254 767 278 278 768 255 254 769 256 255 770 279 279 771 256 255 772 257 256 773 280 280 774 257 256 775 258 257 776 281 281 777 258 257 778 259 259 779 260 260 780 281 281 781 259 259 782 261 261 783 282 282 784 260 260 785 262 262 786 283 283 787 261 261 788 263 241 789 284 284 790 262 262 791 264 264 792 307 285 793 285 263 794 265 265 795 286 286 796 264 264 797 266 266 798 287 287 799 265 265 800 267 267 801 288 288 802 266 266 803 268 269 804 289 289 805 267 267 806 269 290 807 290 291 808 268 269 809 292 292 810 269 290 811 270 270 812 293 293 813 270 270 814 271 271 815 294 294 816 271 271 817 272 272 818 295 295 819 272 272 820 273 273 821 296 296 822 273 273 823 274 274 824 297 297 825 274 274 826 275 275 827 298 298 828 275 275 829 276 276 830 299 299 831 276 276 832 277 277 833 300 300 834 277 277 835 278 278 836 301 301 837 278 278 838 279 279 839 302 302 840 279 279 841 280 280 842 303 303 843 280 280 844 281 281 845 282 282 846 303 303 847 281 281 848 283 283 849 304 304 850 282 282 851 284 284 852 305 305 853 283 283 854 285 263 855 306 306 856 284 284 857 286 286 858 329 307 859 307 285 860 287 287 861 308 308 862 286 286 863 288 288 864 309 309 865 287 287 866 289 289 867 310 310 868 288 288 869 290 291 870 311 311 871 289 289 872 291 312 873 312 313 874 290 291 875 314 314 876 291 312 877 292 292 878 315 315 879 292 292 880 293 293 881 316 316 882 293 293 883 294 294 884 317 317 885 294 294 886 295 295 887 318 318 888 295 295 889 296 296 890 319 319 891 296 296 892 297 297 893 320 320 894 297 297 895 298 298 896 321 321 897 298 298 898 299 299 899 322 322 900 299 299 901 300 300 902 323 323 903 300 300 904 301 301 905 324 324 906 301 301 907 302 302 908 325 325 909 302 302 910 303 303 911 304 304 912 325 325 913 303 303 914 305 305 915 326 326 916 304 304 917 306 306 918 327 327 919 305 305 920 307 285 921 328 328 922 306 306 923 308 308 924 351 329 925 329 307 926 309 309 927 330 330 928 308 308 929 310 310 930 331 331 931 309 309 932 311 311 933 332 332 934 310 310 935 312 313 936 333 333 937 311 311 938 313 334 939 334 335 940 312 313 941 336 336 942 313 334 943 314 314 944 337 337 945 314 314 946 315 315 947 338 338 948 315 315 949 316 316 950 339 339 951 316 316 952 317 317 953 340 340 954 317 317 955 318 318 956 341 341 957 318 318 958 319 319 959 342 342 960 319 319 961 320 320 962 343 343 963 320 320 964 321 321 965 344 344 966 321 321 967 322 322 968 345 345 969 322 322 970 323 323 971 346 346 972 323 323 973 324 324 974 347 347 975 324 324 976 325 325 977 326 326 978 347 347 979 325 325 980 327 327 981 348 348 982 326 326 983 328 328 984 349 349 985 327 327 986 329 307 987 350 350 988 328 328 989 330 330 990 373 351 991 351 329 992 331 331 993 352 352 994 330 330 995 332 332 996 353 353 997 331 331 998 333 333 999 354 354 1000 332 332 1001 334 335 1002 355 355 1003 333 333 1004 335 356 1005 356 357 1006 334 335 1007 358 358 1008 335 356 1009 336 336 1010 359 359 1011 336 336 1012 337 337 1013 360 360 1014 337 337 1015 338 338 1016 361 361 1017 338 338 1018 339 339 1019 362 362 1020 339 339 1021 340 340 1022 363 363 1023 340 340 1024 341 341 1025 364 364 1026 341 341 1027 342 342 1028 365 365 1029 342 342 1030 343 343 1031 366 366 1032 343 343 1033 344 344 1034 367 367 1035 344 344 1036 345 345 1037 368 368 1038 345 345 1039 346 346 1040 369 369 1041 346 346 1042 347 347 1043 348 348 1044 369 369 1045 347 347 1046 349 349 1047 370 370 1048 348 348 1049 350 350 1050 371 371 1051 349 349 1052 351 329 1053 372 372 1054 350 350 1055 374 373 1056 373 351 1057 352 352 1058 375 374 1059 352 352 1060 353 353 1061 376 375 1062 353 353 1063 354 354 1064 377 376 1065 354 354 1066 355 355 1067 378 377 1068 355 355 1069 356 357 1070 379 378 1071 356 357 1072 357 379 1073 380 380 1074 357 379 1075 358 358 1076 359 359 1077 380 380 1078 358 358 1079 360 360 1080 381 381 1081 359 359 1082 361 361 1083 382 382 1084 360 360 1085 362 362 1086 383 383 1087 361 361 1088 363 363 1089 384 384 1090 362 362 1091 364 364 1092 385 385 1093 363 363 1094 365 365 1095 386 386 1096 364 364 1097 366 366 1098 387 387 1099 365 365 1100 367 367 1101 388 388 1102 366 366 1103 368 368 1104 389 389 1105 367 367 1106 391 390 1107 368 368 1108 369 369 1109 392 391 1110 369 369 1111 370 370 1112 393 392 1113 370 370 1114 371 371 1115 394 393 1116 371 371 1117 372 372 1118 395 394 1119 372 372 1120 373 351 1121 396 395 1122 395 394 1123 374 373 1124 397 396 1125 374 373 1126 375 374 1127 398 397 1128 375 374 1129 376 375 1130 399 398 1131 376 375 1132 377 376 1133 400 399 1134 377 376 1135 378 377 1136 401 400 1137 378 377 1138 379 378 1139 402 401 1140 379 378 1141 380 380 1142 381 381 1143 402 401 1144 380 380 1145 382 382 1146 403 402 1147 381 381 1148 383 383 1149 404 403 1150 382 382 1151 384 384 1152 405 404 1153 383 383 1154 385 385 1155 406 405 1156 384 384 1157 386 386 1158 407 406 1159 385 385 1160 387 387 1161 408 407 1162 386 386 1163 388 388 1164 409 408 1165 387 387 1166 389 389 1167 410 409 1168 388 388 1169 390 410 1170 411 411 1171 389 389 1172 413 412 1173 390 410 1174 391 390 1175 414 413 1176 391 390 1177 392 391 1178 415 414 1179 392 391 1180 393 392 1181 416 415 1182 393 392 1183 394 393 1184 417 416 1185 394 393 1186 395 394 1187 418 417 1188 417 416 1189 396 395 1190 419 418 1191 396 395 1192 397 396 1193 420 419 1194 397 396 1195 398 397 1196 421 420 1197 398 397 1198 399 398 1199 422 421 1200 399 398 1201 400 399 1202 423 422 1203 400 399 1204 401 400 1205 424 423 1206 401 400 1207 402 401 1208 403 402 1209 424 423 1210 402 401 1211 404 403 1212 425 424 1213 403 402 1214 405 404 1215 426 425 1216 404 403 1217 406 405 1218 427 426 1219 405 404 1220 407 406 1221 428 427 1222 406 405 1223 408 407 1224 429 428 1225 407 406 1226 409 408 1227 430 429 1228 408 407 1229 410 409 1230 431 430 1231 409 408 1232 411 411 1233 432 431 1234 410 409 1235 412 432 1236 433 433 1237 411 411 1238 435 434 1239 412 432 1240 413 412 1241 436 435 1242 413 412 1243 414 413 1244 437 436 1245 414 413 1246 415 414 1247 438 437 1248 415 414 1249 416 415 1250 439 438 1251 416 415 1252 417 416 1253 440 439 1254 439 438 1255 418 417 1256 441 440 1257 418 417 1258 419 418 1259 442 441 1260 419 418 1261 420 419 1262 443 442 1263 420 419 1264 421 420 1265 444 443 1266 421 420 1267 422 421 1268 445 444 1269 422 421 1270 423 422 1271 446 445 1272 423 422 1273 424 423 1274 425 424 1275 446 445 1276 424 423 1277 426 425 1278 447 446 1279 425 424 1280 427 426 1281 448 447 1282 426 425 1283 428 427 1284 449 448 1285 427 426 1286 429 428 1287 450 449 1288 428 427 1289 430 429 1290 451 450 1291 429 428 1292 431 430 1293 452 451 1294 430 429 1295 432 431 1296 453 452 1297 431 430 1298 433 433 1299 454 453 1300 432 431 1301 434 454 1302 455 455 1303 433 433 1304 457 456 1305 434 454 1306 435 434 1307 458 457 1308 435 434 1309 436 435 1310 459 458 1311 436 435 1312 437 436 1313 460 459 1314 437 436 1315 438 437 1316 461 460 1317 438 437 1318 439 438 1319 462 461 1320 461 460 1321 440 439 1322 463 462 1323 440 439 1324 441 440 1325 464 463 1326 441 440 1327 442 441 1328 465 464 1329 442 441 1330 443 442 1331 466 465 1332 443 442 1333 444 443 1334 467 466 1335 444 443 1336 445 444 1337 468 467 1338 445 444 1339 446 445 1340 447 446 1341 468 467 1342 446 445 1343 448 447 1344 469 468 1345 447 446 1346 449 448 1347 470 469 1348 448 447 1349 450 449 1350 471 470 1351 449 448 1352 451 450 1353 472 471 1354 450 449 1355 452 451 1356 473 472 1357 451 450 1358 453 452 1359 474 473 1360 452 451 1361 454 453 1362 475 474 1363 453 452 1364 455 455 1365 476 475 1366 454 453 1367 456 476 1368 477 477 1369 455 455 1370 479 478 1371 456 476 1372 457 456 1373 480 479 1374 457 456 1375 458 457 1376 481 480 1377 458 457 1378 459 458 1379 482 481 1380 459 458 1381 460 459 1382 483 482 1383 460 459 1384 461 460 1385 462 461 1386 505 483 1387 483 482 1388 463 462 1389 484 484 1390 462 461 1391 464 463 1392 485 485 1393 463 462 1394 465 464 1395 486 486 1396 464 463 1397 466 465 1398 487 487 1399 465 464 1400 467 466 1401 488 488 1402 466 465 1403 490 489 1404 467 466 1405 468 467 1406 491 490 1407 468 467 1408 469 468 1409 492 491 1410 469 468 1411 470 469 1412 493 492 1413 470 469 1414 471 470 1415 494 493 1416 471 470 1417 472 471 1418 495 494 1419 472 471 1420 473 472 1421 496 495 1422 473 472 1423 474 473 1424 497 496 1425 474 473 1426 475 474 1427 498 497 1428 475 474 1429 476 475 1430 499 498 1431 476 475 1432 477 477 1433 500 499 1434 477 477 1435 478 500 1436 501 501 1437 478 500 1438 479 478 1439 480 479 1440 501 501 1441 479 478 1442 481 480 1443 502 502 1444 480 479 1445 482 481 1446 503 503 1447 481 480 1448 483 482 1449 504 504 1450 482 481 1451 484 484 1452 527 505 1453 505 483 1454 485 485 1455 506 506 1456 484 484 1457 486 486 1458 507 507 1459 485 485 1460 487 487 1461 508 508 1462 486 486 1463 488 488 1464 509 509 1465 487 487 1466 489 510 1467 510 511 1468 488 488 1469 512 512 1470 489 510 1471 490 489 1472 513 513 1473 490 489 1474 491 490 1475 514 514 1476 491 490 1477 492 491 1478 515 515 1479 492 491 1480 493 492 1481 516 516 1482 493 492 1483 494 493 1484 517 517 1485 494 493 1486 495 494 1487 518 518 1488 495 494 1489 496 495 1490 519 519 1491 496 495 1492 497 496 1493 520 520 1494 497 496 1495 498 497 1496 521 521 1497 498 497 1498 499 498 1499 522 522 1500 499 498 1501 500 499 1502 523 523 1503 500 499 1504 501 501 1505 502 502 1506 523 523 1507 501 501 1508 503 503 1509 524 524 1510 502 502 1511 504 504 1512 525 525 1513 503 503 1514 505 483 1515 526 526 1516 504 504 1517 506 506 1518 549 527 1519 527 505 1520 507 507 1521 528 528 1522 506 506 1523 508 508 1524 529 529 1525 507 507 1526 509 509 1527 530 530 1528 508 508 1529 510 511 1530 531 531 1531 509 509 1532 511 532 1533 532 533 1534 510 511 1535 534 534 1536 511 532 1537 512 512 1538 535 535 1539 512 512 1540 513 513 1541 536 536 1542 513 513 1543 514 514 1544 537 537 1545 514 514 1546 515 515 1547 538 538 1548 515 515 1549 516 516 1550 539 539 1551 516 516 1552 517 517 1553 540 540 1554 517 517 1555 518 518 1556 541 541 1557 518 518 1558 519 519 1559 542 542 1560 519 519 1561 520 520 1562 543 543 1563 520 520 1564 521 521 1565 544 544 1566 521 521 1567 522 522 1568 545 545 1569 522 522 1570 523 523 1571 524 524 1572 545 545 1573 523 523 1574 525 525 1575 546 546 1576 524 524 1577 526 526 1578 547 547 1579 525 525 1580 527 505 1581 548 548 1582 526 526 1583 550 549 1584 549 527 1585 528 528 1586 551 550 1587 528 528 1588 529 529 1589 552 551 1590 529 529 1591 530 530 1592 553 552 1593 530 530 1594 531 531 1595 554 553 1596 531 531 1597 532 533 1598 555 554 1599 532 533 1600 533 555 1601 556 556 1602 533 555 1603 534 534 1604 535 535 1605 556 556 1606 534 534 1607 536 536 1608 557 557 1609 535 535 1610 537 537 1611 558 558 1612 536 536 1613 538 538 1614 559 559 1615 537 537 1616 539 539 1617 560 560 1618 538 538 1619 540 540 1620 561 561 1621 539 539 1622 541 541 1623 562 562 1624 540 540 1625 542 542 1626 563 563 1627 541 541 1628 543 543 1629 564 564 1630 542 542 1631 544 544 1632 565 565 1633 543 543 1634 567 566 1635 544 544 1636 545 545 1637 568 567 1638 545 545 1639 546 546 1640 569 568 1641 546 546 1642 547 547 1643 570 569 1644 547 547 1645 548 548 1646 571 570 1647 548 548 1648 549 527 1649 572 571 1650 571 570 1651 550 549 1652 573 572 1653 550 549 1654 551 550 1655 574 573 1656 551 550 1657 552 551 1658 575 574 1659 552 551 1660 553 552 1661 576 575 1662 553 552 1663 554 553 1664 577 576 1665 554 553 1666 555 554 1667 578 577 1668 555 554 1669 556 556 1670 557 557 1671 578 577 1672 556 556 1673 558 558 1674 579 578 1675 557 557 1676 559 559 1677 580 579 1678 558 558 1679 560 560 1680 581 580 1681 559 559 1682 561 561 1683 582 581 1684 560 560 1685 562 562 1686 583 582 1687 561 561 1688 563 563 1689 584 583 1690 562 562 1691 564 564 1692 585 584 1693 563 563 1694 565 565 1695 586 585 1696 564 564 1697 566 586 1698 587 587 1699 565 565 1700 589 588 1701 566 586 1702 567 566 1703 590 589 1704 567 566 1705 568 567 1706 591 590 1707 568 567 1708 569 568 1709 592 591 1710 569 568 1711 570 569 1712 593 592 1713 570 569 1714 571 570 1715 594 593 1716 593 592 1717 572 571 1718 595 594 1719 572 571 1720 573 572 1721 596 595 1722 573 572 1723 574 573 1724 597 596 1725 574 573 1726 575 574 1727 598 597 1728 575 574 1729 576 575 1730 599 598 1731 576 575 1732 577 576 1733 600 599 1734 577 576 1735 578 577 1736 579 578 1737 600 599 1738 578 577 1739 580 579 1740 601 600 1741 579 578 1742 581 580 1743 602 601 1744 580 579 1745 582 581 1746 603 602 1747 581 580 1748 583 582 1749 604 603 1750 582 581 1751 584 583 1752 605 604 1753 583 582 1754 585 584 1755 606 605 1756 584 583 1757 586 585 1758 607 606 1759 585 584 1760 587 587 1761 608 607 1762 586 585 1763 588 608 1764 609 609 1765 587 587 1766 611 610 1767 588 608 1768 589 588 1769 612 611 1770 589 588 1771 590 589 1772 613 612 1773 590 589 1774 591 590 1775 614 613 1776 591 590 1777 592 591 1778 615 614 1779 592 591 1780 593 592 1781 616 615 1782 615 614 1783 594 593 1784 617 616 1785 594 593 1786 595 594 1787 618 617 1788 595 594 1789 596 595 1790 619 618 1791 596 595 1792 597 596 1793 620 619 1794 597 596 1795 598 597 1796 621 620 1797 598 597 1798 599 598 1799 622 621 1800 599 598 1801 600 599 1802 601 600 1803 622 621 1804 600 599 1805 602 601 1806 623 622 1807 601 600 1808 603 602 1809 624 623 1810 602 601 1811 604 603 1812 625 624 1813 603 602 1814 605 604 1815 626 625 1816 604 603 1817 606 605 1818 627 626 1819 605 604 1820 607 606 1821 628 627 1822 606 605 1823 608 607 1824 629 628 1825 607 606 1826 609 609 1827 630 629 1828 608 607 1829 610 630 1830 631 631 1831 609 609 1832 633 632 1833 610 630 1834 611 610 1835 634 633 1836 611 610 1837 612 611 1838 635 634 1839 612 611 1840 613 612 1841 636 635 1842 613 612 1843 614 613 1844 637 636 1845 614 613 1846 615 614 1847 638 637 1848 637 636 1849 616 615 1850 639 638 1851 616 615 1852 617 616 1853 640 639 1854 617 616 1855 618 617 1856 641 640 1857 618 617 1858 619 618 1859 642 641 1860 619 618 1861 620 619 1862 643 642 1863 620 619 1864 621 620 1865 644 643 1866 621 620 1867 622 621 1868 623 622 1869 644 643 1870 622 621 1871 624 623 1872 645 644 1873 623 622 1874 625 624 1875 646 645 1876 624 623 1877 626 625 1878 647 646 1879 625 624 1880 627 626 1881 648 647 1882 626 625 1883 628 627 1884 649 648 1885 627 626 1886 629 628 1887 650 649 1888 628 627 1889 630 629 1890 651 650 1891 629 628 1892 631 631 1893 652 651 1894 630 629 1895 632 652 1896 653 653 1897 631 631 1898 655 654 1899 632 652 1900 633 632 1901 656 655 1902 633 632 1903 634 633 1904 657 656 1905 634 633 1906 635 634 1907 658 657 1908 635 634 1909 636 635 1910 659 658 1911 636 635 1912 637 636 1913 660 659 1914 659 658 1915 638 637 1916 661 660 1917 638 637 1918 639 638 1919 662 661 1920 639 638 1921 640 639 1922 663 662 1923 640 639 1924 641 640 1925 664 663 1926 641 640 1927 642 641 1928 665 664 1929 642 641 1930 643 642 1931 666 665 1932 643 642 1933 644 643 1934 645 644 1935 666 665 1936 644 643 1937 646 645 1938 667 666 1939 645 644 1940 647 646 1941 668 667 1942 646 645 1943 648 647 1944 669 668 1945 647 646 1946 649 648 1947 670 669 1948 648 647 1949 650 649 1950 671 670 1951 649 648 1952 651 650 1953 672 671 1954 650 649 1955 652 651 1956 673 672 1957 651 650 1958 653 653 1959 674 673 1960 652 651 1961 654 674 1962 675 675 1963 653 653 1964 677 676 1965 654 674 1966 655 654 1967 678 677 1968 655 654 1969 656 655 1970 679 678 1971 656 655 1972 657 656 1973 680 679 1974 657 656 1975 658 657 1976 681 680 1977 658 657 1978 659 658 1979 682 681 1980 681 680 1981 660 659 1982 683 682 1983 660 659 1984 661 660 1985 684 683 1986 661 660 1987 662 661 1988 685 684 1989 662 661 1990 663 662 1991 686 685 1992 663 662 1993 664 663 1994 687 686 1995 664 663 1996 665 664 1997 688 687 1998 665 664 1999 666 665 2000 667 666 2001 688 687 2002 666 665 2003 668 667 2004 689 688 2005 667 666 2006 669 668 2007 690 689 2008 668 667 2009 670 669 2010 691 690 2011 669 668 2012 671 670 2013 692 691 2014 670 669 2015 672 671 2016 693 692 2017 671 670 2018 673 672 2019 694 693 2020 672 671 2021 674 673 2022 695 694 2023 673 672 2024 675 675 2025 696 695 2026 674 673 2027 676 696 2028 697 697 2029 675 675 2030 699 698 2031 676 696 2032 677 676 2033 700 699 2034 677 676 2035 678 677 2036 701 700 2037 678 677 2038 679 678 2039 702 701 2040 679 678 2041 680 679 2042 703 702 2043 680 679 2044 681 680 2045 704 703 2046 703 702 2047 682 681 2048 705 704 2049 682 681 2050 683 682 2051 706 705 2052 683 682 2053 684 683 2054 707 706 2055 684 683 2056 685 684 2057 708 707 2058 685 684 2059 686 685 2060 709 708 2061 686 685 2062 687 686 2063 710 709 2064 687 686 2065 688 687 2066 689 688 2067 710 709 2068 688 687 2069 690 689 2070 711 710 2071 689 688 2072 691 690 2073 712 711 2074 690 689 2075 692 691 2076 713 712 2077 691 690 2078 693 692 2079 714 713 2080 692 691 2081 694 693 2082 715 714 2083 693 692 2084 695 694 2085 716 715 2086 694 693 2087 696 695 2088 717 716 2089 695 694 2090 697 697 2091 718 717 2092 696 695 2093 698 718 2094 719 719 2095 697 697 2096 721 720 2097 698 718 2098 699 698 2099 722 721 2100 699 698 2101 700 699 2102 723 722 2103 700 699 2104 701 700 2105 724 723 2106 701 700 2107 702 701 2108 725 724 2109 702 701 2110 703 702 2111 726 725 2112 725 724 2113 704 703 2114 727 726 2115 704 703 2116 705 704 2117 728 727 2118 705 704 2119 706 705 2120 729 728 2121 706 705 2122 707 706 2123 730 729 2124 707 706 2125 708 707 2126 731 730 2127 708 707 2128 709 708 2129 732 731 2130 709 708 2131 710 709 2132 711 710 2133 732 731 2134 710 709 2135 712 711 2136 733 732 2137 711 710 2138 713 712 2139 734 733 2140 712 711 2141 714 713 2142 735 734 2143 713 712 2144 715 714 2145 736 735 2146 714 713 2147 716 715 2148 737 736 2149 715 714 2150 717 716 2151 738 737 2152 716 715 2153 718 717 2154 739 738 2155 717 716 2156 719 719 2157 740 739 2158 718 717 2159 720 740 2160 741 741 2161 719 719 2162 743 742 2163 720 740 2164 721 720 2165 744 743 2166 721 720 2167 722 721 2168 745 744 2169 722 721 2170 723 722 2171 746 745 2172 723 722 2173 724 723 2174 747 746 2175 724 723 2176 725 724 2177 748 747 2178 747 746 2179 726 725 2180 749 748 2181 726 725 2182 727 726 2183 750 749 2184 727 726 2185 728 727 2186 751 750 2187 728 727 2188 729 728 2189 752 751 2190 729 728 2191 730 729 2192 753 752 2193 730 729 2194 731 730 2195 754 753 2196 731 730 2197 732 731 2198 733 732 2199 754 753 2200 732 731 2201 734 733 2202 755 754 2203 733 732 2204 735 734 2205 756 755 2206 734 733 2207 736 735 2208 757 756 2209 735 734 2210 737 736 2211 758 757 2212 736 735 2213 738 737 2214 759 758 2215 737 736 2216 739 738 2217 760 759 2218 738 737 2219 740 739 2220 761 760 2221 739 738 2222 741 741 2223 762 761 2224 740 739 2225 742 762 2226 763 763 2227 741 741 2228 765 764 2229 742 762 2230 743 742 2231 766 765 2232 743 742 2233 744 743 2234 767 766 2235 744 743 2236 745 744 2237 768 767 2238 745 744 2239 746 745 2240 769 768 2241 746 745 2242 747 746 2243 770 769 2244 769 768 2245 748 747 2246 771 770 2247 748 747 2248 749 748 2249 772 771 2250 749 748 2251 750 749 2252 773 772 2253 750 749 2254 751 750 2255 774 773 2256 751 750 2257 752 751 2258 775 774 2259 752 751 2260 753 752 2261 776 775 2262 753 752 2263 754 753 2264 755 754 2265 776 775 2266 754 753 2267 756 755 2268 777 776 2269 755 754 2270 757 756 2271 778 777 2272 756 755 2273 758 757 2274 779 778 2275 757 756 2276 759 758 2277 780 779 2278 758 757 2279 760 759 2280 781 780 2281 759 758 2282 761 760 2283 782 781 2284 760 759 2285 762 761 2286 783 782 2287 761 760 2288 763 763 2289 784 783 2290 762 761 2291 764 784 2292 785 785 2293 763 763 2294 787 786 2295 764 784 2296 765 764 2297 788 787 2298 765 764 2299 766 765 2300 789 788 2301 766 765 2302 767 766 2303 790 789 2304 767 766 2305 768 767 2306 791 790 2307 768 767 2308 769 768 2309 792 791 2310 791 790 2311 770 769 2312 793 792 2313 770 769 2314 771 770 2315 794 793 2316 771 770 2317 772 771 2318 795 794 2319 772 771 2320 773 772 2321 796 795 2322 773 772 2323 774 773 2324 797 796 2325 774 773 2326 775 774 2327 798 797 2328 775 774 2329 776 775 2330 777 776 2331 798 797 2332 776 775 2333 778 777 2334 799 798 2335 777 776 2336 779 778 2337 800 799 2338 778 777 2339 780 779 2340 801 800 2341 779 778 2342 781 780 2343 802 801 2344 780 779 2345 782 781 2346 803 802 2347 781 780 2348 783 782 2349 804 803 2350 782 781 2351 784 783 2352 805 804 2353 783 782 2354 785 785 2355 806 805 2356 784 783 2357 786 806 2358 807 807 2359 785 785 2360 809 808 2361 786 806 2362 787 786 2363 810 809 2364 787 786 2365 788 787 2366 811 810 2367 788 787 2368 789 788 2369 812 811 2370 789 788 2371 790 789 2372 813 812 2373 790 789 2374 791 790 2375 792 791 2376 835 813 2377 813 812 2378 793 792 2379 814 814 2380 792 791 2381 794 793 2382 815 815 2383 793 792 2384 795 794 2385 816 816 2386 794 793 2387 796 795 2388 817 817 2389 795 794 2390 797 796 2391 818 818 2392 796 795 2393 820 819 2394 797 796 2395 798 797 2396 821 820 2397 798 797 2398 799 798 2399 822 821 2400 799 798 2401 800 799 2402 823 822 2403 800 799 2404 801 800 2405 824 823 2406 801 800 2407 802 801 2408 825 824 2409 802 801 2410 803 802 2411 826 825 2412 803 802 2413 804 803 2414 827 826 2415 804 803 2416 805 804 2417 828 827 2418 805 804 2419 806 805 2420 829 828 2421 806 805 2422 807 807 2423 830 829 2424 807 807 2425 808 830 2426 831 831 2427 808 830 2428 809 808 2429 810 809 2430 831 831 2431 809 808 2432 811 810 2433 832 832 2434 810 809 2435 812 811 2436 833 833 2437 811 810 2438 813 812 2439 834 834 2440 812 811 2441 836 835 2442 835 813 2443 814 814 2444 837 836 2445 814 814 2446 815 815 2447 838 837 2448 815 815 2449 816 816 2450 839 838 2451 816 816 2452 817 817 2453 840 839 2454 817 817 2455 818 818 2456 841 840 2457 818 818 2458 819 841 2459 842 842 2460 819 841 2461 820 819 2462 821 820 2463 842 842 2464 820 819 2465 822 821 2466 843 843 2467 821 820 2468 823 822 2469 844 844 2470 822 821 2471 824 823 2472 845 845 2473 823 822 2474 825 824 2475 846 846 2476 824 823 2477 826 825 2478 847 847 2479 825 824 2480 827 826 2481 848 848 2482 826 825 2483 828 827 2484 849 849 2485 827 826 2486 829 828 2487 850 850 2488 828 827 2489 830 829 2490 851 851 2491 829 828 2492 853 852 2493 830 829 2494 831 831 2495 854 853 2496 831 831 2497 832 832 2498 855 854 2499 832 832 2500 833 833 2501 856 855 2502 833 833 2503 834 834 2504 857 856 2505 834 834 2506 835 813 2507 858 857 2508 857 856 2509 836 835 2510 859 858 2511 836 835 2512 837 836 2513 860 859 2514 837 836 2515 838 837 2516 861 860 2517 838 837 2518 839 838 2519 862 861 2520 839 838 2521 840 839 2522 863 862 2523 840 839 2524 841 840 2525 864 863 2526 841 840 2527 842 842 2528 843 843 2529 864 863 2530 842 842 2531 844 844 2532 865 864 2533 843 843 2534 845 845 2535 866 865 2536 844 844 2537 846 846 2538 867 866 2539 845 845 2540 847 847 2541 868 867 2542 846 846 2543 848 848 2544 869 868 2545 847 847 2546 849 849 2547 870 869 2548 848 848 2549 850 850 2550 871 870 2551 849 849 2552 851 851 2553 872 871 2554 850 850 2555 852 872 2556 873 873 2557 851 851 2558 875 874 2559 852 872 2560 853 852 2561 876 875 2562 853 852 2563 854 853 2564 877 876 2565 854 853 2566 855 854 2567 878 877 2568 855 854 2569 856 855 2570 879 878 2571 856 855 2572 857 856 2573 880 879 2574 879 878 2575 858 857 2576 881 880 2577 858 857 2578 859 858 2579 882 881 2580 859 858 2581 860 859 2582 883 882 2583 860 859 2584 861 860 2585 884 883 2586 861 860 2587 862 861 2588 885 884 2589 862 861 2590 863 862 2591 886 885 2592 863 862 2593 864 863 2594 865 864 2595 886 885 2596 864 863 2597 866 865 2598 887 886 2599 865 864 2600 867 866 2601 888 887 2602 866 865 2603 868 867 2604 889 888 2605 867 866 2606 869 868 2607 890 889 2608 868 867 2609 870 869 2610 891 890 2611 869 868 2612 871 870 2613 892 891 2614 870 869 2615 872 871 2616 893 892 2617 871 870 2618 873 873 2619 894 893 2620 872 871 2621 874 894 2622 895 895 2623 873 873 2624 897 896 2625 874 894 2626 875 874 2627 898 897 2628 875 874 2629 876 875 2630 899 898 2631 876 875 2632 877 876 2633 900 899 2634 877 876 2635 878 877 2636 901 900 2637 878 877 2638 879 878 2639 902 901 2640 901 900 2641 880 879 2642 903 902 2643 880 879 2644 881 880 2645 904 903 2646 881 880 2647 882 881 2648 905 904 2649 882 881 2650 883 882 2651 906 905 2652 883 882 2653 884 883 2654 907 906 2655 884 883 2656 885 884 2657 908 907 2658 885 884 2659 886 885 2660 887 886 2661 908 907 2662 886 885 2663 888 887 2664 909 908 2665 887 886 2666 889 888 2667 910 909 2668 888 887 2669 890 889 2670 911 910 2671 889 888 2672 891 890 2673 912 911 2674 890 889 2675 892 891 2676 913 912 2677 891 890 2678 893 892 2679 914 913 2680 892 891 2681 894 893 2682 915 914 2683 893 892 2684 895 895 2685 916 915 2686 894 893 2687 896 916 2688 917 917 2689 895 895 2690 919 918 2691 896 916 2692 897 896 2693 920 919 2694 897 896 2695 898 897 2696 921 920 2697 898 897 2698 899 898 2699 922 921 2700 899 898 2701 900 899 2702 923 922 2703 900 899 2704 901 900 2705 924 923 2706 923 922 2707 902 901 2708 925 924 2709 902 901 2710 903 902 2711 926 925 2712 903 902 2713 904 903 2714 927 926 2715 904 903 2716 905 904 2717 928 927 2718 905 904 2719 906 905 2720 929 928 2721 906 905 2722 907 906 2723 930 929 2724 907 906 2725 908 907 2726 909 908 2727 930 929 2728 908 907 2729 910 909 2730 931 930 2731 909 908 2732 911 910 2733 932 931 2734 910 909 2735 912 911 2736 933 932 2737 911 910 2738 913 912 2739 934 933 2740 912 911 2741 914 913 2742 935 934 2743 913 912 2744 915 914 2745 936 935 2746 914 913 2747 916 915 2748 937 936 2749 915 914 2750 917 917 2751 938 937 2752 916 915 2753 918 938 2754 939 939 2755 917 917 2756 941 940 2757 918 938 2758 919 918 2759 942 941 2760 919 918 2761 920 919 2762 943 942 2763 920 919 2764 921 920 2765 944 943 2766 921 920 2767 922 921 2768 945 944 2769 922 921 2770 923 922 2771 946 945 2772 945 944 2773 924 923 2774 947 946 2775 924 923 2776 925 924 2777 948 947 2778 925 924 2779 926 925 2780 949 948 2781 926 925 2782 927 926 2783 950 949 2784 927 926 2785 928 927 2786 951 950 2787 928 927 2788 929 928 2789 952 951 2790 929 928 2791 930 929 2792 931 930 2793 952 951 2794 930 929 2795 932 931 2796 953 952 2797 931 930 2798 933 932 2799 954 953 2800 932 931 2801 934 933 2802 955 954 2803 933 932 2804 935 934 2805 956 955 2806 934 933 2807 936 935 2808 957 956 2809 935 934 2810 937 936 2811 958 957 2812 936 935 2813 938 937 2814 959 958 2815 937 936 2816 939 939 2817 960 959 2818 938 937 2819 940 960 2820 961 961 2821 939 939 2822 963 962 2823 940 960 2824 941 940 2825 964 963 2826 941 940 2827 942 941 2828 965 964 2829 942 941 2830 943 942 2831 966 965 2832 943 942 2833 944 943 2834 967 966 2835 944 943 2836 945 944 2837 968 967 2838 967 966 2839 946 945 2840 969 968 2841 946 945 2842 947 946 2843 970 969 2844 947 946 2845 948 947 2846 971 970 2847 948 947 2848 949 948 2849 972 971 2850 949 948 2851 950 949 2852 973 972 2853 950 949 2854 951 950 2855 974 973 2856 951 950 2857 952 951 2858 953 952 2859 974 973 2860 952 951 2861 954 953 2862 975 974 2863 953 952 2864 955 954 2865 976 975 2866 954 953 2867 956 955 2868 977 976 2869 955 954 2870 957 956 2871 978 977 2872 956 955 2873 958 957 2874 979 978 2875 957 956 2876 959 958 2877 980 979 2878 958 957 2879 960 959 2880 981 980 2881 959 958 2882 961 961 2883 982 981 2884 960 959 2885 962 982 2886 983 983 2887 961 961 2888 985 984 2889 962 982 2890 963 962 2891 986 985 2892 963 962 2893 964 963 2894 987 986 2895 964 963 2896 965 964 2897 988 987 2898 965 964 2899 966 965 2900 989 988 2901 966 965 2902 967 966 2903 990 989 2904 989 988 2905 968 967 2906 991 990 2907 968 967 2908 969 968 2909 992 991 2910 969 968 2911 970 969 2912 993 992 2913 970 969 2914 971 970 2915 994 993 2916 971 970 2917 972 971 2918 995 994 2919 972 971 2920 973 972 2921 996 995 2922 973 972 2923 974 973 2924 975 974 2925 996 995 2926 974 973 2927 976 975 2928 997 996 2929 975 974 2930 977 976 2931 998 997 2932 976 975 2933 978 977 2934 999 998 2935 977 976 2936 979 978 2937 1000 999 2938 978 977 2939 980 979 2940 1001 1000 2941 979 978 2942 981 980 2943 1002 1001 2944 980 979 2945 982 981 2946 1003 1002 2947 981 980 2948 983 983 2949 1004 1003 2950 982 981 2951 984 1004 2952 1005 1005 2953 983 983 2954 1007 1006 2955 984 1004 2956 985 984 2957 1008 1007 2958 985 984 2959 986 985 2960 1009 1008 2961 986 985 2962 987 986 2963 1010 1009 2964 987 986 2965 988 987 2966 1011 1010 2967 988 987 2968 989 988 2969 1012 1011 2970 1011 1010 2971 990 989 2972 1013 1012 2973 990 989 2974 991 990 2975 1014 1013 2976 991 990 2977 992 991 2978 1015 1014 2979 992 991 2980 993 992 2981 1016 1015 2982 993 992 2983 994 993 2984 1017 1016 2985 994 993 2986 995 994 2987 1018 1017 2988 995 994 2989 996 995 2990 997 996 2991 1018 1017 2992 996 995 2993 998 997 2994 1019 1018 2995 997 996 2996 999 998 2997 1020 1019 2998 998 997 2999 1000 999 3000 1021 1020 3001 999 998 3002 1001 1000 3003 1022 1021 3004 1000 999 3005 1002 1001 3006 1023 1022 3007 1001 1000 3008 1003 1002 3009 1024 1023 3010 1002 1001 3011 1004 1003 3012 1025 1024 3013 1003 1002 3014 1005 1005 3015 1026 1025 3016 1004 1003 3017 1006 1026 3018 1027 1027 3019 1005 1005 3020 1029 1028 3021 1006 1026 3022 1007 1006 3023 1030 1029 3024 1007 1006 3025 1008 1007 3026 1031 1030 3027 1008 1007 3028 1009 1008 3029 1032 1031 3030 1009 1008 3031 1010 1009 3032 1033 1032 3033 1010 1009 3034 1011 1010 3035 1034 1033 3036 1033 1032 3037 1012 1011 3038 1035 1034 3039 1012 1011 3040 1013 1012 3041 1036 1035 3042 1013 1012 3043 1014 1013 3044 1037 1036 3045 1014 1013 3046 1015 1014 3047 1038 1037 3048 1015 1014 3049 1016 1015 3050 1039 1038 3051 1016 1015 3052 1017 1016 3053 1040 1039 3054 1017 1016 3055 1018 1017 3056 1019 1018 3057 1040 1039 3058 1018 1017 3059 1020 1019 3060 1041 1040 3061 1019 1018 3062 1021 1020 3063 1042 1041 3064 1020 1019 3065 1022 1021 3066 1043 1042 3067 1021 1020 3068 1023 1022 3069 1044 1043 3070 1022 1021 3071 1024 1023 3072 1045 1044 3073 1023 1022 3074 1025 1024 3075 1046 1045 3076 1024 1023 3077 1026 1025 3078 1047 1046 3079 1025 1024 3080 1027 1027 3081 1048 1047 3082 1026 1025 3083 1028 1048 3084 1049 1049 3085 1027 1027 3086 1051 1050 3087 1028 1048 3088 1029 1028 3089 1052 1051 3090 1029 1028 3091 1030 1029 3092 1053 1052 3093 1030 1029 3094 1031 1030 3095 1054 1053 3096 1031 1030 3097 1032 1031 3098 1055 1054 3099 1032 1031 3100 1033 1032 3101 1034 1033 3102 1077 1055 3103 1055 1054 3104 1035 1034 3105 1056 1056 3106 1034 1033 3107 1036 1035 3108 1057 1057 3109 1035 1034 3110 1037 1036 3111 1058 1058 3112 1036 1035 3113 1038 1037 3114 1059 1059 3115 1037 1036 3116 1039 1038 3117 1060 1060 3118 1038 1037 3119 1062 1061 3120 1039 1038 3121 1040 1039 3122 1063 1062 3123 1040 1039 3124 1041 1040 3125 1064 1063 3126 1041 1040 3127 1042 1041 3128 1065 1064 3129 1042 1041 3130 1043 1042 3131 1066 1065 3132 1043 1042 3133 1044 1043 3134 1067 1066 3135 1044 1043 3136 1045 1044 3137 1068 1067 3138 1045 1044 3139 1046 1045 3140 1069 1068 3141 1046 1045 3142 1047 1046 3143 1070 1069 3144 1047 1046 3145 1048 1047 3146 1071 1070 3147 1048 1047 3148 1049 1049 3149 1072 1071 3150 1049 1049 3151 1050 1072 3152 1073 1073 3153 1050 1072 3154 1051 1050 3155 1052 1051 3156 1073 1073 3157 1051 1050 3158 1053 1052 3159 1074 1074 3160 1052 1051 3161 1054 1053 3162 1075 1075 3163 1053 1052 3164 1055 1054 3165 1076 1076 3166 1054 1053 3167 1056 1056 3168 1099 1077 3169 1077 1055 3170 1057 1057 3171 1078 1078 3172 1056 1056 3173 1058 1058 3174 1079 1079 3175 1057 1057 3176 1059 1059 3177 1080 1080 3178 1058 1058 3179 1060 1060 3180 1081 1081 3181 1059 1059 3182 1061 1082 3183 1082 1083 3184 1060 1060 3185 1084 1084 3186 1061 1082 3187 1062 1061 3188 1085 1085 3189 1062 1061 3190 1063 1062 3191 1086 1086 3192 1063 1062 3193 1064 1063 3194 1087 1087 3195 1064 1063 3196 1065 1064 3197 1088 1088 3198 1065 1064 3199 1066 1065 3200 1089 1089 3201 1066 1065 3202 1067 1066 3203 1090 1090 3204 1067 1066 3205 1068 1067 3206 1091 1091 3207 1068 1067 3208 1069 1068 3209 1092 1092 3210 1069 1068 3211 1070 1069 3212 1093 1093 3213 1070 1069 3214 1071 1070 3215 1094 1094 3216 1071 1070 3217 1072 1071 3218 1095 1095 3219 1072 1071 3220 1073 1073 3221 1074 1074 3222 1095 1095 3223 1073 1073 3224 1075 1075 3225 1096 1096 3226 1074 1074 3227 1076 1076 3228 1097 1097 3229 1075 1075 3230 1077 1055 3231 1098 1098 3232 1076 1076 3233 1078 1078 3234 1121 1099 3235 1099 1077 3236 1079 1079 3237 1100 1100 3238 1078 1078 3239 1080 1080 3240 1101 1101 3241 1079 1079 3242 1081 1081 3243 1102 1102 3244 1080 1080 3245 1082 1083 3246 1103 1103 3247 1081 1081 3248 1083 1104 3249 1104 1105 3250 1082 1083 3251 1106 1106 3252 1083 1104 3253 1084 1084 3254 1107 1107 3255 1084 1084 3256 1085 1085 3257 1108 1108 3258 1085 1085 3259 1086 1086 3260 1109 1109 3261 1086 1086 3262 1087 1087 3263 1110 1110 3264 1087 1087 3265 1088 1088 3266 1111 1111 3267 1088 1088 3268 1089 1089 3269 1112 1112 3270 1089 1089 3271 1090 1090 3272 1113 1113 3273 1090 1090 3274 1091 1091 3275 1114 1114 3276 1091 1091 3277 1092 1092 3278 1115 1115 3279 1092 1092 3280 1093 1093 3281 1116 1116 3282 1093 1093 3283 1094 1094 3284 1117 1117 3285 1094 1094 3286 1095 1095 3287 1096 1096 3288 1117 1117 3289 1095 1095 3290 1097 1097 3291 1118 1118 3292 1096 1096 3293 1098 1098 3294 1119 1119 3295 1097 1097 3296 1099 1077 3297 1120 1120 3298 1098 1098 3299 1100 1100 3300 1143 1121 3301 1121 1099 3302 1101 1101 3303 1122 1122 3304 1100 1100 3305 1102 1102 3306 1123 1123 3307 1101 1101 3308 1103 1103 3309 1124 1124 3310 1102 1102 3311 1104 1105 3312 1125 1125 3313 1103 1103 3314 1105 1126 3315 1126 1127 3316 1104 1105 3317 1128 1128 3318 1105 1126 3319 1106 1106 3320 1129 1129 3321 1106 1106 3322 1107 1107 3323 1130 1130 3324 1107 1107 3325 1108 1108 3326 1131 1131 3327 1108 1108 3328 1109 1109 3329 1132 1132 3330 1109 1109 3331 1110 1110 3332 1133 1133 3333 1110 1110 3334 1111 1111 3335 1134 1134 3336 1111 1111 3337 1112 1112 3338 1135 1135 3339 1112 1112 3340 1113 1113 3341 1136 1136 3342 1113 1113 3343 1114 1114 3344 1137 1137 3345 1114 1114 3346 1115 1115 3347 1138 1138 3348 1115 1115 3349 1116 1116 3350 1139 1139 3351 1116 1116 3352 1117 1117 3353 1118 1118 3354 1139 1139 3355 1117 1117 3356 1119 1119 3357 1140 1140 3358 1118 1118 3359 1120 1120 3360 1141 1141 3361 1119 1119 3362 1121 1099 3363 1142 1142 3364 1120 1120 3365 1144 1143 3366 1143 1121 3367 1122 1122 3368 1145 1144 3369 1122 1122 3370 1123 1123 3371 1146 1145 3372 1123 1123 3373 1124 1124 3374 1147 1146 3375 1124 1124 3376 1125 1125 3377 1148 1147 3378 1125 1125 3379 1126 1127 3380 1149 1148 3381 1126 1127 3382 1127 1149 3383 1150 1150 3384 1127 1149 3385 1128 1128 3386 1129 1129 3387 1150 1150 3388 1128 1128 3389 1130 1130 3390 1151 1151 3391 1129 1129 3392 1131 1131 3393 1152 1152 3394 1130 1130 3395 1132 1132 3396 1153 1153 3397 1131 1131 3398 1133 1133 3399 1154 1154 3400 1132 1132 3401 1134 1134 3402 1155 1155 3403 1133 1133 3404 1135 1135 3405 1156 1156 3406 1134 1134 3407 1136 1136 3408 1157 1157 3409 1135 1135 3410 1137 1137 3411 1158 1158 3412 1136 1136 3413 1138 1138 3414 1159 1159 3415 1137 1137 3416 1161 1160 3417 1138 1138 3418 1139 1139 3419 1162 1161 3420 1139 1139 3421 1140 1140 3422 1163 1162 3423 1140 1140 3424 1141 1141 3425 1164 1163 3426 1141 1141 3427 1142 1142 3428 1165 1164 3429 1142 1142 3430 1143 1121 3431 1166 1165 3432 1165 1164 3433 1144 1143 3434 1167 1166 3435 1144 1143 3436 1145 1144 3437 1168 1167 3438 1145 1144 3439 1146 1145 3440 1169 1168 3441 1146 1145 3442 1147 1146 3443 1170 1169 3444 1147 1146 3445 1148 1147 3446 1171 1170 3447 1148 1147 3448 1149 1148 3449 1172 1171 3450 1149 1148 3451 1150 1150 3452 1151 1151 3453 1172 1171 3454 1150 1150 3455 1152 1152 3456 1173 1172 3457 1151 1151 3458 1153 1153 3459 1174 1173 3460 1152 1152 3461 1154 1154 3462 1175 1174 3463 1153 1153 3464 1155 1155 3465 1176 1175 3466 1154 1154 3467 1156 1156 3468 1177 1176 3469 1155 1155 3470 1157 1157 3471 1178 1177 3472 1156 1156 3473 1158 1158 3474 1179 1178 3475 1157 1157 3476 1159 1159 3477 1180 1179 3478 1158 1158 3479 1160 1180 3480 1181 1181 3481 1159 1159 3482 1183 1182 3483 1160 1180 3484 1161 1160 3485 1184 1183 3486 1161 1160 3487 1162 1161 3488 1185 1184 3489 1162 1161 3490 1163 1162 3491 1186 1185 3492 1163 1162 3493 1164 1163 3494 1187 1186 3495 1164 1163 3496 1165 1164 3497 1188 1187 3498 1187 1186 3499 1166 1165 3500 1189 1188 3501 1166 1165 3502 1167 1166 3503 1190 1189 3504 1167 1166 3505 1168 1167 3506 1191 1190 3507 1168 1167 3508 1169 1168 3509 1192 1191 3510 1169 1168 3511 1170 1169 3512 1193 1192 3513 1170 1169 3514 1171 1170 3515 1194 1193 3516 1171 1170 3517 1172 1171 3518 1173 1172 3519 1194 1193 3520 1172 1171 3521 1174 1173 3522 1195 1194 3523 1173 1172 3524 1175 1174 3525 1196 1195 3526 1174 1173 3527 1176 1175 3528 1197 1196 3529 1175 1174 3530 1177 1176 3531 1198 1197 3532 1176 1175 3533 1178 1177 3534 1199 1198 3535 1177 1176 3536 1179 1178 3537 1200 1199 3538 1178 1177 3539 1180 1179 3540 1201 1200 3541 1179 1178 3542 1181 1181 3543 1202 1201 3544 1180 1179 3545 1182 1202 3546 1203 1203 3547 1181 1181 3548 1205 1204 3549 1182 1202 3550 1183 1182 3551 1206 1205 3552 1183 1182 3553 1184 1183 3554 1207 1206 3555 1184 1183 3556 1185 1184 3557 1208 1207 3558 1185 1184 3559 1186 1185 3560 1209 1208 3561 1186 1185 3562 1187 1186 3563 1210 1209 3564 1209 1208 3565 1188 1187 3566 1211 1210 3567 1188 1187 3568 1189 1188 3569 1212 1211 3570 1189 1188 3571 1190 1189 3572 1213 1212 3573 1190 1189 3574 1191 1190 3575 1214 1213 3576 1191 1190 3577 1192 1191 3578 1215 1214 3579 1192 1191 3580 1193 1192 3581 1216 1215 3582 1193 1192 3583 1194 1193 3584 1195 1194 3585 1216 1215 3586 1194 1193 3587 1196 1195 3588 1217 1216 3589 1195 1194 3590 1197 1196 3591 1218 1217 3592 1196 1195 3593 1198 1197 3594 1219 1218 3595 1197 1196 3596 1199 1198 3597 1220 1219 3598 1198 1197 3599 1200 1199 3600 1221 1220 3601 1199 1198 3602 1201 1200 3603 1222 1221 3604 1200 1199 3605 1202 1201 3606 1223 1222 3607 1201 1200 3608 1203 1203 3609 1224 1223 3610 1202 1201 3611 1204 1224 3612 1225 1225 3613 1203 1203 3614 1227 1226 3615 1204 1224 3616 1205 1204 3617 1228 1227 3618 1205 1204 3619 1206 1205 3620 1229 1228 3621 1206 1205 3622 1207 1206 3623 1230 1229 3624 1207 1206 3625 1208 1207 3626 1231 1230 3627 1208 1207 3628 1209 1208 3629 1232 1231 3630 1231 1230 3631 1210 1209 3632 1233 1232 3633 1210 1209 3634 1211 1210 3635 1234 1233 3636 1211 1210 3637 1212 1211 3638 1235 1234 3639 1212 1211 3640 1213 1212 3641 1236 1235 3642 1213 1212 3643 1214 1213 3644 1237 1236 3645 1214 1213 3646 1215 1214 3647 1238 1237 3648 1215 1214 3649 1216 1215 3650 1217 1216 3651 1238 1237 3652 1216 1215 3653 1218 1217 3654 1239 1238 3655 1217 1216 3656 1219 1218 3657 1240 1239 3658 1218 1217 3659 1220 1219 3660 1241 1240 3661 1219 1218 3662 1221 1220 3663 1242 1241 3664 1220 1219 3665 1222 1221 3666 1243 1242 3667 1221 1220 3668 1223 1222 3669 1244 1243 3670 1222 1221 3671 1224 1223 3672 1245 1244 3673 1223 1222 3674 1225 1225 3675 1246 1245 3676 1224 1223 3677 1226 1246 3678 1247 1247 3679 1225 1225 3680 1249 1248 3681 1226 1246 3682 1227 1226 3683 1250 1249 3684 1227 1226 3685 1228 1227 3686 1251 1250 3687 1228 1227 3688 1229 1228 3689 1252 1251 3690 1229 1228 3691 1230 1229 3692 1253 1252 3693 1230 1229 3694 1231 1230 3695 1254 1253 3696 1253 1252 3697 1232 1231 3698 1255 1254 3699 1232 1231 3700 1233 1232 3701 1256 1255 3702 1233 1232 3703 1234 1233 3704 1257 1256 3705 1234 1233 3706 1235 1234 3707 1258 1257 3708 1235 1234 3709 1236 1235 3710 1259 1258 3711 1236 1235 3712 1237 1236 3713 1260 1259 3714 1237 1236 3715 1238 1237 3716 1239 1238 3717 1260 1259 3718 1238 1237 3719 1240 1239 3720 1261 1260 3721 1239 1238 3722 1241 1240 3723 1262 1261 3724 1240 1239 3725 1242 1241 3726 1263 1262 3727 1241 1240 3728 1243 1242 3729 1264 1263 3730 1242 1241 3731 1244 1243 3732 1265 1264 3733 1243 1242 3734 1245 1244 3735 1266 1265 3736 1244 1243 3737 1246 1245 3738 1267 1266 3739 1245 1244 3740 1247 1247 3741 1268 1267 3742 1246 1245 3743 1248 1268 3744 1269 1269 3745 1247 1247 3746 1271 1270 3747 1248 1268 3748 1249 1248 3749 1272 1271 3750 1249 1248 3751 1250 1249 3752 1273 1272 3753 1250 1249 3754 1251 1250 3755 1274 1273 3756 1251 1250 3757 1252 1251 3758 1275 1274 3759 1252 1251 3760 1253 1252 3761 1254 1253 3762 1297 1275 3763 1275 1274 3764 1255 1254 3765 1276 1276 3766 1254 1253 3767 1256 1255 3768 1277 1277 3769 1255 1254 3770 1257 1256 3771 1278 1278 3772 1256 1255 3773 1258 1257 3774 1279 1279 3775 1257 1256 3776 1259 1258 3777 1280 1280 3778 1258 1257 3779 1282 1281 3780 1259 1258 3781 1260 1259 3782 1283 1282 3783 1260 1259 3784 1261 1260 3785 1284 1283 3786 1261 1260 3787 1262 1261 3788 1285 1284 3789 1262 1261 3790 1263 1262 3791 1286 1285 3792 1263 1262 3793 1264 1263 3794 1287 1286 3795 1264 1263 3796 1265 1264 3797 1288 1287 3798 1265 1264 3799 1266 1265 3800 1289 1288 3801 1266 1265 3802 1267 1266 3803 1290 1289 3804 1267 1266 3805 1268 1267 3806 1291 1290 3807 1268 1267 3808 1269 1269 3809 1292 1291 3810 1269 1269 3811 1270 1292 3812 1293 1293 3813 1270 1292 3814 1271 1270 3815 1272 1271 3816 1293 1293 3817 1271 1270 3818 1273 1272 3819 1294 1294 3820 1272 1271 3821 1274 1273 3822 1295 1295 3823 1273 1272 3824 1275 1274 3825 1296 1296 3826 1274 1273 3827 1276 1276 3828 1319 1297 3829 1297 1275 3830 1277 1277 3831 1298 1298 3832 1276 1276 3833 1278 1278 3834 1299 1299 3835 1277 1277 3836 1279 1279 3837 1300 1300 3838 1278 1278 3839 1280 1280 3840 1301 1301 3841 1279 1279 3842 1281 1302 3843 1302 1303 3844 1280 1280 3845 1304 1304 3846 1281 1302 3847 1282 1281 3848 1305 1305 3849 1282 1281 3850 1283 1282 3851 1306 1306 3852 1283 1282 3853 1284 1283 3854 1307 1307 3855 1284 1283 3856 1285 1284 3857 1308 1308 3858 1285 1284 3859 1286 1285 3860 1309 1309 3861 1286 1285 3862 1287 1286 3863 1310 1310 3864 1287 1286 3865 1288 1287 3866 1311 1311 3867 1288 1287 3868 1289 1288 3869 1312 1312 3870 1289 1288 3871 1290 1289 3872 1313 1313 3873 1290 1289 3874 1291 1290 3875 1314 1314 3876 1291 1290 3877 1292 1291 3878 1315 1315 3879 1292 1291 3880 1293 1293 3881 1294 1294 3882 1315 1315 3883 1293 1293 3884 1295 1295 3885 1316 1316 3886 1294 1294 3887 1296 1296 3888 1317 1317 3889 1295 1295 3890 1297 1275 3891 1318 1318 3892 1296 1296 3893 1298 1298 3894 1341 1319 3895 1319 1297 3896 1299 1299 3897 1320 1320 3898 1298 1298 3899 1300 1300 3900 1321 1321 3901 1299 1299 3902 1301 1301 3903 1322 1322 3904 1300 1300 3905 1302 1303 3906 1323 1323 3907 1301 1301 3908 1303 1324 3909 1324 1325 3910 1302 1303 3911 1326 1326 3912 1303 1324 3913 1304 1304 3914 1327 1327 3915 1304 1304 3916 1305 1305 3917 1328 1328 3918 1305 1305 3919 1306 1306 3920 1329 1329 3921 1306 1306 3922 1307 1307 3923 1330 1330 3924 1307 1307 3925 1308 1308 3926 1331 1331 3927 1308 1308 3928 1309 1309 3929 1332 1332 3930 1309 1309 3931 1310 1310 3932 1333 1333 3933 1310 1310 3934 1311 1311 3935 1334 1334 3936 1311 1311 3937 1312 1312 3938 1335 1335 3939 1312 1312 3940 1313 1313 3941 1336 1336 3942 1313 1313 3943 1314 1314 3944 1337 1337 3945 1314 1314 3946 1315 1315 3947 1316 1316 3948 1337 1337 3949 1315 1315 3950 1317 1317 3951 1338 1338 3952 1316 1316 3953 1318 1318 3954 1339 1339 3955 1317 1317 3956 1319 1297 3957 1340 1340 3958 1318 1318 3959 1320 1320 3960 1363 1341 3961 1341 1319 3962 1321 1321 3963 1342 1342 3964 1320 1320 3965 1322 1322 3966 1343 1343 3967 1321 1321 3968 1323 1323 3969 1344 1344 3970 1322 1322 3971 1324 1325 3972 1345 1345 3973 1323 1323 3974 1325 1346 3975 1346 1347 3976 1324 1325 3977 1348 1348 3978 1325 1346 3979 1326 1326 3980 1349 1349 3981 1326 1326 3982 1327 1327 3983 1350 1350 3984 1327 1327 3985 1328 1328 3986 1351 1351 3987 1328 1328 3988 1329 1329 3989 1352 1352 3990 1329 1329 3991 1330 1330 3992 1353 1353 3993 1330 1330 3994 1331 1331 3995 1354 1354 3996 1331 1331 3997 1332 1332 3998 1355 1355 3999 1332 1332 4000 1333 1333 4001 1356 1356 4002 1333 1333 4003 1334 1334 4004 1357 1357 4005 1334 1334 4006 1335 1335 4007 1358 1358 4008 1335 1335 4009 1336 1336 4010 1359 1359 4011 1336 1336 4012 1337 1337 4013 1338 1338 4014 1359 1359 4015 1337 1337 4016 1339 1339 4017 1360 1360 4018 1338 1338 4019 1340 1340 4020 1361 1361 4021 1339 1339 4022 1341 1319 4023 1362 1362 4024 1340 1340 4025 1342 1342 4026 1385 1363 4027 1363 1341 4028 1343 1343 4029 1364 1364 4030 1342 1342 4031 1344 1344 4032 1365 1365 4033 1343 1343 4034 1345 1345 4035 1366 1366 4036 1344 1344 4037 1346 1347 4038 1367 1367 4039 1345 1345 4040 1347 1368 4041 1368 1369 4042 1346 1347 4043 1370 1370 4044 1347 1368 4045 1348 1348 4046 1371 1371 4047 1348 1348 4048 1349 1349 4049 1372 1372 4050 1349 1349 4051 1350 1350 4052 1373 1373 4053 1350 1350 4054 1351 1351 4055 1374 1374 4056 1351 1351 4057 1352 1352 4058 1375 1375 4059 1352 1352 4060 1353 1353 4061 1376 1376 4062 1353 1353 4063 1354 1354 4064 1377 1377 4065 1354 1354 4066 1355 1355 4067 1378 1378 4068 1355 1355 4069 1356 1356 4070 1379 1379 4071 1356 1356 4072 1357 1357 4073 1380 1380 4074 1357 1357 4075 1358 1358 4076 1381 1381 4077 1358 1358 4078 1359 1359 4079 1360 1360 4080 1381 1381 4081 1359 1359 4082 1361 1361 4083 1382 1382 4084 1360 1360 4085 1362 1362 4086 1383 1383 4087 1361 1361 4088 1363 1341 4089 1384 1384 4090 1362 1362 4091 1364 1364 4092 1407 1385 4093 1385 1363 4094 1365 1365 4095 1386 1386 4096 1364 1364 4097 1366 1366 4098 1387 1387 4099 1365 1365 4100 1367 1367 4101 1388 1388 4102 1366 1366 4103 1368 1369 4104 1389 1389 4105 1367 1367 4106 1369 1390 4107 1390 1391 4108 1368 1369 4109 1392 1392 4110 1369 1390 4111 1370 1370 4112 1393 1393 4113 1370 1370 4114 1371 1371 4115 1394 1394 4116 1371 1371 4117 1372 1372 4118 1395 1395 4119 1372 1372 4120 1373 1373 4121 1396 1396 4122 1373 1373 4123 1374 1374 4124 1397 1397 4125 1374 1374 4126 1375 1375 4127 1398 1398 4128 1375 1375 4129 1376 1376 4130 1399 1399 4131 1376 1376 4132 1377 1377 4133 1400 1400 4134 1377 1377 4135 1378 1378 4136 1401 1401 4137 1378 1378 4138 1379 1379 4139 1402 1402 4140 1379 1379 4141 1380 1380 4142 1403 1403 4143 1380 1380 4144 1381 1381 4145 1382 1382 4146 1403 1403 4147 1381 1381 4148 1383 1383 4149 1404 1404 4150 1382 1382 4151 1384 1384 4152 1405 1405 4153 1383 1383 4154 1385 1363 4155 1406 1406 4156 1384 1384 4157 1386 1386 4158 1429 1407 4159 1407 1385 4160 1387 1387 4161 1408 1408 4162 1386 1386 4163 1388 1388 4164 1409 1409 4165 1387 1387 4166 1389 1389 4167 1410 1410 4168 1388 1388 4169 1390 1391 4170 1411 1411 4171 1389 1389 4172 1391 1412 4173 1412 1413 4174 1390 1391 4175 1414 1414 4176 1391 1412 4177 1392 1392 4178 1415 1415 4179 1392 1392 4180 1393 1393 4181 1416 1416 4182 1393 1393 4183 1394 1394 4184 1417 1417 4185 1394 1394 4186 1395 1395 4187 1418 1418 4188 1395 1395 4189 1396 1396 4190 1419 1419 4191 1396 1396 4192 1397 1397 4193 1420 1420 4194 1397 1397 4195 1398 1398 4196 1421 1421 4197 1398 1398 4198 1399 1399 4199 1422 1422 4200 1399 1399 4201 1400 1400 4202 1423 1423 4203 1400 1400 4204 1401 1401 4205 1424 1424 4206 1401 1401 4207 1402 1402 4208 1425 1425 4209 1402 1402 4210 1403 1403 4211 1404 1404 4212 1425 1425 4213 1403 1403 4214 1405 1405 4215 1426 1426 4216 1404 1404 4217 1406 1406 4218 1427 1427 4219 1405 1405 4220 1407 1385 4221 1428 1428 4222 1406 1406 4223 1408 1408 4224 1451 1429 4225 1429 1407 4226 1409 1409 4227 1430 1430 4228 1408 1408 4229 1410 1410 4230 1431 1431 4231 1409 1409 4232 1411 1411 4233 1432 1432 4234 1410 1410 4235 1412 1413 4236 1433 1433 4237 1411 1411 4238 1413 1434 4239 1434 1435 4240 1412 1413 4241 1436 1436 4242 1413 1434 4243 1414 1414 4244 1437 1437 4245 1414 1414 4246 1415 1415 4247 1438 1438 4248 1415 1415 4249 1416 1416 4250 1439 1439 4251 1416 1416 4252 1417 1417 4253 1440 1440 4254 1417 1417 4255 1418 1418 4256 1441 1441 4257 1418 1418 4258 1419 1419 4259 1442 1442 4260 1419 1419 4261 1420 1420 4262 1443 1443 4263 1420 1420 4264 1421 1421 4265 1444 1444 4266 1421 1421 4267 1422 1422 4268 1445 1445 4269 1422 1422 4270 1423 1423 4271 1446 1446 4272 1423 1423 4273 1424 1424 4274 1447 1447 4275 1424 1424 4276 1425 1425 4277 1426 1426 4278 1447 1447 4279 1425 1425 4280 1427 1427 4281 1448 1448 4282 1426 1426 4283 1428 1428 4284 1449 1449 4285 1427 1427 4286 1429 1407 4287 1450 1450 4288 1428 1428 4289 1430 1430 4290 1473 1451 4291 1451 1429 4292 1431 1431 4293 1452 1452 4294 1430 1430 4295 1432 1432 4296 1453 1453 4297 1431 1431 4298 1433 1433 4299 1454 1454 4300 1432 1432 4301 1434 1435 4302 1455 1455 4303 1433 1433 4304 1435 1456 4305 1456 1457 4306 1434 1435 4307 1458 1458 4308 1435 1456 4309 1436 1436 4310 1459 1459 4311 1436 1436 4312 1437 1437 4313 1460 1460 4314 1437 1437 4315 1438 1438 4316 1461 1461 4317 1438 1438 4318 1439 1439 4319 1462 1462 4320 1439 1439 4321 1440 1440 4322 1463 1463 4323 1440 1440 4324 1441 1441 4325 1464 1464 4326 1441 1441 4327 1442 1442 4328 1465 1465 4329 1442 1442 4330 1443 1443 4331 1466 1466 4332 1443 1443 4333 1444 1444 4334 1467 1467 4335 1444 1444 4336 1445 1445 4337 1468 1468 4338 1445 1445 4339 1446 1446 4340 1469 1469 4341 1446 1446 4342 1447 1447 4343 1448 1448 4344 1469 1469 4345 1447 1447 4346 1449 1449 4347 1470 1470 4348 1448 1448 4349 1450 1450 4350 1471 1471 4351 1449 1449 4352 1451 1429 4353 1472 1472 4354 1450 1450 4355 1474 1473 4356 1473 1451 4357 1452 1452 4358 1475 1474 4359 1452 1452 4360 1453 1453 4361 1476 1475 4362 1453 1453 4363 1454 1454 4364 1477 1476 4365 1454 1454 4366 1455 1455 4367 1478 1477 4368 1455 1455 4369 1456 1457 4370 1479 1478 4371 1456 1457 4372 1457 1479 4373 1480 1480 4374 1457 1479 4375 1458 1458 4376 1459 1459 4377 1480 1480 4378 1458 1458 4379 1460 1460 4380 1481 1481 4381 1459 1459 4382 1461 1461 4383 1482 1482 4384 1460 1460 4385 1462 1462 4386 1483 1483 4387 1461 1461 4388 1463 1463 4389 1484 1484 4390 1462 1462 4391 1464 1464 4392 1485 1485 4393 1463 1463 4394 1465 1465 4395 1486 1486 4396 1464 1464 4397 1466 1466 4398 1487 1487 4399 1465 1465 4400 1467 1467 4401 1488 1488 4402 1466 1466 4403 1468 1468 4404 1489 1489 4405 1467 1467 4406 1491 1490 4407 1468 1468 4408 1469 1469 4409 1492 1491 4410 1469 1469 4411 1470 1470 4412 1493 1492 4413 1470 1470 4414 1471 1471 4415 1494 1493 4416 1471 1471 4417 1472 1472 4418 1495 1494 4419 1472 1472 4420 1473 1451 4421 1496 1495 4422 1495 1494 4423 1474 1473 4424 1497 1496 4425 1474 1473 4426 1475 1474 4427 1498 1497 4428 1475 1474 4429 1476 1475 4430 1499 1498 4431 1476 1475 4432 1477 1476 4433 1500 1499 4434 1477 1476 4435 1478 1477 4436 1501 1500 4437 1478 1477 4438 1479 1478 4439 1502 1501 4440 1479 1478 4441 1480 1480 4442 1481 1481 4443 1502 1501 4444 1480 1480 4445 1482 1482 4446 1503 1502 4447 1481 1481 4448 1483 1483 4449 1504 1503 4450 1482 1482 4451 1484 1484 4452 1505 1504 4453 1483 1483 4454 1485 1485 4455 1506 1505 4456 1484 1484 4457 1486 1486 4458 1507 1506 4459 1485 1485 4460 1487 1487 4461 1508 1507 4462 1486 1486 4463 1488 1488 4464 1509 1508 4465 1487 1487 4466 1489 1489 4467 1510 1509 4468 1488 1488 4469 1490 1510 4470 1511 1511 4471 1489 1489 4472 1513 1512 4473 1490 1510 4474 1491 1490 4475 1514 1513 4476 1491 1490 4477 1492 1491 4478 1515 1514 4479 1492 1491 4480 1493 1492 4481 1516 1515 4482 1493 1492 4483 1494 1493 4484 1517 1516 4485 1494 1493 4486 1495 1494 4487 1518 1517 4488 1517 1516 4489 1496 1495 4490 1519 1518 4491 1496 1495 4492 1497 1496 4493 1520 1519 4494 1497 1496 4495 1498 1497 4496 1521 1520 4497 1498 1497 4498 1499 1498 4499 1522 1521 4500 1499 1498 4501 1500 1499 4502 1523 1522 4503 1500 1499 4504 1501 1500 4505 1524 1523 4506 1501 1500 4507 1502 1501 4508 1503 1502 4509 1524 1523 4510 1502 1501 4511 1504 1503 4512 1525 1524 4513 1503 1502 4514 1505 1504 4515 1526 1525 4516 1504 1503 4517 1506 1505 4518 1527 1526 4519 1505 1504 4520 1507 1506 4521 1528 1527 4522 1506 1505 4523 1508 1507 4524 1529 1528 4525 1507 1506 4526 1509 1508 4527 1530 1529 4528 1508 1507 4529 1510 1509 4530 1531 1530 4531 1509 1508 4532 1511 1511 4533 1532 1531 4534 1510 1509 4535 1512 1532 4536 1533 1533 4537 1511 1511 4538 1535 1534 4539 1512 1532 4540 1513 1512 4541 1536 1535 4542 1513 1512 4543 1514 1513 4544 1537 1536 4545 1514 1513 4546 1515 1514 4547 1538 1537 4548 1515 1514 4549 1516 1515 4550 1539 1538 4551 1516 1515 4552 1517 1516 4553 1540 1539 4554 1539 1538 4555 1518 1517 4556 1541 1540 4557 1518 1517 4558 1519 1518 4559 1542 1541 4560 1519 1518 4561 1520 1519 4562 1543 1542 4563 1520 1519 4564 1521 1520 4565 1544 1543 4566 1521 1520 4567 1522 1521 4568 1545 1544 4569 1522 1521 4570 1523 1522 4571 1546 1545 4572 1523 1522 4573 1524 1523 4574 1525 1524 4575 1546 1545 4576 1524 1523 4577 1526 1525 4578 1547 1546 4579 1525 1524 4580 1527 1526 4581 1548 1547 4582 1526 1525 4583 1528 1527 4584 1549 1548 4585 1527 1526 4586 1529 1528 4587 1550 1549 4588 1528 1527 4589 1530 1529 4590 1551 1550 4591 1529 1528 4592 1531 1530 4593 1552 1551 4594 1530 1529 4595 1532 1531 4596 1553 1552 4597 1531 1530 4598 1533 1533 4599 1554 1553 4600 1532 1531 4601 1534 1554 4602 1555 1555 4603 1533 1533 4604 1557 1556 4605 1534 1554 4606 1535 1534 4607 1558 1557 4608 1535 1534 4609 1536 1535 4610 1559 1558 4611 1536 1535 4612 1537 1536 4613 1560 1559 4614 1537 1536 4615 1538 1537 4616 1561 1560 4617 1538 1537 4618 1539 1538 4619 1562 1561 4620 1561 1560 4621 1540 1539 4622 1563 1562 4623 1540 1539 4624 1541 1540 4625 1564 1563 4626 1541 1540 4627 1542 1541 4628 1565 1564 4629 1542 1541 4630 1543 1542 4631 1566 1565 4632 1543 1542 4633 1544 1543 4634 1567 1566 4635 1544 1543 4636 1545 1544 4637 1568 1567 4638 1545 1544 4639 1546 1545 4640 1547 1546 4641 1568 1567 4642 1546 1545 4643 1548 1547 4644 1569 1568 4645 1547 1546 4646 1549 1548 4647 1570 1569 4648 1548 1547 4649 1550 1549 4650 1571 1570 4651 1549 1548 4652 1551 1550 4653 1572 1571 4654 1550 1549 4655 1552 1551 4656 1573 1572 4657 1551 1550 4658 1553 1552 4659 1574 1573 4660 1552 1551 4661 1554 1553 4662 1575 1574 4663 1553 1552 4664 1555 1555 4665 1576 1575 4666 1554 1553 4667 1556 1576 4668 1577 1577 4669 1555 1555 4670 1579 1578 4671 1556 1576 4672 1557 1556 4673 1580 1579 4674 1557 1556 4675 1558 1557 4676 1581 1580 4677 1558 1557 4678 1559 1558 4679 1582 1581 4680 1559 1558 4681 1560 1559 4682 1583 1582 4683 1560 1559 4684 1561 1560 4685 1584 1583 4686 1583 1582 4687 1562 1561 4688 1585 1584 4689 1562 1561 4690 1563 1562 4691 1586 1585 4692 1563 1562 4693 1564 1563 4694 1587 1586 4695 1564 1563 4696 1565 1564 4697 1588 1587 4698 1565 1564 4699 1566 1565 4700 1589 1588 4701 1566 1565 4702 1567 1566 4703 1590 1589 4704 1567 1566 4705 1568 1567 4706 1569 1568 4707 1590 1589 4708 1568 1567 4709 1570 1569 4710 1591 1590 4711 1569 1568 4712 1571 1570 4713 1592 1591 4714 1570 1569 4715 1572 1571 4716 1593 1592 4717 1571 1570 4718 1573 1572 4719 1594 1593 4720 1572 1571 4721 1574 1573 4722 1595 1594 4723 1573 1572 4724 1575 1574 4725 1596 1595 4726 1574 1573 4727 1576 1575 4728 1597 1596 4729 1575 1574 4730 1577 1577 4731 1598 1597 4732 1576 1575 4733 1578 1598 4734 1599 1599 4735 1577 1577 4736 1601 1600 4737 1578 1598 4738 1579 1578 4739 1602 1601 4740 1579 1578 4741 1580 1579 4742 1603 1602 4743 1580 1579 4744 1581 1580 4745 1604 1603 4746 1581 1580 4747 1582 1581 4748 1605 1604 4749 1582 1581 4750 1583 1582 4751 1606 1605 4752 1605 1604 4753 1584 1583 4754 1607 1606 4755 1584 1583 4756 1585 1584 4757 1608 1607 4758 1585 1584 4759 1586 1585 4760 1609 1608 4761 1586 1585 4762 1587 1586 4763 1610 1609 4764 1587 1586 4765 1588 1587 4766 1611 1610 4767 1588 1587 4768 1589 1588 4769 1612 1611 4770 1589 1588 4771 1590 1589 4772 1591 1590 4773 1612 1611 4774 1590 1589 4775 1592 1591 4776 1613 1612 4777 1591 1590 4778 1593 1592 4779 1614 1613 4780 1592 1591 4781 1594 1593 4782 1615 1614 4783 1593 1592 4784 1595 1594 4785 1616 1615 4786 1594 1593 4787 1596 1595 4788 1617 1616 4789 1595 1594 4790 1597 1596 4791 1618 1617 4792 1596 1595 4793 1598 1597 4794 1619 1618 4795 1597 1596 4796 1599 1599 4797 1620 1619 4798 1598 1597 4799 1600 1620 4800 1621 1621 4801 1599 1599 4802 1623 1622 4803 1600 1620 4804 1601 1600 4805 1624 1623 4806 1601 1600 4807 1602 1601 4808 1625 1624 4809 1602 1601 4810 1603 1602 4811 1626 1625 4812 1603 1602 4813 1604 1603 4814 1627 1626 4815 1604 1603 4816 1605 1604 4817 1606 1605 4818 1649 1627 4819 1627 1626 4820 1607 1606 4821 1628 1628 4822 1606 1605 4823 1608 1607 4824 1629 1629 4825 1607 1606 4826 1609 1608 4827 1630 1630 4828 1608 1607 4829 1610 1609 4830 1631 1631 4831 1609 1608 4832 1611 1610 4833 1632 1632 4834 1610 1609 4835 1634 1633 4836 1611 1610 4837 1612 1611 4838 1635 1634 4839 1612 1611 4840 1613 1612 4841 1636 1635 4842 1613 1612 4843 1614 1613 4844 1637 1636 4845 1614 1613 4846 1615 1614 4847 1638 1637 4848 1615 1614 4849 1616 1615 4850 1639 1638 4851 1616 1615 4852 1617 1616 4853 1640 1639 4854 1617 1616 4855 1618 1617 4856 1641 1640 4857 1618 1617 4858 1619 1618 4859 1642 1641 4860 1619 1618 4861 1620 1619 4862 1643 1642 4863 1620 1619 4864 1621 1621 4865 1644 1643 4866 1621 1621 4867 1622 1644 4868 1645 1645 4869 1622 1644 4870 1623 1622 4871 1624 1623 4872 1645 1645 4873 1623 1622 4874 1625 1624 4875 1646 1646 4876 1624 1623 4877 1626 1625 4878 1647 1647 4879 1625 1624 4880 1627 1626 4881 1648 1648 4882 1626 1625 4883 1628 1628 4884 1671 1649 4885 1649 1627 4886 1629 1629 4887 1650 1650 4888 1628 1628 4889 1630 1630 4890 1651 1651 4891 1629 1629 4892 1631 1631 4893 1652 1652 4894 1630 1630 4895 1632 1632 4896 1653 1653 4897 1631 1631 4898 1633 1654 4899 1654 1655 4900 1632 1632 4901 1656 1656 4902 1633 1654 4903 1634 1633 4904 1657 1657 4905 1634 1633 4906 1635 1634 4907 1658 1658 4908 1635 1634 4909 1636 1635 4910 1659 1659 4911 1636 1635 4912 1637 1636 4913 1660 1660 4914 1637 1636 4915 1638 1637 4916 1661 1661 4917 1638 1637 4918 1639 1638 4919 1662 1662 4920 1639 1638 4921 1640 1639 4922 1663 1663 4923 1640 1639 4924 1641 1640 4925 1664 1664 4926 1641 1640 4927 1642 1641 4928 1665 1665 4929 1642 1641 4930 1643 1642 4931 1666 1666 4932 1643 1642 4933 1644 1643 4934 1667 1667 4935 1644 1643 4936 1645 1645 4937 1646 1646 4938 1667 1667 4939 1645 1645 4940 1647 1647 4941 1668 1668 4942 1646 1646 4943 1648 1648 4944 1669 1669 4945 1647 1647 4946 1649 1627 4947 1670 1670 4948 1648 1648 4949 1650 1650 4950 1693 1671 4951 1671 1649 4952 1651 1651 4953 1672 1672 4954 1650 1650 4955 1652 1652 4956 1673 1673 4957 1651 1651 4958 1653 1653 4959 1674 1674 4960 1652 1652 4961 1654 1655 4962 1675 1675 4963 1653 1653 4964 1655 1676 4965 1676 1677 4966 1654 1655 4967 1678 1678 4968 1655 1676 4969 1656 1656 4970 1679 1679 4971 1656 1656 4972 1657 1657 4973 1680 1680 4974 1657 1657 4975 1658 1658 4976 1681 1681 4977 1658 1658 4978 1659 1659 4979 1682 1682 4980 1659 1659 4981 1660 1660 4982 1683 1683 4983 1660 1660 4984 1661 1661 4985 1684 1684 4986 1661 1661 4987 1662 1662 4988 1685 1685 4989 1662 1662 4990 1663 1663 4991 1686 1686 4992 1663 1663 4993 1664 1664 4994 1687 1687 4995 1664 1664 4996 1665 1665 4997 1688 1688 4998 1665 1665 4999 1666 1666 5000 1689 1689 5001 1666 1666 5002 1667 1667 5003 1668 1668 5004 1689 1689 5005 1667 1667 5006 1669 1669 5007 1690 1690 5008 1668 1668 5009 1670 1670 5010 1691 1691 5011 1669 1669 5012 1671 1649 5013 1692 1692 5014 1670 1670 5015 1672 1672 5016 1715 1693 5017 1693 1671 5018 1673 1673 5019 1694 1694 5020 1672 1672 5021 1674 1674 5022 1695 1695 5023 1673 1673 5024 1675 1675 5025 1696 1696 5026 1674 1674 5027 1676 1677 5028 1697 1697 5029 1675 1675 5030 1677 1698 5031 1698 1699 5032 1676 1677 5033 1700 1700 5034 1677 1698 5035 1678 1678 5036 1701 1701 5037 1678 1678 5038 1679 1679 5039 1702 1702 5040 1679 1679 5041 1680 1680 5042 1703 1703 5043 1680 1680 5044 1681 1681 5045 1704 1704 5046 1681 1681 5047 1682 1682 5048 1705 1705 5049 1682 1682 5050 1683 1683 5051 1706 1706 5052 1683 1683 5053 1684 1684 5054 1707 1707 5055 1684 1684 5056 1685 1685 5057 1708 1708 5058 1685 1685 5059 1686 1686 5060 1709 1709 5061 1686 1686 5062 1687 1687 5063 1710 1710 5064 1687 1687 5065 1688 1688 5066 1711 1711 5067 1688 1688 5068 1689 1689 5069 1690 1690 5070 1711 1711 5071 1689 1689 5072 1691 1691 5073 1712 1712 5074 1690 1690 5075 1692 1692 5076 1713 1713 5077 1691 1691 5078 1693 1671 5079 1714 1714 5080 1692 1692 5081 1694 1694 5082 1737 1715 5083 1715 1693 5084 1695 1695 5085 1716 1716 5086 1694 1694 5087 1696 1696 5088 1717 1717 5089 1695 1695 5090 1697 1697 5091 1718 1718 5092 1696 1696 5093 1698 1699 5094 1719 1719 5095 1697 1697 5096 1699 1720 5097 1720 1721 5098 1698 1699 5099 1722 1722 5100 1699 1720 5101 1700 1700 5102 1723 1723 5103 1700 1700 5104 1701 1701 5105 1724 1724 5106 1701 1701 5107 1702 1702 5108 1725 1725 5109 1702 1702 5110 1703 1703 5111 1726 1726 5112 1703 1703 5113 1704 1704 5114 1727 1727 5115 1704 1704 5116 1705 1705 5117 1728 1728 5118 1705 1705 5119 1706 1706 5120 1729 1729 5121 1706 1706 5122 1707 1707 5123 1730 1730 5124 1707 1707 5125 1708 1708 5126 1731 1731 5127 1708 1708 5128 1709 1709 5129 1732 1732 5130 1709 1709 5131 1710 1710 5132 1733 1733 5133 1710 1710 5134 1711 1711 5135 1712 1712 5136 1733 1733 5137 1711 1711 5138 1713 1713 5139 1734 1734 5140 1712 1712 5141 1714 1714 5142 1735 1735 5143 1713 1713 5144 1715 1693 5145 1736 1736 5146 1714 1714 5147 1716 1716 5148 1759 1737 5149 1737 1715 5150 1717 1717 5151 1738 1738 5152 1716 1716 5153 1718 1718 5154 1739 1739 5155 1717 1717 5156 1719 1719 5157 1740 1740 5158 1718 1718 5159 1720 1721 5160 1741 1741 5161 1719 1719 5162 1721 1742 5163 1742 1743 5164 1720 1721 5165 1744 1744 5166 1721 1742 5167 1722 1722 5168 1745 1745 5169 1722 1722 5170 1723 1723 5171 1746 1746 5172 1723 1723 5173 1724 1724 5174 1747 1747 5175 1724 1724 5176 1725 1725 5177 1748 1748 5178 1725 1725 5179 1726 1726 5180 1749 1749 5181 1726 1726 5182 1727 1727 5183 1750 1750 5184 1727 1727 5185 1728 1728 5186 1751 1751 5187 1728 1728 5188 1729 1729 5189 1752 1752 5190 1729 1729 5191 1730 1730 5192 1753 1753 5193 1730 1730 5194 1731 1731 5195 1754 1754 5196 1731 1731 5197 1732 1732 5198 1755 1755 5199 1732 1732 5200 1733 1733 5201 1734 1734 5202 1755 1755 5203 1733 1733 5204 1735 1735 5205 1756 1756 5206 1734 1734 5207 1736 1736 5208 1757 1757 5209 1735 1735 5210 1737 1715 5211 1758 1758 5212 1736 1736 5213 1738 1738 5214 1781 1759 5215 1759 1737 5216 1739 1739 5217 1760 1760 5218 1738 1738 5219 1740 1740 5220 1761 1761 5221 1739 1739 5222 1741 1741 5223 1762 1762 5224 1740 1740 5225 1742 1743 5226 1763 1763 5227 1741 1741 5228 1743 1764 5229 1764 1765 5230 1742 1743 5231 1766 1766 5232 1743 1764 5233 1744 1744 5234 1767 1767 5235 1744 1744 5236 1745 1745 5237 1768 1768 5238 1745 1745 5239 1746 1746 5240 1769 1769 5241 1746 1746 5242 1747 1747 5243 1770 1770 5244 1747 1747 5245 1748 1748 5246 1771 1771 5247 1748 1748 5248 1749 1749 5249 1772 1772 5250 1749 1749 5251 1750 1750 5252 1773 1773 5253 1750 1750 5254 1751 1751 5255 1774 1774 5256 1751 1751 5257 1752 1752 5258 1775 1775 5259 1752 1752 5260 1753 1753 5261 1776 1776 5262 1753 1753 5263 1754 1754 5264 1777 1777 5265 1754 1754 5266 1755 1755 5267 1756 1756 5268 1777 1777 5269 1755 1755 5270 1757 1757 5271 1778 1778 5272 1756 1756 5273 1758 1758 5274 1779 1779 5275 1757 1757 5276 1759 1737 5277 1780 1780 5278 1758 1758 5279 1760 1760 5280 1803 1781 5281 1781 1759 5282 1761 1761 5283 1782 1782 5284 1760 1760 5285 1762 1762 5286 1783 1783 5287 1761 1761 5288 1763 1763 5289 1784 1784 5290 1762 1762 5291 1764 1765 5292 1785 1785 5293 1763 1763 5294 1765 1786 5295 1786 1787 5296 1764 1765 5297 1788 1788 5298 1765 1786 5299 1766 1766 5300 1789 1789 5301 1766 1766 5302 1767 1767 5303 1790 1790 5304 1767 1767 5305 1768 1768 5306 1791 1791 5307 1768 1768 5308 1769 1769 5309 1792 1792 5310 1769 1769 5311 1770 1770 5312 1793 1793 5313 1770 1770 5314 1771 1771 5315 1794 1794 5316 1771 1771 5317 1772 1772 5318 1795 1795 5319 1772 1772 5320 1773 1773 5321 1796 1796 5322 1773 1773 5323 1774 1774 5324 1797 1797 5325 1774 1774 5326 1775 1775 5327 1798 1798 5328 1775 1775 5329 1776 1776 5330 1799 1799 5331 1776 1776 5332 1777 1777 5333 1778 1778 5334 1799 1799 5335 1777 1777 5336 1779 1779 5337 1800 1800 5338 1778 1778 5339 1780 1780 5340 1801 1801 5341 1779 1779 5342 1781 1759 5343 1802 1802 5344 1780 1780 5345 1782 1782 5346 1825 1803 5347 1803 1781 5348 1783 1783 5349 1804 1804 5350 1782 1782 5351 1784 1784 5352 1805 1805 5353 1783 1783 5354 1785 1785 5355 1806 1806 5356 1784 1784 5357 1786 1787 5358 1807 1807 5359 1785 1785 5360 1787 1808 5361 1808 1809 5362 1786 1787 5363 1810 1810 5364 1787 1808 5365 1788 1788 5366 1811 1811 5367 1788 1788 5368 1789 1789 5369 1812 1812 5370 1789 1789 5371 1790 1790 5372 1813 1813 5373 1790 1790 5374 1791 1791 5375 1814 1814 5376 1791 1791 5377 1792 1792 5378 1815 1815 5379 1792 1792 5380 1793 1793 5381 1816 1816 5382 1793 1793 5383 1794 1794 5384 1817 1817 5385 1794 1794 5386 1795 1795 5387 1818 1818 5388 1795 1795 5389 1796 1796 5390 1819 1819 5391 1796 1796 5392 1797 1797 5393 1820 1820 5394 1797 1797 5395 1798 1798 5396 1821 1821 5397 1798 1798 5398 1799 1799 5399 1800 1800 5400 1821 1821 5401 1799 1799 5402 1801 1801 5403 1822 1822 5404 1800 1800 5405 1802 1802 5406 1823 1823 5407 1801 1801 5408 1803 1781 5409 1824 1824 5410 1802 1802 5411 1804 1804 5412 1847 1825 5413 1825 1803 5414 1805 1805 5415 1826 1826 5416 1804 1804 5417 1806 1806 5418 1827 1827 5419 1805 1805 5420 1807 1807 5421 1828 1828 5422 1806 1806 5423 1808 1809 5424 1829 1829 5425 1807 1807 5426 1809 1830 5427 1830 1831 5428 1808 1809 5429 1832 1832 5430 1809 1830 5431 1810 1810 5432 1833 1833 5433 1810 1810 5434 1811 1811 5435 1834 1834 5436 1811 1811 5437 1812 1812 5438 1835 1835 5439 1812 1812 5440 1813 1813 5441 1836 1836 5442 1813 1813 5443 1814 1814 5444 1837 1837 5445 1814 1814 5446 1815 1815 5447 1838 1838 5448 1815 1815 5449 1816 1816 5450 1839 1839 5451 1816 1816 5452 1817 1817 5453 1840 1840 5454 1817 1817 5455 1818 1818 5456 1841 1841 5457 1818 1818 5458 1819 1819 5459 1842 1842 5460 1819 1819 5461 1820 1820 5462 1843 1843 5463 1820 1820 5464 1821 1821 5465 1822 1822 5466 1843 1843 5467 1821 1821 5468 1823 1823 5469 1844 1844 5470 1822 1822 5471 1824 1824 5472 1845 1845 5473 1823 1823 5474 1825 1803 5475 1846 1846 5476 1824 1824 5477 1848 1847 5478 1847 1825 5479 1826 1826 5480 1849 1848 5481 1826 1826 5482 1827 1827 5483 1850 1849 5484 1827 1827 5485 1828 1828 5486 1851 1850 5487 1828 1828 5488 1829 1829 5489 1852 1851 5490 1829 1829 5491 1830 1831 5492 1853 1852 5493 1830 1831 5494 1831 1853 5495 1854 1854 5496 1831 1853 5497 1832 1832 5498 1833 1833 5499 1854 1854 5500 1832 1832 5501 1834 1834 5502 1855 1855 5503 1833 1833 5504 1835 1835 5505 1856 1856 5506 1834 1834 5507 1836 1836 5508 1857 1857 5509 1835 1835 5510 1837 1837 5511 1858 1858 5512 1836 1836 5513 1838 1838 5514 1859 1859 5515 1837 1837 5516 1839 1839 5517 1860 1860 5518 1838 1838 5519 1840 1840 5520 1861 1861 5521 1839 1839 5522 1841 1841 5523 1862 1862 5524 1840 1840 5525 1842 1842 5526 1863 1863 5527 1841 1841 5528 1865 1864 5529 1842 1842 5530 1843 1843 5531 1866 1865 5532 1843 1843 5533 1844 1844 5534 1867 1866 5535 1844 1844 5536 1845 1845 5537 1868 1867 5538 1845 1845 5539 1846 1846 5540 1869 1868 5541 1846 1846 5542 1847 1825 5543 1870 1869 5544 1869 1868 5545 1848 1847 5546 1871 1870 5547 1848 1847 5548 1849 1848 5549 1872 1871 5550 1849 1848 5551 1850 1849 5552 1873 1872 5553 1850 1849 5554 1851 1850 5555 1874 1873 5556 1851 1850 5557 1852 1851 5558 1875 1874 5559 1852 1851 5560 1853 1852 5561 1876 1875 5562 1853 1852 5563 1854 1854 5564 1855 1855 5565 1876 1875 5566 1854 1854 5567 1856 1856 5568 1877 1876 5569 1855 1855 5570 1857 1857 5571 1878 1877 5572 1856 1856 5573 1858 1858 5574 1879 1878 5575 1857 1857 5576 1859 1859 5577 1880 1879 5578 1858 1858 5579 1860 1860 5580 1881 1880 5581 1859 1859 5582 1861 1861 5583 1882 1881 5584 1860 1860 5585 1862 1862 5586 1883 1882 5587 1861 1861 5588 1863 1863 5589 1884 1883 5590 1862 1862 5591 1864 1884 5592 1885 1885 5593 1863 1863 5594 1887 1886 5595 1864 1884 5596 1865 1864 5597 1888 1887 5598 1865 1864 5599 1866 1865 5600 1889 1888 5601 1866 1865 5602 1867 1866 5603 1890 1889 5604 1867 1866 5605 1868 1867 5606 1891 1890 5607 1868 1867 5608 1869 1868 5609 1892 1891 5610 1891 1890 5611 1870 1869 5612 1893 1892 5613 1870 1869 5614 1871 1870 5615 1894 1893 5616 1871 1870 5617 1872 1871 5618 1895 1894 5619 1872 1871 5620 1873 1872 5621 1896 1895 5622 1873 1872 5623 1874 1873 5624 1897 1896 5625 1874 1873 5626 1875 1874 5627 1898 1897 5628 1875 1874 5629 1876 1875 5630 1877 1876 5631 1898 1897 5632 1876 1875 5633 1878 1877 5634 1899 1898 5635 1877 1876 5636 1879 1878 5637 1900 1899 5638 1878 1877 5639 1880 1879 5640 1901 1900 5641 1879 1878 5642 1881 1880 5643 1902 1901 5644 1880 1879 5645 1882 1881 5646 1903 1902 5647 1881 1880 5648 1883 1882 5649 1904 1903 5650 1882 1881 5651 1884 1883 5652 1905 1904 5653 1883 1882 5654 1885 1885 5655 1906 1905 5656 1884 1883 5657 1886 1906 5658 1907 1907 5659 1885 1885 5660 1909 1908 5661 1886 1906 5662 1887 1886 5663 1910 1909 5664 1887 1886 5665 1888 1887 5666 1911 1910 5667 1888 1887 5668 1889 1888 5669 1912 1911 5670 1889 1888 5671 1890 1889 5672 1913 1912 5673 1890 1889 5674 1891 1890 5675 1914 1913 5676 1913 1912 5677 1892 1891 5678 1915 1914 5679 1892 1891 5680 1893 1892 5681 1916 1915 5682 1893 1892 5683 1894 1893 5684 1917 1916 5685 1894 1893 5686 1895 1894 5687 1918 1917 5688 1895 1894 5689 1896 1895 5690 1919 1918 5691 1896 1895 5692 1897 1896 5693 1920 1919 5694 1897 1896 5695 1898 1897 5696 1899 1898 5697 1920 1919 5698 1898 1897 5699 1900 1899 5700 1921 1920 5701 1899 1898 5702 1901 1900 5703 1922 1921 5704 1900 1899 5705 1902 1901 5706 1923 1922 5707 1901 1900 5708 1903 1902 5709 1924 1923 5710 1902 1901 5711 1904 1903 5712 1925 1924 5713 1903 1902 5714 1905 1904 5715 1926 1925 5716 1904 1903 5717 1906 1905 5718 1927 1926 5719 1905 1904 5720 1907 1907 5721 1928 1927 5722 1906 1905 5723 1908 1928 5724 1929 1929 5725 1907 1907 5726 1931 1930 5727 1908 1928 5728 1909 1908 5729 1932 1931 5730 1909 1908 5731 1910 1909 5732 1933 1932 5733 1910 1909 5734 1911 1910 5735 1934 1933 5736 1911 1910 5737 1912 1911 5738 1935 1934 5739 1912 1911 5740 1913 1912 5741 1936 1935 5742 1935 1934 5743 1914 1913 5744 1937 1936 5745 1914 1913 5746 1915 1914 5747 1938 1937 5748 1915 1914 5749 1916 1915 5750 1939 1938 5751 1916 1915 5752 1917 1916 5753 1940 1939 5754 1917 1916 5755 1918 1917 5756 1941 1940 5757 1918 1917 5758 1919 1918 5759 1942 1941 5760 1919 1918 5761 1920 1919 5762 1921 1920 5763 1942 1941 5764 1920 1919 5765 1922 1921 5766 1943 1942 5767 1921 1920 5768 1923 1922 5769 1944 1943 5770 1922 1921 5771 1924 1923 5772 1945 1944 5773 1923 1922 5774 1925 1924 5775 1946 1945 5776 1924 1923 5777 1926 1925 5778 1947 1946 5779 1925 1924 5780 1927 1926 5781 1948 1947 5782 1926 1925 5783 1928 1927 5784 1949 1948 5785 1927 1926 5786 1929 1929 5787 1950 1949 5788 1928 1927 5789 1930 1950 5790 1951 1951 5791 1929 1929 5792 1953 1952 5793 1930 1950 5794 1931 1930 5795 1954 1953 5796 1931 1930 5797 1932 1931 5798 1955 1954 5799 1932 1931 5800 1933 1932 5801 1956 1955 5802 1933 1932 5803 1934 1933 5804 1957 1956 5805 1934 1933 5806 1935 1934 5807 1958 1957 5808 1957 1956 5809 1936 1935 5810 1959 1958 5811 1936 1935 5812 1937 1936 5813 1960 1959 5814 1937 1936 5815 1938 1937 5816 1961 1960 5817 1938 1937 5818 1939 1938 5819 1962 1961 5820 1939 1938 5821 1940 1939 5822 1963 1962 5823 1940 1939 5824 1941 1940 5825 1964 1963 5826 1941 1940 5827 1942 1941 5828 1943 1942 5829 1964 1963 5830 1942 1941 5831 1944 1943 5832 1965 1964 5833 1943 1942 5834 1945 1944 5835 1966 1965 5836 1944 1943 5837 1946 1945 5838 1967 1966 5839 1945 1944 5840 1947 1946 5841 1968 1967 5842 1946 1945 5843 1948 1947 5844 1969 1968 5845 1947 1946 5846 1949 1948 5847 1970 1969 5848 1948 1947 5849 1950 1949 5850 1971 1970 5851 1949 1948 5852 1951 1951 5853 1972 1971 5854 1950 1949 5855 1952 1972 5856 1973 1973 5857 1951 1951 5858 1975 1974 5859 1952 1972 5860 1953 1952 5861 1976 1975 5862 1953 1952 5863 1954 1953 5864 1977 1976 5865 1954 1953 5866 1955 1954 5867 1978 1977 5868 1955 1954 5869 1956 1955 5870 1979 1978 5871 1956 1955 5872 1957 1956 5873 1980 1979 5874 1979 1978 5875 1958 1957 5876 1981 1980 5877 1958 1957 5878 1959 1958 5879 1982 1981 5880 1959 1958 5881 1960 1959 5882 1983 1982 5883 1960 1959 5884 1961 1960 5885 1984 1983 5886 1961 1960 5887 1962 1961 5888 1985 1984 5889 1962 1961 5890 1963 1962 5891 1986 1985 5892 1963 1962 5893 1964 1963 5894 1965 1964 5895 1986 1985 5896 1964 1963 5897 1966 1965 5898 1987 1986 5899 1965 1964 5900 1967 1966 5901 1988 1987 5902 1966 1965 5903 1968 1967 5904 1989 1988 5905 1967 1966 5906 1969 1968 5907 1990 1989 5908 1968 1967 5909 1970 1969 5910 1991 1990 5911 1969 1968 5912 1971 1970 5913 1992 1991 5914 1970 1969 5915 1972 1971 5916 1993 1992 5917 1971 1970 5918 1973 1973 5919 1994 1993 5920 1972 1971 5921 1974 1994 5922 1995 1995 5923 1973 1973 5924 1997 1996 5925 1974 1994 5926 1975 1974 5927 1998 1997 5928 1975 1974 5929 1976 1975 5930 1999 1998 5931 1976 1975 5932 1977 1976 5933 2000 1999 5934 1977 1976 5935 1978 1977 5936 2001 2000 5937 1978 1977 5938 1979 1978 5939 2002 2001 5940 2001 2000 5941 1980 1979 5942 2003 2002 5943 1980 1979 5944 1981 1980 5945 2004 2003 5946 1981 1980 5947 1982 1981 5948 2005 2004 5949 1982 1981 5950 1983 1982 5951 2006 2005 5952 1983 1982 5953 1984 1983 5954 2007 2006 5955 1984 1983 5956 1985 1984 5957 2008 2007 5958 1985 1984 5959 1986 1985 5960 1987 1986 5961 2008 2007 5962 1986 1985 5963 1988 1987 5964 2009 2008 5965 1987 1986 5966 1989 1988 5967 2010 2009 5968 1988 1987 5969 1990 1989 5970 2011 2010 5971 1989 1988 5972 1991 1990 5973 2012 2011 5974 1990 1989 5975 1992 1991 5976 2013 2012 5977 1991 1990 5978 1993 1992 5979 2014 2013 5980 1992 1991 5981 1994 1993 5982 2015 2014 5983 1993 1992 5984 1995 1995 5985 2016 2015 5986 1994 1993 5987 1996 2016 5988 2017 2017 5989 1995 1995 5990 2019 2018 5991 1996 2016 5992 1997 1996 5993 2020 2019 5994 1997 1996 5995 1998 1997 5996 2021 2020 5997 1998 1997 5998 1999 1998 5999 2022 2021 6000 1999 1998 6001 2000 1999 6002 2023 2022 6003 2000 1999 6004 2001 2000 6005 2024 2023 6006 2023 2022 6007 2002 2001 6008 2025 2024 6009 2002 2001 6010 2003 2002 6011 2026 2025 6012 2003 2002 6013 2004 2003 6014 2027 2026 6015 2004 2003 6016 2005 2004 6017 2028 2027 6018 2005 2004 6019 2006 2005 6020 2029 2028 6021 2006 2005 6022 2007 2006 6023 2030 2029 6024 2007 2006 6025 2008 2007 6026 2009 2008 6027 2030 2029 6028 2008 2007 6029 2010 2009 6030 2031 2030 6031 2009 2008 6032 2011 2010 6033 2032 2031 6034 2010 2009 6035 2012 2011 6036 2033 2032 6037 2011 2010 6038 2013 2012 6039 2034 2033 6040 2012 2011 6041 2014 2013 6042 2035 2034 6043 2013 2012 6044 2015 2014 6045 2036 2035 6046 2014 2013 6047 2016 2015 6048 2037 2036 6049 2015 2014 6050 2017 2017 6051 2038 2037 6052 2016 2015 6053 2018 2038 6054 2039 2039 6055 2017 2017 6056 2041 2040 6057 2018 2038 6058 2019 2018 6059 2042 2041 6060 2019 2018 6061 2020 2019 6062 2043 2042 6063 2020 2019 6064 2021 2020 6065 2044 2043 6066 2021 2020 6067 2022 2021 6068 2045 2044 6069 2022 2021 6070 2023 2022 6071 2046 2045 6072 2045 2044 6073 2024 2023 6074 2047 2046 6075 2024 2023 6076 2025 2024 6077 2048 2047 6078 2025 2024 6079 2026 2025 6080 2049 2048 6081 2026 2025 6082 2027 2026 6083 2050 2049 6084 2027 2026 6085 2028 2027 6086 2051 2050 6087 2028 2027 6088 2029 2028 6089 2052 2051 6090 2029 2028 6091 2030 2029 6092 2031 2030 6093 2052 2051 6094 2030 2029 6095 2032 2031 6096 2053 2052 6097 2031 2030 6098 2033 2032 6099 2054 2053 6100 2032 2031 6101 2034 2033 6102 2055 2054 6103 2033 2032 6104 2035 2034 6105 2056 2055 6106 2034 2033 6107 2036 2035 6108 2057 2056 6109 2035 2034 6110 2037 2036 6111 2058 2057 6112 2036 2035 6113 2038 2037 6114 2059 2058 6115 2037 2036 6116 2039 2039 6117 2060 2059 6118 2038 2037 6119 2040 2060 6120 2061 2061 6121 2039 2039 6122 2063 2062 6123 2040 2060 6124 2041 2040 6125 2064 2063 6126 2041 2040 6127 2042 2041 6128 2065 2064 6129 2042 2041 6130 2043 2042 6131 2066 2065 6132 2043 2042 6133 2044 2043 6134 2067 2066 6135 2044 2043 6136 2045 2044 6137 2068 2067 6138 2067 2066 6139 2046 2045 6140 2069 2068 6141 2046 2045 6142 2047 2046 6143 2070 2069 6144 2047 2046 6145 2048 2047 6146 2071 2070 6147 2048 2047 6148 2049 2048 6149 2072 2071 6150 2049 2048 6151 2050 2049 6152 2073 2072 6153 2050 2049 6154 2051 2050 6155 2074 2073 6156 2051 2050 6157 2052 2051 6158 2053 2052 6159 2074 2073 6160 2052 2051 6161 2054 2053 6162 2075 2074 6163 2053 2052 6164 2055 2054 6165 2076 2075 6166 2054 2053 6167 2056 2055 6168 2077 2076 6169 2055 2054 6170 2057 2056 6171 2078 2077 6172 2056 2055 6173 2058 2057 6174 2079 2078 6175 2057 2056 6176 2059 2058 6177 2080 2079 6178 2058 2057 6179 2060 2059 6180 2081 2080 6181 2059 2058 6182 2061 2061 6183 2082 2081 6184 2060 2059 6185 2062 2082 6186 2083 2083 6187 2061 2061 6188 2085 2084 6189 2062 2082 6190 2063 2062 6191 2086 2085 6192 2063 2062 6193 2064 2063 6194 2087 2086 6195 2064 2063 6196 2065 2064 6197 2088 2087 6198 2065 2064 6199 2066 2065 6200 2089 2088 6201 2066 2065 6202 2067 2066 6203 2090 2089 6204 2089 2088 6205 2068 2067 6206 2091 2090 6207 2068 2067 6208 2069 2068 6209 2092 2091 6210 2069 2068 6211 2070 2069 6212 2093 2092 6213 2070 2069 6214 2071 2070 6215 2094 2093 6216 2071 2070 6217 2072 2071 6218 2095 2094 6219 2072 2071 6220 2073 2072 6221 2096 2095 6222 2073 2072 6223 2074 2073 6224 2075 2074 6225 2096 2095 6226 2074 2073 6227 2076 2075 6228 2097 2096 6229 2075 2074 6230 2077 2076 6231 2098 2097 6232 2076 2075 6233 2078 2077 6234 2099 2098 6235 2077 2076 6236 2079 2078 6237 2100 2099 6238 2078 2077 6239 2080 2079 6240 2101 2100 6241 2079 2078 6242 2081 2080 6243 2102 2101 6244 2080 2079 6245 2082 2081 6246 2103 2102 6247 2081 2080 6248 2083 2083 6249 2104 2103 6250 2082 2081 6251 2084 2104 6252 2105 2105 6253 2083 2083 6254 2107 2106 6255 2084 2104 6256 2085 2084 6257 2108 2107 6258 2085 2084 6259 2086 2085 6260 2109 2108 6261 2086 2085 6262 2087 2086 6263 2110 2109 6264 2087 2086 6265 2088 2087 6266 2111 2110 6267 2088 2087 6268 2089 2088 6269 2112 2111 6270 2111 2110 6271 2090 2089 6272 2113 2112 6273 2090 2089 6274 2091 2090 6275 2114 2113 6276 2091 2090 6277 2092 2091 6278 2115 2114 6279 2092 2091 6280 2093 2092 6281 2116 2115 6282 2093 2092 6283 2094 2093 6284 2117 2116 6285 2094 2093 6286 2095 2094 6287 2118 2117 6288 2095 2094 6289 2096 2095 6290 2097 2096 6291 2118 2117 6292 2096 2095 6293 2098 2097 6294 2119 2118 6295 2097 2096 6296 2099 2098 6297 2120 2119 6298 2098 2097 6299 2100 2099 6300 2121 2120 6301 2099 2098 6302 2101 2100 6303 2122 2121 6304 2100 2099 6305 2102 2101 6306 2123 2122 6307 2101 2100 6308 2103 2102 6309 2124 2123 6310 2102 2101 6311 2104 2103 6312 2125 2124 6313 2103 2102 6314 2105 2105 6315 2126 2125 6316 2104 2103 6317 2106 2126 6318 2127 2127 6319 2105 2105 6320 2129 2128 6321 2106 2126 6322 2107 2106 6323 2130 2129 6324 2107 2106 6325 2108 2107 6326 2131 2130 6327 2108 2107 6328 2109 2108 6329 2132 2131 6330 2109 2108 6331 2110 2109 6332 2133 2132 6333 2110 2109 6334 2111 2110 6335 2134 2133 6336 2133 2132 6337 2112 2111 6338 2135 2134 6339 2112 2111 6340 2113 2112 6341 2136 2135 6342 2113 2112 6343 2114 2113 6344 2137 2136 6345 2114 2113 6346 2115 2114 6347 2138 2137 6348 2115 2114 6349 2116 2115 6350 2139 2138 6351 2116 2115 6352 2117 2116 6353 2140 2139 6354 2117 2116 6355 2118 2117 6356 2119 2118 6357 2140 2139 6358 2118 2117 6359 2120 2119 6360 2141 2140 6361 2119 2118 6362 2121 2120 6363 2142 2141 6364 2120 2119 6365 2122 2121 6366 2143 2142 6367 2121 2120 6368 2123 2122 6369 2144 2143 6370 2122 2121 6371 2124 2123 6372 2145 2144 6373 2123 2122 6374 2125 2124 6375 2146 2145 6376 2124 2123 6377 2126 2125 6378 2147 2146 6379 2125 2124 6380 2127 2127 6381 2148 2147 6382 2126 2125 6383 2128 2148 6384 2149 2149 6385 2127 2127 6386 2151 2150 6387 2128 2148 6388 2129 2128 6389 2152 2151 6390 2129 2128 6391 2130 2129 6392 2153 2152 6393 2130 2129 6394 2131 2130 6395 2154 2153 6396 2131 2130 6397 2132 2131 6398 2155 2154 6399 2132 2131 6400 2133 2132 6401 2156 2155 6402 2155 2154 6403 2134 2133 6404 2157 2156 6405 2134 2133 6406 2135 2134 6407 2158 2157 6408 2135 2134 6409 2136 2135 6410 2159 2158 6411 2136 2135 6412 2137 2136 6413 2160 2159 6414 2137 2136 6415 2138 2137 6416 2161 2160 6417 2138 2137 6418 2139 2138 6419 2162 2161 6420 2139 2138 6421 2140 2139 6422 2141 2140 6423 2162 2161 6424 2140 2139 6425 2142 2141 6426 2163 2162 6427 2141 2140 6428 2143 2142 6429 2164 2163 6430 2142 2141 6431 2144 2143 6432 2165 2164 6433 2143 2142 6434 2145 2144 6435 2166 2165 6436 2144 2143 6437 2146 2145 6438 2167 2166 6439 2145 2144 6440 2147 2146 6441 2168 2167 6442 2146 2145 6443 2148 2147 6444 2169 2168 6445 2147 2146 6446 2149 2149 6447 2170 2169 6448 2148 2147 6449 2150 2170 6450 2171 2171 6451 2149 2149 6452 2173 2172 6453 2150 2170 6454 2151 2150 6455 2174 2173 6456 2151 2150 6457 2152 2151 6458 2175 2174 6459 2152 2151 6460 2153 2152 6461 2176 2175 6462 2153 2152 6463 2154 2153 6464 2177 2176 6465 2154 2153 6466 2155 2154 6467 2178 2177 6468 2177 2176 6469 2156 2155 6470 2179 2178 6471 2156 2155 6472 2157 2156 6473 2180 2179 6474 2157 2156 6475 2158 2157 6476 2181 2180 6477 2158 2157 6478 2159 2158 6479 2182 2181 6480 2159 2158 6481 2160 2159 6482 2183 2182 6483 2160 2159 6484 2161 2160 6485 2184 2183 6486 2161 2160 6487 2162 2161 6488 2163 2162 6489 2184 2183 6490 2162 2161 6491 2164 2163 6492 2185 2184 6493 2163 2162 6494 2165 2164 6495 2186 2185 6496 2164 2163 6497 2166 2165 6498 2187 2186 6499 2165 2164 6500 2167 2166 6501 2188 2187 6502 2166 2165 6503 2168 2167 6504 2189 2188 6505 2167 2166 6506 2169 2168 6507 2190 2189 6508 2168 2167 6509 2170 2169 6510 2191 2190 6511 2169 2168 6512 2171 2171 6513 2192 2191 6514 2170 2169 6515 2172 2192 6516 2193 2193 6517 2171 2171 6518 2195 2194 6519 2172 2192 6520 2173 2172 6521 2196 2195 6522 2173 2172 6523 2174 2173 6524 2197 2196 6525 2174 2173 6526 2175 2174 6527 2198 2197 6528 2175 2174 6529 2176 2175 6530 2199 2198 6531 2176 2175 6532 2177 2176 6533 2200 2199 6534 2199 2198 6535 2178 2177 6536 2201 2200 6537 2178 2177 6538 2179 2178 6539 2202 2201 6540 2179 2178 6541 2180 2179 6542 2203 2202 6543 2180 2179 6544 2181 2180 6545 2204 2203 6546 2181 2180 6547 2182 2181 6548 2205 2204 6549 2182 2181 6550 2183 2182 6551 2206 2205 6552 2183 2182 6553 2184 2183 6554 2185 2184 6555 2206 2205 6556 2184 2183 6557 2186 2185 6558 2207 2206 6559 2185 2184 6560 2187 2186 6561 2208 2207 6562 2186 2185 6563 2188 2187 6564 2209 2208 6565 2187 2186 6566 2189 2188 6567 2210 2209 6568 2188 2187 6569 2190 2189 6570 2211 2210 6571 2189 2188 6572 2191 2190 6573 2212 2211 6574 2190 2189 6575 2192 2191 6576 2213 2212 6577 2191 2190 6578 2193 2193 6579 2214 2213 6580 2192 2191 6581 2194 2214 6582 2215 2215 6583 2193 2193 6584 2217 2216 6585 2194 2214 6586 2195 2194 6587 2218 2217 6588 2195 2194 6589 2196 2195 6590 2219 2218 6591 2196 2195 6592 2197 2196 6593 2220 2219 6594 2197 2196 6595 2198 2197 6596 2221 2220 6597 2198 2197 6598 2199 2198 6599 2200 2199 6600 2243 2221 6601 2221 2220 6602 2201 2200 6603 2222 2222 6604 2200 2199 6605 2202 2201 6606 2223 2223 6607 2201 2200 6608 2203 2202 6609 2224 2224 6610 2202 2201 6611 2204 2203 6612 2225 2225 6613 2203 2202 6614 2205 2204 6615 2226 2226 6616 2204 2203 6617 2228 2227 6618 2205 2204 6619 2206 2205 6620 2229 2228 6621 2206 2205 6622 2207 2206 6623 2230 2229 6624 2207 2206 6625 2208 2207 6626 2231 2230 6627 2208 2207 6628 2209 2208 6629 2232 2231 6630 2209 2208 6631 2210 2209 6632 2233 2232 6633 2210 2209 6634 2211 2210 6635 2234 2233 6636 2211 2210 6637 2212 2211 6638 2235 2234 6639 2212 2211 6640 2213 2212 6641 2236 2235 6642 2213 2212 6643 2214 2213 6644 2237 2236 6645 2214 2213 6646 2215 2215 6647 2238 2237 6648 2215 2215 6649 2216 2238 6650 2239 2239 6651 2216 2238 6652 2217 2216 6653 2218 2217 6654 2239 2239 6655 2217 2216 6656 2219 2218 6657 2240 2240 6658 2218 2217 6659 2220 2219 6660 2241 2241 6661 2219 2218 6662 2221 2220 6663 2242 2242 6664 2220 2219 6665 2222 2222 6666 2265 2243 6667 2243 2221 6668 2223 2223 6669 2244 2244 6670 2222 2222 6671 2224 2224 6672 2245 2245 6673 2223 2223 6674 2225 2225 6675 2246 2246 6676 2224 2224 6677 2226 2226 6678 2247 2247 6679 2225 2225 6680 2227 2248 6681 2248 2249 6682 2226 2226 6683 2250 2250 6684 2227 2248 6685 2228 2227 6686 2251 2251 6687 2228 2227 6688 2229 2228 6689 2252 2252 6690 2229 2228 6691 2230 2229 6692 2253 2253 6693 2230 2229 6694 2231 2230 6695 2254 2254 6696 2231 2230 6697 2232 2231 6698 2255 2255 6699 2232 2231 6700 2233 2232 6701 2256 2256 6702 2233 2232 6703 2234 2233 6704 2257 2257 6705 2234 2233 6706 2235 2234 6707 2258 2258 6708 2235 2234 6709 2236 2235 6710 2259 2259 6711 2236 2235 6712 2237 2236 6713 2260 2260 6714 2237 2236 6715 2238 2237 6716 2261 2261 6717 2238 2237 6718 2239 2239 6719 2240 2240 6720 2261 2261 6721 2239 2239 6722 2241 2241 6723 2262 2262 6724 2240 2240 6725 2242 2242 6726 2263 2263 6727 2241 2241 6728 2243 2221 6729 2264 2264 6730 2242 2242 6731 2244 2244 6732 2287 2265 6733 2265 2243 6734 2245 2245 6735 2266 2266 6736 2244 2244 6737 2246 2246 6738 2267 2267 6739 2245 2245 6740 2247 2247 6741 2268 2268 6742 2246 2246 6743 2248 2249 6744 2269 2269 6745 2247 2247 6746 2249 2270 6747 2270 2271 6748 2248 2249 6749 2272 2272 6750 2249 2270 6751 2250 2250 6752 2273 2273 6753 2250 2250 6754 2251 2251 6755 2274 2274 6756 2251 2251 6757 2252 2252 6758 2275 2275 6759 2252 2252 6760 2253 2253 6761 2276 2276 6762 2253 2253 6763 2254 2254 6764 2277 2277 6765 2254 2254 6766 2255 2255 6767 2278 2278 6768 2255 2255 6769 2256 2256 6770 2279 2279 6771 2256 2256 6772 2257 2257 6773 2280 2280 6774 2257 2257 6775 2258 2258 6776 2281 2281 6777 2258 2258 6778 2259 2259 6779 2282 2282 6780 2259 2259 6781 2260 2260 6782 2283 2283 6783 2260 2260 6784 2261 2261 6785 2262 2262 6786 2283 2283 6787 2261 2261 6788 2263 2263 6789 2284 2284 6790 2262 2262 6791 2264 2264 6792 2285 2285 6793 2263 2263 6794 2265 2243 6795 2286 2286 6796 2264 2264 6797 2266 2266 6798 2309 2287 6799 2287 2265 6800 2267 2267 6801 2288 2288 6802 2266 2266 6803 2268 2268 6804 2289 2289 6805 2267 2267 6806 2269 2269 6807 2290 2290 6808 2268 2268 6809 2270 2271 6810 2291 2291 6811 2269 2269 6812 2271 2292 6813 2292 2293 6814 2270 2271 6815 2294 2294 6816 2271 2292 6817 2272 2272 6818 2295 2295 6819 2272 2272 6820 2273 2273 6821 2296 2296 6822 2273 2273 6823 2274 2274 6824 2297 2297 6825 2274 2274 6826 2275 2275 6827 2298 2298 6828 2275 2275 6829 2276 2276 6830 2299 2299 6831 2276 2276 6832 2277 2277 6833 2300 2300 6834 2277 2277 6835 2278 2278 6836 2301 2301 6837 2278 2278 6838 2279 2279 6839 2302 2302 6840 2279 2279 6841 2280 2280 6842 2303 2303 6843 2280 2280 6844 2281 2281 6845 2304 2304 6846 2281 2281 6847 2282 2282 6848 2305 2305 6849 2282 2282 6850 2283 2283 6851 2284 2284 6852 2305 2305 6853 2283 2283 6854 2285 2285 6855 2306 2306 6856 2284 2284 6857 2286 2286 6858 2307 2307 6859 2285 2285 6860 2287 2265 6861 2308 2308 6862 2286 2286 6863 2288 2288 6864 2331 2309 6865 2309 2287 6866 2289 2289 6867 2310 2310 6868 2288 2288 6869 2290 2290 6870 2311 2311 6871 2289 2289 6872 2291 2291 6873 2312 2312 6874 2290 2290 6875 2292 2293 6876 2313 2313 6877 2291 2291 6878 2293 2314 6879 2314 2315 6880 2292 2293 6881 2316 2316 6882 2293 2314 6883 2294 2294 6884 2317 2317 6885 2294 2294 6886 2295 2295 6887 2318 2318 6888 2295 2295 6889 2296 2296 6890 2319 2319 6891 2296 2296 6892 2297 2297 6893 2320 2320 6894 2297 2297 6895 2298 2298 6896 2321 2321 6897 2298 2298 6898 2299 2299 6899 2322 2322 6900 2299 2299 6901 2300 2300 6902 2323 2323 6903 2300 2300 6904 2301 2301 6905 2324 2324 6906 2301 2301 6907 2302 2302 6908 2325 2325 6909 2302 2302 6910 2303 2303 6911 2326 2326 6912 2303 2303 6913 2304 2304 6914 2327 2327 6915 2304 2304 6916 2305 2305 6917 2306 2306 6918 2327 2327 6919 2305 2305 6920 2307 2307 6921 2328 2328 6922 2306 2306 6923 2308 2308 6924 2329 2329 6925 2307 2307 6926 2309 2287 6927 2330 2330 6928 2308 2308 6929 2310 2310 6930 2353 2331 6931 2331 2309 6932 2311 2311 6933 2332 2332 6934 2310 2310 6935 2312 2312 6936 2333 2333 6937 2311 2311 6938 2313 2313 6939 2334 2334 6940 2312 2312 6941 2314 2315 6942 2335 2335 6943 2313 2313 6944 2315 2336 6945 2336 2337 6946 2314 2315 6947 2338 2338 6948 2315 2336 6949 2316 2316 6950 2339 2339 6951 2316 2316 6952 2317 2317 6953 2340 2340 6954 2317 2317 6955 2318 2318 6956 2341 2341 6957 2318 2318 6958 2319 2319 6959 2342 2342 6960 2319 2319 6961 2320 2320 6962 2343 2343 6963 2320 2320 6964 2321 2321 6965 2344 2344 6966 2321 2321 6967 2322 2322 6968 2345 2345 6969 2322 2322 6970 2323 2323 6971 2346 2346 6972 2323 2323 6973 2324 2324 6974 2347 2347 6975 2324 2324 6976 2325 2325 6977 2348 2348 6978 2325 2325 6979 2326 2326 6980 2349 2349 6981 2326 2326 6982 2327 2327 6983 2328 2328 6984 2349 2349 6985 2327 2327 6986 2329 2329 6987 2350 2350 6988 2328 2328 6989 2330 2330 6990 2351 2351 6991 2329 2329 6992 2331 2309 6993 2352 2352 6994 2330 2330 6995 2332 2332 6996 2375 2353 6997 2353 2331 6998 2333 2333 6999 2354 2354 7000 2332 2332 7001 2334 2334 7002 2355 2355 7003 2333 2333 7004 2335 2335 7005 2356 2356 7006 2334 2334 7007 2336 2337 7008 2357 2357 7009 2335 2335 7010 2337 2358 7011 2358 2359 7012 2336 2337 7013 2360 2360 7014 2337 2358 7015 2338 2338 7016 2361 2361 7017 2338 2338 7018 2339 2339 7019 2362 2362 7020 2339 2339 7021 2340 2340 7022 2363 2363 7023 2340 2340 7024 2341 2341 7025 2364 2364 7026 2341 2341 7027 2342 2342 7028 2365 2365 7029 2342 2342 7030 2343 2343 7031 2366 2366 7032 2343 2343 7033 2344 2344 7034 2367 2367 7035 2344 2344 7036 2345 2345 7037 2368 2368 7038 2345 2345 7039 2346 2346 7040 2369 2369 7041 2346 2346 7042 2347 2347 7043 2370 2370 7044 2347 2347 7045 2348 2348 7046 2371 2371 7047 2348 2348 7048 2349 2349 7049 2350 2350 7050 2371 2371 7051 2349 2349 7052 2351 2351 7053 2372 2372 7054 2350 2350 7055 2352 2352 7056 2373 2373 7057 2351 2351 7058 2353 2331 7059 2374 2374 7060 2352 2352 7061 2354 2354 7062 2397 2375 7063 2375 2353 7064 2355 2355 7065 2376 2376 7066 2354 2354 7067 2356 2356 7068 2377 2377 7069 2355 2355 7070 2357 2357 7071 2378 2378 7072 2356 2356 7073 2358 2359 7074 2379 2379 7075 2357 2357 7076 2359 2380 7077 2380 2381 7078 2358 2359 7079 2382 2382 7080 2359 2380 7081 2360 2360 7082 2383 2383 7083 2360 2360 7084 2361 2361 7085 2384 2384 7086 2361 2361 7087 2362 2362 7088 2385 2385 7089 2362 2362 7090 2363 2363 7091 2386 2386 7092 2363 2363 7093 2364 2364 7094 2387 2387 7095 2364 2364 7096 2365 2365 7097 2388 2388 7098 2365 2365 7099 2366 2366 7100 2389 2389 7101 2366 2366 7102 2367 2367 7103 2390 2390 7104 2367 2367 7105 2368 2368 7106 2391 2391 7107 2368 2368 7108 2369 2369 7109 2392 2392 7110 2369 2369 7111 2370 2370 7112 2393 2393 7113 2370 2370 7114 2371 2371 7115 2372 2372 7116 2393 2393 7117 2371 2371 7118 2373 2373 7119 2394 2394 7120 2372 2372 7121 2374 2374 7122 2395 2395 7123 2373 2373 7124 2375 2353 7125 2396 2396 7126 2374 2374 7127 2379 2379 7128 2381 2397 7129 2384 2384 7130 2 5 7131 1 3 7132 9 20 7133 0 0 7134 22 4 7135 43 1 7136 1 3 7137 23 6 7138 22 4 7139 2 5 7140 24 8 7141 23 6 7142 3 7 7143 25 10 7144 24 8 7145 4 9 7146 26 12 7147 25 10 7148 5 11 7149 27 48 7150 26 12 7151 28 13 7152 27 48 7153 5 11 7154 29 15 7155 28 13 7156 6 14 7157 30 17 7158 29 15 7159 7 16 7160 31 19 7161 30 17 7162 8 18 7163 32 21 7164 31 19 7165 9 20 7166 33 23 7167 32 21 7168 10 22 7169 34 25 7170 33 23 7171 11 24 7172 35 27 7173 34 25 7174 12 26 7175 36 29 7176 35 27 7177 13 28 7178 37 31 7179 36 29 7180 14 30 7181 38 33 7182 37 31 7183 15 32 7184 39 35 7185 38 33 7186 16 34 7187 18 37 7188 40 39 7189 39 35 7190 19 38 7191 41 41 7192 40 39 7193 20 40 7194 42 42 7195 41 41 7196 21 2 7197 43 1 7198 42 42 7199 22 4 7200 44 44 7201 65 43 7202 23 6 7203 45 45 7204 44 44 7205 24 8 7206 46 46 7207 45 45 7208 25 10 7209 47 47 7210 46 46 7211 26 12 7212 48 49 7213 47 47 7214 27 48 7215 49 70 7216 48 49 7217 50 50 7218 49 70 7219 27 48 7220 51 51 7221 50 50 7222 28 13 7223 52 52 7224 51 51 7225 29 15 7226 53 53 7227 52 52 7228 30 17 7229 54 54 7230 53 53 7231 31 19 7232 55 55 7233 54 54 7234 32 21 7235 56 56 7236 55 55 7237 33 23 7238 57 57 7239 56 56 7240 34 25 7241 58 58 7242 57 57 7243 35 27 7244 59 59 7245 58 58 7246 36 29 7247 60 60 7248 59 59 7249 37 31 7250 61 61 7251 60 60 7252 38 33 7253 40 39 7254 62 62 7255 61 61 7256 41 41 7257 63 63 7258 62 62 7259 42 42 7260 64 64 7261 63 63 7262 43 1 7263 65 43 7264 64 64 7265 44 44 7266 66 66 7267 87 65 7268 45 45 7269 67 67 7270 66 66 7271 46 46 7272 68 68 7273 67 67 7274 47 47 7275 69 69 7276 68 68 7277 48 49 7278 70 71 7279 69 69 7280 49 70 7281 71 92 7282 70 71 7283 72 72 7284 71 92 7285 49 70 7286 73 73 7287 72 72 7288 50 50 7289 74 74 7290 73 73 7291 51 51 7292 75 75 7293 74 74 7294 52 52 7295 76 76 7296 75 75 7297 53 53 7298 77 77 7299 76 76 7300 54 54 7301 78 78 7302 77 77 7303 55 55 7304 79 79 7305 78 78 7306 56 56 7307 80 80 7308 79 79 7309 57 57 7310 81 81 7311 80 80 7312 58 58 7313 82 82 7314 81 81 7315 59 59 7316 83 83 7317 82 82 7318 60 60 7319 62 62 7320 84 84 7321 83 83 7322 63 63 7323 85 85 7324 84 84 7325 64 64 7326 86 86 7327 85 85 7328 65 43 7329 87 65 7330 86 86 7331 66 66 7332 88 88 7333 109 87 7334 67 67 7335 89 89 7336 88 88 7337 68 68 7338 90 90 7339 89 89 7340 69 69 7341 91 91 7342 90 90 7343 70 71 7344 92 93 7345 91 91 7346 71 92 7347 93 114 7348 92 93 7349 94 94 7350 93 114 7351 71 92 7352 95 95 7353 94 94 7354 72 72 7355 96 96 7356 95 95 7357 73 73 7358 97 97 7359 96 96 7360 74 74 7361 98 98 7362 97 97 7363 75 75 7364 99 99 7365 98 98 7366 76 76 7367 100 100 7368 99 99 7369 77 77 7370 101 101 7371 100 100 7372 78 78 7373 102 102 7374 101 101 7375 79 79 7376 103 103 7377 102 102 7378 80 80 7379 104 104 7380 103 103 7381 81 81 7382 105 105 7383 104 104 7384 82 82 7385 84 84 7386 106 106 7387 105 105 7388 85 85 7389 107 107 7390 106 106 7391 86 86 7392 108 108 7393 107 107 7394 87 65 7395 109 87 7396 108 108 7397 88 88 7398 110 110 7399 131 109 7400 89 89 7401 111 111 7402 110 110 7403 90 90 7404 112 112 7405 111 111 7406 91 91 7407 113 113 7408 112 112 7409 92 93 7410 114 115 7411 113 113 7412 93 114 7413 115 136 7414 114 115 7415 116 116 7416 115 136 7417 93 114 7418 117 117 7419 116 116 7420 94 94 7421 118 118 7422 117 117 7423 95 95 7424 119 119 7425 118 118 7426 96 96 7427 120 120 7428 119 119 7429 97 97 7430 121 121 7431 120 120 7432 98 98 7433 122 122 7434 121 121 7435 99 99 7436 123 123 7437 122 122 7438 100 100 7439 124 124 7440 123 123 7441 101 101 7442 125 125 7443 124 124 7444 102 102 7445 126 126 7446 125 125 7447 103 103 7448 127 127 7449 126 126 7450 104 104 7451 106 106 7452 128 128 7453 127 127 7454 107 107 7455 129 129 7456 128 128 7457 108 108 7458 130 130 7459 129 129 7460 109 87 7461 131 109 7462 130 130 7463 110 110 7464 132 132 7465 153 131 7466 111 111 7467 133 133 7468 132 132 7469 112 112 7470 134 134 7471 133 133 7472 113 113 7473 135 135 7474 134 134 7475 114 115 7476 136 137 7477 135 135 7478 115 136 7479 137 158 7480 136 137 7481 138 138 7482 137 158 7483 115 136 7484 139 139 7485 138 138 7486 116 116 7487 140 140 7488 139 139 7489 117 117 7490 141 141 7491 140 140 7492 118 118 7493 142 142 7494 141 141 7495 119 119 7496 143 143 7497 142 142 7498 120 120 7499 144 144 7500 143 143 7501 121 121 7502 145 145 7503 144 144 7504 122 122 7505 146 146 7506 145 145 7507 123 123 7508 147 147 7509 146 146 7510 124 124 7511 148 148 7512 147 147 7513 125 125 7514 149 149 7515 148 148 7516 126 126 7517 128 128 7518 150 150 7519 149 149 7520 129 129 7521 151 151 7522 150 150 7523 130 130 7524 152 152 7525 151 151 7526 131 109 7527 153 131 7528 152 152 7529 132 132 7530 154 154 7531 175 153 7532 133 133 7533 155 155 7534 154 154 7535 134 134 7536 156 156 7537 155 155 7538 135 135 7539 157 157 7540 156 156 7541 136 137 7542 158 159 7543 157 157 7544 137 158 7545 159 180 7546 158 159 7547 160 160 7548 159 180 7549 137 158 7550 161 161 7551 160 160 7552 138 138 7553 162 162 7554 161 161 7555 139 139 7556 163 163 7557 162 162 7558 140 140 7559 164 164 7560 163 163 7561 141 141 7562 165 165 7563 164 164 7564 142 142 7565 166 166 7566 165 165 7567 143 143 7568 167 167 7569 166 166 7570 144 144 7571 168 168 7572 167 167 7573 145 145 7574 169 169 7575 168 168 7576 146 146 7577 170 170 7578 169 169 7579 147 147 7580 171 171 7581 170 170 7582 148 148 7583 150 150 7584 172 172 7585 171 171 7586 151 151 7587 173 173 7588 172 172 7589 152 152 7590 174 174 7591 173 173 7592 153 131 7593 175 153 7594 174 174 7595 154 154 7596 176 176 7597 197 175 7598 155 155 7599 177 177 7600 176 176 7601 156 156 7602 178 178 7603 177 177 7604 157 157 7605 179 179 7606 178 178 7607 158 159 7608 180 181 7609 179 179 7610 159 180 7611 181 202 7612 180 181 7613 182 182 7614 181 202 7615 159 180 7616 183 183 7617 182 182 7618 160 160 7619 184 184 7620 183 183 7621 161 161 7622 185 185 7623 184 184 7624 162 162 7625 186 186 7626 185 185 7627 163 163 7628 187 187 7629 186 186 7630 164 164 7631 188 188 7632 187 187 7633 165 165 7634 189 189 7635 188 188 7636 166 166 7637 190 190 7638 189 189 7639 167 167 7640 191 191 7641 190 190 7642 168 168 7643 192 192 7644 191 191 7645 169 169 7646 193 193 7647 192 192 7648 170 170 7649 172 172 7650 194 194 7651 193 193 7652 173 173 7653 195 195 7654 194 194 7655 174 174 7656 196 196 7657 195 195 7658 175 153 7659 197 175 7660 196 196 7661 176 176 7662 198 198 7663 219 197 7664 177 177 7665 199 199 7666 198 198 7667 178 178 7668 200 200 7669 199 199 7670 179 179 7671 201 201 7672 200 200 7673 180 181 7674 202 203 7675 201 201 7676 181 202 7677 203 225 7678 202 203 7679 204 204 7680 203 225 7681 181 202 7682 205 205 7683 204 204 7684 182 182 7685 206 206 7686 205 205 7687 183 183 7688 207 207 7689 206 206 7690 184 184 7691 208 208 7692 207 207 7693 185 185 7694 209 209 7695 208 208 7696 186 186 7697 210 210 7698 209 209 7699 187 187 7700 211 211 7701 210 210 7702 188 188 7703 212 212 7704 211 211 7705 189 189 7706 213 213 7707 212 212 7708 190 190 7709 214 214 7710 213 213 7711 191 191 7712 215 215 7713 214 214 7714 192 192 7715 194 194 7716 216 216 7717 215 215 7718 195 195 7719 217 217 7720 216 216 7721 196 196 7722 218 218 7723 217 217 7724 197 175 7725 219 197 7726 218 218 7727 220 219 7728 241 240 7729 219 197 7730 221 220 7731 220 219 7732 198 198 7733 222 221 7734 221 220 7735 199 199 7736 223 222 7737 222 221 7738 200 200 7739 224 223 7740 223 222 7741 201 201 7742 225 224 7743 224 223 7744 202 203 7745 226 226 7746 225 224 7747 203 225 7748 205 205 7749 227 227 7750 226 226 7751 206 206 7752 228 228 7753 227 227 7754 207 207 7755 229 229 7756 228 228 7757 208 208 7758 230 230 7759 229 229 7760 209 209 7761 231 231 7762 230 230 7763 210 210 7764 232 232 7765 231 231 7766 211 211 7767 233 233 7768 232 232 7769 212 212 7770 234 234 7771 233 233 7772 213 213 7773 235 235 7774 234 234 7775 214 214 7776 236 258 7777 235 235 7778 237 236 7779 236 258 7780 214 214 7781 238 237 7782 237 236 7783 215 215 7784 239 238 7785 238 237 7786 216 216 7787 240 239 7788 239 238 7789 217 217 7790 241 240 7791 240 239 7792 218 218 7793 220 219 7794 242 242 7795 263 241 7796 221 220 7797 243 243 7798 242 242 7799 222 221 7800 244 244 7801 243 243 7802 223 222 7803 245 245 7804 244 244 7805 224 223 7806 246 246 7807 245 245 7808 225 224 7809 247 268 7810 246 246 7811 248 247 7812 247 268 7813 225 224 7814 249 248 7815 248 247 7816 226 226 7817 250 249 7818 249 248 7819 227 227 7820 251 250 7821 250 249 7822 228 228 7823 252 251 7824 251 250 7825 229 229 7826 253 252 7827 252 251 7828 230 230 7829 254 253 7830 253 252 7831 231 231 7832 255 254 7833 254 253 7834 232 232 7835 256 255 7836 255 254 7837 233 233 7838 257 256 7839 256 255 7840 234 234 7841 258 257 7842 257 256 7843 235 235 7844 259 259 7845 258 257 7846 236 258 7847 238 237 7848 260 260 7849 259 259 7850 239 238 7851 261 261 7852 260 260 7853 240 239 7854 262 262 7855 261 261 7856 241 240 7857 263 241 7858 262 262 7859 242 242 7860 264 264 7861 285 263 7862 243 243 7863 265 265 7864 264 264 7865 244 244 7866 266 266 7867 265 265 7868 245 245 7869 267 267 7870 266 266 7871 246 246 7872 268 269 7873 267 267 7874 247 268 7875 269 290 7876 268 269 7877 270 270 7878 269 290 7879 247 268 7880 271 271 7881 270 270 7882 248 247 7883 272 272 7884 271 271 7885 249 248 7886 273 273 7887 272 272 7888 250 249 7889 274 274 7890 273 273 7891 251 250 7892 275 275 7893 274 274 7894 252 251 7895 276 276 7896 275 275 7897 253 252 7898 277 277 7899 276 276 7900 254 253 7901 278 278 7902 277 277 7903 255 254 7904 279 279 7905 278 278 7906 256 255 7907 280 280 7908 279 279 7909 257 256 7910 281 281 7911 280 280 7912 258 257 7913 260 260 7914 282 282 7915 281 281 7916 261 261 7917 283 283 7918 282 282 7919 262 262 7920 284 284 7921 283 283 7922 263 241 7923 285 263 7924 284 284 7925 264 264 7926 286 286 7927 307 285 7928 265 265 7929 287 287 7930 286 286 7931 266 266 7932 288 288 7933 287 287 7934 267 267 7935 289 289 7936 288 288 7937 268 269 7938 290 291 7939 289 289 7940 269 290 7941 291 312 7942 290 291 7943 292 292 7944 291 312 7945 269 290 7946 293 293 7947 292 292 7948 270 270 7949 294 294 7950 293 293 7951 271 271 7952 295 295 7953 294 294 7954 272 272 7955 296 296 7956 295 295 7957 273 273 7958 297 297 7959 296 296 7960 274 274 7961 298 298 7962 297 297 7963 275 275 7964 299 299 7965 298 298 7966 276 276 7967 300 300 7968 299 299 7969 277 277 7970 301 301 7971 300 300 7972 278 278 7973 302 302 7974 301 301 7975 279 279 7976 303 303 7977 302 302 7978 280 280 7979 282 282 7980 304 304 7981 303 303 7982 283 283 7983 305 305 7984 304 304 7985 284 284 7986 306 306 7987 305 305 7988 285 263 7989 307 285 7990 306 306 7991 286 286 7992 308 308 7993 329 307 7994 287 287 7995 309 309 7996 308 308 7997 288 288 7998 310 310 7999 309 309 8000 289 289 8001 311 311 8002 310 310 8003 290 291 8004 312 313 8005 311 311 8006 291 312 8007 313 334 8008 312 313 8009 314 314 8010 313 334 8011 291 312 8012 315 315 8013 314 314 8014 292 292 8015 316 316 8016 315 315 8017 293 293 8018 317 317 8019 316 316 8020 294 294 8021 318 318 8022 317 317 8023 295 295 8024 319 319 8025 318 318 8026 296 296 8027 320 320 8028 319 319 8029 297 297 8030 321 321 8031 320 320 8032 298 298 8033 322 322 8034 321 321 8035 299 299 8036 323 323 8037 322 322 8038 300 300 8039 324 324 8040 323 323 8041 301 301 8042 325 325 8043 324 324 8044 302 302 8045 304 304 8046 326 326 8047 325 325 8048 305 305 8049 327 327 8050 326 326 8051 306 306 8052 328 328 8053 327 327 8054 307 285 8055 329 307 8056 328 328 8057 308 308 8058 330 330 8059 351 329 8060 309 309 8061 331 331 8062 330 330 8063 310 310 8064 332 332 8065 331 331 8066 311 311 8067 333 333 8068 332 332 8069 312 313 8070 334 335 8071 333 333 8072 313 334 8073 335 356 8074 334 335 8075 336 336 8076 335 356 8077 313 334 8078 337 337 8079 336 336 8080 314 314 8081 338 338 8082 337 337 8083 315 315 8084 339 339 8085 338 338 8086 316 316 8087 340 340 8088 339 339 8089 317 317 8090 341 341 8091 340 340 8092 318 318 8093 342 342 8094 341 341 8095 319 319 8096 343 343 8097 342 342 8098 320 320 8099 344 344 8100 343 343 8101 321 321 8102 345 345 8103 344 344 8104 322 322 8105 346 346 8106 345 345 8107 323 323 8108 347 347 8109 346 346 8110 324 324 8111 326 326 8112 348 348 8113 347 347 8114 327 327 8115 349 349 8116 348 348 8117 328 328 8118 350 350 8119 349 349 8120 329 307 8121 351 329 8122 350 350 8123 330 330 8124 352 352 8125 373 351 8126 331 331 8127 353 353 8128 352 352 8129 332 332 8130 354 354 8131 353 353 8132 333 333 8133 355 355 8134 354 354 8135 334 335 8136 356 357 8137 355 355 8138 335 356 8139 357 379 8140 356 357 8141 358 358 8142 357 379 8143 335 356 8144 359 359 8145 358 358 8146 336 336 8147 360 360 8148 359 359 8149 337 337 8150 361 361 8151 360 360 8152 338 338 8153 362 362 8154 361 361 8155 339 339 8156 363 363 8157 362 362 8158 340 340 8159 364 364 8160 363 363 8161 341 341 8162 365 365 8163 364 364 8164 342 342 8165 366 366 8166 365 365 8167 343 343 8168 367 367 8169 366 366 8170 344 344 8171 368 368 8172 367 367 8173 345 345 8174 369 369 8175 368 368 8176 346 346 8177 348 348 8178 370 370 8179 369 369 8180 349 349 8181 371 371 8182 370 370 8183 350 350 8184 372 372 8185 371 371 8186 351 329 8187 373 351 8188 372 372 8189 374 373 8190 395 394 8191 373 351 8192 375 374 8193 374 373 8194 352 352 8195 376 375 8196 375 374 8197 353 353 8198 377 376 8199 376 375 8200 354 354 8201 378 377 8202 377 376 8203 355 355 8204 379 378 8205 378 377 8206 356 357 8207 380 380 8208 379 378 8209 357 379 8210 359 359 8211 381 381 8212 380 380 8213 360 360 8214 382 382 8215 381 381 8216 361 361 8217 383 383 8218 382 382 8219 362 362 8220 384 384 8221 383 383 8222 363 363 8223 385 385 8224 384 384 8225 364 364 8226 386 386 8227 385 385 8228 365 365 8229 387 387 8230 386 386 8231 366 366 8232 388 388 8233 387 387 8234 367 367 8235 389 389 8236 388 388 8237 368 368 8238 390 410 8239 389 389 8240 391 390 8241 390 410 8242 368 368 8243 392 391 8244 391 390 8245 369 369 8246 393 392 8247 392 391 8248 370 370 8249 394 393 8250 393 392 8251 371 371 8252 395 394 8253 394 393 8254 372 372 8255 396 395 8256 417 416 8257 395 394 8258 397 396 8259 396 395 8260 374 373 8261 398 397 8262 397 396 8263 375 374 8264 399 398 8265 398 397 8266 376 375 8267 400 399 8268 399 398 8269 377 376 8270 401 400 8271 400 399 8272 378 377 8273 402 401 8274 401 400 8275 379 378 8276 381 381 8277 403 402 8278 402 401 8279 382 382 8280 404 403 8281 403 402 8282 383 383 8283 405 404 8284 404 403 8285 384 384 8286 406 405 8287 405 404 8288 385 385 8289 407 406 8290 406 405 8291 386 386 8292 408 407 8293 407 406 8294 387 387 8295 409 408 8296 408 407 8297 388 388 8298 410 409 8299 409 408 8300 389 389 8301 411 411 8302 410 409 8303 390 410 8304 412 432 8305 411 411 8306 413 412 8307 412 432 8308 390 410 8309 414 413 8310 413 412 8311 391 390 8312 415 414 8313 414 413 8314 392 391 8315 416 415 8316 415 414 8317 393 392 8318 417 416 8319 416 415 8320 394 393 8321 418 417 8322 439 438 8323 417 416 8324 419 418 8325 418 417 8326 396 395 8327 420 419 8328 419 418 8329 397 396 8330 421 420 8331 420 419 8332 398 397 8333 422 421 8334 421 420 8335 399 398 8336 423 422 8337 422 421 8338 400 399 8339 424 423 8340 423 422 8341 401 400 8342 403 402 8343 425 424 8344 424 423 8345 404 403 8346 426 425 8347 425 424 8348 405 404 8349 427 426 8350 426 425 8351 406 405 8352 428 427 8353 427 426 8354 407 406 8355 429 428 8356 428 427 8357 408 407 8358 430 429 8359 429 428 8360 409 408 8361 431 430 8362 430 429 8363 410 409 8364 432 431 8365 431 430 8366 411 411 8367 433 433 8368 432 431 8369 412 432 8370 434 454 8371 433 433 8372 435 434 8373 434 454 8374 412 432 8375 436 435 8376 435 434 8377 413 412 8378 437 436 8379 436 435 8380 414 413 8381 438 437 8382 437 436 8383 415 414 8384 439 438 8385 438 437 8386 416 415 8387 440 439 8388 461 460 8389 439 438 8390 441 440 8391 440 439 8392 418 417 8393 442 441 8394 441 440 8395 419 418 8396 443 442 8397 442 441 8398 420 419 8399 444 443 8400 443 442 8401 421 420 8402 445 444 8403 444 443 8404 422 421 8405 446 445 8406 445 444 8407 423 422 8408 425 424 8409 447 446 8410 446 445 8411 426 425 8412 448 447 8413 447 446 8414 427 426 8415 449 448 8416 448 447 8417 428 427 8418 450 449 8419 449 448 8420 429 428 8421 451 450 8422 450 449 8423 430 429 8424 452 451 8425 451 450 8426 431 430 8427 453 452 8428 452 451 8429 432 431 8430 454 453 8431 453 452 8432 433 433 8433 455 455 8434 454 453 8435 434 454 8436 456 476 8437 455 455 8438 457 456 8439 456 476 8440 434 454 8441 458 457 8442 457 456 8443 435 434 8444 459 458 8445 458 457 8446 436 435 8447 460 459 8448 459 458 8449 437 436 8450 461 460 8451 460 459 8452 438 437 8453 462 461 8454 483 482 8455 461 460 8456 463 462 8457 462 461 8458 440 439 8459 464 463 8460 463 462 8461 441 440 8462 465 464 8463 464 463 8464 442 441 8465 466 465 8466 465 464 8467 443 442 8468 467 466 8469 466 465 8470 444 443 8471 468 467 8472 467 466 8473 445 444 8474 447 446 8475 469 468 8476 468 467 8477 448 447 8478 470 469 8479 469 468 8480 449 448 8481 471 470 8482 470 469 8483 450 449 8484 472 471 8485 471 470 8486 451 450 8487 473 472 8488 472 471 8489 452 451 8490 474 473 8491 473 472 8492 453 452 8493 475 474 8494 474 473 8495 454 453 8496 476 475 8497 475 474 8498 455 455 8499 477 477 8500 476 475 8501 456 476 8502 478 500 8503 477 477 8504 479 478 8505 478 500 8506 456 476 8507 480 479 8508 479 478 8509 457 456 8510 481 480 8511 480 479 8512 458 457 8513 482 481 8514 481 480 8515 459 458 8516 483 482 8517 482 481 8518 460 459 8519 462 461 8520 484 484 8521 505 483 8522 463 462 8523 485 485 8524 484 484 8525 464 463 8526 486 486 8527 485 485 8528 465 464 8529 487 487 8530 486 486 8531 466 465 8532 488 488 8533 487 487 8534 467 466 8535 489 510 8536 488 488 8537 490 489 8538 489 510 8539 467 466 8540 491 490 8541 490 489 8542 468 467 8543 492 491 8544 491 490 8545 469 468 8546 493 492 8547 492 491 8548 470 469 8549 494 493 8550 493 492 8551 471 470 8552 495 494 8553 494 493 8554 472 471 8555 496 495 8556 495 494 8557 473 472 8558 497 496 8559 496 495 8560 474 473 8561 498 497 8562 497 496 8563 475 474 8564 499 498 8565 498 497 8566 476 475 8567 500 499 8568 499 498 8569 477 477 8570 501 501 8571 500 499 8572 478 500 8573 480 479 8574 502 502 8575 501 501 8576 481 480 8577 503 503 8578 502 502 8579 482 481 8580 504 504 8581 503 503 8582 483 482 8583 505 483 8584 504 504 8585 484 484 8586 506 506 8587 527 505 8588 485 485 8589 507 507 8590 506 506 8591 486 486 8592 508 508 8593 507 507 8594 487 487 8595 509 509 8596 508 508 8597 488 488 8598 510 511 8599 509 509 8600 489 510 8601 511 532 8602 510 511 8603 512 512 8604 511 532 8605 489 510 8606 513 513 8607 512 512 8608 490 489 8609 514 514 8610 513 513 8611 491 490 8612 515 515 8613 514 514 8614 492 491 8615 516 516 8616 515 515 8617 493 492 8618 517 517 8619 516 516 8620 494 493 8621 518 518 8622 517 517 8623 495 494 8624 519 519 8625 518 518 8626 496 495 8627 520 520 8628 519 519 8629 497 496 8630 521 521 8631 520 520 8632 498 497 8633 522 522 8634 521 521 8635 499 498 8636 523 523 8637 522 522 8638 500 499 8639 502 502 8640 524 524 8641 523 523 8642 503 503 8643 525 525 8644 524 524 8645 504 504 8646 526 526 8647 525 525 8648 505 483 8649 527 505 8650 526 526 8651 506 506 8652 528 528 8653 549 527 8654 507 507 8655 529 529 8656 528 528 8657 508 508 8658 530 530 8659 529 529 8660 509 509 8661 531 531 8662 530 530 8663 510 511 8664 532 533 8665 531 531 8666 511 532 8667 533 555 8668 532 533 8669 534 534 8670 533 555 8671 511 532 8672 535 535 8673 534 534 8674 512 512 8675 536 536 8676 535 535 8677 513 513 8678 537 537 8679 536 536 8680 514 514 8681 538 538 8682 537 537 8683 515 515 8684 539 539 8685 538 538 8686 516 516 8687 540 540 8688 539 539 8689 517 517 8690 541 541 8691 540 540 8692 518 518 8693 542 542 8694 541 541 8695 519 519 8696 543 543 8697 542 542 8698 520 520 8699 544 544 8700 543 543 8701 521 521 8702 545 545 8703 544 544 8704 522 522 8705 524 524 8706 546 546 8707 545 545 8708 525 525 8709 547 547 8710 546 546 8711 526 526 8712 548 548 8713 547 547 8714 527 505 8715 549 527 8716 548 548 8717 550 549 8718 571 570 8719 549 527 8720 551 550 8721 550 549 8722 528 528 8723 552 551 8724 551 550 8725 529 529 8726 553 552 8727 552 551 8728 530 530 8729 554 553 8730 553 552 8731 531 531 8732 555 554 8733 554 553 8734 532 533 8735 556 556 8736 555 554 8737 533 555 8738 535 535 8739 557 557 8740 556 556 8741 536 536 8742 558 558 8743 557 557 8744 537 537 8745 559 559 8746 558 558 8747 538 538 8748 560 560 8749 559 559 8750 539 539 8751 561 561 8752 560 560 8753 540 540 8754 562 562 8755 561 561 8756 541 541 8757 563 563 8758 562 562 8759 542 542 8760 564 564 8761 563 563 8762 543 543 8763 565 565 8764 564 564 8765 544 544 8766 566 586 8767 565 565 8768 567 566 8769 566 586 8770 544 544 8771 568 567 8772 567 566 8773 545 545 8774 569 568 8775 568 567 8776 546 546 8777 570 569 8778 569 568 8779 547 547 8780 571 570 8781 570 569 8782 548 548 8783 572 571 8784 593 592 8785 571 570 8786 573 572 8787 572 571 8788 550 549 8789 574 573 8790 573 572 8791 551 550 8792 575 574 8793 574 573 8794 552 551 8795 576 575 8796 575 574 8797 553 552 8798 577 576 8799 576 575 8800 554 553 8801 578 577 8802 577 576 8803 555 554 8804 557 557 8805 579 578 8806 578 577 8807 558 558 8808 580 579 8809 579 578 8810 559 559 8811 581 580 8812 580 579 8813 560 560 8814 582 581 8815 581 580 8816 561 561 8817 583 582 8818 582 581 8819 562 562 8820 584 583 8821 583 582 8822 563 563 8823 585 584 8824 584 583 8825 564 564 8826 586 585 8827 585 584 8828 565 565 8829 587 587 8830 586 585 8831 566 586 8832 588 608 8833 587 587 8834 589 588 8835 588 608 8836 566 586 8837 590 589 8838 589 588 8839 567 566 8840 591 590 8841 590 589 8842 568 567 8843 592 591 8844 591 590 8845 569 568 8846 593 592 8847 592 591 8848 570 569 8849 594 593 8850 615 614 8851 593 592 8852 595 594 8853 594 593 8854 572 571 8855 596 595 8856 595 594 8857 573 572 8858 597 596 8859 596 595 8860 574 573 8861 598 597 8862 597 596 8863 575 574 8864 599 598 8865 598 597 8866 576 575 8867 600 599 8868 599 598 8869 577 576 8870 579 578 8871 601 600 8872 600 599 8873 580 579 8874 602 601 8875 601 600 8876 581 580 8877 603 602 8878 602 601 8879 582 581 8880 604 603 8881 603 602 8882 583 582 8883 605 604 8884 604 603 8885 584 583 8886 606 605 8887 605 604 8888 585 584 8889 607 606 8890 606 605 8891 586 585 8892 608 607 8893 607 606 8894 587 587 8895 609 609 8896 608 607 8897 588 608 8898 610 630 8899 609 609 8900 611 610 8901 610 630 8902 588 608 8903 612 611 8904 611 610 8905 589 588 8906 613 612 8907 612 611 8908 590 589 8909 614 613 8910 613 612 8911 591 590 8912 615 614 8913 614 613 8914 592 591 8915 616 615 8916 637 636 8917 615 614 8918 617 616 8919 616 615 8920 594 593 8921 618 617 8922 617 616 8923 595 594 8924 619 618 8925 618 617 8926 596 595 8927 620 619 8928 619 618 8929 597 596 8930 621 620 8931 620 619 8932 598 597 8933 622 621 8934 621 620 8935 599 598 8936 601 600 8937 623 622 8938 622 621 8939 602 601 8940 624 623 8941 623 622 8942 603 602 8943 625 624 8944 624 623 8945 604 603 8946 626 625 8947 625 624 8948 605 604 8949 627 626 8950 626 625 8951 606 605 8952 628 627 8953 627 626 8954 607 606 8955 629 628 8956 628 627 8957 608 607 8958 630 629 8959 629 628 8960 609 609 8961 631 631 8962 630 629 8963 610 630 8964 632 652 8965 631 631 8966 633 632 8967 632 652 8968 610 630 8969 634 633 8970 633 632 8971 611 610 8972 635 634 8973 634 633 8974 612 611 8975 636 635 8976 635 634 8977 613 612 8978 637 636 8979 636 635 8980 614 613 8981 638 637 8982 659 658 8983 637 636 8984 639 638 8985 638 637 8986 616 615 8987 640 639 8988 639 638 8989 617 616 8990 641 640 8991 640 639 8992 618 617 8993 642 641 8994 641 640 8995 619 618 8996 643 642 8997 642 641 8998 620 619 8999 644 643 9000 643 642 9001 621 620 9002 623 622 9003 645 644 9004 644 643 9005 624 623 9006 646 645 9007 645 644 9008 625 624 9009 647 646 9010 646 645 9011 626 625 9012 648 647 9013 647 646 9014 627 626 9015 649 648 9016 648 647 9017 628 627 9018 650 649 9019 649 648 9020 629 628 9021 651 650 9022 650 649 9023 630 629 9024 652 651 9025 651 650 9026 631 631 9027 653 653 9028 652 651 9029 632 652 9030 654 674 9031 653 653 9032 655 654 9033 654 674 9034 632 652 9035 656 655 9036 655 654 9037 633 632 9038 657 656 9039 656 655 9040 634 633 9041 658 657 9042 657 656 9043 635 634 9044 659 658 9045 658 657 9046 636 635 9047 660 659 9048 681 680 9049 659 658 9050 661 660 9051 660 659 9052 638 637 9053 662 661 9054 661 660 9055 639 638 9056 663 662 9057 662 661 9058 640 639 9059 664 663 9060 663 662 9061 641 640 9062 665 664 9063 664 663 9064 642 641 9065 666 665 9066 665 664 9067 643 642 9068 645 644 9069 667 666 9070 666 665 9071 646 645 9072 668 667 9073 667 666 9074 647 646 9075 669 668 9076 668 667 9077 648 647 9078 670 669 9079 669 668 9080 649 648 9081 671 670 9082 670 669 9083 650 649 9084 672 671 9085 671 670 9086 651 650 9087 673 672 9088 672 671 9089 652 651 9090 674 673 9091 673 672 9092 653 653 9093 675 675 9094 674 673 9095 654 674 9096 676 696 9097 675 675 9098 677 676 9099 676 696 9100 654 674 9101 678 677 9102 677 676 9103 655 654 9104 679 678 9105 678 677 9106 656 655 9107 680 679 9108 679 678 9109 657 656 9110 681 680 9111 680 679 9112 658 657 9113 682 681 9114 703 702 9115 681 680 9116 683 682 9117 682 681 9118 660 659 9119 684 683 9120 683 682 9121 661 660 9122 685 684 9123 684 683 9124 662 661 9125 686 685 9126 685 684 9127 663 662 9128 687 686 9129 686 685 9130 664 663 9131 688 687 9132 687 686 9133 665 664 9134 667 666 9135 689 688 9136 688 687 9137 668 667 9138 690 689 9139 689 688 9140 669 668 9141 691 690 9142 690 689 9143 670 669 9144 692 691 9145 691 690 9146 671 670 9147 693 692 9148 692 691 9149 672 671 9150 694 693 9151 693 692 9152 673 672 9153 695 694 9154 694 693 9155 674 673 9156 696 695 9157 695 694 9158 675 675 9159 697 697 9160 696 695 9161 676 696 9162 698 718 9163 697 697 9164 699 698 9165 698 718 9166 676 696 9167 700 699 9168 699 698 9169 677 676 9170 701 700 9171 700 699 9172 678 677 9173 702 701 9174 701 700 9175 679 678 9176 703 702 9177 702 701 9178 680 679 9179 704 703 9180 725 724 9181 703 702 9182 705 704 9183 704 703 9184 682 681 9185 706 705 9186 705 704 9187 683 682 9188 707 706 9189 706 705 9190 684 683 9191 708 707 9192 707 706 9193 685 684 9194 709 708 9195 708 707 9196 686 685 9197 710 709 9198 709 708 9199 687 686 9200 689 688 9201 711 710 9202 710 709 9203 690 689 9204 712 711 9205 711 710 9206 691 690 9207 713 712 9208 712 711 9209 692 691 9210 714 713 9211 713 712 9212 693 692 9213 715 714 9214 714 713 9215 694 693 9216 716 715 9217 715 714 9218 695 694 9219 717 716 9220 716 715 9221 696 695 9222 718 717 9223 717 716 9224 697 697 9225 719 719 9226 718 717 9227 698 718 9228 720 740 9229 719 719 9230 721 720 9231 720 740 9232 698 718 9233 722 721 9234 721 720 9235 699 698 9236 723 722 9237 722 721 9238 700 699 9239 724 723 9240 723 722 9241 701 700 9242 725 724 9243 724 723 9244 702 701 9245 726 725 9246 747 746 9247 725 724 9248 727 726 9249 726 725 9250 704 703 9251 728 727 9252 727 726 9253 705 704 9254 729 728 9255 728 727 9256 706 705 9257 730 729 9258 729 728 9259 707 706 9260 731 730 9261 730 729 9262 708 707 9263 732 731 9264 731 730 9265 709 708 9266 711 710 9267 733 732 9268 732 731 9269 712 711 9270 734 733 9271 733 732 9272 713 712 9273 735 734 9274 734 733 9275 714 713 9276 736 735 9277 735 734 9278 715 714 9279 737 736 9280 736 735 9281 716 715 9282 738 737 9283 737 736 9284 717 716 9285 739 738 9286 738 737 9287 718 717 9288 740 739 9289 739 738 9290 719 719 9291 741 741 9292 740 739 9293 720 740 9294 742 762 9295 741 741 9296 743 742 9297 742 762 9298 720 740 9299 744 743 9300 743 742 9301 721 720 9302 745 744 9303 744 743 9304 722 721 9305 746 745 9306 745 744 9307 723 722 9308 747 746 9309 746 745 9310 724 723 9311 748 747 9312 769 768 9313 747 746 9314 749 748 9315 748 747 9316 726 725 9317 750 749 9318 749 748 9319 727 726 9320 751 750 9321 750 749 9322 728 727 9323 752 751 9324 751 750 9325 729 728 9326 753 752 9327 752 751 9328 730 729 9329 754 753 9330 753 752 9331 731 730 9332 733 732 9333 755 754 9334 754 753 9335 734 733 9336 756 755 9337 755 754 9338 735 734 9339 757 756 9340 756 755 9341 736 735 9342 758 757 9343 757 756 9344 737 736 9345 759 758 9346 758 757 9347 738 737 9348 760 759 9349 759 758 9350 739 738 9351 761 760 9352 760 759 9353 740 739 9354 762 761 9355 761 760 9356 741 741 9357 763 763 9358 762 761 9359 742 762 9360 764 784 9361 763 763 9362 765 764 9363 764 784 9364 742 762 9365 766 765 9366 765 764 9367 743 742 9368 767 766 9369 766 765 9370 744 743 9371 768 767 9372 767 766 9373 745 744 9374 769 768 9375 768 767 9376 746 745 9377 770 769 9378 791 790 9379 769 768 9380 771 770 9381 770 769 9382 748 747 9383 772 771 9384 771 770 9385 749 748 9386 773 772 9387 772 771 9388 750 749 9389 774 773 9390 773 772 9391 751 750 9392 775 774 9393 774 773 9394 752 751 9395 776 775 9396 775 774 9397 753 752 9398 755 754 9399 777 776 9400 776 775 9401 756 755 9402 778 777 9403 777 776 9404 757 756 9405 779 778 9406 778 777 9407 758 757 9408 780 779 9409 779 778 9410 759 758 9411 781 780 9412 780 779 9413 760 759 9414 782 781 9415 781 780 9416 761 760 9417 783 782 9418 782 781 9419 762 761 9420 784 783 9421 783 782 9422 763 763 9423 785 785 9424 784 783 9425 764 784 9426 786 806 9427 785 785 9428 787 786 9429 786 806 9430 764 784 9431 788 787 9432 787 786 9433 765 764 9434 789 788 9435 788 787 9436 766 765 9437 790 789 9438 789 788 9439 767 766 9440 791 790 9441 790 789 9442 768 767 9443 792 791 9444 813 812 9445 791 790 9446 793 792 9447 792 791 9448 770 769 9449 794 793 9450 793 792 9451 771 770 9452 795 794 9453 794 793 9454 772 771 9455 796 795 9456 795 794 9457 773 772 9458 797 796 9459 796 795 9460 774 773 9461 798 797 9462 797 796 9463 775 774 9464 777 776 9465 799 798 9466 798 797 9467 778 777 9468 800 799 9469 799 798 9470 779 778 9471 801 800 9472 800 799 9473 780 779 9474 802 801 9475 801 800 9476 781 780 9477 803 802 9478 802 801 9479 782 781 9480 804 803 9481 803 802 9482 783 782 9483 805 804 9484 804 803 9485 784 783 9486 806 805 9487 805 804 9488 785 785 9489 807 807 9490 806 805 9491 786 806 9492 808 830 9493 807 807 9494 809 808 9495 808 830 9496 786 806 9497 810 809 9498 809 808 9499 787 786 9500 811 810 9501 810 809 9502 788 787 9503 812 811 9504 811 810 9505 789 788 9506 813 812 9507 812 811 9508 790 789 9509 792 791 9510 814 814 9511 835 813 9512 793 792 9513 815 815 9514 814 814 9515 794 793 9516 816 816 9517 815 815 9518 795 794 9519 817 817 9520 816 816 9521 796 795 9522 818 818 9523 817 817 9524 797 796 9525 819 841 9526 818 818 9527 820 819 9528 819 841 9529 797 796 9530 821 820 9531 820 819 9532 798 797 9533 822 821 9534 821 820 9535 799 798 9536 823 822 9537 822 821 9538 800 799 9539 824 823 9540 823 822 9541 801 800 9542 825 824 9543 824 823 9544 802 801 9545 826 825 9546 825 824 9547 803 802 9548 827 826 9549 826 825 9550 804 803 9551 828 827 9552 827 826 9553 805 804 9554 829 828 9555 828 827 9556 806 805 9557 830 829 9558 829 828 9559 807 807 9560 831 831 9561 830 829 9562 808 830 9563 810 809 9564 832 832 9565 831 831 9566 811 810 9567 833 833 9568 832 832 9569 812 811 9570 834 834 9571 833 833 9572 813 812 9573 835 813 9574 834 834 9575 836 835 9576 857 856 9577 835 813 9578 837 836 9579 836 835 9580 814 814 9581 838 837 9582 837 836 9583 815 815 9584 839 838 9585 838 837 9586 816 816 9587 840 839 9588 839 838 9589 817 817 9590 841 840 9591 840 839 9592 818 818 9593 842 842 9594 841 840 9595 819 841 9596 821 820 9597 843 843 9598 842 842 9599 822 821 9600 844 844 9601 843 843 9602 823 822 9603 845 845 9604 844 844 9605 824 823 9606 846 846 9607 845 845 9608 825 824 9609 847 847 9610 846 846 9611 826 825 9612 848 848 9613 847 847 9614 827 826 9615 849 849 9616 848 848 9617 828 827 9618 850 850 9619 849 849 9620 829 828 9621 851 851 9622 850 850 9623 830 829 9624 852 872 9625 851 851 9626 853 852 9627 852 872 9628 830 829 9629 854 853 9630 853 852 9631 831 831 9632 855 854 9633 854 853 9634 832 832 9635 856 855 9636 855 854 9637 833 833 9638 857 856 9639 856 855 9640 834 834 9641 858 857 9642 879 878 9643 857 856 9644 859 858 9645 858 857 9646 836 835 9647 860 859 9648 859 858 9649 837 836 9650 861 860 9651 860 859 9652 838 837 9653 862 861 9654 861 860 9655 839 838 9656 863 862 9657 862 861 9658 840 839 9659 864 863 9660 863 862 9661 841 840 9662 843 843 9663 865 864 9664 864 863 9665 844 844 9666 866 865 9667 865 864 9668 845 845 9669 867 866 9670 866 865 9671 846 846 9672 868 867 9673 867 866 9674 847 847 9675 869 868 9676 868 867 9677 848 848 9678 870 869 9679 869 868 9680 849 849 9681 871 870 9682 870 869 9683 850 850 9684 872 871 9685 871 870 9686 851 851 9687 873 873 9688 872 871 9689 852 872 9690 874 894 9691 873 873 9692 875 874 9693 874 894 9694 852 872 9695 876 875 9696 875 874 9697 853 852 9698 877 876 9699 876 875 9700 854 853 9701 878 877 9702 877 876 9703 855 854 9704 879 878 9705 878 877 9706 856 855 9707 880 879 9708 901 900 9709 879 878 9710 881 880 9711 880 879 9712 858 857 9713 882 881 9714 881 880 9715 859 858 9716 883 882 9717 882 881 9718 860 859 9719 884 883 9720 883 882 9721 861 860 9722 885 884 9723 884 883 9724 862 861 9725 886 885 9726 885 884 9727 863 862 9728 865 864 9729 887 886 9730 886 885 9731 866 865 9732 888 887 9733 887 886 9734 867 866 9735 889 888 9736 888 887 9737 868 867 9738 890 889 9739 889 888 9740 869 868 9741 891 890 9742 890 889 9743 870 869 9744 892 891 9745 891 890 9746 871 870 9747 893 892 9748 892 891 9749 872 871 9750 894 893 9751 893 892 9752 873 873 9753 895 895 9754 894 893 9755 874 894 9756 896 916 9757 895 895 9758 897 896 9759 896 916 9760 874 894 9761 898 897 9762 897 896 9763 875 874 9764 899 898 9765 898 897 9766 876 875 9767 900 899 9768 899 898 9769 877 876 9770 901 900 9771 900 899 9772 878 877 9773 902 901 9774 923 922 9775 901 900 9776 903 902 9777 902 901 9778 880 879 9779 904 903 9780 903 902 9781 881 880 9782 905 904 9783 904 903 9784 882 881 9785 906 905 9786 905 904 9787 883 882 9788 907 906 9789 906 905 9790 884 883 9791 908 907 9792 907 906 9793 885 884 9794 887 886 9795 909 908 9796 908 907 9797 888 887 9798 910 909 9799 909 908 9800 889 888 9801 911 910 9802 910 909 9803 890 889 9804 912 911 9805 911 910 9806 891 890 9807 913 912 9808 912 911 9809 892 891 9810 914 913 9811 913 912 9812 893 892 9813 915 914 9814 914 913 9815 894 893 9816 916 915 9817 915 914 9818 895 895 9819 917 917 9820 916 915 9821 896 916 9822 918 938 9823 917 917 9824 919 918 9825 918 938 9826 896 916 9827 920 919 9828 919 918 9829 897 896 9830 921 920 9831 920 919 9832 898 897 9833 922 921 9834 921 920 9835 899 898 9836 923 922 9837 922 921 9838 900 899 9839 924 923 9840 945 944 9841 923 922 9842 925 924 9843 924 923 9844 902 901 9845 926 925 9846 925 924 9847 903 902 9848 927 926 9849 926 925 9850 904 903 9851 928 927 9852 927 926 9853 905 904 9854 929 928 9855 928 927 9856 906 905 9857 930 929 9858 929 928 9859 907 906 9860 909 908 9861 931 930 9862 930 929 9863 910 909 9864 932 931 9865 931 930 9866 911 910 9867 933 932 9868 932 931 9869 912 911 9870 934 933 9871 933 932 9872 913 912 9873 935 934 9874 934 933 9875 914 913 9876 936 935 9877 935 934 9878 915 914 9879 937 936 9880 936 935 9881 916 915 9882 938 937 9883 937 936 9884 917 917 9885 939 939 9886 938 937 9887 918 938 9888 940 960 9889 939 939 9890 941 940 9891 940 960 9892 918 938 9893 942 941 9894 941 940 9895 919 918 9896 943 942 9897 942 941 9898 920 919 9899 944 943 9900 943 942 9901 921 920 9902 945 944 9903 944 943 9904 922 921 9905 946 945 9906 967 966 9907 945 944 9908 947 946 9909 946 945 9910 924 923 9911 948 947 9912 947 946 9913 925 924 9914 949 948 9915 948 947 9916 926 925 9917 950 949 9918 949 948 9919 927 926 9920 951 950 9921 950 949 9922 928 927 9923 952 951 9924 951 950 9925 929 928 9926 931 930 9927 953 952 9928 952 951 9929 932 931 9930 954 953 9931 953 952 9932 933 932 9933 955 954 9934 954 953 9935 934 933 9936 956 955 9937 955 954 9938 935 934 9939 957 956 9940 956 955 9941 936 935 9942 958 957 9943 957 956 9944 937 936 9945 959 958 9946 958 957 9947 938 937 9948 960 959 9949 959 958 9950 939 939 9951 961 961 9952 960 959 9953 940 960 9954 962 982 9955 961 961 9956 963 962 9957 962 982 9958 940 960 9959 964 963 9960 963 962 9961 941 940 9962 965 964 9963 964 963 9964 942 941 9965 966 965 9966 965 964 9967 943 942 9968 967 966 9969 966 965 9970 944 943 9971 968 967 9972 989 988 9973 967 966 9974 969 968 9975 968 967 9976 946 945 9977 970 969 9978 969 968 9979 947 946 9980 971 970 9981 970 969 9982 948 947 9983 972 971 9984 971 970 9985 949 948 9986 973 972 9987 972 971 9988 950 949 9989 974 973 9990 973 972 9991 951 950 9992 953 952 9993 975 974 9994 974 973 9995 954 953 9996 976 975 9997 975 974 9998 955 954 9999 977 976 10000 976 975 10001 956 955 10002 978 977 10003 977 976 10004 957 956 10005 979 978 10006 978 977 10007 958 957 10008 980 979 10009 979 978 10010 959 958 10011 981 980 10012 980 979 10013 960 959 10014 982 981 10015 981 980 10016 961 961 10017 983 983 10018 982 981 10019 962 982 10020 984 1004 10021 983 983 10022 985 984 10023 984 1004 10024 962 982 10025 986 985 10026 985 984 10027 963 962 10028 987 986 10029 986 985 10030 964 963 10031 988 987 10032 987 986 10033 965 964 10034 989 988 10035 988 987 10036 966 965 10037 990 989 10038 1011 1010 10039 989 988 10040 991 990 10041 990 989 10042 968 967 10043 992 991 10044 991 990 10045 969 968 10046 993 992 10047 992 991 10048 970 969 10049 994 993 10050 993 992 10051 971 970 10052 995 994 10053 994 993 10054 972 971 10055 996 995 10056 995 994 10057 973 972 10058 975 974 10059 997 996 10060 996 995 10061 976 975 10062 998 997 10063 997 996 10064 977 976 10065 999 998 10066 998 997 10067 978 977 10068 1000 999 10069 999 998 10070 979 978 10071 1001 1000 10072 1000 999 10073 980 979 10074 1002 1001 10075 1001 1000 10076 981 980 10077 1003 1002 10078 1002 1001 10079 982 981 10080 1004 1003 10081 1003 1002 10082 983 983 10083 1005 1005 10084 1004 1003 10085 984 1004 10086 1006 1026 10087 1005 1005 10088 1007 1006 10089 1006 1026 10090 984 1004 10091 1008 1007 10092 1007 1006 10093 985 984 10094 1009 1008 10095 1008 1007 10096 986 985 10097 1010 1009 10098 1009 1008 10099 987 986 10100 1011 1010 10101 1010 1009 10102 988 987 10103 1012 1011 10104 1033 1032 10105 1011 1010 10106 1013 1012 10107 1012 1011 10108 990 989 10109 1014 1013 10110 1013 1012 10111 991 990 10112 1015 1014 10113 1014 1013 10114 992 991 10115 1016 1015 10116 1015 1014 10117 993 992 10118 1017 1016 10119 1016 1015 10120 994 993 10121 1018 1017 10122 1017 1016 10123 995 994 10124 997 996 10125 1019 1018 10126 1018 1017 10127 998 997 10128 1020 1019 10129 1019 1018 10130 999 998 10131 1021 1020 10132 1020 1019 10133 1000 999 10134 1022 1021 10135 1021 1020 10136 1001 1000 10137 1023 1022 10138 1022 1021 10139 1002 1001 10140 1024 1023 10141 1023 1022 10142 1003 1002 10143 1025 1024 10144 1024 1023 10145 1004 1003 10146 1026 1025 10147 1025 1024 10148 1005 1005 10149 1027 1027 10150 1026 1025 10151 1006 1026 10152 1028 1048 10153 1027 1027 10154 1029 1028 10155 1028 1048 10156 1006 1026 10157 1030 1029 10158 1029 1028 10159 1007 1006 10160 1031 1030 10161 1030 1029 10162 1008 1007 10163 1032 1031 10164 1031 1030 10165 1009 1008 10166 1033 1032 10167 1032 1031 10168 1010 1009 10169 1034 1033 10170 1055 1054 10171 1033 1032 10172 1035 1034 10173 1034 1033 10174 1012 1011 10175 1036 1035 10176 1035 1034 10177 1013 1012 10178 1037 1036 10179 1036 1035 10180 1014 1013 10181 1038 1037 10182 1037 1036 10183 1015 1014 10184 1039 1038 10185 1038 1037 10186 1016 1015 10187 1040 1039 10188 1039 1038 10189 1017 1016 10190 1019 1018 10191 1041 1040 10192 1040 1039 10193 1020 1019 10194 1042 1041 10195 1041 1040 10196 1021 1020 10197 1043 1042 10198 1042 1041 10199 1022 1021 10200 1044 1043 10201 1043 1042 10202 1023 1022 10203 1045 1044 10204 1044 1043 10205 1024 1023 10206 1046 1045 10207 1045 1044 10208 1025 1024 10209 1047 1046 10210 1046 1045 10211 1026 1025 10212 1048 1047 10213 1047 1046 10214 1027 1027 10215 1049 1049 10216 1048 1047 10217 1028 1048 10218 1050 1072 10219 1049 1049 10220 1051 1050 10221 1050 1072 10222 1028 1048 10223 1052 1051 10224 1051 1050 10225 1029 1028 10226 1053 1052 10227 1052 1051 10228 1030 1029 10229 1054 1053 10230 1053 1052 10231 1031 1030 10232 1055 1054 10233 1054 1053 10234 1032 1031 10235 1034 1033 10236 1056 1056 10237 1077 1055 10238 1035 1034 10239 1057 1057 10240 1056 1056 10241 1036 1035 10242 1058 1058 10243 1057 1057 10244 1037 1036 10245 1059 1059 10246 1058 1058 10247 1038 1037 10248 1060 1060 10249 1059 1059 10250 1039 1038 10251 1061 1082 10252 1060 1060 10253 1062 1061 10254 1061 1082 10255 1039 1038 10256 1063 1062 10257 1062 1061 10258 1040 1039 10259 1064 1063 10260 1063 1062 10261 1041 1040 10262 1065 1064 10263 1064 1063 10264 1042 1041 10265 1066 1065 10266 1065 1064 10267 1043 1042 10268 1067 1066 10269 1066 1065 10270 1044 1043 10271 1068 1067 10272 1067 1066 10273 1045 1044 10274 1069 1068 10275 1068 1067 10276 1046 1045 10277 1070 1069 10278 1069 1068 10279 1047 1046 10280 1071 1070 10281 1070 1069 10282 1048 1047 10283 1072 1071 10284 1071 1070 10285 1049 1049 10286 1073 1073 10287 1072 1071 10288 1050 1072 10289 1052 1051 10290 1074 1074 10291 1073 1073 10292 1053 1052 10293 1075 1075 10294 1074 1074 10295 1054 1053 10296 1076 1076 10297 1075 1075 10298 1055 1054 10299 1077 1055 10300 1076 1076 10301 1056 1056 10302 1078 1078 10303 1099 1077 10304 1057 1057 10305 1079 1079 10306 1078 1078 10307 1058 1058 10308 1080 1080 10309 1079 1079 10310 1059 1059 10311 1081 1081 10312 1080 1080 10313 1060 1060 10314 1082 1083 10315 1081 1081 10316 1061 1082 10317 1083 1104 10318 1082 1083 10319 1084 1084 10320 1083 1104 10321 1061 1082 10322 1085 1085 10323 1084 1084 10324 1062 1061 10325 1086 1086 10326 1085 1085 10327 1063 1062 10328 1087 1087 10329 1086 1086 10330 1064 1063 10331 1088 1088 10332 1087 1087 10333 1065 1064 10334 1089 1089 10335 1088 1088 10336 1066 1065 10337 1090 1090 10338 1089 1089 10339 1067 1066 10340 1091 1091 10341 1090 1090 10342 1068 1067 10343 1092 1092 10344 1091 1091 10345 1069 1068 10346 1093 1093 10347 1092 1092 10348 1070 1069 10349 1094 1094 10350 1093 1093 10351 1071 1070 10352 1095 1095 10353 1094 1094 10354 1072 1071 10355 1074 1074 10356 1096 1096 10357 1095 1095 10358 1075 1075 10359 1097 1097 10360 1096 1096 10361 1076 1076 10362 1098 1098 10363 1097 1097 10364 1077 1055 10365 1099 1077 10366 1098 1098 10367 1078 1078 10368 1100 1100 10369 1121 1099 10370 1079 1079 10371 1101 1101 10372 1100 1100 10373 1080 1080 10374 1102 1102 10375 1101 1101 10376 1081 1081 10377 1103 1103 10378 1102 1102 10379 1082 1083 10380 1104 1105 10381 1103 1103 10382 1083 1104 10383 1105 1126 10384 1104 1105 10385 1106 1106 10386 1105 1126 10387 1083 1104 10388 1107 1107 10389 1106 1106 10390 1084 1084 10391 1108 1108 10392 1107 1107 10393 1085 1085 10394 1109 1109 10395 1108 1108 10396 1086 1086 10397 1110 1110 10398 1109 1109 10399 1087 1087 10400 1111 1111 10401 1110 1110 10402 1088 1088 10403 1112 1112 10404 1111 1111 10405 1089 1089 10406 1113 1113 10407 1112 1112 10408 1090 1090 10409 1114 1114 10410 1113 1113 10411 1091 1091 10412 1115 1115 10413 1114 1114 10414 1092 1092 10415 1116 1116 10416 1115 1115 10417 1093 1093 10418 1117 1117 10419 1116 1116 10420 1094 1094 10421 1096 1096 10422 1118 1118 10423 1117 1117 10424 1097 1097 10425 1119 1119 10426 1118 1118 10427 1098 1098 10428 1120 1120 10429 1119 1119 10430 1099 1077 10431 1121 1099 10432 1120 1120 10433 1100 1100 10434 1122 1122 10435 1143 1121 10436 1101 1101 10437 1123 1123 10438 1122 1122 10439 1102 1102 10440 1124 1124 10441 1123 1123 10442 1103 1103 10443 1125 1125 10444 1124 1124 10445 1104 1105 10446 1126 1127 10447 1125 1125 10448 1105 1126 10449 1127 1149 10450 1126 1127 10451 1128 1128 10452 1127 1149 10453 1105 1126 10454 1129 1129 10455 1128 1128 10456 1106 1106 10457 1130 1130 10458 1129 1129 10459 1107 1107 10460 1131 1131 10461 1130 1130 10462 1108 1108 10463 1132 1132 10464 1131 1131 10465 1109 1109 10466 1133 1133 10467 1132 1132 10468 1110 1110 10469 1134 1134 10470 1133 1133 10471 1111 1111 10472 1135 1135 10473 1134 1134 10474 1112 1112 10475 1136 1136 10476 1135 1135 10477 1113 1113 10478 1137 1137 10479 1136 1136 10480 1114 1114 10481 1138 1138 10482 1137 1137 10483 1115 1115 10484 1139 1139 10485 1138 1138 10486 1116 1116 10487 1118 1118 10488 1140 1140 10489 1139 1139 10490 1119 1119 10491 1141 1141 10492 1140 1140 10493 1120 1120 10494 1142 1142 10495 1141 1141 10496 1121 1099 10497 1143 1121 10498 1142 1142 10499 1144 1143 10500 1165 1164 10501 1143 1121 10502 1145 1144 10503 1144 1143 10504 1122 1122 10505 1146 1145 10506 1145 1144 10507 1123 1123 10508 1147 1146 10509 1146 1145 10510 1124 1124 10511 1148 1147 10512 1147 1146 10513 1125 1125 10514 1149 1148 10515 1148 1147 10516 1126 1127 10517 1150 1150 10518 1149 1148 10519 1127 1149 10520 1129 1129 10521 1151 1151 10522 1150 1150 10523 1130 1130 10524 1152 1152 10525 1151 1151 10526 1131 1131 10527 1153 1153 10528 1152 1152 10529 1132 1132 10530 1154 1154 10531 1153 1153 10532 1133 1133 10533 1155 1155 10534 1154 1154 10535 1134 1134 10536 1156 1156 10537 1155 1155 10538 1135 1135 10539 1157 1157 10540 1156 1156 10541 1136 1136 10542 1158 1158 10543 1157 1157 10544 1137 1137 10545 1159 1159 10546 1158 1158 10547 1138 1138 10548 1160 1180 10549 1159 1159 10550 1161 1160 10551 1160 1180 10552 1138 1138 10553 1162 1161 10554 1161 1160 10555 1139 1139 10556 1163 1162 10557 1162 1161 10558 1140 1140 10559 1164 1163 10560 1163 1162 10561 1141 1141 10562 1165 1164 10563 1164 1163 10564 1142 1142 10565 1166 1165 10566 1187 1186 10567 1165 1164 10568 1167 1166 10569 1166 1165 10570 1144 1143 10571 1168 1167 10572 1167 1166 10573 1145 1144 10574 1169 1168 10575 1168 1167 10576 1146 1145 10577 1170 1169 10578 1169 1168 10579 1147 1146 10580 1171 1170 10581 1170 1169 10582 1148 1147 10583 1172 1171 10584 1171 1170 10585 1149 1148 10586 1151 1151 10587 1173 1172 10588 1172 1171 10589 1152 1152 10590 1174 1173 10591 1173 1172 10592 1153 1153 10593 1175 1174 10594 1174 1173 10595 1154 1154 10596 1176 1175 10597 1175 1174 10598 1155 1155 10599 1177 1176 10600 1176 1175 10601 1156 1156 10602 1178 1177 10603 1177 1176 10604 1157 1157 10605 1179 1178 10606 1178 1177 10607 1158 1158 10608 1180 1179 10609 1179 1178 10610 1159 1159 10611 1181 1181 10612 1180 1179 10613 1160 1180 10614 1182 1202 10615 1181 1181 10616 1183 1182 10617 1182 1202 10618 1160 1180 10619 1184 1183 10620 1183 1182 10621 1161 1160 10622 1185 1184 10623 1184 1183 10624 1162 1161 10625 1186 1185 10626 1185 1184 10627 1163 1162 10628 1187 1186 10629 1186 1185 10630 1164 1163 10631 1188 1187 10632 1209 1208 10633 1187 1186 10634 1189 1188 10635 1188 1187 10636 1166 1165 10637 1190 1189 10638 1189 1188 10639 1167 1166 10640 1191 1190 10641 1190 1189 10642 1168 1167 10643 1192 1191 10644 1191 1190 10645 1169 1168 10646 1193 1192 10647 1192 1191 10648 1170 1169 10649 1194 1193 10650 1193 1192 10651 1171 1170 10652 1173 1172 10653 1195 1194 10654 1194 1193 10655 1174 1173 10656 1196 1195 10657 1195 1194 10658 1175 1174 10659 1197 1196 10660 1196 1195 10661 1176 1175 10662 1198 1197 10663 1197 1196 10664 1177 1176 10665 1199 1198 10666 1198 1197 10667 1178 1177 10668 1200 1199 10669 1199 1198 10670 1179 1178 10671 1201 1200 10672 1200 1199 10673 1180 1179 10674 1202 1201 10675 1201 1200 10676 1181 1181 10677 1203 1203 10678 1202 1201 10679 1182 1202 10680 1204 1224 10681 1203 1203 10682 1205 1204 10683 1204 1224 10684 1182 1202 10685 1206 1205 10686 1205 1204 10687 1183 1182 10688 1207 1206 10689 1206 1205 10690 1184 1183 10691 1208 1207 10692 1207 1206 10693 1185 1184 10694 1209 1208 10695 1208 1207 10696 1186 1185 10697 1210 1209 10698 1231 1230 10699 1209 1208 10700 1211 1210 10701 1210 1209 10702 1188 1187 10703 1212 1211 10704 1211 1210 10705 1189 1188 10706 1213 1212 10707 1212 1211 10708 1190 1189 10709 1214 1213 10710 1213 1212 10711 1191 1190 10712 1215 1214 10713 1214 1213 10714 1192 1191 10715 1216 1215 10716 1215 1214 10717 1193 1192 10718 1195 1194 10719 1217 1216 10720 1216 1215 10721 1196 1195 10722 1218 1217 10723 1217 1216 10724 1197 1196 10725 1219 1218 10726 1218 1217 10727 1198 1197 10728 1220 1219 10729 1219 1218 10730 1199 1198 10731 1221 1220 10732 1220 1219 10733 1200 1199 10734 1222 1221 10735 1221 1220 10736 1201 1200 10737 1223 1222 10738 1222 1221 10739 1202 1201 10740 1224 1223 10741 1223 1222 10742 1203 1203 10743 1225 1225 10744 1224 1223 10745 1204 1224 10746 1226 1246 10747 1225 1225 10748 1227 1226 10749 1226 1246 10750 1204 1224 10751 1228 1227 10752 1227 1226 10753 1205 1204 10754 1229 1228 10755 1228 1227 10756 1206 1205 10757 1230 1229 10758 1229 1228 10759 1207 1206 10760 1231 1230 10761 1230 1229 10762 1208 1207 10763 1232 1231 10764 1253 1252 10765 1231 1230 10766 1233 1232 10767 1232 1231 10768 1210 1209 10769 1234 1233 10770 1233 1232 10771 1211 1210 10772 1235 1234 10773 1234 1233 10774 1212 1211 10775 1236 1235 10776 1235 1234 10777 1213 1212 10778 1237 1236 10779 1236 1235 10780 1214 1213 10781 1238 1237 10782 1237 1236 10783 1215 1214 10784 1217 1216 10785 1239 1238 10786 1238 1237 10787 1218 1217 10788 1240 1239 10789 1239 1238 10790 1219 1218 10791 1241 1240 10792 1240 1239 10793 1220 1219 10794 1242 1241 10795 1241 1240 10796 1221 1220 10797 1243 1242 10798 1242 1241 10799 1222 1221 10800 1244 1243 10801 1243 1242 10802 1223 1222 10803 1245 1244 10804 1244 1243 10805 1224 1223 10806 1246 1245 10807 1245 1244 10808 1225 1225 10809 1247 1247 10810 1246 1245 10811 1226 1246 10812 1248 1268 10813 1247 1247 10814 1249 1248 10815 1248 1268 10816 1226 1246 10817 1250 1249 10818 1249 1248 10819 1227 1226 10820 1251 1250 10821 1250 1249 10822 1228 1227 10823 1252 1251 10824 1251 1250 10825 1229 1228 10826 1253 1252 10827 1252 1251 10828 1230 1229 10829 1254 1253 10830 1275 1274 10831 1253 1252 10832 1255 1254 10833 1254 1253 10834 1232 1231 10835 1256 1255 10836 1255 1254 10837 1233 1232 10838 1257 1256 10839 1256 1255 10840 1234 1233 10841 1258 1257 10842 1257 1256 10843 1235 1234 10844 1259 1258 10845 1258 1257 10846 1236 1235 10847 1260 1259 10848 1259 1258 10849 1237 1236 10850 1239 1238 10851 1261 1260 10852 1260 1259 10853 1240 1239 10854 1262 1261 10855 1261 1260 10856 1241 1240 10857 1263 1262 10858 1262 1261 10859 1242 1241 10860 1264 1263 10861 1263 1262 10862 1243 1242 10863 1265 1264 10864 1264 1263 10865 1244 1243 10866 1266 1265 10867 1265 1264 10868 1245 1244 10869 1267 1266 10870 1266 1265 10871 1246 1245 10872 1268 1267 10873 1267 1266 10874 1247 1247 10875 1269 1269 10876 1268 1267 10877 1248 1268 10878 1270 1292 10879 1269 1269 10880 1271 1270 10881 1270 1292 10882 1248 1268 10883 1272 1271 10884 1271 1270 10885 1249 1248 10886 1273 1272 10887 1272 1271 10888 1250 1249 10889 1274 1273 10890 1273 1272 10891 1251 1250 10892 1275 1274 10893 1274 1273 10894 1252 1251 10895 1254 1253 10896 1276 1276 10897 1297 1275 10898 1255 1254 10899 1277 1277 10900 1276 1276 10901 1256 1255 10902 1278 1278 10903 1277 1277 10904 1257 1256 10905 1279 1279 10906 1278 1278 10907 1258 1257 10908 1280 1280 10909 1279 1279 10910 1259 1258 10911 1281 1302 10912 1280 1280 10913 1282 1281 10914 1281 1302 10915 1259 1258 10916 1283 1282 10917 1282 1281 10918 1260 1259 10919 1284 1283 10920 1283 1282 10921 1261 1260 10922 1285 1284 10923 1284 1283 10924 1262 1261 10925 1286 1285 10926 1285 1284 10927 1263 1262 10928 1287 1286 10929 1286 1285 10930 1264 1263 10931 1288 1287 10932 1287 1286 10933 1265 1264 10934 1289 1288 10935 1288 1287 10936 1266 1265 10937 1290 1289 10938 1289 1288 10939 1267 1266 10940 1291 1290 10941 1290 1289 10942 1268 1267 10943 1292 1291 10944 1291 1290 10945 1269 1269 10946 1293 1293 10947 1292 1291 10948 1270 1292 10949 1272 1271 10950 1294 1294 10951 1293 1293 10952 1273 1272 10953 1295 1295 10954 1294 1294 10955 1274 1273 10956 1296 1296 10957 1295 1295 10958 1275 1274 10959 1297 1275 10960 1296 1296 10961 1276 1276 10962 1298 1298 10963 1319 1297 10964 1277 1277 10965 1299 1299 10966 1298 1298 10967 1278 1278 10968 1300 1300 10969 1299 1299 10970 1279 1279 10971 1301 1301 10972 1300 1300 10973 1280 1280 10974 1302 1303 10975 1301 1301 10976 1281 1302 10977 1303 1324 10978 1302 1303 10979 1304 1304 10980 1303 1324 10981 1281 1302 10982 1305 1305 10983 1304 1304 10984 1282 1281 10985 1306 1306 10986 1305 1305 10987 1283 1282 10988 1307 1307 10989 1306 1306 10990 1284 1283 10991 1308 1308 10992 1307 1307 10993 1285 1284 10994 1309 1309 10995 1308 1308 10996 1286 1285 10997 1310 1310 10998 1309 1309 10999 1287 1286 11000 1311 1311 11001 1310 1310 11002 1288 1287 11003 1312 1312 11004 1311 1311 11005 1289 1288 11006 1313 1313 11007 1312 1312 11008 1290 1289 11009 1314 1314 11010 1313 1313 11011 1291 1290 11012 1315 1315 11013 1314 1314 11014 1292 1291 11015 1294 1294 11016 1316 1316 11017 1315 1315 11018 1295 1295 11019 1317 1317 11020 1316 1316 11021 1296 1296 11022 1318 1318 11023 1317 1317 11024 1297 1275 11025 1319 1297 11026 1318 1318 11027 1298 1298 11028 1320 1320 11029 1341 1319 11030 1299 1299 11031 1321 1321 11032 1320 1320 11033 1300 1300 11034 1322 1322 11035 1321 1321 11036 1301 1301 11037 1323 1323 11038 1322 1322 11039 1302 1303 11040 1324 1325 11041 1323 1323 11042 1303 1324 11043 1325 1346 11044 1324 1325 11045 1326 1326 11046 1325 1346 11047 1303 1324 11048 1327 1327 11049 1326 1326 11050 1304 1304 11051 1328 1328 11052 1327 1327 11053 1305 1305 11054 1329 1329 11055 1328 1328 11056 1306 1306 11057 1330 1330 11058 1329 1329 11059 1307 1307 11060 1331 1331 11061 1330 1330 11062 1308 1308 11063 1332 1332 11064 1331 1331 11065 1309 1309 11066 1333 1333 11067 1332 1332 11068 1310 1310 11069 1334 1334 11070 1333 1333 11071 1311 1311 11072 1335 1335 11073 1334 1334 11074 1312 1312 11075 1336 1336 11076 1335 1335 11077 1313 1313 11078 1337 1337 11079 1336 1336 11080 1314 1314 11081 1316 1316 11082 1338 1338 11083 1337 1337 11084 1317 1317 11085 1339 1339 11086 1338 1338 11087 1318 1318 11088 1340 1340 11089 1339 1339 11090 1319 1297 11091 1341 1319 11092 1340 1340 11093 1320 1320 11094 1342 1342 11095 1363 1341 11096 1321 1321 11097 1343 1343 11098 1342 1342 11099 1322 1322 11100 1344 1344 11101 1343 1343 11102 1323 1323 11103 1345 1345 11104 1344 1344 11105 1324 1325 11106 1346 1347 11107 1345 1345 11108 1325 1346 11109 1347 1368 11110 1346 1347 11111 1348 1348 11112 1347 1368 11113 1325 1346 11114 1349 1349 11115 1348 1348 11116 1326 1326 11117 1350 1350 11118 1349 1349 11119 1327 1327 11120 1351 1351 11121 1350 1350 11122 1328 1328 11123 1352 1352 11124 1351 1351 11125 1329 1329 11126 1353 1353 11127 1352 1352 11128 1330 1330 11129 1354 1354 11130 1353 1353 11131 1331 1331 11132 1355 1355 11133 1354 1354 11134 1332 1332 11135 1356 1356 11136 1355 1355 11137 1333 1333 11138 1357 1357 11139 1356 1356 11140 1334 1334 11141 1358 1358 11142 1357 1357 11143 1335 1335 11144 1359 1359 11145 1358 1358 11146 1336 1336 11147 1338 1338 11148 1360 1360 11149 1359 1359 11150 1339 1339 11151 1361 1361 11152 1360 1360 11153 1340 1340 11154 1362 1362 11155 1361 1361 11156 1341 1319 11157 1363 1341 11158 1362 1362 11159 1342 1342 11160 1364 1364 11161 1385 1363 11162 1343 1343 11163 1365 1365 11164 1364 1364 11165 1344 1344 11166 1366 1366 11167 1365 1365 11168 1345 1345 11169 1367 1367 11170 1366 1366 11171 1346 1347 11172 1368 1369 11173 1367 1367 11174 1347 1368 11175 1369 1390 11176 1368 1369 11177 1370 1370 11178 1369 1390 11179 1347 1368 11180 1371 1371 11181 1370 1370 11182 1348 1348 11183 1372 1372 11184 1371 1371 11185 1349 1349 11186 1373 1373 11187 1372 1372 11188 1350 1350 11189 1374 1374 11190 1373 1373 11191 1351 1351 11192 1375 1375 11193 1374 1374 11194 1352 1352 11195 1376 1376 11196 1375 1375 11197 1353 1353 11198 1377 1377 11199 1376 1376 11200 1354 1354 11201 1378 1378 11202 1377 1377 11203 1355 1355 11204 1379 1379 11205 1378 1378 11206 1356 1356 11207 1380 1380 11208 1379 1379 11209 1357 1357 11210 1381 1381 11211 1380 1380 11212 1358 1358 11213 1360 1360 11214 1382 1382 11215 1381 1381 11216 1361 1361 11217 1383 1383 11218 1382 1382 11219 1362 1362 11220 1384 1384 11221 1383 1383 11222 1363 1341 11223 1385 1363 11224 1384 1384 11225 1364 1364 11226 1386 1386 11227 1407 1385 11228 1365 1365 11229 1387 1387 11230 1386 1386 11231 1366 1366 11232 1388 1388 11233 1387 1387 11234 1367 1367 11235 1389 1389 11236 1388 1388 11237 1368 1369 11238 1390 1391 11239 1389 1389 11240 1369 1390 11241 1391 1412 11242 1390 1391 11243 1392 1392 11244 1391 1412 11245 1369 1390 11246 1393 1393 11247 1392 1392 11248 1370 1370 11249 1394 1394 11250 1393 1393 11251 1371 1371 11252 1395 1395 11253 1394 1394 11254 1372 1372 11255 1396 1396 11256 1395 1395 11257 1373 1373 11258 1397 1397 11259 1396 1396 11260 1374 1374 11261 1398 1398 11262 1397 1397 11263 1375 1375 11264 1399 1399 11265 1398 1398 11266 1376 1376 11267 1400 1400 11268 1399 1399 11269 1377 1377 11270 1401 1401 11271 1400 1400 11272 1378 1378 11273 1402 1402 11274 1401 1401 11275 1379 1379 11276 1403 1403 11277 1402 1402 11278 1380 1380 11279 1382 1382 11280 1404 1404 11281 1403 1403 11282 1383 1383 11283 1405 1405 11284 1404 1404 11285 1384 1384 11286 1406 1406 11287 1405 1405 11288 1385 1363 11289 1407 1385 11290 1406 1406 11291 1386 1386 11292 1408 1408 11293 1429 1407 11294 1387 1387 11295 1409 1409 11296 1408 1408 11297 1388 1388 11298 1410 1410 11299 1409 1409 11300 1389 1389 11301 1411 1411 11302 1410 1410 11303 1390 1391 11304 1412 1413 11305 1411 1411 11306 1391 1412 11307 1413 1434 11308 1412 1413 11309 1414 1414 11310 1413 1434 11311 1391 1412 11312 1415 1415 11313 1414 1414 11314 1392 1392 11315 1416 1416 11316 1415 1415 11317 1393 1393 11318 1417 1417 11319 1416 1416 11320 1394 1394 11321 1418 1418 11322 1417 1417 11323 1395 1395 11324 1419 1419 11325 1418 1418 11326 1396 1396 11327 1420 1420 11328 1419 1419 11329 1397 1397 11330 1421 1421 11331 1420 1420 11332 1398 1398 11333 1422 1422 11334 1421 1421 11335 1399 1399 11336 1423 1423 11337 1422 1422 11338 1400 1400 11339 1424 1424 11340 1423 1423 11341 1401 1401 11342 1425 1425 11343 1424 1424 11344 1402 1402 11345 1404 1404 11346 1426 1426 11347 1425 1425 11348 1405 1405 11349 1427 1427 11350 1426 1426 11351 1406 1406 11352 1428 1428 11353 1427 1427 11354 1407 1385 11355 1429 1407 11356 1428 1428 11357 1408 1408 11358 1430 1430 11359 1451 1429 11360 1409 1409 11361 1431 1431 11362 1430 1430 11363 1410 1410 11364 1432 1432 11365 1431 1431 11366 1411 1411 11367 1433 1433 11368 1432 1432 11369 1412 1413 11370 1434 1435 11371 1433 1433 11372 1413 1434 11373 1435 1456 11374 1434 1435 11375 1436 1436 11376 1435 1456 11377 1413 1434 11378 1437 1437 11379 1436 1436 11380 1414 1414 11381 1438 1438 11382 1437 1437 11383 1415 1415 11384 1439 1439 11385 1438 1438 11386 1416 1416 11387 1440 1440 11388 1439 1439 11389 1417 1417 11390 1441 1441 11391 1440 1440 11392 1418 1418 11393 1442 1442 11394 1441 1441 11395 1419 1419 11396 1443 1443 11397 1442 1442 11398 1420 1420 11399 1444 1444 11400 1443 1443 11401 1421 1421 11402 1445 1445 11403 1444 1444 11404 1422 1422 11405 1446 1446 11406 1445 1445 11407 1423 1423 11408 1447 1447 11409 1446 1446 11410 1424 1424 11411 1426 1426 11412 1448 1448 11413 1447 1447 11414 1427 1427 11415 1449 1449 11416 1448 1448 11417 1428 1428 11418 1450 1450 11419 1449 1449 11420 1429 1407 11421 1451 1429 11422 1450 1450 11423 1430 1430 11424 1452 1452 11425 1473 1451 11426 1431 1431 11427 1453 1453 11428 1452 1452 11429 1432 1432 11430 1454 1454 11431 1453 1453 11432 1433 1433 11433 1455 1455 11434 1454 1454 11435 1434 1435 11436 1456 1457 11437 1455 1455 11438 1435 1456 11439 1457 1479 11440 1456 1457 11441 1458 1458 11442 1457 1479 11443 1435 1456 11444 1459 1459 11445 1458 1458 11446 1436 1436 11447 1460 1460 11448 1459 1459 11449 1437 1437 11450 1461 1461 11451 1460 1460 11452 1438 1438 11453 1462 1462 11454 1461 1461 11455 1439 1439 11456 1463 1463 11457 1462 1462 11458 1440 1440 11459 1464 1464 11460 1463 1463 11461 1441 1441 11462 1465 1465 11463 1464 1464 11464 1442 1442 11465 1466 1466 11466 1465 1465 11467 1443 1443 11468 1467 1467 11469 1466 1466 11470 1444 1444 11471 1468 1468 11472 1467 1467 11473 1445 1445 11474 1469 1469 11475 1468 1468 11476 1446 1446 11477 1448 1448 11478 1470 1470 11479 1469 1469 11480 1449 1449 11481 1471 1471 11482 1470 1470 11483 1450 1450 11484 1472 1472 11485 1471 1471 11486 1451 1429 11487 1473 1451 11488 1472 1472 11489 1474 1473 11490 1495 1494 11491 1473 1451 11492 1475 1474 11493 1474 1473 11494 1452 1452 11495 1476 1475 11496 1475 1474 11497 1453 1453 11498 1477 1476 11499 1476 1475 11500 1454 1454 11501 1478 1477 11502 1477 1476 11503 1455 1455 11504 1479 1478 11505 1478 1477 11506 1456 1457 11507 1480 1480 11508 1479 1478 11509 1457 1479 11510 1459 1459 11511 1481 1481 11512 1480 1480 11513 1460 1460 11514 1482 1482 11515 1481 1481 11516 1461 1461 11517 1483 1483 11518 1482 1482 11519 1462 1462 11520 1484 1484 11521 1483 1483 11522 1463 1463 11523 1485 1485 11524 1484 1484 11525 1464 1464 11526 1486 1486 11527 1485 1485 11528 1465 1465 11529 1487 1487 11530 1486 1486 11531 1466 1466 11532 1488 1488 11533 1487 1487 11534 1467 1467 11535 1489 1489 11536 1488 1488 11537 1468 1468 11538 1490 1510 11539 1489 1489 11540 1491 1490 11541 1490 1510 11542 1468 1468 11543 1492 1491 11544 1491 1490 11545 1469 1469 11546 1493 1492 11547 1492 1491 11548 1470 1470 11549 1494 1493 11550 1493 1492 11551 1471 1471 11552 1495 1494 11553 1494 1493 11554 1472 1472 11555 1496 1495 11556 1517 1516 11557 1495 1494 11558 1497 1496 11559 1496 1495 11560 1474 1473 11561 1498 1497 11562 1497 1496 11563 1475 1474 11564 1499 1498 11565 1498 1497 11566 1476 1475 11567 1500 1499 11568 1499 1498 11569 1477 1476 11570 1501 1500 11571 1500 1499 11572 1478 1477 11573 1502 1501 11574 1501 1500 11575 1479 1478 11576 1481 1481 11577 1503 1502 11578 1502 1501 11579 1482 1482 11580 1504 1503 11581 1503 1502 11582 1483 1483 11583 1505 1504 11584 1504 1503 11585 1484 1484 11586 1506 1505 11587 1505 1504 11588 1485 1485 11589 1507 1506 11590 1506 1505 11591 1486 1486 11592 1508 1507 11593 1507 1506 11594 1487 1487 11595 1509 1508 11596 1508 1507 11597 1488 1488 11598 1510 1509 11599 1509 1508 11600 1489 1489 11601 1511 1511 11602 1510 1509 11603 1490 1510 11604 1512 1532 11605 1511 1511 11606 1513 1512 11607 1512 1532 11608 1490 1510 11609 1514 1513 11610 1513 1512 11611 1491 1490 11612 1515 1514 11613 1514 1513 11614 1492 1491 11615 1516 1515 11616 1515 1514 11617 1493 1492 11618 1517 1516 11619 1516 1515 11620 1494 1493 11621 1518 1517 11622 1539 1538 11623 1517 1516 11624 1519 1518 11625 1518 1517 11626 1496 1495 11627 1520 1519 11628 1519 1518 11629 1497 1496 11630 1521 1520 11631 1520 1519 11632 1498 1497 11633 1522 1521 11634 1521 1520 11635 1499 1498 11636 1523 1522 11637 1522 1521 11638 1500 1499 11639 1524 1523 11640 1523 1522 11641 1501 1500 11642 1503 1502 11643 1525 1524 11644 1524 1523 11645 1504 1503 11646 1526 1525 11647 1525 1524 11648 1505 1504 11649 1527 1526 11650 1526 1525 11651 1506 1505 11652 1528 1527 11653 1527 1526 11654 1507 1506 11655 1529 1528 11656 1528 1527 11657 1508 1507 11658 1530 1529 11659 1529 1528 11660 1509 1508 11661 1531 1530 11662 1530 1529 11663 1510 1509 11664 1532 1531 11665 1531 1530 11666 1511 1511 11667 1533 1533 11668 1532 1531 11669 1512 1532 11670 1534 1554 11671 1533 1533 11672 1535 1534 11673 1534 1554 11674 1512 1532 11675 1536 1535 11676 1535 1534 11677 1513 1512 11678 1537 1536 11679 1536 1535 11680 1514 1513 11681 1538 1537 11682 1537 1536 11683 1515 1514 11684 1539 1538 11685 1538 1537 11686 1516 1515 11687 1540 1539 11688 1561 1560 11689 1539 1538 11690 1541 1540 11691 1540 1539 11692 1518 1517 11693 1542 1541 11694 1541 1540 11695 1519 1518 11696 1543 1542 11697 1542 1541 11698 1520 1519 11699 1544 1543 11700 1543 1542 11701 1521 1520 11702 1545 1544 11703 1544 1543 11704 1522 1521 11705 1546 1545 11706 1545 1544 11707 1523 1522 11708 1525 1524 11709 1547 1546 11710 1546 1545 11711 1526 1525 11712 1548 1547 11713 1547 1546 11714 1527 1526 11715 1549 1548 11716 1548 1547 11717 1528 1527 11718 1550 1549 11719 1549 1548 11720 1529 1528 11721 1551 1550 11722 1550 1549 11723 1530 1529 11724 1552 1551 11725 1551 1550 11726 1531 1530 11727 1553 1552 11728 1552 1551 11729 1532 1531 11730 1554 1553 11731 1553 1552 11732 1533 1533 11733 1555 1555 11734 1554 1553 11735 1534 1554 11736 1556 1576 11737 1555 1555 11738 1557 1556 11739 1556 1576 11740 1534 1554 11741 1558 1557 11742 1557 1556 11743 1535 1534 11744 1559 1558 11745 1558 1557 11746 1536 1535 11747 1560 1559 11748 1559 1558 11749 1537 1536 11750 1561 1560 11751 1560 1559 11752 1538 1537 11753 1562 1561 11754 1583 1582 11755 1561 1560 11756 1563 1562 11757 1562 1561 11758 1540 1539 11759 1564 1563 11760 1563 1562 11761 1541 1540 11762 1565 1564 11763 1564 1563 11764 1542 1541 11765 1566 1565 11766 1565 1564 11767 1543 1542 11768 1567 1566 11769 1566 1565 11770 1544 1543 11771 1568 1567 11772 1567 1566 11773 1545 1544 11774 1547 1546 11775 1569 1568 11776 1568 1567 11777 1548 1547 11778 1570 1569 11779 1569 1568 11780 1549 1548 11781 1571 1570 11782 1570 1569 11783 1550 1549 11784 1572 1571 11785 1571 1570 11786 1551 1550 11787 1573 1572 11788 1572 1571 11789 1552 1551 11790 1574 1573 11791 1573 1572 11792 1553 1552 11793 1575 1574 11794 1574 1573 11795 1554 1553 11796 1576 1575 11797 1575 1574 11798 1555 1555 11799 1577 1577 11800 1576 1575 11801 1556 1576 11802 1578 1598 11803 1577 1577 11804 1579 1578 11805 1578 1598 11806 1556 1576 11807 1580 1579 11808 1579 1578 11809 1557 1556 11810 1581 1580 11811 1580 1579 11812 1558 1557 11813 1582 1581 11814 1581 1580 11815 1559 1558 11816 1583 1582 11817 1582 1581 11818 1560 1559 11819 1584 1583 11820 1605 1604 11821 1583 1582 11822 1585 1584 11823 1584 1583 11824 1562 1561 11825 1586 1585 11826 1585 1584 11827 1563 1562 11828 1587 1586 11829 1586 1585 11830 1564 1563 11831 1588 1587 11832 1587 1586 11833 1565 1564 11834 1589 1588 11835 1588 1587 11836 1566 1565 11837 1590 1589 11838 1589 1588 11839 1567 1566 11840 1569 1568 11841 1591 1590 11842 1590 1589 11843 1570 1569 11844 1592 1591 11845 1591 1590 11846 1571 1570 11847 1593 1592 11848 1592 1591 11849 1572 1571 11850 1594 1593 11851 1593 1592 11852 1573 1572 11853 1595 1594 11854 1594 1593 11855 1574 1573 11856 1596 1595 11857 1595 1594 11858 1575 1574 11859 1597 1596 11860 1596 1595 11861 1576 1575 11862 1598 1597 11863 1597 1596 11864 1577 1577 11865 1599 1599 11866 1598 1597 11867 1578 1598 11868 1600 1620 11869 1599 1599 11870 1601 1600 11871 1600 1620 11872 1578 1598 11873 1602 1601 11874 1601 1600 11875 1579 1578 11876 1603 1602 11877 1602 1601 11878 1580 1579 11879 1604 1603 11880 1603 1602 11881 1581 1580 11882 1605 1604 11883 1604 1603 11884 1582 1581 11885 1606 1605 11886 1627 1626 11887 1605 1604 11888 1607 1606 11889 1606 1605 11890 1584 1583 11891 1608 1607 11892 1607 1606 11893 1585 1584 11894 1609 1608 11895 1608 1607 11896 1586 1585 11897 1610 1609 11898 1609 1608 11899 1587 1586 11900 1611 1610 11901 1610 1609 11902 1588 1587 11903 1612 1611 11904 1611 1610 11905 1589 1588 11906 1591 1590 11907 1613 1612 11908 1612 1611 11909 1592 1591 11910 1614 1613 11911 1613 1612 11912 1593 1592 11913 1615 1614 11914 1614 1613 11915 1594 1593 11916 1616 1615 11917 1615 1614 11918 1595 1594 11919 1617 1616 11920 1616 1615 11921 1596 1595 11922 1618 1617 11923 1617 1616 11924 1597 1596 11925 1619 1618 11926 1618 1617 11927 1598 1597 11928 1620 1619 11929 1619 1618 11930 1599 1599 11931 1621 1621 11932 1620 1619 11933 1600 1620 11934 1622 1644 11935 1621 1621 11936 1623 1622 11937 1622 1644 11938 1600 1620 11939 1624 1623 11940 1623 1622 11941 1601 1600 11942 1625 1624 11943 1624 1623 11944 1602 1601 11945 1626 1625 11946 1625 1624 11947 1603 1602 11948 1627 1626 11949 1626 1625 11950 1604 1603 11951 1606 1605 11952 1628 1628 11953 1649 1627 11954 1607 1606 11955 1629 1629 11956 1628 1628 11957 1608 1607 11958 1630 1630 11959 1629 1629 11960 1609 1608 11961 1631 1631 11962 1630 1630 11963 1610 1609 11964 1632 1632 11965 1631 1631 11966 1611 1610 11967 1633 1654 11968 1632 1632 11969 1634 1633 11970 1633 1654 11971 1611 1610 11972 1635 1634 11973 1634 1633 11974 1612 1611 11975 1636 1635 11976 1635 1634 11977 1613 1612 11978 1637 1636 11979 1636 1635 11980 1614 1613 11981 1638 1637 11982 1637 1636 11983 1615 1614 11984 1639 1638 11985 1638 1637 11986 1616 1615 11987 1640 1639 11988 1639 1638 11989 1617 1616 11990 1641 1640 11991 1640 1639 11992 1618 1617 11993 1642 1641 11994 1641 1640 11995 1619 1618 11996 1643 1642 11997 1642 1641 11998 1620 1619 11999 1644 1643 12000 1643 1642 12001 1621 1621 12002 1645 1645 12003 1644 1643 12004 1622 1644 12005 1624 1623 12006 1646 1646 12007 1645 1645 12008 1625 1624 12009 1647 1647 12010 1646 1646 12011 1626 1625 12012 1648 1648 12013 1647 1647 12014 1627 1626 12015 1649 1627 12016 1648 1648 12017 1628 1628 12018 1650 1650 12019 1671 1649 12020 1629 1629 12021 1651 1651 12022 1650 1650 12023 1630 1630 12024 1652 1652 12025 1651 1651 12026 1631 1631 12027 1653 1653 12028 1652 1652 12029 1632 1632 12030 1654 1655 12031 1653 1653 12032 1633 1654 12033 1655 1676 12034 1654 1655 12035 1656 1656 12036 1655 1676 12037 1633 1654 12038 1657 1657 12039 1656 1656 12040 1634 1633 12041 1658 1658 12042 1657 1657 12043 1635 1634 12044 1659 1659 12045 1658 1658 12046 1636 1635 12047 1660 1660 12048 1659 1659 12049 1637 1636 12050 1661 1661 12051 1660 1660 12052 1638 1637 12053 1662 1662 12054 1661 1661 12055 1639 1638 12056 1663 1663 12057 1662 1662 12058 1640 1639 12059 1664 1664 12060 1663 1663 12061 1641 1640 12062 1665 1665 12063 1664 1664 12064 1642 1641 12065 1666 1666 12066 1665 1665 12067 1643 1642 12068 1667 1667 12069 1666 1666 12070 1644 1643 12071 1646 1646 12072 1668 1668 12073 1667 1667 12074 1647 1647 12075 1669 1669 12076 1668 1668 12077 1648 1648 12078 1670 1670 12079 1669 1669 12080 1649 1627 12081 1671 1649 12082 1670 1670 12083 1650 1650 12084 1672 1672 12085 1693 1671 12086 1651 1651 12087 1673 1673 12088 1672 1672 12089 1652 1652 12090 1674 1674 12091 1673 1673 12092 1653 1653 12093 1675 1675 12094 1674 1674 12095 1654 1655 12096 1676 1677 12097 1675 1675 12098 1655 1676 12099 1677 1698 12100 1676 1677 12101 1678 1678 12102 1677 1698 12103 1655 1676 12104 1679 1679 12105 1678 1678 12106 1656 1656 12107 1680 1680 12108 1679 1679 12109 1657 1657 12110 1681 1681 12111 1680 1680 12112 1658 1658 12113 1682 1682 12114 1681 1681 12115 1659 1659 12116 1683 1683 12117 1682 1682 12118 1660 1660 12119 1684 1684 12120 1683 1683 12121 1661 1661 12122 1685 1685 12123 1684 1684 12124 1662 1662 12125 1686 1686 12126 1685 1685 12127 1663 1663 12128 1687 1687 12129 1686 1686 12130 1664 1664 12131 1688 1688 12132 1687 1687 12133 1665 1665 12134 1689 1689 12135 1688 1688 12136 1666 1666 12137 1668 1668 12138 1690 1690 12139 1689 1689 12140 1669 1669 12141 1691 1691 12142 1690 1690 12143 1670 1670 12144 1692 1692 12145 1691 1691 12146 1671 1649 12147 1693 1671 12148 1692 1692 12149 1672 1672 12150 1694 1694 12151 1715 1693 12152 1673 1673 12153 1695 1695 12154 1694 1694 12155 1674 1674 12156 1696 1696 12157 1695 1695 12158 1675 1675 12159 1697 1697 12160 1696 1696 12161 1676 1677 12162 1698 1699 12163 1697 1697 12164 1677 1698 12165 1699 1720 12166 1698 1699 12167 1700 1700 12168 1699 1720 12169 1677 1698 12170 1701 1701 12171 1700 1700 12172 1678 1678 12173 1702 1702 12174 1701 1701 12175 1679 1679 12176 1703 1703 12177 1702 1702 12178 1680 1680 12179 1704 1704 12180 1703 1703 12181 1681 1681 12182 1705 1705 12183 1704 1704 12184 1682 1682 12185 1706 1706 12186 1705 1705 12187 1683 1683 12188 1707 1707 12189 1706 1706 12190 1684 1684 12191 1708 1708 12192 1707 1707 12193 1685 1685 12194 1709 1709 12195 1708 1708 12196 1686 1686 12197 1710 1710 12198 1709 1709 12199 1687 1687 12200 1711 1711 12201 1710 1710 12202 1688 1688 12203 1690 1690 12204 1712 1712 12205 1711 1711 12206 1691 1691 12207 1713 1713 12208 1712 1712 12209 1692 1692 12210 1714 1714 12211 1713 1713 12212 1693 1671 12213 1715 1693 12214 1714 1714 12215 1694 1694 12216 1716 1716 12217 1737 1715 12218 1695 1695 12219 1717 1717 12220 1716 1716 12221 1696 1696 12222 1718 1718 12223 1717 1717 12224 1697 1697 12225 1719 1719 12226 1718 1718 12227 1698 1699 12228 1720 1721 12229 1719 1719 12230 1699 1720 12231 1721 1742 12232 1720 1721 12233 1722 1722 12234 1721 1742 12235 1699 1720 12236 1723 1723 12237 1722 1722 12238 1700 1700 12239 1724 1724 12240 1723 1723 12241 1701 1701 12242 1725 1725 12243 1724 1724 12244 1702 1702 12245 1726 1726 12246 1725 1725 12247 1703 1703 12248 1727 1727 12249 1726 1726 12250 1704 1704 12251 1728 1728 12252 1727 1727 12253 1705 1705 12254 1729 1729 12255 1728 1728 12256 1706 1706 12257 1730 1730 12258 1729 1729 12259 1707 1707 12260 1731 1731 12261 1730 1730 12262 1708 1708 12263 1732 1732 12264 1731 1731 12265 1709 1709 12266 1733 1733 12267 1732 1732 12268 1710 1710 12269 1712 1712 12270 1734 1734 12271 1733 1733 12272 1713 1713 12273 1735 1735 12274 1734 1734 12275 1714 1714 12276 1736 1736 12277 1735 1735 12278 1715 1693 12279 1737 1715 12280 1736 1736 12281 1716 1716 12282 1738 1738 12283 1759 1737 12284 1717 1717 12285 1739 1739 12286 1738 1738 12287 1718 1718 12288 1740 1740 12289 1739 1739 12290 1719 1719 12291 1741 1741 12292 1740 1740 12293 1720 1721 12294 1742 1743 12295 1741 1741 12296 1721 1742 12297 1743 1764 12298 1742 1743 12299 1744 1744 12300 1743 1764 12301 1721 1742 12302 1745 1745 12303 1744 1744 12304 1722 1722 12305 1746 1746 12306 1745 1745 12307 1723 1723 12308 1747 1747 12309 1746 1746 12310 1724 1724 12311 1748 1748 12312 1747 1747 12313 1725 1725 12314 1749 1749 12315 1748 1748 12316 1726 1726 12317 1750 1750 12318 1749 1749 12319 1727 1727 12320 1751 1751 12321 1750 1750 12322 1728 1728 12323 1752 1752 12324 1751 1751 12325 1729 1729 12326 1753 1753 12327 1752 1752 12328 1730 1730 12329 1754 1754 12330 1753 1753 12331 1731 1731 12332 1755 1755 12333 1754 1754 12334 1732 1732 12335 1734 1734 12336 1756 1756 12337 1755 1755 12338 1735 1735 12339 1757 1757 12340 1756 1756 12341 1736 1736 12342 1758 1758 12343 1757 1757 12344 1737 1715 12345 1759 1737 12346 1758 1758 12347 1738 1738 12348 1760 1760 12349 1781 1759 12350 1739 1739 12351 1761 1761 12352 1760 1760 12353 1740 1740 12354 1762 1762 12355 1761 1761 12356 1741 1741 12357 1763 1763 12358 1762 1762 12359 1742 1743 12360 1764 1765 12361 1763 1763 12362 1743 1764 12363 1765 1786 12364 1764 1765 12365 1766 1766 12366 1765 1786 12367 1743 1764 12368 1767 1767 12369 1766 1766 12370 1744 1744 12371 1768 1768 12372 1767 1767 12373 1745 1745 12374 1769 1769 12375 1768 1768 12376 1746 1746 12377 1770 1770 12378 1769 1769 12379 1747 1747 12380 1771 1771 12381 1770 1770 12382 1748 1748 12383 1772 1772 12384 1771 1771 12385 1749 1749 12386 1773 1773 12387 1772 1772 12388 1750 1750 12389 1774 1774 12390 1773 1773 12391 1751 1751 12392 1775 1775 12393 1774 1774 12394 1752 1752 12395 1776 1776 12396 1775 1775 12397 1753 1753 12398 1777 1777 12399 1776 1776 12400 1754 1754 12401 1756 1756 12402 1778 1778 12403 1777 1777 12404 1757 1757 12405 1779 1779 12406 1778 1778 12407 1758 1758 12408 1780 1780 12409 1779 1779 12410 1759 1737 12411 1781 1759 12412 1780 1780 12413 1760 1760 12414 1782 1782 12415 1803 1781 12416 1761 1761 12417 1783 1783 12418 1782 1782 12419 1762 1762 12420 1784 1784 12421 1783 1783 12422 1763 1763 12423 1785 1785 12424 1784 1784 12425 1764 1765 12426 1786 1787 12427 1785 1785 12428 1765 1786 12429 1787 1808 12430 1786 1787 12431 1788 1788 12432 1787 1808 12433 1765 1786 12434 1789 1789 12435 1788 1788 12436 1766 1766 12437 1790 1790 12438 1789 1789 12439 1767 1767 12440 1791 1791 12441 1790 1790 12442 1768 1768 12443 1792 1792 12444 1791 1791 12445 1769 1769 12446 1793 1793 12447 1792 1792 12448 1770 1770 12449 1794 1794 12450 1793 1793 12451 1771 1771 12452 1795 1795 12453 1794 1794 12454 1772 1772 12455 1796 1796 12456 1795 1795 12457 1773 1773 12458 1797 1797 12459 1796 1796 12460 1774 1774 12461 1798 1798 12462 1797 1797 12463 1775 1775 12464 1799 1799 12465 1798 1798 12466 1776 1776 12467 1778 1778 12468 1800 1800 12469 1799 1799 12470 1779 1779 12471 1801 1801 12472 1800 1800 12473 1780 1780 12474 1802 1802 12475 1801 1801 12476 1781 1759 12477 1803 1781 12478 1802 1802 12479 1782 1782 12480 1804 1804 12481 1825 1803 12482 1783 1783 12483 1805 1805 12484 1804 1804 12485 1784 1784 12486 1806 1806 12487 1805 1805 12488 1785 1785 12489 1807 1807 12490 1806 1806 12491 1786 1787 12492 1808 1809 12493 1807 1807 12494 1787 1808 12495 1809 1830 12496 1808 1809 12497 1810 1810 12498 1809 1830 12499 1787 1808 12500 1811 1811 12501 1810 1810 12502 1788 1788 12503 1812 1812 12504 1811 1811 12505 1789 1789 12506 1813 1813 12507 1812 1812 12508 1790 1790 12509 1814 1814 12510 1813 1813 12511 1791 1791 12512 1815 1815 12513 1814 1814 12514 1792 1792 12515 1816 1816 12516 1815 1815 12517 1793 1793 12518 1817 1817 12519 1816 1816 12520 1794 1794 12521 1818 1818 12522 1817 1817 12523 1795 1795 12524 1819 1819 12525 1818 1818 12526 1796 1796 12527 1820 1820 12528 1819 1819 12529 1797 1797 12530 1821 1821 12531 1820 1820 12532 1798 1798 12533 1800 1800 12534 1822 1822 12535 1821 1821 12536 1801 1801 12537 1823 1823 12538 1822 1822 12539 1802 1802 12540 1824 1824 12541 1823 1823 12542 1803 1781 12543 1825 1803 12544 1824 1824 12545 1804 1804 12546 1826 1826 12547 1847 1825 12548 1805 1805 12549 1827 1827 12550 1826 1826 12551 1806 1806 12552 1828 1828 12553 1827 1827 12554 1807 1807 12555 1829 1829 12556 1828 1828 12557 1808 1809 12558 1830 1831 12559 1829 1829 12560 1809 1830 12561 1831 1853 12562 1830 1831 12563 1832 1832 12564 1831 1853 12565 1809 1830 12566 1833 1833 12567 1832 1832 12568 1810 1810 12569 1834 1834 12570 1833 1833 12571 1811 1811 12572 1835 1835 12573 1834 1834 12574 1812 1812 12575 1836 1836 12576 1835 1835 12577 1813 1813 12578 1837 1837 12579 1836 1836 12580 1814 1814 12581 1838 1838 12582 1837 1837 12583 1815 1815 12584 1839 1839 12585 1838 1838 12586 1816 1816 12587 1840 1840 12588 1839 1839 12589 1817 1817 12590 1841 1841 12591 1840 1840 12592 1818 1818 12593 1842 1842 12594 1841 1841 12595 1819 1819 12596 1843 1843 12597 1842 1842 12598 1820 1820 12599 1822 1822 12600 1844 1844 12601 1843 1843 12602 1823 1823 12603 1845 1845 12604 1844 1844 12605 1824 1824 12606 1846 1846 12607 1845 1845 12608 1825 1803 12609 1847 1825 12610 1846 1846 12611 1848 1847 12612 1869 1868 12613 1847 1825 12614 1849 1848 12615 1848 1847 12616 1826 1826 12617 1850 1849 12618 1849 1848 12619 1827 1827 12620 1851 1850 12621 1850 1849 12622 1828 1828 12623 1852 1851 12624 1851 1850 12625 1829 1829 12626 1853 1852 12627 1852 1851 12628 1830 1831 12629 1854 1854 12630 1853 1852 12631 1831 1853 12632 1833 1833 12633 1855 1855 12634 1854 1854 12635 1834 1834 12636 1856 1856 12637 1855 1855 12638 1835 1835 12639 1857 1857 12640 1856 1856 12641 1836 1836 12642 1858 1858 12643 1857 1857 12644 1837 1837 12645 1859 1859 12646 1858 1858 12647 1838 1838 12648 1860 1860 12649 1859 1859 12650 1839 1839 12651 1861 1861 12652 1860 1860 12653 1840 1840 12654 1862 1862 12655 1861 1861 12656 1841 1841 12657 1863 1863 12658 1862 1862 12659 1842 1842 12660 1864 1884 12661 1863 1863 12662 1865 1864 12663 1864 1884 12664 1842 1842 12665 1866 1865 12666 1865 1864 12667 1843 1843 12668 1867 1866 12669 1866 1865 12670 1844 1844 12671 1868 1867 12672 1867 1866 12673 1845 1845 12674 1869 1868 12675 1868 1867 12676 1846 1846 12677 1870 1869 12678 1891 1890 12679 1869 1868 12680 1871 1870 12681 1870 1869 12682 1848 1847 12683 1872 1871 12684 1871 1870 12685 1849 1848 12686 1873 1872 12687 1872 1871 12688 1850 1849 12689 1874 1873 12690 1873 1872 12691 1851 1850 12692 1875 1874 12693 1874 1873 12694 1852 1851 12695 1876 1875 12696 1875 1874 12697 1853 1852 12698 1855 1855 12699 1877 1876 12700 1876 1875 12701 1856 1856 12702 1878 1877 12703 1877 1876 12704 1857 1857 12705 1879 1878 12706 1878 1877 12707 1858 1858 12708 1880 1879 12709 1879 1878 12710 1859 1859 12711 1881 1880 12712 1880 1879 12713 1860 1860 12714 1882 1881 12715 1881 1880 12716 1861 1861 12717 1883 1882 12718 1882 1881 12719 1862 1862 12720 1884 1883 12721 1883 1882 12722 1863 1863 12723 1885 1885 12724 1884 1883 12725 1864 1884 12726 1886 1906 12727 1885 1885 12728 1887 1886 12729 1886 1906 12730 1864 1884 12731 1888 1887 12732 1887 1886 12733 1865 1864 12734 1889 1888 12735 1888 1887 12736 1866 1865 12737 1890 1889 12738 1889 1888 12739 1867 1866 12740 1891 1890 12741 1890 1889 12742 1868 1867 12743 1892 1891 12744 1913 1912 12745 1891 1890 12746 1893 1892 12747 1892 1891 12748 1870 1869 12749 1894 1893 12750 1893 1892 12751 1871 1870 12752 1895 1894 12753 1894 1893 12754 1872 1871 12755 1896 1895 12756 1895 1894 12757 1873 1872 12758 1897 1896 12759 1896 1895 12760 1874 1873 12761 1898 1897 12762 1897 1896 12763 1875 1874 12764 1877 1876 12765 1899 1898 12766 1898 1897 12767 1878 1877 12768 1900 1899 12769 1899 1898 12770 1879 1878 12771 1901 1900 12772 1900 1899 12773 1880 1879 12774 1902 1901 12775 1901 1900 12776 1881 1880 12777 1903 1902 12778 1902 1901 12779 1882 1881 12780 1904 1903 12781 1903 1902 12782 1883 1882 12783 1905 1904 12784 1904 1903 12785 1884 1883 12786 1906 1905 12787 1905 1904 12788 1885 1885 12789 1907 1907 12790 1906 1905 12791 1886 1906 12792 1908 1928 12793 1907 1907 12794 1909 1908 12795 1908 1928 12796 1886 1906 12797 1910 1909 12798 1909 1908 12799 1887 1886 12800 1911 1910 12801 1910 1909 12802 1888 1887 12803 1912 1911 12804 1911 1910 12805 1889 1888 12806 1913 1912 12807 1912 1911 12808 1890 1889 12809 1914 1913 12810 1935 1934 12811 1913 1912 12812 1915 1914 12813 1914 1913 12814 1892 1891 12815 1916 1915 12816 1915 1914 12817 1893 1892 12818 1917 1916 12819 1916 1915 12820 1894 1893 12821 1918 1917 12822 1917 1916 12823 1895 1894 12824 1919 1918 12825 1918 1917 12826 1896 1895 12827 1920 1919 12828 1919 1918 12829 1897 1896 12830 1899 1898 12831 1921 1920 12832 1920 1919 12833 1900 1899 12834 1922 1921 12835 1921 1920 12836 1901 1900 12837 1923 1922 12838 1922 1921 12839 1902 1901 12840 1924 1923 12841 1923 1922 12842 1903 1902 12843 1925 1924 12844 1924 1923 12845 1904 1903 12846 1926 1925 12847 1925 1924 12848 1905 1904 12849 1927 1926 12850 1926 1925 12851 1906 1905 12852 1928 1927 12853 1927 1926 12854 1907 1907 12855 1929 1929 12856 1928 1927 12857 1908 1928 12858 1930 1950 12859 1929 1929 12860 1931 1930 12861 1930 1950 12862 1908 1928 12863 1932 1931 12864 1931 1930 12865 1909 1908 12866 1933 1932 12867 1932 1931 12868 1910 1909 12869 1934 1933 12870 1933 1932 12871 1911 1910 12872 1935 1934 12873 1934 1933 12874 1912 1911 12875 1936 1935 12876 1957 1956 12877 1935 1934 12878 1937 1936 12879 1936 1935 12880 1914 1913 12881 1938 1937 12882 1937 1936 12883 1915 1914 12884 1939 1938 12885 1938 1937 12886 1916 1915 12887 1940 1939 12888 1939 1938 12889 1917 1916 12890 1941 1940 12891 1940 1939 12892 1918 1917 12893 1942 1941 12894 1941 1940 12895 1919 1918 12896 1921 1920 12897 1943 1942 12898 1942 1941 12899 1922 1921 12900 1944 1943 12901 1943 1942 12902 1923 1922 12903 1945 1944 12904 1944 1943 12905 1924 1923 12906 1946 1945 12907 1945 1944 12908 1925 1924 12909 1947 1946 12910 1946 1945 12911 1926 1925 12912 1948 1947 12913 1947 1946 12914 1927 1926 12915 1949 1948 12916 1948 1947 12917 1928 1927 12918 1950 1949 12919 1949 1948 12920 1929 1929 12921 1951 1951 12922 1950 1949 12923 1930 1950 12924 1952 1972 12925 1951 1951 12926 1953 1952 12927 1952 1972 12928 1930 1950 12929 1954 1953 12930 1953 1952 12931 1931 1930 12932 1955 1954 12933 1954 1953 12934 1932 1931 12935 1956 1955 12936 1955 1954 12937 1933 1932 12938 1957 1956 12939 1956 1955 12940 1934 1933 12941 1958 1957 12942 1979 1978 12943 1957 1956 12944 1959 1958 12945 1958 1957 12946 1936 1935 12947 1960 1959 12948 1959 1958 12949 1937 1936 12950 1961 1960 12951 1960 1959 12952 1938 1937 12953 1962 1961 12954 1961 1960 12955 1939 1938 12956 1963 1962 12957 1962 1961 12958 1940 1939 12959 1964 1963 12960 1963 1962 12961 1941 1940 12962 1943 1942 12963 1965 1964 12964 1964 1963 12965 1944 1943 12966 1966 1965 12967 1965 1964 12968 1945 1944 12969 1967 1966 12970 1966 1965 12971 1946 1945 12972 1968 1967 12973 1967 1966 12974 1947 1946 12975 1969 1968 12976 1968 1967 12977 1948 1947 12978 1970 1969 12979 1969 1968 12980 1949 1948 12981 1971 1970 12982 1970 1969 12983 1950 1949 12984 1972 1971 12985 1971 1970 12986 1951 1951 12987 1973 1973 12988 1972 1971 12989 1952 1972 12990 1974 1994 12991 1973 1973 12992 1975 1974 12993 1974 1994 12994 1952 1972 12995 1976 1975 12996 1975 1974 12997 1953 1952 12998 1977 1976 12999 1976 1975 13000 1954 1953 13001 1978 1977 13002 1977 1976 13003 1955 1954 13004 1979 1978 13005 1978 1977 13006 1956 1955 13007 1980 1979 13008 2001 2000 13009 1979 1978 13010 1981 1980 13011 1980 1979 13012 1958 1957 13013 1982 1981 13014 1981 1980 13015 1959 1958 13016 1983 1982 13017 1982 1981 13018 1960 1959 13019 1984 1983 13020 1983 1982 13021 1961 1960 13022 1985 1984 13023 1984 1983 13024 1962 1961 13025 1986 1985 13026 1985 1984 13027 1963 1962 13028 1965 1964 13029 1987 1986 13030 1986 1985 13031 1966 1965 13032 1988 1987 13033 1987 1986 13034 1967 1966 13035 1989 1988 13036 1988 1987 13037 1968 1967 13038 1990 1989 13039 1989 1988 13040 1969 1968 13041 1991 1990 13042 1990 1989 13043 1970 1969 13044 1992 1991 13045 1991 1990 13046 1971 1970 13047 1993 1992 13048 1992 1991 13049 1972 1971 13050 1994 1993 13051 1993 1992 13052 1973 1973 13053 1995 1995 13054 1994 1993 13055 1974 1994 13056 1996 2016 13057 1995 1995 13058 1997 1996 13059 1996 2016 13060 1974 1994 13061 1998 1997 13062 1997 1996 13063 1975 1974 13064 1999 1998 13065 1998 1997 13066 1976 1975 13067 2000 1999 13068 1999 1998 13069 1977 1976 13070 2001 2000 13071 2000 1999 13072 1978 1977 13073 2002 2001 13074 2023 2022 13075 2001 2000 13076 2003 2002 13077 2002 2001 13078 1980 1979 13079 2004 2003 13080 2003 2002 13081 1981 1980 13082 2005 2004 13083 2004 2003 13084 1982 1981 13085 2006 2005 13086 2005 2004 13087 1983 1982 13088 2007 2006 13089 2006 2005 13090 1984 1983 13091 2008 2007 13092 2007 2006 13093 1985 1984 13094 1987 1986 13095 2009 2008 13096 2008 2007 13097 1988 1987 13098 2010 2009 13099 2009 2008 13100 1989 1988 13101 2011 2010 13102 2010 2009 13103 1990 1989 13104 2012 2011 13105 2011 2010 13106 1991 1990 13107 2013 2012 13108 2012 2011 13109 1992 1991 13110 2014 2013 13111 2013 2012 13112 1993 1992 13113 2015 2014 13114 2014 2013 13115 1994 1993 13116 2016 2015 13117 2015 2014 13118 1995 1995 13119 2017 2017 13120 2016 2015 13121 1996 2016 13122 2018 2038 13123 2017 2017 13124 2019 2018 13125 2018 2038 13126 1996 2016 13127 2020 2019 13128 2019 2018 13129 1997 1996 13130 2021 2020 13131 2020 2019 13132 1998 1997 13133 2022 2021 13134 2021 2020 13135 1999 1998 13136 2023 2022 13137 2022 2021 13138 2000 1999 13139 2024 2023 13140 2045 2044 13141 2023 2022 13142 2025 2024 13143 2024 2023 13144 2002 2001 13145 2026 2025 13146 2025 2024 13147 2003 2002 13148 2027 2026 13149 2026 2025 13150 2004 2003 13151 2028 2027 13152 2027 2026 13153 2005 2004 13154 2029 2028 13155 2028 2027 13156 2006 2005 13157 2030 2029 13158 2029 2028 13159 2007 2006 13160 2009 2008 13161 2031 2030 13162 2030 2029 13163 2010 2009 13164 2032 2031 13165 2031 2030 13166 2011 2010 13167 2033 2032 13168 2032 2031 13169 2012 2011 13170 2034 2033 13171 2033 2032 13172 2013 2012 13173 2035 2034 13174 2034 2033 13175 2014 2013 13176 2036 2035 13177 2035 2034 13178 2015 2014 13179 2037 2036 13180 2036 2035 13181 2016 2015 13182 2038 2037 13183 2037 2036 13184 2017 2017 13185 2039 2039 13186 2038 2037 13187 2018 2038 13188 2040 2060 13189 2039 2039 13190 2041 2040 13191 2040 2060 13192 2018 2038 13193 2042 2041 13194 2041 2040 13195 2019 2018 13196 2043 2042 13197 2042 2041 13198 2020 2019 13199 2044 2043 13200 2043 2042 13201 2021 2020 13202 2045 2044 13203 2044 2043 13204 2022 2021 13205 2046 2045 13206 2067 2066 13207 2045 2044 13208 2047 2046 13209 2046 2045 13210 2024 2023 13211 2048 2047 13212 2047 2046 13213 2025 2024 13214 2049 2048 13215 2048 2047 13216 2026 2025 13217 2050 2049 13218 2049 2048 13219 2027 2026 13220 2051 2050 13221 2050 2049 13222 2028 2027 13223 2052 2051 13224 2051 2050 13225 2029 2028 13226 2031 2030 13227 2053 2052 13228 2052 2051 13229 2032 2031 13230 2054 2053 13231 2053 2052 13232 2033 2032 13233 2055 2054 13234 2054 2053 13235 2034 2033 13236 2056 2055 13237 2055 2054 13238 2035 2034 13239 2057 2056 13240 2056 2055 13241 2036 2035 13242 2058 2057 13243 2057 2056 13244 2037 2036 13245 2059 2058 13246 2058 2057 13247 2038 2037 13248 2060 2059 13249 2059 2058 13250 2039 2039 13251 2061 2061 13252 2060 2059 13253 2040 2060 13254 2062 2082 13255 2061 2061 13256 2063 2062 13257 2062 2082 13258 2040 2060 13259 2064 2063 13260 2063 2062 13261 2041 2040 13262 2065 2064 13263 2064 2063 13264 2042 2041 13265 2066 2065 13266 2065 2064 13267 2043 2042 13268 2067 2066 13269 2066 2065 13270 2044 2043 13271 2068 2067 13272 2089 2088 13273 2067 2066 13274 2069 2068 13275 2068 2067 13276 2046 2045 13277 2070 2069 13278 2069 2068 13279 2047 2046 13280 2071 2070 13281 2070 2069 13282 2048 2047 13283 2072 2071 13284 2071 2070 13285 2049 2048 13286 2073 2072 13287 2072 2071 13288 2050 2049 13289 2074 2073 13290 2073 2072 13291 2051 2050 13292 2053 2052 13293 2075 2074 13294 2074 2073 13295 2054 2053 13296 2076 2075 13297 2075 2074 13298 2055 2054 13299 2077 2076 13300 2076 2075 13301 2056 2055 13302 2078 2077 13303 2077 2076 13304 2057 2056 13305 2079 2078 13306 2078 2077 13307 2058 2057 13308 2080 2079 13309 2079 2078 13310 2059 2058 13311 2081 2080 13312 2080 2079 13313 2060 2059 13314 2082 2081 13315 2081 2080 13316 2061 2061 13317 2083 2083 13318 2082 2081 13319 2062 2082 13320 2084 2104 13321 2083 2083 13322 2085 2084 13323 2084 2104 13324 2062 2082 13325 2086 2085 13326 2085 2084 13327 2063 2062 13328 2087 2086 13329 2086 2085 13330 2064 2063 13331 2088 2087 13332 2087 2086 13333 2065 2064 13334 2089 2088 13335 2088 2087 13336 2066 2065 13337 2090 2089 13338 2111 2110 13339 2089 2088 13340 2091 2090 13341 2090 2089 13342 2068 2067 13343 2092 2091 13344 2091 2090 13345 2069 2068 13346 2093 2092 13347 2092 2091 13348 2070 2069 13349 2094 2093 13350 2093 2092 13351 2071 2070 13352 2095 2094 13353 2094 2093 13354 2072 2071 13355 2096 2095 13356 2095 2094 13357 2073 2072 13358 2075 2074 13359 2097 2096 13360 2096 2095 13361 2076 2075 13362 2098 2097 13363 2097 2096 13364 2077 2076 13365 2099 2098 13366 2098 2097 13367 2078 2077 13368 2100 2099 13369 2099 2098 13370 2079 2078 13371 2101 2100 13372 2100 2099 13373 2080 2079 13374 2102 2101 13375 2101 2100 13376 2081 2080 13377 2103 2102 13378 2102 2101 13379 2082 2081 13380 2104 2103 13381 2103 2102 13382 2083 2083 13383 2105 2105 13384 2104 2103 13385 2084 2104 13386 2106 2126 13387 2105 2105 13388 2107 2106 13389 2106 2126 13390 2084 2104 13391 2108 2107 13392 2107 2106 13393 2085 2084 13394 2109 2108 13395 2108 2107 13396 2086 2085 13397 2110 2109 13398 2109 2108 13399 2087 2086 13400 2111 2110 13401 2110 2109 13402 2088 2087 13403 2112 2111 13404 2133 2132 13405 2111 2110 13406 2113 2112 13407 2112 2111 13408 2090 2089 13409 2114 2113 13410 2113 2112 13411 2091 2090 13412 2115 2114 13413 2114 2113 13414 2092 2091 13415 2116 2115 13416 2115 2114 13417 2093 2092 13418 2117 2116 13419 2116 2115 13420 2094 2093 13421 2118 2117 13422 2117 2116 13423 2095 2094 13424 2097 2096 13425 2119 2118 13426 2118 2117 13427 2098 2097 13428 2120 2119 13429 2119 2118 13430 2099 2098 13431 2121 2120 13432 2120 2119 13433 2100 2099 13434 2122 2121 13435 2121 2120 13436 2101 2100 13437 2123 2122 13438 2122 2121 13439 2102 2101 13440 2124 2123 13441 2123 2122 13442 2103 2102 13443 2125 2124 13444 2124 2123 13445 2104 2103 13446 2126 2125 13447 2125 2124 13448 2105 2105 13449 2127 2127 13450 2126 2125 13451 2106 2126 13452 2128 2148 13453 2127 2127 13454 2129 2128 13455 2128 2148 13456 2106 2126 13457 2130 2129 13458 2129 2128 13459 2107 2106 13460 2131 2130 13461 2130 2129 13462 2108 2107 13463 2132 2131 13464 2131 2130 13465 2109 2108 13466 2133 2132 13467 2132 2131 13468 2110 2109 13469 2134 2133 13470 2155 2154 13471 2133 2132 13472 2135 2134 13473 2134 2133 13474 2112 2111 13475 2136 2135 13476 2135 2134 13477 2113 2112 13478 2137 2136 13479 2136 2135 13480 2114 2113 13481 2138 2137 13482 2137 2136 13483 2115 2114 13484 2139 2138 13485 2138 2137 13486 2116 2115 13487 2140 2139 13488 2139 2138 13489 2117 2116 13490 2119 2118 13491 2141 2140 13492 2140 2139 13493 2120 2119 13494 2142 2141 13495 2141 2140 13496 2121 2120 13497 2143 2142 13498 2142 2141 13499 2122 2121 13500 2144 2143 13501 2143 2142 13502 2123 2122 13503 2145 2144 13504 2144 2143 13505 2124 2123 13506 2146 2145 13507 2145 2144 13508 2125 2124 13509 2147 2146 13510 2146 2145 13511 2126 2125 13512 2148 2147 13513 2147 2146 13514 2127 2127 13515 2149 2149 13516 2148 2147 13517 2128 2148 13518 2150 2170 13519 2149 2149 13520 2151 2150 13521 2150 2170 13522 2128 2148 13523 2152 2151 13524 2151 2150 13525 2129 2128 13526 2153 2152 13527 2152 2151 13528 2130 2129 13529 2154 2153 13530 2153 2152 13531 2131 2130 13532 2155 2154 13533 2154 2153 13534 2132 2131 13535 2156 2155 13536 2177 2176 13537 2155 2154 13538 2157 2156 13539 2156 2155 13540 2134 2133 13541 2158 2157 13542 2157 2156 13543 2135 2134 13544 2159 2158 13545 2158 2157 13546 2136 2135 13547 2160 2159 13548 2159 2158 13549 2137 2136 13550 2161 2160 13551 2160 2159 13552 2138 2137 13553 2162 2161 13554 2161 2160 13555 2139 2138 13556 2141 2140 13557 2163 2162 13558 2162 2161 13559 2142 2141 13560 2164 2163 13561 2163 2162 13562 2143 2142 13563 2165 2164 13564 2164 2163 13565 2144 2143 13566 2166 2165 13567 2165 2164 13568 2145 2144 13569 2167 2166 13570 2166 2165 13571 2146 2145 13572 2168 2167 13573 2167 2166 13574 2147 2146 13575 2169 2168 13576 2168 2167 13577 2148 2147 13578 2170 2169 13579 2169 2168 13580 2149 2149 13581 2171 2171 13582 2170 2169 13583 2150 2170 13584 2172 2192 13585 2171 2171 13586 2173 2172 13587 2172 2192 13588 2150 2170 13589 2174 2173 13590 2173 2172 13591 2151 2150 13592 2175 2174 13593 2174 2173 13594 2152 2151 13595 2176 2175 13596 2175 2174 13597 2153 2152 13598 2177 2176 13599 2176 2175 13600 2154 2153 13601 2178 2177 13602 2199 2198 13603 2177 2176 13604 2179 2178 13605 2178 2177 13606 2156 2155 13607 2180 2179 13608 2179 2178 13609 2157 2156 13610 2181 2180 13611 2180 2179 13612 2158 2157 13613 2182 2181 13614 2181 2180 13615 2159 2158 13616 2183 2182 13617 2182 2181 13618 2160 2159 13619 2184 2183 13620 2183 2182 13621 2161 2160 13622 2163 2162 13623 2185 2184 13624 2184 2183 13625 2164 2163 13626 2186 2185 13627 2185 2184 13628 2165 2164 13629 2187 2186 13630 2186 2185 13631 2166 2165 13632 2188 2187 13633 2187 2186 13634 2167 2166 13635 2189 2188 13636 2188 2187 13637 2168 2167 13638 2190 2189 13639 2189 2188 13640 2169 2168 13641 2191 2190 13642 2190 2189 13643 2170 2169 13644 2192 2191 13645 2191 2190 13646 2171 2171 13647 2193 2193 13648 2192 2191 13649 2172 2192 13650 2194 2214 13651 2193 2193 13652 2195 2194 13653 2194 2214 13654 2172 2192 13655 2196 2195 13656 2195 2194 13657 2173 2172 13658 2197 2196 13659 2196 2195 13660 2174 2173 13661 2198 2197 13662 2197 2196 13663 2175 2174 13664 2199 2198 13665 2198 2197 13666 2176 2175 13667 2200 2199 13668 2221 2220 13669 2199 2198 13670 2201 2200 13671 2200 2199 13672 2178 2177 13673 2202 2201 13674 2201 2200 13675 2179 2178 13676 2203 2202 13677 2202 2201 13678 2180 2179 13679 2204 2203 13680 2203 2202 13681 2181 2180 13682 2205 2204 13683 2204 2203 13684 2182 2181 13685 2206 2205 13686 2205 2204 13687 2183 2182 13688 2185 2184 13689 2207 2206 13690 2206 2205 13691 2186 2185 13692 2208 2207 13693 2207 2206 13694 2187 2186 13695 2209 2208 13696 2208 2207 13697 2188 2187 13698 2210 2209 13699 2209 2208 13700 2189 2188 13701 2211 2210 13702 2210 2209 13703 2190 2189 13704 2212 2211 13705 2211 2210 13706 2191 2190 13707 2213 2212 13708 2212 2211 13709 2192 2191 13710 2214 2213 13711 2213 2212 13712 2193 2193 13713 2215 2215 13714 2214 2213 13715 2194 2214 13716 2216 2238 13717 2215 2215 13718 2217 2216 13719 2216 2238 13720 2194 2214 13721 2218 2217 13722 2217 2216 13723 2195 2194 13724 2219 2218 13725 2218 2217 13726 2196 2195 13727 2220 2219 13728 2219 2218 13729 2197 2196 13730 2221 2220 13731 2220 2219 13732 2198 2197 13733 2200 2199 13734 2222 2222 13735 2243 2221 13736 2201 2200 13737 2223 2223 13738 2222 2222 13739 2202 2201 13740 2224 2224 13741 2223 2223 13742 2203 2202 13743 2225 2225 13744 2224 2224 13745 2204 2203 13746 2226 2226 13747 2225 2225 13748 2205 2204 13749 2227 2248 13750 2226 2226 13751 2228 2227 13752 2227 2248 13753 2205 2204 13754 2229 2228 13755 2228 2227 13756 2206 2205 13757 2230 2229 13758 2229 2228 13759 2207 2206 13760 2231 2230 13761 2230 2229 13762 2208 2207 13763 2232 2231 13764 2231 2230 13765 2209 2208 13766 2233 2232 13767 2232 2231 13768 2210 2209 13769 2234 2233 13770 2233 2232 13771 2211 2210 13772 2235 2234 13773 2234 2233 13774 2212 2211 13775 2236 2235 13776 2235 2234 13777 2213 2212 13778 2237 2236 13779 2236 2235 13780 2214 2213 13781 2238 2237 13782 2237 2236 13783 2215 2215 13784 2239 2239 13785 2238 2237 13786 2216 2238 13787 2218 2217 13788 2240 2240 13789 2239 2239 13790 2219 2218 13791 2241 2241 13792 2240 2240 13793 2220 2219 13794 2242 2242 13795 2241 2241 13796 2221 2220 13797 2243 2221 13798 2242 2242 13799 2222 2222 13800 2244 2244 13801 2265 2243 13802 2223 2223 13803 2245 2245 13804 2244 2244 13805 2224 2224 13806 2246 2246 13807 2245 2245 13808 2225 2225 13809 2247 2247 13810 2246 2246 13811 2226 2226 13812 2248 2249 13813 2247 2247 13814 2227 2248 13815 2249 2270 13816 2248 2249 13817 2250 2250 13818 2249 2270 13819 2227 2248 13820 2251 2251 13821 2250 2250 13822 2228 2227 13823 2252 2252 13824 2251 2251 13825 2229 2228 13826 2253 2253 13827 2252 2252 13828 2230 2229 13829 2254 2254 13830 2253 2253 13831 2231 2230 13832 2255 2255 13833 2254 2254 13834 2232 2231 13835 2256 2256 13836 2255 2255 13837 2233 2232 13838 2257 2257 13839 2256 2256 13840 2234 2233 13841 2258 2258 13842 2257 2257 13843 2235 2234 13844 2259 2259 13845 2258 2258 13846 2236 2235 13847 2260 2260 13848 2259 2259 13849 2237 2236 13850 2261 2261 13851 2260 2260 13852 2238 2237 13853 2240 2240 13854 2262 2262 13855 2261 2261 13856 2241 2241 13857 2263 2263 13858 2262 2262 13859 2242 2242 13860 2264 2264 13861 2263 2263 13862 2243 2221 13863 2265 2243 13864 2264 2264 13865 2244 2244 13866 2266 2266 13867 2287 2265 13868 2245 2245 13869 2267 2267 13870 2266 2266 13871 2246 2246 13872 2268 2268 13873 2267 2267 13874 2247 2247 13875 2269 2269 13876 2268 2268 13877 2248 2249 13878 2270 2271 13879 2269 2269 13880 2249 2270 13881 2271 2292 13882 2270 2271 13883 2272 2272 13884 2271 2292 13885 2249 2270 13886 2273 2273 13887 2272 2272 13888 2250 2250 13889 2274 2274 13890 2273 2273 13891 2251 2251 13892 2275 2275 13893 2274 2274 13894 2252 2252 13895 2276 2276 13896 2275 2275 13897 2253 2253 13898 2277 2277 13899 2276 2276 13900 2254 2254 13901 2278 2278 13902 2277 2277 13903 2255 2255 13904 2279 2279 13905 2278 2278 13906 2256 2256 13907 2280 2280 13908 2279 2279 13909 2257 2257 13910 2281 2281 13911 2280 2280 13912 2258 2258 13913 2282 2282 13914 2281 2281 13915 2259 2259 13916 2283 2283 13917 2282 2282 13918 2260 2260 13919 2262 2262 13920 2284 2284 13921 2283 2283 13922 2263 2263 13923 2285 2285 13924 2284 2284 13925 2264 2264 13926 2286 2286 13927 2285 2285 13928 2265 2243 13929 2287 2265 13930 2286 2286 13931 2266 2266 13932 2288 2288 13933 2309 2287 13934 2267 2267 13935 2289 2289 13936 2288 2288 13937 2268 2268 13938 2290 2290 13939 2289 2289 13940 2269 2269 13941 2291 2291 13942 2290 2290 13943 2270 2271 13944 2292 2293 13945 2291 2291 13946 2271 2292 13947 2293 2314 13948 2292 2293 13949 2294 2294 13950 2293 2314 13951 2271 2292 13952 2295 2295 13953 2294 2294 13954 2272 2272 13955 2296 2296 13956 2295 2295 13957 2273 2273 13958 2297 2297 13959 2296 2296 13960 2274 2274 13961 2298 2298 13962 2297 2297 13963 2275 2275 13964 2299 2299 13965 2298 2298 13966 2276 2276 13967 2300 2300 13968 2299 2299 13969 2277 2277 13970 2301 2301 13971 2300 2300 13972 2278 2278 13973 2302 2302 13974 2301 2301 13975 2279 2279 13976 2303 2303 13977 2302 2302 13978 2280 2280 13979 2304 2304 13980 2303 2303 13981 2281 2281 13982 2305 2305 13983 2304 2304 13984 2282 2282 13985 2284 2284 13986 2306 2306 13987 2305 2305 13988 2285 2285 13989 2307 2307 13990 2306 2306 13991 2286 2286 13992 2308 2308 13993 2307 2307 13994 2287 2265 13995 2309 2287 13996 2308 2308 13997 2288 2288 13998 2310 2310 13999 2331 2309 14000 2289 2289 14001 2311 2311 14002 2310 2310 14003 2290 2290 14004 2312 2312 14005 2311 2311 14006 2291 2291 14007 2313 2313 14008 2312 2312 14009 2292 2293 14010 2314 2315 14011 2313 2313 14012 2293 2314 14013 2315 2336 14014 2314 2315 14015 2316 2316 14016 2315 2336 14017 2293 2314 14018 2317 2317 14019 2316 2316 14020 2294 2294 14021 2318 2318 14022 2317 2317 14023 2295 2295 14024 2319 2319 14025 2318 2318 14026 2296 2296 14027 2320 2320 14028 2319 2319 14029 2297 2297 14030 2321 2321 14031 2320 2320 14032 2298 2298 14033 2322 2322 14034 2321 2321 14035 2299 2299 14036 2323 2323 14037 2322 2322 14038 2300 2300 14039 2324 2324 14040 2323 2323 14041 2301 2301 14042 2325 2325 14043 2324 2324 14044 2302 2302 14045 2326 2326 14046 2325 2325 14047 2303 2303 14048 2327 2327 14049 2326 2326 14050 2304 2304 14051 2306 2306 14052 2328 2328 14053 2327 2327 14054 2307 2307 14055 2329 2329 14056 2328 2328 14057 2308 2308 14058 2330 2330 14059 2329 2329 14060 2309 2287 14061 2331 2309 14062 2330 2330 14063 2310 2310 14064 2332 2332 14065 2353 2331 14066 2311 2311 14067 2333 2333 14068 2332 2332 14069 2312 2312 14070 2334 2334 14071 2333 2333 14072 2313 2313 14073 2335 2335 14074 2334 2334 14075 2314 2315 14076 2336 2337 14077 2335 2335 14078 2315 2336 14079 2337 2358 14080 2336 2337 14081 2338 2338 14082 2337 2358 14083 2315 2336 14084 2339 2339 14085 2338 2338 14086 2316 2316 14087 2340 2340 14088 2339 2339 14089 2317 2317 14090 2341 2341 14091 2340 2340 14092 2318 2318 14093 2342 2342 14094 2341 2341 14095 2319 2319 14096 2343 2343 14097 2342 2342 14098 2320 2320 14099 2344 2344 14100 2343 2343 14101 2321 2321 14102 2345 2345 14103 2344 2344 14104 2322 2322 14105 2346 2346 14106 2345 2345 14107 2323 2323 14108 2347 2347 14109 2346 2346 14110 2324 2324 14111 2348 2348 14112 2347 2347 14113 2325 2325 14114 2349 2349 14115 2348 2348 14116 2326 2326 14117 2328 2328 14118 2350 2350 14119 2349 2349 14120 2329 2329 14121 2351 2351 14122 2350 2350 14123 2330 2330 14124 2352 2352 14125 2351 2351 14126 2331 2309 14127 2353 2331 14128 2352 2352 14129 2332 2332 14130 2354 2354 14131 2375 2353 14132 2333 2333 14133 2355 2355 14134 2354 2354 14135 2334 2334 14136 2356 2356 14137 2355 2355 14138 2335 2335 14139 2357 2357 14140 2356 2356 14141 2336 2337 14142 2358 2359 14143 2357 2357 14144 2337 2358 14145 2359 2380 14146 2358 2359 14147 2360 2360 14148 2359 2380 14149 2337 2358 14150 2361 2361 14151 2360 2360 14152 2338 2338 14153 2362 2362 14154 2361 2361 14155 2339 2339 14156 2363 2363 14157 2362 2362 14158 2340 2340 14159 2364 2364 14160 2363 2363 14161 2341 2341 14162 2365 2365 14163 2364 2364 14164 2342 2342 14165 2366 2366 14166 2365 2365 14167 2343 2343 14168 2367 2367 14169 2366 2366 14170 2344 2344 14171 2368 2368 14172 2367 2367 14173 2345 2345 14174 2369 2369 14175 2368 2368 14176 2346 2346 14177 2370 2370 14178 2369 2369 14179 2347 2347 14180 2371 2371 14181 2370 2370 14182 2348 2348 14183 2350 2350 14184 2372 2372 14185 2371 2371 14186 2351 2351 14187 2373 2373 14188 2372 2372 14189 2352 2352 14190 2374 2374 14191 2373 2373 14192 2353 2331 14193 2375 2353 14194 2374 2374 14195 2354 2354 14196 2376 2376 14197 2397 2375 14198 2355 2355 14199 2377 2377 14200 2376 2376 14201 2356 2356 14202 2378 2378 14203 2377 2377 14204 2357 2357 14205 2379 2379 14206 2378 2378 14207 2358 2359 14208 2380 2381 14209 2379 2379 14210 2359 2380 14211 2381 2397 14212 2380 2381 14213 2382 2382 14214 2381 2397 14215 2359 2380 14216 2383 2383 14217 2382 2382 14218 2360 2360 14219 2384 2384 14220 2383 2383 14221 2361 2361 14222 2385 2385 14223 2384 2384 14224 2362 2362 14225 2386 2386 14226 2385 2385 14227 2363 2363 14228 2387 2387 14229 2386 2386 14230 2364 2364 14231 2388 2388 14232 2387 2387 14233 2365 2365 14234 2389 2389 14235 2388 2388 14236 2366 2366 14237 2390 2390 14238 2389 2389 14239 2367 2367 14240 2391 2391 14241 2390 2390 14242 2368 2368 14243 2392 2392 14244 2391 2391 14245 2369 2369 14246 2393 2393 14247 2392 2392 14248 2370 2370 14249 2372 2372 14250 2394 2394 14251 2393 2393 14252 2373 2373 14253 2395 2395 14254 2394 2394 14255 2374 2374 14256 2396 2396 14257 2395 2395 14258 2375 2353 14259 2397 2375 14260 2396 2396 14261 2397 2375 14262 2376 2376 14263 2387 2387 14264 2376 2376 14265 2377 2377 14266 2387 2387 14267 2377 2377 14268 2378 2378 14269 2385 2385 14270 2378 2378 14271 2379 2379 14272 2385 2385 14273 2379 2379 14274 2380 2381 14275 2381 2397 14276 2381 2397 14277 2382 2382 14278 2384 2384 14279 2382 2382 14280 2383 2383 14281 2384 2384 14282 2384 2384 14283 2385 2385 14284 2379 2379 14285 2385 2385 14286 2386 2386 14287 2377 2377 14288 2386 2386 14289 2387 2387 14290 2377 2377 14291 2387 2387 14292 2388 2388 14293 2397 2375 14294 2388 2388 14295 2389 2389 14296 2397 2375 14297 2389 2389 14298 2390 2390 14299 2395 2395 14300 2390 2390 14301 2391 2391 14302 2392 2392 14303 2395 2395 14304 2390 2390 14305 2393 2393 14306 2392 2392 14307 2393 2393 14308 2390 2390 14309 2393 2393 14310 2394 2394 14311 2395 2395 14312 2395 2395 14313 2396 2396 14314 2389 2389 14315 2396 2396 14316 2397 2375 14317 2389 2389 14318 1 3 14319 0 0 14320 11 24 14321 0 0 14322 21 2 14323 11 24 14324 21 2 14325 20 40 14326 13 28 14327 20 40 14328 19 38 14329 13 28 14330 19 38 14331 18 37 14332 15 32 14333 18 37 14334 17 36 14335 15 32 14336 17 36 14337 16 34 14338 15 32 14339 15 32 14340 14 30 14341 19 38 14342 14 30 14343 13 28 14344 19 38 14345 13 28 14346 12 26 14347 21 2 14348 12 26 14349 11 24 14350 21 2 14351 11 24 14352 10 22 14353 1 3 14354 10 22 14355 9 20 14356 1 3 14357 9 20 14358 8 18 14359 3 7 14360 8 18 14361 7 16 14362 3 7 14363 7 16 14364 6 14 14365 5 11 14366 5 11 14367 4 9 14368 7 16 14369 4 9 14370 3 7 14371 7 16 14372 3 7 14373 2 5 14374 9 20 14375</p>
        </triangles>
      </mesh>
    </geometry>
  </library_geometries>
  <library_visual_scenes>
    <visual_scene id="Scene" name="Scene">
      <node id="BezierCurve" name="BezierCurve" type="NODE">
        <matrix sid="transform">122.586 0 0 0 0 122.586 0 0 0 0 122.586 0 0 0 0 1</matrix>
        <instance_geometry url="#BezierCurve-mesh" name="BezierCurve">
          <bind_material>
            <technique_common>
              <instance_material symbol="Material_001-material" target="#Material_001-material">
                <bind_vertex_input semantic="UVMap" input_semantic="TEXCOORD" input_set="0"/>
              </instance_material>
            </technique_common>
          </bind_material>
        </instance_geometry>
      </node>
      <node id="Camera" name="Camera" type="NODE">
        <matrix sid="transform">0.6859207 -0.3240135 0.6515582 7.358891 0.7276763 0.3054208 -0.6141704 -6.925791 0 0.8953956 0.4452714 4.958309 0 0 0 1</matrix>
        <instance_camera url="#Camera-camera"/>
      </node>
      <node id="Light" name="Light" type="NODE">
        <matrix sid="transform">-0.2908646 -0.7711008 0.5663932 4.076245 0.9551712 -0.1998834 0.2183912 1.005454 -0.05518906 0.6045247 0.7946723 5.903862 0 0 0 1</matrix>
        <instance_light url="#Light-light"/>
      </node>
    </visual_scene>
  </library_visual_scenes>
  <scene>
    <instance_visual_scene url="#Scene"/>
  </scene>
</COLLADA>